claim_id,worker_id,zone_id,week_start_date,gps_deviation_score,device_id_reuse_count,claim_vs_event_gap_minutes,claims_per_worker_per_month,claimed_amount,earnings_loss_amount,disruption_impact_ratio,zone_disruption_risk_index,gps_anomaly_flag,syndicate_device_flag,timing_gap_anomaly_flag,is_fraud_label
CLM_80000,W_a4520496518a7d6c,ZONE_MAA_01,2026-07-06,0.94,6,83,3,322.45,460.65,0.15,0.2267,0,1,0,0
CLM_80001,W_a4520496518a7d6c,ZONE_MAA_01,2026-09-14,0.78,6,15,3,266.9,381.28,0.15,0.2595,0,1,0,0
CLM_80002,W_902772cd82a60735,ZONE_DEL_01,2026-06-29,2.02,6,30,5,393.95,562.79,0.155,0.1633,0,1,0,0
CLM_80003,W_902772cd82a60735,ZONE_DEL_01,2026-07-06,1.39,6,90,2,2719.07,3884.39,0.837,0.5602,0,1,0,0
CLM_80004,W_902772cd82a60735,ZONE_DEL_01,2026-07-20,2.17,6,23,1,956.75,1366.78,0.278,0.2667,0,1,0,0
CLM_80005,W_902772cd82a60735,ZONE_DEL_01,2026-08-03,2.01,6,217,4,1975.7,2822.43,0.608,0.4771,0,1,0,0
CLM_80006,W_902772cd82a60735,ZONE_DEL_01,2026-08-17,0.86,6,14,1,616.72,881.03,0.15,0.2655,0,1,0,0
CLM_80007,W_d55c074973f02352,ZONE_MAA_01,2026-07-06,0.59,6,148,2,611.83,874.05,0.15,0.2267,0,1,0,0
CLM_80008,W_d55c074973f02352,ZONE_MAA_01,2026-09-14,0.29,6,13,2,590.87,844.1,0.15,0.2595,0,1,0,0
CLM_80009,W_fcefa50963905fbf,ZONE_BOM_01,2026-06-29,1.22,1,100,2,1742.88,2489.83,0.85,1.0,0,0,0,0
CLM_80010,W_fcefa50963905fbf,ZONE_BOM_01,2026-07-06,0.27,1,63,2,1577.76,2253.95,0.783,0.8044,0,0,0,0
CLM_80011,W_fcefa50963905fbf,ZONE_BOM_01,2026-07-13,0.46,1,48,4,979.65,1399.5,0.46,0.4088,0,0,0,0
CLM_80012,W_fcefa50963905fbf,ZONE_BOM_01,2026-07-20,1.43,1,9,1,1721.82,2459.74,0.85,1.0,0,0,0,0
CLM_80013,W_fcefa50963905fbf,ZONE_BOM_01,2026-07-27,0.26,1,55,3,1190.45,1700.64,0.573,0.3856,0,0,0,0
CLM_80014,W_fcefa50963905fbf,ZONE_BOM_01,2026-08-03,1.15,1,21,3,1021.25,1458.93,0.482,0.277,0,0,0,0
CLM_80015,W_fcefa50963905fbf,ZONE_BOM_01,2026-08-10,0.86,1,2469,1,786.39,1123.41,0.362,0.3243,0,0,1,1
CLM_80016,W_fcefa50963905fbf,ZONE_BOM_01,2026-08-17,0.08,1,14,2,995.46,1422.08,0.499,0.3303,0,0,0,0
CLM_80017,W_e6659cd15e081cc0,ZONE_HYD_01,2026-07-13,3.66,1,9,1,809.76,1156.8,0.15,0.26,0,0,0,0
CLM_80018,W_e6659cd15e081cc0,ZONE_HYD_01,2026-07-27,0.64,1,26,2,1332.17,1903.1,0.269,0.2614,0,0,0,0
CLM_80019,W_e6659cd15e081cc0,ZONE_HYD_01,2026-08-17,1.69,1,5,3,1164.86,1664.08,0.21,0.2359,0,0,0,0
CLM_80020,W_e6659cd15e081cc0,ZONE_HYD_01,2026-09-07,2.55,1,12,3,718.19,1025.99,0.15,0.2599,0,0,0,0
CLM_80021,W_3a0dc0499eeb1040,ZONE_HYD_01,2026-07-13,1.62,1,13,1,415.92,594.17,0.15,0.26,0,0,0,0
CLM_80022,W_3a0dc0499eeb1040,ZONE_HYD_01,2026-07-27,1.04,1,71,2,615.7,879.57,0.201,0.2614,0,0,0,0
CLM_80023,W_3a0dc0499eeb1040,ZONE_HYD_01,2026-08-17,1.14,1,33,1,567.59,810.84,0.21,0.2359,0,0,0,0
CLM_80024,W_3a0dc0499eeb1040,ZONE_HYD_01,2026-09-07,1.36,1,74,2,557.85,796.93,0.15,0.2599,0,0,0,0
CLM_80025,W_21dfcbdd8d139506,ZONE_MAA_01,2026-07-06,0.82,1,100,3,567.66,810.94,0.15,0.2267,0,0,0,0
CLM_80026,W_21dfcbdd8d139506,ZONE_MAA_01,2026-09-14,2.63,1,15,3,721.91,1031.3,0.15,0.2595,0,0,0,0
CLM_80027,W_609c85a6fdc90054,ZONE_HYD_01,2026-07-13,0.52,1,149,2,616.85,881.21,0.15,0.26,0,0,0,0
CLM_80028,W_609c85a6fdc90054,ZONE_HYD_01,2026-07-27,0.37,1,5,4,798.12,1140.17,0.21,0.2614,0,0,0,0
CLM_80029,W_609c85a6fdc90054,ZONE_HYD_01,2026-08-17,1.64,1,35,2,936.28,1337.55,0.21,0.2359,0,0,0,0
CLM_80030,W_609c85a6fdc90054,ZONE_HYD_01,2026-09-07,1.72,1,8,2,689.98,985.68,0.15,0.2599,0,0,0,0
CLM_80031,W_792a0e4885181e53,ZONE_BLR_01,2026-06-29,0.12,1,17,2,653.54,933.63,0.15,0.244,0,0,0,0
CLM_80032,W_792a0e4885181e53,ZONE_BLR_01,2026-07-20,0.59,1,57,3,719.17,1027.38,0.15,0.2806,0,0,0,0
CLM_80033,W_792a0e4885181e53,ZONE_BLR_01,2026-08-03,0.91,1,219,3,1033.49,1476.42,0.272,0.2789,0,0,0,0
CLM_80034,W_792a0e4885181e53,ZONE_BLR_01,2026-08-17,2.52,1,6,3,632.68,903.83,0.15,0.2639,0,0,0,0
CLM_80035,W_3977fff286ddbad0,ZONE_HYD_01,2026-07-13,2.23,1,7,1,730.62,1043.74,0.15,0.26,0,0,0,0
CLM_80036,W_3977fff286ddbad0,ZONE_HYD_01,2026-07-27,0.26,1,91,1,586.2,837.43,0.161,0.2614,0,0,0,0
CLM_80037,W_3977fff286ddbad0,ZONE_HYD_01,2026-08-17,2.35,1,33,2,933.69,1333.84,0.21,0.2359,0,0,0,0
CLM_80038,W_3977fff286ddbad0,ZONE_HYD_01,2026-09-07,2.43,1,98,1,645.69,922.42,0.15,0.2599,0,0,0,0
CLM_80039,W_dd2424a5de7ce13b,ZONE_MAA_01,2026-07-06,2.14,1,27,2,241.89,345.56,0.15,0.2267,0,0,0,0
CLM_80040,W_dd2424a5de7ce13b,ZONE_MAA_01,2026-09-14,0.56,1,98,1,221.87,316.96,0.15,0.2595,0,0,0,0
CLM_80041,W_09f1c178b8d4ab95,ZONE_MAA_01,2026-07-06,1.91,1,11,3,343.39,490.56,0.15,0.2267,0,0,0,0
CLM_80042,W_09f1c178b8d4ab95,ZONE_MAA_01,2026-09-14,1.59,1,1489,2,210.05,300.07,0.15,0.2595,0,0,1,1
CLM_80043,W_45d2919c6d443325,ZONE_HYD_01,2026-07-13,0.51,1,28,2,254.54,363.63,0.15,0.26,0,0,0,0
CLM_80044,W_45d2919c6d443325,ZONE_HYD_01,2026-07-27,2.99,1,20,3,534.25,763.22,0.277,0.2614,0,0,0,0
CLM_80045,W_45d2919c6d443325,ZONE_HYD_01,2026-08-17,0.43,1,11,1,365.98,522.83,0.21,0.2359,0,0,0,0
CLM_80046,W_45d2919c6d443325,ZONE_HYD_01,2026-09-07,1.85,1,6,4,285.17,407.39,0.15,0.2599,0,0,0,0
CLM_80047,W_1b04112ad75f09b0,ZONE_DEL_01,2026-06-29,0.78,1,25,1,748.55,1069.36,0.155,0.1633,0,0,0,0
CLM_80048,W_1b04112ad75f09b0,ZONE_DEL_01,2026-07-06,1.45,1,17,2,2771.09,3958.7,0.712,0.5602,0,0,0,0
CLM_80049,W_1b04112ad75f09b0,ZONE_DEL_01,2026-07-20,18.91,1,35,2,833.74,1191.06,0.207,0.2667,1,0,0,1
CLM_80050,W_1b04112ad75f09b0,ZONE_DEL_01,2026-08-03,2.09,1,55,2,2622.62,3746.6,0.662,0.4771,0,0,0,0
CLM_80051,W_1b04112ad75f09b0,ZONE_DEL_01,2026-08-17,1.15,1,11,4,664.71,949.59,0.15,0.2655,0,0,0,0
CLM_80052,W_86c0380f83020987,ZONE_BOM_01,2026-06-29,0.45,1,35,2,4303.56,6147.94,0.85,1.0,0,0,0,0
CLM_80053,W_86c0380f83020987,ZONE_BOM_01,2026-07-06,1.23,1,56,2,3659.07,5227.24,0.729,0.8044,0,0,0,0
CLM_80054,W_86c0380f83020987,ZONE_BOM_01,2026-07-13,4.27,1,26,2,2208.32,3154.75,0.422,0.4088,0,0,0,0
CLM_80055,W_86c0380f83020987,ZONE_BOM_01,2026-07-20,3.42,1,33,3,4324.56,6177.95,0.85,1.0,0,0,0,0
CLM_80056,W_86c0380f83020987,ZONE_BOM_01,2026-07-27,0.73,1,41,3,2538.21,3626.01,0.489,0.3856,0,0,0,0
CLM_80057,W_86c0380f83020987,ZONE_BOM_01,2026-08-03,0.57,1,37,2,2145.82,3065.46,0.442,0.277,0,0,0,0
CLM_80058,W_86c0380f83020987,ZONE_BOM_01,2026-08-10,0.8,1,241,2,1289.28,1841.83,0.238,0.3243,0,0,0,0
CLM_80059,W_86c0380f83020987,ZONE_BOM_01,2026-08-17,2.25,1,11,4,2876.43,4109.19,0.577,0.3303,0,0,0,0
CLM_80060,W_47079ae3154e5211,ZONE_MAA_01,2026-07-06,1.72,1,106,2,280.67,400.96,0.15,0.2267,0,0,0,0
CLM_80061,W_47079ae3154e5211,ZONE_MAA_01,2026-09-14,0.93,1,21,1,280.03,400.04,0.15,0.2595,0,0,0,0
CLM_80062,W_f7b997c785123d65,ZONE_HYD_01,2026-07-13,0.55,1,23,3,500.79,715.41,0.15,0.26,0,0,0,0
CLM_80063,W_f7b997c785123d65,ZONE_HYD_01,2026-07-27,1.45,1,29,1,925.6,1322.29,0.225,0.2614,0,0,0,0
CLM_80064,W_f7b997c785123d65,ZONE_HYD_01,2026-08-17,1.35,1,25,3,702.16,1003.09,0.21,0.2359,0,0,0,0
CLM_80065,W_f7b997c785123d65,ZONE_HYD_01,2026-09-07,1.09,1,17,1,437.79,625.41,0.15,0.2599,0,0,0,0
CLM_80066,W_1b7967e315ff5f4e,ZONE_BLR_01,2026-06-29,0.92,1,72,2,321.89,459.84,0.15,0.244,0,0,0,0
CLM_80067,W_1b7967e315ff5f4e,ZONE_BLR_01,2026-07-20,0.34,1,6,2,314.8,449.72,0.15,0.2806,0,0,0,0
CLM_80068,W_1b7967e315ff5f4e,ZONE_BLR_01,2026-08-03,1.18,1,28,5,281.04,401.48,0.174,0.2789,0,0,0,0
CLM_80069,W_1b7967e315ff5f4e,ZONE_BLR_01,2026-08-17,1.13,1,74,3,269.99,385.7,0.15,0.2639,0,0,0,0
CLM_80070,W_c5d6935b8b864525,ZONE_BLR_01,2026-06-29,1.41,1,155,5,406.07,580.1,0.15,0.244,0,0,0,0
CLM_80071,W_c5d6935b8b864525,ZONE_BLR_01,2026-07-20,1.25,1,27,1,579.68,828.12,0.15,0.2806,0,0,0,0
CLM_80072,W_c5d6935b8b864525,ZONE_BLR_01,2026-08-03,0.26,1,81,1,708.49,1012.13,0.215,0.2789,0,0,0,0
CLM_80073,W_c5d6935b8b864525,ZONE_BLR_01,2026-08-17,3.02,1,35,1,489.59,699.41,0.15,0.2639,0,0,0,0
CLM_80074,W_914b535d96d4de31,ZONE_MAA_01,2026-07-06,0.12,1,41,2,222.53,317.9,0.15,0.2267,0,0,0,0
CLM_80075,W_914b535d96d4de31,ZONE_MAA_01,2026-09-14,0.71,1,85,1,303.61,433.73,0.15,0.2595,0,0,0,0
CLM_80076,W_537a103c7feb7b31,ZONE_MAA_01,2026-07-06,0.87,1,194,1,829.77,1185.38,0.15,0.2267,0,0,0,0
CLM_80077,W_537a103c7feb7b31,ZONE_MAA_01,2026-09-14,1.0,1,80,4,569.84,814.06,0.15,0.2595,0,0,0,0
CLM_80078,W_438d1cd789e8f44c,ZONE_DEL_01,2026-06-29,0.08,1,48,3,333.34,476.2,0.155,0.1633,0,0,0,0
CLM_80079,W_438d1cd789e8f44c,ZONE_DEL_01,2026-07-06,0.46,1,18,1,1302.73,1861.05,0.687,0.5602,0,0,0,0
CLM_80080,W_438d1cd789e8f44c,ZONE_DEL_01,2026-07-20,0.49,1,758,2,330.16,471.66,0.205,0.2667,0,0,1,1
CLM_80081,W_438d1cd789e8f44c,ZONE_DEL_01,2026-08-03,1.85,1,106,2,971.98,1388.55,0.502,0.4771,0,0,0,0
CLM_80082,W_438d1cd789e8f44c,ZONE_DEL_01,2026-08-17,0.26,1,18,4,285.12,407.31,0.15,0.2655,0,0,0,0
CLM_80083,W_110d9988d5961d9b,ZONE_BLR_01,2026-06-29,0.62,1,11,3,569.54,813.63,0.15,0.244,0,0,0,0
CLM_80084,W_110d9988d5961d9b,ZONE_BLR_01,2026-07-20,1.48,1,31,1,722.76,1032.52,0.15,0.2806,0,0,0,0
CLM_80085,W_110d9988d5961d9b,ZONE_BLR_01,2026-08-03,35.56,1,64,1,860.66,1229.52,0.199,0.2789,1,0,0,1
CLM_80086,W_110d9988d5961d9b,ZONE_BLR_01,2026-08-17,3.55,1,181,2,512.29,731.85,0.15,0.2639,0,0,0,0
CLM_80087,W_d98a52f9cbeb1634,ZONE_DEL_01,2026-06-29,0.57,1,17,2,641.46,916.37,0.155,0.1633,0,0,0,0
CLM_80088,W_d98a52f9cbeb1634,ZONE_DEL_01,2026-07-06,0.72,1,59,1,3260.08,4657.26,0.85,0.5602,0,0,0,0
CLM_80089,W_d98a52f9cbeb1634,ZONE_DEL_01,2026-07-20,1.11,1,25,2,989.74,1413.91,0.254,0.2667,0,0,0,0
CLM_80090,W_d98a52f9cbeb1634,ZONE_DEL_01,2026-08-03,1.25,1,62,5,2649.11,3784.45,0.679,0.4771,0,0,0,0
CLM_80091,W_d98a52f9cbeb1634,ZONE_DEL_01,2026-08-17,1.7,1,47,1,654.64,935.2,0.15,0.2655,0,0,0,0
CLM_80092,W_08e6fccb88fab6c5,ZONE_DEL_01,2026-06-29,2.46,1,18,1,327.52,467.88,0.155,0.1633,0,0,0,0
CLM_80093,W_08e6fccb88fab6c5,ZONE_DEL_01,2026-07-06,1.9,1,15,1,2346.06,3351.51,0.85,0.5602,0,0,0,0
CLM_80094,W_08e6fccb88fab6c5,ZONE_DEL_01,2026-07-20,3.61,1,36,2,1338.55,1912.21,0.467,0.2667,0,0,0,1
CLM_80095,W_08e6fccb88fab6c5,ZONE_DEL_01,2026-08-03,1.04,1,23,1,2280.62,3258.03,0.821,0.4771,0,0,0,0
CLM_80096,W_08e6fccb88fab6c5,ZONE_DEL_01,2026-08-17,1.13,1,82,1,493.33,704.76,0.15,0.2655,0,0,0,0
CLM_80097,W_08e6fccb88fab6c5,ZONE_DEL_01,2026-08-31,8.1,1,33,2,735.93,1051.33,0.259,0.2815,0,0,0,1
CLM_80098,W_0e34004535fe526f,ZONE_BLR_01,2026-06-29,0.13,1,70,1,577.05,824.36,0.15,0.244,0,0,0,0
CLM_80099,W_0e34004535fe526f,ZONE_BLR_01,2026-07-20,0.04,1,85,2,528.79,755.42,0.15,0.2806,0,0,0,0
CLM_80100,W_0e34004535fe526f,ZONE_BLR_01,2026-08-03,0.12,1,5,2,867.33,1239.05,0.303,0.2789,0,0,0,0
CLM_80101,W_0e34004535fe526f,ZONE_BLR_01,2026-08-17,0.18,1,12,2,552.45,789.21,0.15,0.2639,0,0,0,0
CLM_80102,W_1506ca04b01f071b,ZONE_BLR_01,2026-06-29,0.88,1,15,2,477.48,682.12,0.15,0.244,0,0,0,0
CLM_80103,W_1506ca04b01f071b,ZONE_BLR_01,2026-07-20,1.08,1,23,2,461.36,659.09,0.15,0.2806,0,0,0,0
CLM_80104,W_1506ca04b01f071b,ZONE_BLR_01,2026-08-03,0.5,1,66,1,1213.23,1733.18,0.335,0.2789,0,0,0,0
CLM_80105,W_1506ca04b01f071b,ZONE_BLR_01,2026-08-17,0.53,1,41,2,509.58,727.97,0.15,0.2639,0,0,0,0
CLM_80106,W_ebc11507125ea7ab,ZONE_BOM_01,2026-06-29,1.23,1,20,2,1867.49,2667.84,0.85,1.0,0,0,0,0
CLM_80107,W_ebc11507125ea7ab,ZONE_BOM_01,2026-07-06,1.58,1,14,2,1755.84,2508.35,0.798,0.8044,0,0,0,0
CLM_80108,W_ebc11507125ea7ab,ZONE_BOM_01,2026-07-13,0.88,1,11,1,956.9,1367.0,0.421,0.4088,0,0,0,0
CLM_80109,W_ebc11507125ea7ab,ZONE_BOM_01,2026-07-20,0.41,1,63,2,1881.54,2687.92,0.85,1.0,0,0,0,0
CLM_80110,W_ebc11507125ea7ab,ZONE_BOM_01,2026-07-27,0.08,1,69,1,936.83,1338.33,0.442,0.3856,0,0,0,0
CLM_80111,W_ebc11507125ea7ab,ZONE_BOM_01,2026-08-03,1.1,1,64,2,809.99,1157.13,0.377,0.277,0,0,0,0
CLM_80112,W_ebc11507125ea7ab,ZONE_BOM_01,2026-08-10,1.79,1,17,1,424.0,605.72,0.17,0.3243,0,0,0,0
CLM_80113,W_ebc11507125ea7ab,ZONE_BOM_01,2026-08-17,0.88,1,47,2,1210.41,1729.16,0.564,0.3303,0,0,0,0
CLM_80114,W_aa3cde79f1b0b184,ZONE_HYD_01,2026-07-13,1.63,1,135,1,356.43,509.19,0.15,0.26,0,0,0,0
CLM_80115,W_aa3cde79f1b0b184,ZONE_HYD_01,2026-07-27,1.22,1,55,4,512.53,732.19,0.281,0.2614,0,0,0,1
CLM_80116,W_aa3cde79f1b0b184,ZONE_HYD_01,2026-08-17,1.2,1,32,3,420.03,600.05,0.21,0.2359,0,0,0,0
CLM_80117,W_aa3cde79f1b0b184,ZONE_HYD_01,2026-09-07,0.99,1,35,3,222.1,317.29,0.15,0.2599,0,0,0,0
CLM_80118,W_1081496b0d8c1a2e,ZONE_DEL_01,2026-06-29,1.42,1,103,5,812.33,1160.47,0.155,0.1633,0,0,0,0
CLM_80119,W_1081496b0d8c1a2e,ZONE_DEL_01,2026-07-06,3.26,1,146,1,3362.79,4803.98,0.817,0.5602,0,0,0,0
CLM_80120,W_1081496b0d8c1a2e,ZONE_DEL_01,2026-07-20,1.11,1,92,2,831.22,1187.45,0.174,0.2667,0,0,0,0
CLM_80121,W_1081496b0d8c1a2e,ZONE_DEL_01,2026-08-03,0.27,1,46,4,2897.67,4139.53,0.695,0.4771,0,0,0,0
CLM_80122,W_1081496b0d8c1a2e,ZONE_DEL_01,2026-08-17,1.0,1,2346,4,488.51,697.87,0.15,0.2655,0,0,1,1
CLM_80123,W_2d22569d6034337e,ZONE_DEL_01,2026-06-29,2.56,1,116,1,533.26,761.8,0.155,0.1633,0,0,0,0
CLM_80124,W_2d22569d6034337e,ZONE_DEL_01,2026-07-06,0.87,1,10,4,3274.35,4677.64,0.838,0.5602,0,0,0,0
CLM_80125,W_2d22569d6034337e,ZONE_DEL_01,2026-07-20,0.69,1,29,1,800.87,1144.1,0.196,0.2667,0,0,0,0
CLM_80126,W_2d22569d6034337e,ZONE_DEL_01,2026-08-03,1.58,1,66,1,2744.69,3920.99,0.692,0.4771,0,0,0,0
CLM_80127,W_2d22569d6034337e,ZONE_DEL_01,2026-08-17,1.13,1,1229,3,719.92,1028.46,0.15,0.2655,0,0,1,1
CLM_80128,W_0ad5761f7d7ef742,ZONE_DEL_01,2026-06-29,0.27,1,8,1,317.58,453.68,0.155,0.1633,0,0,0,0
CLM_80129,W_0ad5761f7d7ef742,ZONE_DEL_01,2026-07-06,0.39,1,8,1,1384.21,1977.45,0.697,0.5602,0,0,0,0
CLM_80130,W_0ad5761f7d7ef742,ZONE_DEL_01,2026-07-20,1.41,1,15,1,387.25,553.22,0.228,0.2667,0,0,0,0
CLM_80131,W_0ad5761f7d7ef742,ZONE_DEL_01,2026-08-03,2.87,1,11,1,1118.36,1597.66,0.539,0.4771,0,0,0,1
CLM_80132,W_0ad5761f7d7ef742,ZONE_DEL_01,2026-08-17,0.68,1,44,4,374.25,534.64,0.15,0.2655,0,0,0,0
CLM_80133,W_7f2b8b2f12987677,ZONE_BLR_01,2026-06-29,2.43,1,103,3,231.06,330.09,0.15,0.244,0,0,0,0
CLM_80134,W_7f2b8b2f12987677,ZONE_BLR_01,2026-07-20,1.85,1,79,3,347.45,496.36,0.15,0.2806,0,0,0,0
CLM_80135,W_7f2b8b2f12987677,ZONE_BLR_01,2026-08-03,0.35,1,19,2,396.38,566.25,0.183,0.2789,0,0,0,0
CLM_80136,W_7f2b8b2f12987677,ZONE_BLR_01,2026-08-17,0.67,1,6,1,278.04,397.2,0.15,0.2639,0,0,0,0
CLM_80137,W_fe0470c7deaf52e8,ZONE_HYD_01,2026-07-13,1.89,1,28,3,533.29,761.84,0.15,0.26,0,0,0,0
CLM_80138,W_fe0470c7deaf52e8,ZONE_HYD_01,2026-07-27,0.39,1,88,2,576.61,823.73,0.19,0.2614,0,0,0,0
CLM_80139,W_fe0470c7deaf52e8,ZONE_HYD_01,2026-08-17,40.51,1,80,2,799.35,1141.93,0.21,0.2359,1,0,0,1
CLM_80140,W_fe0470c7deaf52e8,ZONE_HYD_01,2026-09-07,0.71,1,802,3,388.95,555.64,0.15,0.2599,0,0,1,1
CLM_80141,W_7e05a7b9838db15e,ZONE_HYD_01,2026-07-13,1.12,1,18,2,618.07,882.96,0.15,0.26,0,0,0,0
CLM_80142,W_7e05a7b9838db15e,ZONE_HYD_01,2026-07-27,1.9,1,47,2,646.76,923.94,0.222,0.2614,0,0,0,1
CLM_80143,W_7e05a7b9838db15e,ZONE_HYD_01,2026-08-17,3.93,1,26,3,759.12,1084.46,0.21,0.2359,0,0,0,1
CLM_80144,W_7e05a7b9838db15e,ZONE_HYD_01,2026-09-07,1.37,1,49,1,514.23,734.61,0.15,0.2599,0,0,0,0
CLM_80145,W_b75e4da4b81942bc,ZONE_BOM_01,2026-06-29,0.2,1,29,1,2965.24,4236.06,0.85,1.0,0,0,0,0
CLM_80146,W_b75e4da4b81942bc,ZONE_BOM_01,2026-07-06,0.74,1,50,1,2952.96,4218.52,0.85,0.8044,0,0,0,0
CLM_80147,W_b75e4da4b81942bc,ZONE_BOM_01,2026-07-13,0.75,1,10,5,1224.45,1749.21,0.347,0.4088,0,0,0,0
CLM_80148,W_b75e4da4b81942bc,ZONE_BOM_01,2026-07-20,1.28,1,6,3,2961.48,4230.68,0.85,1.0,0,0,0,0
CLM_80149,W_b75e4da4b81942bc,ZONE_BOM_01,2026-07-27,2.12,1,115,2,2103.45,3004.93,0.604,0.3856,0,0,0,1
CLM_80150,W_b75e4da4b81942bc,ZONE_BOM_01,2026-08-03,1.05,1,114,2,1573.2,2247.43,0.471,0.277,0,0,0,0
CLM_80151,W_b75e4da4b81942bc,ZONE_BOM_01,2026-08-10,0.67,1,16,1,787.66,1125.23,0.231,0.3243,0,0,0,0
CLM_80152,W_b75e4da4b81942bc,ZONE_BOM_01,2026-08-17,1.07,1,67,2,1770.13,2528.76,0.495,0.3303,0,0,0,0
CLM_80153,W_8f7bc390ef77a6ed,ZONE_MAA_01,2026-07-06,1.42,1,102,3,401.49,573.56,0.15,0.2267,0,0,0,0
CLM_80154,W_8f7bc390ef77a6ed,ZONE_MAA_01,2026-09-14,0.8,1,16,1,407.27,581.82,0.15,0.2595,0,0,0,0
CLM_80155,W_fbb5ef8af78d1c37,ZONE_MAA_01,2026-07-06,0.5,1,133,2,386.08,551.55,0.15,0.2267,0,0,0,0
CLM_80156,W_fbb5ef8af78d1c37,ZONE_MAA_01,2026-09-14,0.3,1,62,2,370.72,529.6,0.15,0.2595,0,0,0,0
CLM_80157,W_44ba6a5a94b29722,ZONE_BOM_01,2026-06-29,4.98,1,47,1,3492.47,4989.25,0.85,1.0,0,0,0,0
CLM_80158,W_44ba6a5a94b29722,ZONE_BOM_01,2026-07-06,0.2,1,89,2,3382.46,4832.08,0.823,0.8044,0,0,0,0
CLM_80159,W_44ba6a5a94b29722,ZONE_BOM_01,2026-07-13,1.94,1,11,3,1379.0,1970.0,0.353,0.4088,0,0,0,0
CLM_80160,W_44ba6a5a94b29722,ZONE_BOM_01,2026-07-20,2.37,1,46,2,3445.39,4921.99,0.85,1.0,0,0,0,0
CLM_80161,W_44ba6a5a94b29722,ZONE_BOM_01,2026-07-27,0.82,1,28,1,1925.22,2750.32,0.471,0.3856,0,0,0,0
CLM_80162,W_44ba6a5a94b29722,ZONE_BOM_01,2026-08-03,0.26,1,13,1,1835.44,2622.06,0.443,0.277,0,0,0,0
CLM_80163,W_44ba6a5a94b29722,ZONE_BOM_01,2026-08-10,0.76,1,214,2,1221.07,1744.38,0.283,0.3243,0,0,0,0
CLM_80164,W_44ba6a5a94b29722,ZONE_BOM_01,2026-08-17,1.21,1,98,3,2168.23,3097.47,0.528,0.3303,0,0,0,0
CLM_80165,W_2d25d41da2176452,ZONE_HYD_01,2026-07-13,2.26,1,93,1,630.38,900.54,0.15,0.26,0,0,0,0
CLM_80166,W_2d25d41da2176452,ZONE_HYD_01,2026-07-27,1.4,1,39,2,609.45,870.64,0.168,0.2614,0,0,0,0
CLM_80167,W_2d25d41da2176452,ZONE_HYD_01,2026-08-17,1.96,1,24,3,836.66,1195.23,0.21,0.2359,0,0,0,0
CLM_80168,W_2d25d41da2176452,ZONE_HYD_01,2026-09-07,1.05,1,14,3,765.5,1093.57,0.15,0.2599,0,0,0,0
CLM_80169,W_a7415d1d0a8e7157,ZONE_HYD_01,2026-07-13,0.64,1,17,2,299.63,428.05,0.15,0.26,0,0,0,0
CLM_80170,W_a7415d1d0a8e7157,ZONE_HYD_01,2026-07-27,0.95,1,51,2,446.12,637.32,0.215,0.2614,0,0,0,0
CLM_80171,W_a7415d1d0a8e7157,ZONE_HYD_01,2026-08-17,0.97,1,86,3,500.95,715.64,0.21,0.2359,0,0,0,0
CLM_80172,W_a7415d1d0a8e7157,ZONE_HYD_01,2026-09-07,0.01,1,15,3,293.36,419.08,0.15,0.2599,0,0,0,0
CLM_80173,W_d0aa81eeb84cae89,ZONE_BOM_01,2026-06-29,0.72,1,13,1,2505.41,3579.16,0.85,1.0,0,0,0,0
CLM_80174,W_d0aa81eeb84cae89,ZONE_BOM_01,2026-07-06,0.74,1,56,2,2125.37,3036.24,0.702,0.8044,0,0,0,0
CLM_80175,W_d0aa81eeb84cae89,ZONE_BOM_01,2026-07-13,0.33,1,74,2,925.39,1321.98,0.337,0.4088,0,0,0,0
CLM_80176,W_d0aa81eeb84cae89,ZONE_BOM_01,2026-07-20,0.43,1,15,3,2507.22,3581.75,0.85,1.0,0,0,0,0
CLM_80177,W_d0aa81eeb84cae89,ZONE_BOM_01,2026-07-27,0.63,1,27,1,1150.63,1643.76,0.388,0.3856,0,0,0,0
CLM_80178,W_d0aa81eeb84cae89,ZONE_BOM_01,2026-08-03,1.0,1,39,1,1310.56,1872.23,0.416,0.277,0,0,0,0
CLM_80179,W_d0aa81eeb84cae89,ZONE_BOM_01,2026-08-10,0.48,1,27,3,696.56,995.09,0.264,0.3243,0,0,0,0
CLM_80180,W_d0aa81eeb84cae89,ZONE_BOM_01,2026-08-17,1.63,1,126,2,1491.44,2130.63,0.52,0.3303,0,0,0,0
CLM_80181,W_19de3fcfd11cddb9,ZONE_BOM_01,2026-06-29,5.47,1,103,3,1649.69,2356.7,0.85,1.0,0,0,0,0
CLM_80182,W_19de3fcfd11cddb9,ZONE_BOM_01,2026-07-06,1.56,1,109,4,1285.31,1836.16,0.675,0.8044,0,0,0,0
CLM_80183,W_19de3fcfd11cddb9,ZONE_BOM_01,2026-07-13,0.61,1,71,3,836.28,1194.68,0.416,0.4088,0,0,0,0
CLM_80184,W_19de3fcfd11cddb9,ZONE_BOM_01,2026-07-20,1.0,1,176,2,1645.97,2351.38,0.85,1.0,0,0,0,0
CLM_80185,W_19de3fcfd11cddb9,ZONE_BOM_01,2026-07-27,0.55,1,96,2,840.29,1200.42,0.439,0.3856,0,0,0,0
CLM_80186,W_19de3fcfd11cddb9,ZONE_BOM_01,2026-08-03,2.48,1,149,3,542.15,774.5,0.311,0.277,0,0,0,0
CLM_80187,W_19de3fcfd11cddb9,ZONE_BOM_01,2026-08-10,1.86,1,39,1,346.98,495.68,0.204,0.3243,0,0,0,0
CLM_80188,W_19de3fcfd11cddb9,ZONE_BOM_01,2026-08-17,0.44,1,40,1,1008.32,1440.46,0.509,0.3303,0,0,0,0
CLM_80189,W_7c0fe1dbaf8590e4,ZONE_HYD_01,2026-07-13,3.07,1,156,3,507.32,724.74,0.15,0.26,0,0,0,0
CLM_80190,W_7c0fe1dbaf8590e4,ZONE_HYD_01,2026-07-27,0.32,1,2871,1,820.39,1171.98,0.225,0.2614,0,0,1,1
CLM_80191,W_7c0fe1dbaf8590e4,ZONE_HYD_01,2026-08-17,1.23,1,31,2,676.34,966.2,0.21,0.2359,0,0,0,0
CLM_80192,W_7c0fe1dbaf8590e4,ZONE_HYD_01,2026-09-07,1.46,1,15,2,499.13,713.04,0.15,0.2599,0,0,0,0
CLM_80193,W_23011d139948d52c,ZONE_DEL_01,2026-06-29,1.51,1,37,3,384.32,549.03,0.155,0.1633,0,0,0,0
CLM_80194,W_23011d139948d52c,ZONE_DEL_01,2026-07-06,1.37,1,54,2,2380.92,3401.31,0.724,0.5602,0,0,0,0
CLM_80195,W_23011d139948d52c,ZONE_DEL_01,2026-07-20,3.16,1,206,2,641.96,917.08,0.178,0.2667,0,0,0,0
CLM_80196,W_23011d139948d52c,ZONE_DEL_01,2026-08-03,1.8,1,51,1,1961.91,2802.73,0.591,0.4771,0,0,0,0
CLM_80197,W_23011d139948d52c,ZONE_DEL_01,2026-08-17,0.7,1,43,1,455.86,651.23,0.15,0.2655,0,0,0,0
CLM_80198,W_3c0e64a301ae5edc,ZONE_DEL_01,2026-06-29,1.08,1,69,1,423.13,604.47,0.155,0.1633,0,0,0,0
CLM_80199,W_3c0e64a301ae5edc,ZONE_DEL_01,2026-07-06,1.19,1,71,2,2360.84,3372.63,0.652,0.5602,0,0,0,0
CLM_80200,W_3c0e64a301ae5edc,ZONE_DEL_01,2026-07-20,0.56,1,33,3,766.16,1094.52,0.221,0.2667,0,0,0,0
CLM_80201,W_3c0e64a301ae5edc,ZONE_DEL_01,2026-08-03,1.47,1,8,3,2347.79,3353.99,0.664,0.4771,0,0,0,0
CLM_80202,W_3c0e64a301ae5edc,ZONE_DEL_01,2026-08-17,0.92,1,12,1,680.6,972.28,0.15,0.2655,0,0,0,0
CLM_80203,W_b237d83a4d2a0e7d,ZONE_DEL_01,2026-06-29,0.84,1,40,1,569.11,813.02,0.155,0.1633,0,0,0,0
CLM_80204,W_b237d83a4d2a0e7d,ZONE_DEL_01,2026-07-06,3.24,1,27,1,2964.98,4235.68,0.701,0.5602,0,0,0,0
CLM_80205,W_b237d83a4d2a0e7d,ZONE_DEL_01,2026-07-20,1.22,1,55,3,783.46,1119.23,0.162,0.2667,0,0,0,0
CLM_80206,W_b237d83a4d2a0e7d,ZONE_DEL_01,2026-08-03,0.87,1,30,1,2269.81,3242.59,0.564,0.4771,0,0,0,0
CLM_80207,W_b237d83a4d2a0e7d,ZONE_DEL_01,2026-08-17,1.71,1,52,4,492.94,704.2,0.15,0.2655,0,0,0,0
CLM_80208,W_0bcb7f8dc0134fd1,ZONE_MAA_01,2026-07-06,4.7,1,29,1,311.88,445.55,0.15,0.2267,0,0,0,0
CLM_80209,W_0bcb7f8dc0134fd1,ZONE_MAA_01,2026-09-14,1.12,1,23,1,262.44,374.92,0.15,0.2595,0,0,0,0
CLM_80210,W_efb187f43ff6fab9,ZONE_MAA_01,2026-07-06,3.06,1,9,2,207.08,295.83,0.15,0.2267,0,0,0,0
CLM_80211,W_efb187f43ff6fab9,ZONE_MAA_01,2026-09-14,0.95,1,17,4,206.11,294.44,0.15,0.2595,0,0,0,0
CLM_80212,W_c9343b30f4467310,ZONE_DEL_01,2026-06-29,1.62,1,18,3,207.82,296.89,0.155,0.1633,0,0,0,0
CLM_80213,W_c9343b30f4467310,ZONE_DEL_01,2026-07-06,0.32,1,54,4,1503.96,2148.52,0.85,0.5602,0,0,0,0
CLM_80214,W_c9343b30f4467310,ZONE_DEL_01,2026-07-20,0.52,1,27,1,441.45,630.65,0.265,0.2667,0,0,0,0
CLM_80215,W_c9343b30f4467310,ZONE_DEL_01,2026-08-03,1.01,1,14,1,1216.61,1738.02,0.689,0.4771,0,0,0,0
CLM_80216,W_c9343b30f4467310,ZONE_DEL_01,2026-08-17,0.81,1,60,5,198.32,283.32,0.15,0.2655,0,0,0,0
CLM_80217,W_d7c92b49ddff2b6b,ZONE_DEL_01,2026-06-29,0.87,1,100,2,474.24,677.49,0.155,0.1633,0,0,0,0
CLM_80218,W_d7c92b49ddff2b6b,ZONE_DEL_01,2026-07-06,3.28,1,2616,2,2505.78,3579.69,0.744,0.5602,0,0,1,1
CLM_80219,W_d7c92b49ddff2b6b,ZONE_DEL_01,2026-07-20,0.35,1,5,1,831.18,1187.4,0.253,0.2667,0,0,0,0
CLM_80220,W_d7c92b49ddff2b6b,ZONE_DEL_01,2026-08-03,0.89,1,2324,2,2723.88,3891.26,0.807,0.4771,0,0,1,1
CLM_80221,W_d7c92b49ddff2b6b,ZONE_DEL_01,2026-08-17,0.43,1,31,2,370.36,529.08,0.15,0.2655,0,0,0,0
CLM_80222,W_19ad745c3995d6f0,ZONE_BOM_01,2026-06-29,0.65,1,6,2,1309.05,1870.07,0.85,1.0,0,0,0,0
CLM_80223,W_19ad745c3995d6f0,ZONE_BOM_01,2026-07-06,0.74,1,6,3,1135.11,1621.58,0.731,0.8044,0,0,0,1
CLM_80224,W_19ad745c3995d6f0,ZONE_BOM_01,2026-07-13,0.02,1,17,1,575.18,821.68,0.4,0.4088,0,0,0,0
CLM_80225,W_19ad745c3995d6f0,ZONE_BOM_01,2026-07-20,0.51,1,46,2,1315.22,1878.89,0.85,1.0,0,0,0,0
CLM_80226,W_19ad745c3995d6f0,ZONE_BOM_01,2026-07-27,1.49,1,6,2,589.28,841.83,0.401,0.3856,0,0,0,0
CLM_80227,W_19ad745c3995d6f0,ZONE_BOM_01,2026-08-03,0.08,1,38,1,600.61,858.02,0.377,0.277,0,0,0,0
CLM_80228,W_19ad745c3995d6f0,ZONE_BOM_01,2026-08-10,1.77,1,5,1,230.78,329.69,0.167,0.3243,0,0,0,0
CLM_80229,W_19ad745c3995d6f0,ZONE_BOM_01,2026-08-17,1.87,1,22,1,847.59,1210.85,0.544,0.3303,0,0,0,0
CLM_80230,W_e4d6b1a96865b125,ZONE_BOM_01,2026-06-29,0.22,1,51,3,3891.81,5559.73,0.85,1.0,0,0,0,0
CLM_80231,W_e4d6b1a96865b125,ZONE_BOM_01,2026-07-06,1.36,1,71,1,3265.63,4665.18,0.706,0.8044,0,0,0,0
CLM_80232,W_e4d6b1a96865b125,ZONE_BOM_01,2026-07-13,0.29,1,7,2,1532.71,2189.59,0.311,0.4088,0,0,0,0
CLM_80233,W_e4d6b1a96865b125,ZONE_BOM_01,2026-07-20,1.71,1,36,2,3857.84,5511.2,0.85,1.0,0,0,0,0
CLM_80234,W_e4d6b1a96865b125,ZONE_BOM_01,2026-07-27,2.52,1,1143,1,1786.48,2552.12,0.401,0.3856,0,0,1,1
CLM_80235,W_e4d6b1a96865b125,ZONE_BOM_01,2026-08-03,2.74,1,122,1,1728.24,2468.91,0.375,0.277,0,0,0,0
CLM_80236,W_e4d6b1a96865b125,ZONE_BOM_01,2026-08-10,0.87,1,13,1,1110.24,1586.06,0.271,0.3243,0,0,0,0
CLM_80237,W_e4d6b1a96865b125,ZONE_BOM_01,2026-08-17,0.4,1,15,3,2439.99,3485.7,0.531,0.3303,0,0,0,0
CLM_80238,W_0be024ebb1180e4f,ZONE_MAA_01,2026-07-06,3.52,1,104,2,396.33,566.18,0.15,0.2267,0,0,0,1
CLM_80239,W_0be024ebb1180e4f,ZONE_MAA_01,2026-09-14,0.19,1,28,3,548.13,783.05,0.15,0.2595,0,0,0,0
CLM_80240,W_7409fa98753c15e8,ZONE_BLR_01,2026-06-29,0.71,1,7,2,556.17,794.53,0.15,0.244,0,0,0,0
CLM_80241,W_7409fa98753c15e8,ZONE_BLR_01,2026-07-20,32.72,1,28,4,542.85,775.5,0.15,0.2806,1,0,0,1
CLM_80242,W_7409fa98753c15e8,ZONE_BLR_01,2026-08-03,0.56,1,41,6,798.74,1141.06,0.255,0.2789,0,0,0,0
CLM_80243,W_7409fa98753c15e8,ZONE_BLR_01,2026-08-17,5.43,1,14,2,322.02,460.03,0.15,0.2639,0,0,0,0
CLM_80244,W_e9981c8467200278,ZONE_HYD_01,2026-07-13,0.17,1,51,3,220.74,315.34,0.15,0.26,0,0,0,0
CLM_80245,W_e9981c8467200278,ZONE_HYD_01,2026-07-27,1.0,1,43,2,337.96,482.8,0.201,0.2614,0,0,0,0
CLM_80246,W_e9981c8467200278,ZONE_HYD_01,2026-08-17,0.83,1,47,2,328.99,469.99,0.21,0.2359,0,0,0,0
CLM_80247,W_e9981c8467200278,ZONE_HYD_01,2026-09-07,0.87,1,24,1,269.68,385.26,0.15,0.2599,0,0,0,0
CLM_80248,W_fa55d937b339bd13,ZONE_DEL_01,2026-06-29,0.85,1,65,5,355.7,508.14,0.155,0.1633,0,0,0,0
CLM_80249,W_fa55d937b339bd13,ZONE_DEL_01,2026-07-06,1.82,1,17,2,2578.21,3683.16,0.85,0.5602,0,0,0,0
CLM_80250,W_fa55d937b339bd13,ZONE_DEL_01,2026-07-20,0.92,1,26,2,816.45,1166.36,0.271,0.2667,0,0,0,0
CLM_80251,W_fa55d937b339bd13,ZONE_DEL_01,2026-08-03,1.2,1,230,2,1783.4,2547.71,0.597,0.4771,0,0,0,0
CLM_80252,W_fa55d937b339bd13,ZONE_DEL_01,2026-08-17,0.19,1,54,2,569.32,813.31,0.15,0.2655,0,0,0,0
CLM_80253,W_e02e72a23df33b08,ZONE_BLR_01,2026-06-29,0.09,1,13,3,542.86,775.51,0.15,0.244,0,0,0,0
CLM_80254,W_e02e72a23df33b08,ZONE_BLR_01,2026-07-20,0.05,1,5,2,629.53,899.33,0.15,0.2806,0,0,0,0
CLM_80255,W_e02e72a23df33b08,ZONE_BLR_01,2026-08-03,0.64,1,5,3,753.18,1075.97,0.215,0.2789,0,0,0,0
CLM_80256,W_e02e72a23df33b08,ZONE_BLR_01,2026-08-17,0.4,1,11,4,434.34,620.48,0.15,0.2639,0,0,0,0
CLM_80257,W_69390287654665b0,ZONE_DEL_01,2026-06-29,0.85,1,55,4,676.21,966.01,0.155,0.1633,0,0,0,0
CLM_80258,W_69390287654665b0,ZONE_DEL_01,2026-07-06,0.22,1,56,2,3267.36,4667.66,0.692,0.5602,0,0,0,0
CLM_80259,W_69390287654665b0,ZONE_DEL_01,2026-07-20,0.64,1,16,5,894.03,1277.19,0.187,0.2667,0,0,0,0
CLM_80260,W_69390287654665b0,ZONE_DEL_01,2026-08-03,0.75,1,12,2,2680.95,3829.93,0.588,0.4771,0,0,0,0
CLM_80261,W_69390287654665b0,ZONE_DEL_01,2026-08-17,0.11,1,27,3,696.82,995.46,0.15,0.2655,0,0,0,0
CLM_80262,W_3eedf2345c580b41,ZONE_MAA_01,2026-07-06,0.23,1,91,1,805.08,1150.12,0.15,0.2267,0,0,0,0
CLM_80263,W_3eedf2345c580b41,ZONE_MAA_01,2026-09-14,1.66,1,41,1,582.9,832.72,0.15,0.2595,0,0,0,0
CLM_80264,W_427b5c492ddd6098,ZONE_DEL_01,2026-06-29,0.31,1,75,2,595.6,850.86,0.155,0.1633,0,0,0,0
CLM_80265,W_427b5c492ddd6098,ZONE_DEL_01,2026-07-06,0.72,1,8,2,2695.27,3850.38,0.705,0.5602,0,0,0,0
CLM_80266,W_427b5c492ddd6098,ZONE_DEL_01,2026-07-20,41.28,1,76,1,1002.96,1432.8,0.265,0.2667,1,0,0,1
CLM_80267,W_427b5c492ddd6098,ZONE_DEL_01,2026-08-03,3.32,1,84,1,2329.03,3327.19,0.616,0.4771,0,0,0,0
CLM_80268,W_427b5c492ddd6098,ZONE_DEL_01,2026-08-17,0.05,1,17,3,433.56,619.37,0.15,0.2655,0,0,0,0
CLM_80269,W_704ed00ce5f65bc7,ZONE_HYD_01,2026-07-13,0.36,1,118,3,502.66,718.09,0.15,0.26,0,0,0,0
CLM_80270,W_704ed00ce5f65bc7,ZONE_HYD_01,2026-07-27,1.78,1,65,2,1746.07,2494.38,0.473,0.2614,0,0,0,0
CLM_80271,W_704ed00ce5f65bc7,ZONE_HYD_01,2026-08-17,1.19,1,8,4,777.32,1110.46,0.21,0.2359,0,0,0,0
CLM_80272,W_704ed00ce5f65bc7,ZONE_HYD_01,2026-09-07,1.38,1,39,2,699.61,999.44,0.15,0.2599,0,0,0,0
CLM_80273,W_36ef6d1e1def4cde,ZONE_MAA_01,2026-07-06,0.65,1,92,3,628.74,898.2,0.15,0.2267,0,0,0,0
CLM_80274,W_36ef6d1e1def4cde,ZONE_MAA_01,2026-09-14,0.87,1,16,4,425.42,607.75,0.15,0.2595,0,0,0,0
CLM_80275,W_d7d3177e85e4dccd,ZONE_HYD_01,2026-07-13,0.37,1,26,2,691.96,988.51,0.15,0.26,0,0,0,0
CLM_80276,W_d7d3177e85e4dccd,ZONE_HYD_01,2026-07-27,0.87,1,110,2,644.98,921.4,0.187,0.2614,0,0,0,0
CLM_80277,W_d7d3177e85e4dccd,ZONE_HYD_01,2026-08-17,0.36,1,113,1,937.46,1339.23,0.21,0.2359,0,0,0,0
CLM_80278,W_d7d3177e85e4dccd,ZONE_HYD_01,2026-09-07,0.96,1,118,2,619.77,885.39,0.15,0.2599,0,0,0,0
CLM_80279,W_83dfd05e11e962e8,ZONE_MAA_01,2026-07-06,1.89,1,51,1,706.62,1009.45,0.15,0.2267,0,0,0,0
CLM_80280,W_83dfd05e11e962e8,ZONE_MAA_01,2026-09-14,1.88,1,130,3,714.52,1020.74,0.15,0.2595,0,0,0,0
CLM_80281,W_fffc6daf42faa934,ZONE_MAA_01,2026-07-06,0.48,1,14,3,539.73,771.04,0.15,0.2267,0,0,0,0
CLM_80282,W_fffc6daf42faa934,ZONE_MAA_01,2026-09-14,0.32,1,8,3,474.68,678.12,0.15,0.2595,0,0,0,0
CLM_80283,W_048e554423539f57,ZONE_BOM_01,2026-06-29,2.26,1,133,2,4040.74,5772.48,0.85,1.0,0,0,0,0
CLM_80284,W_048e554423539f57,ZONE_BOM_01,2026-07-06,1.56,1,32,1,3697.83,5282.61,0.762,0.8044,0,0,0,0
CLM_80285,W_048e554423539f57,ZONE_BOM_01,2026-07-13,2.98,1,10,1,1824.37,2606.25,0.362,0.4088,0,0,0,0
CLM_80286,W_048e554423539f57,ZONE_BOM_01,2026-07-20,1.82,1,23,4,4075.83,5822.62,0.85,1.0,0,0,0,0
CLM_80287,W_048e554423539f57,ZONE_BOM_01,2026-07-27,1.5,1,64,1,2368.63,3383.76,0.488,0.3856,0,0,0,0
CLM_80288,W_048e554423539f57,ZONE_BOM_01,2026-08-03,3.72,1,32,2,1839.87,2628.38,0.38,0.277,0,0,0,0
CLM_80289,W_048e554423539f57,ZONE_BOM_01,2026-08-10,1.58,1,22,4,1047.66,1496.66,0.243,0.3243,0,0,0,0
CLM_80290,W_048e554423539f57,ZONE_BOM_01,2026-08-17,1.84,1,14,2,2707.52,3867.89,0.565,0.3303,0,0,0,0
CLM_80291,W_a2433eb122c14254,ZONE_BOM_01,2026-06-29,0.73,1,107,1,2797.47,3996.39,0.85,1.0,0,0,0,0
CLM_80292,W_a2433eb122c14254,ZONE_BOM_01,2026-07-06,3.15,1,14,1,2791.66,3988.09,0.85,0.8044,0,0,0,0
CLM_80293,W_a2433eb122c14254,ZONE_BOM_01,2026-07-13,0.34,1,188,1,1226.53,1752.18,0.365,0.4088,0,0,0,0
CLM_80294,W_a2433eb122c14254,ZONE_BOM_01,2026-07-20,1.88,1,61,3,2765.99,3951.42,0.85,1.0,0,0,0,0
CLM_80295,W_a2433eb122c14254,ZONE_BOM_01,2026-07-27,0.8,1,52,2,2068.16,2954.52,0.646,0.3856,0,0,0,0
CLM_80296,W_a2433eb122c14254,ZONE_BOM_01,2026-08-03,1.6,1,5,1,1355.22,1936.03,0.423,0.277,0,0,0,0
CLM_80297,W_a2433eb122c14254,ZONE_BOM_01,2026-08-10,1.21,1,56,2,1321.82,1888.32,0.375,0.3243,0,0,0,0
CLM_80298,W_a2433eb122c14254,ZONE_BOM_01,2026-08-17,0.77,1,48,2,1800.8,2572.57,0.552,0.3303,0,0,0,0
CLM_80299,W_0b08262ea0d9ba65,ZONE_BOM_01,2026-06-29,0.06,1,45,2,3030.83,4329.76,0.85,1.0,0,0,0,0
CLM_80300,W_0b08262ea0d9ba65,ZONE_BOM_01,2026-07-06,0.12,1,101,1,2767.95,3954.21,0.782,0.8044,0,0,0,0
CLM_80301,W_0b08262ea0d9ba65,ZONE_BOM_01,2026-07-13,2.31,1,100,3,1375.5,1965.0,0.37,0.4088,0,0,0,0
CLM_80302,W_0b08262ea0d9ba65,ZONE_BOM_01,2026-07-20,2.13,1,74,3,3015.48,4307.83,0.85,1.0,0,0,0,0
CLM_80303,W_0b08262ea0d9ba65,ZONE_BOM_01,2026-07-27,0.28,1,59,3,2201.44,3144.91,0.611,0.3856,0,0,0,0
CLM_80304,W_0b08262ea0d9ba65,ZONE_BOM_01,2026-08-03,0.56,1,83,2,1746.46,2494.94,0.484,0.277,0,0,0,0
CLM_80305,W_0b08262ea0d9ba65,ZONE_BOM_01,2026-08-10,0.5,1,58,3,966.46,1380.66,0.232,0.3243,0,0,0,0
CLM_80306,W_0b08262ea0d9ba65,ZONE_BOM_01,2026-08-17,4.04,1,2270,2,2175.63,3108.04,0.593,0.3303,0,0,1,1
CLM_80307,W_a7088775dee01a79,ZONE_DEL_01,2026-06-29,0.75,1,133,2,472.97,675.67,0.155,0.1633,0,0,0,0
CLM_80308,W_a7088775dee01a79,ZONE_DEL_01,2026-07-06,0.67,1,30,1,3154.59,4506.55,0.85,0.5602,0,0,0,0
CLM_80309,W_a7088775dee01a79,ZONE_DEL_01,2026-07-20,1.05,1,128,2,1093.17,1561.67,0.285,0.2667,0,0,0,0
CLM_80310,W_a7088775dee01a79,ZONE_DEL_01,2026-08-03,36.8,1,52,3,2936.41,4194.87,0.786,0.4771,1,0,0,1
CLM_80311,W_a7088775dee01a79,ZONE_DEL_01,2026-08-17,0.62,1,47,2,483.1,690.15,0.15,0.2655,0,0,0,0
CLM_80312,W_b5465b8ea3e6c59b,ZONE_BOM_01,2026-06-29,0.71,1,14,1,3471.66,4959.51,0.85,1.0,0,0,0,0
CLM_80313,W_b5465b8ea3e6c59b,ZONE_BOM_01,2026-07-06,1.42,1,69,1,3017.32,4310.46,0.744,0.8044,0,0,0,0
CLM_80314,W_b5465b8ea3e6c59b,ZONE_BOM_01,2026-07-13,1.43,1,11,4,1514.46,2163.52,0.341,0.4088,0,0,0,0
CLM_80315,W_b5465b8ea3e6c59b,ZONE_BOM_01,2026-07-20,0.77,1,1321,1,3430.89,4901.27,0.85,1.0,0,0,1,1
CLM_80316,W_b5465b8ea3e6c59b,ZONE_BOM_01,2026-07-27,0.15,1,13,2,1454.4,2077.72,0.382,0.3856,0,0,0,0
CLM_80317,W_b5465b8ea3e6c59b,ZONE_BOM_01,2026-08-03,0.66,1,22,3,1177.76,1682.51,0.318,0.277,0,0,0,0
CLM_80318,W_b5465b8ea3e6c59b,ZONE_BOM_01,2026-08-10,0.47,1,2127,3,1146.49,1637.84,0.296,0.3243,0,0,1,1
CLM_80319,W_b5465b8ea3e6c59b,ZONE_BOM_01,2026-08-17,0.56,1,56,2,1879.6,2685.14,0.472,0.3303,0,0,0,0
CLM_80320,W_14b3cf65a0556b53,ZONE_BLR_01,2026-06-29,2.02,1,20,2,351.39,501.98,0.15,0.244,0,0,0,0
CLM_80321,W_14b3cf65a0556b53,ZONE_BLR_01,2026-07-20,2.36,1,874,2,278.32,397.6,0.15,0.2806,0,0,1,1
CLM_80322,W_14b3cf65a0556b53,ZONE_BLR_01,2026-08-03,0.93,1,25,3,382.26,546.08,0.205,0.2789,0,0,0,0
CLM_80323,W_14b3cf65a0556b53,ZONE_BLR_01,2026-08-17,0.58,1,44,2,251.48,359.26,0.15,0.2639,0,0,0,0
CLM_80324,W_fa42c58b8e9f42f3,ZONE_HYD_01,2026-07-13,41.74,1,104,2,246.83,352.62,0.15,0.26,1,0,0,1
CLM_80325,W_fa42c58b8e9f42f3,ZONE_HYD_01,2026-07-27,0.63,1,6,2,386.97,552.81,0.203,0.2614,0,0,0,0
CLM_80326,W_fa42c58b8e9f42f3,ZONE_HYD_01,2026-08-17,1.89,1,26,3,367.3,524.72,0.21,0.2359,0,0,0,0
CLM_80327,W_fa42c58b8e9f42f3,ZONE_HYD_01,2026-09-07,0.61,1,17,3,267.62,382.32,0.15,0.2599,0,0,0,0
CLM_80328,W_01624169e6774b8c,ZONE_MAA_01,2026-07-06,0.48,1,15,2,405.79,579.7,0.15,0.2267,0,0,0,1
CLM_80329,W_01624169e6774b8c,ZONE_MAA_01,2026-09-14,2.78,1,18,2,359.33,513.33,0.15,0.2595,0,0,0,0
CLM_80330,W_25440c2551afb2ba,ZONE_DEL_01,2026-06-29,1.19,1,17,2,576.63,823.76,0.155,0.1633,0,0,0,0
CLM_80331,W_25440c2551afb2ba,ZONE_DEL_01,2026-07-06,0.84,1,13,1,2789.24,3984.63,0.85,0.5602,0,0,0,0
CLM_80332,W_25440c2551afb2ba,ZONE_DEL_01,2026-07-20,2.33,1,66,2,1159.78,1656.83,0.328,0.2667,0,0,0,0
CLM_80333,W_25440c2551afb2ba,ZONE_DEL_01,2026-08-03,4.76,1,155,3,2804.84,4006.92,0.85,0.4771,0,0,0,0
CLM_80334,W_25440c2551afb2ba,ZONE_DEL_01,2026-08-17,1.66,1,156,2,467.19,667.42,0.15,0.2655,0,0,0,0
CLM_80335,W_a67e67df3e474a61,ZONE_HYD_01,2026-07-13,0.49,1,47,2,208.84,298.35,0.15,0.26,0,0,0,0
CLM_80336,W_a67e67df3e474a61,ZONE_HYD_01,2026-07-27,2.17,1,75,5,421.57,602.25,0.25,0.2614,0,0,0,0
CLM_80337,W_a67e67df3e474a61,ZONE_HYD_01,2026-08-17,2.48,1,1646,1,372.57,532.25,0.21,0.2359,0,0,1,1
CLM_80338,W_a67e67df3e474a61,ZONE_HYD_01,2026-09-07,2.58,1,40,3,298.78,426.83,0.15,0.2599,0,0,0,0
CLM_80339,W_74c5dc4729a717f3,ZONE_BLR_01,2026-06-29,0.24,1,6,1,206.96,295.66,0.15,0.244,0,0,0,0
CLM_80340,W_74c5dc4729a717f3,ZONE_BLR_01,2026-07-20,22.71,1,76,3,276.05,394.36,0.15,0.2806,1,0,0,1
CLM_80341,W_74c5dc4729a717f3,ZONE_BLR_01,2026-08-03,0.63,1,2207,1,482.19,688.85,0.247,0.2789,0,0,1,1
CLM_80342,W_74c5dc4729a717f3,ZONE_BLR_01,2026-08-17,0.89,1,18,2,214.94,307.05,0.15,0.2639,0,0,0,1
CLM_80343,W_4122300498fcabb0,ZONE_BLR_01,2026-06-29,0.84,1,8,2,413.55,590.78,0.15,0.244,0,0,0,0
CLM_80344,W_4122300498fcabb0,ZONE_BLR_01,2026-07-20,1.05,1,68,4,530.82,758.31,0.15,0.2806,0,0,0,0
CLM_80345,W_4122300498fcabb0,ZONE_BLR_01,2026-08-03,2.42,1,20,1,503.4,719.14,0.179,0.2789,0,0,0,0
CLM_80346,W_4122300498fcabb0,ZONE_BLR_01,2026-08-17,0.29,1,40,1,454.08,648.68,0.15,0.2639,0,0,0,0
CLM_80347,W_4caaa9b9adefcce3,ZONE_DEL_01,2026-06-29,0.17,1,288,4,656.77,938.24,0.155,0.1633,0,0,0,0
CLM_80348,W_4caaa9b9adefcce3,ZONE_DEL_01,2026-07-06,0.55,1,5,2,2812.02,4017.17,0.754,0.5602,0,0,0,0
CLM_80349,W_4caaa9b9adefcce3,ZONE_DEL_01,2026-07-20,1.77,1,66,3,709.54,1013.63,0.181,0.2667,0,0,0,0
CLM_80350,W_4caaa9b9adefcce3,ZONE_DEL_01,2026-08-03,0.75,1,12,3,2347.07,3352.96,0.615,0.4771,0,0,0,0
CLM_80351,W_4caaa9b9adefcce3,ZONE_DEL_01,2026-08-17,1.66,1,103,4,595.68,850.97,0.15,0.2655,0,0,0,0
CLM_80352,W_288eecdb59811787,ZONE_MAA_01,2026-07-06,2.08,1,30,3,355.28,507.55,0.15,0.2267,0,0,0,0
CLM_80353,W_288eecdb59811787,ZONE_MAA_01,2026-09-14,2.39,1,203,2,295.04,421.48,0.15,0.2595,0,0,0,0
CLM_80354,W_30c19def9adcb74f,ZONE_BLR_01,2026-06-29,0.71,1,83,5,832.87,1189.82,0.15,0.244,0,0,0,0
CLM_80355,W_30c19def9adcb74f,ZONE_BLR_01,2026-07-20,0.09,1,56,2,502.45,717.79,0.15,0.2806,0,0,0,0
CLM_80356,W_30c19def9adcb74f,ZONE_BLR_01,2026-08-03,0.63,1,19,5,751.76,1073.95,0.182,0.2789,0,0,0,0
CLM_80357,W_30c19def9adcb74f,ZONE_BLR_01,2026-08-17,1.68,1,171,2,477.24,681.77,0.15,0.2639,0,0,0,0
CLM_80358,W_2ab23fbe3087d5c4,ZONE_BOM_01,2026-06-29,1.71,1,45,2,1455.37,2079.1,0.85,1.0,0,0,0,0
CLM_80359,W_2ab23fbe3087d5c4,ZONE_BOM_01,2026-07-06,0.35,1,182,3,1128.53,1612.18,0.664,0.8044,0,0,0,0
CLM_80360,W_2ab23fbe3087d5c4,ZONE_BOM_01,2026-07-13,1.27,1,11,2,701.35,1001.93,0.411,0.4088,0,0,0,0
CLM_80361,W_2ab23fbe3087d5c4,ZONE_BOM_01,2026-07-20,0.32,1,41,1,1463.46,2090.66,0.85,1.0,0,0,0,0
CLM_80362,W_2ab23fbe3087d5c4,ZONE_BOM_01,2026-07-27,2.06,1,92,1,901.9,1288.43,0.545,0.3856,0,0,0,0
CLM_80363,W_2ab23fbe3087d5c4,ZONE_BOM_01,2026-08-03,1.19,1,46,2,617.67,882.38,0.383,0.277,0,0,0,0
CLM_80364,W_2ab23fbe3087d5c4,ZONE_BOM_01,2026-08-10,0.73,1,65,1,323.74,462.49,0.154,0.3243,0,0,0,0
CLM_80365,W_2ab23fbe3087d5c4,ZONE_BOM_01,2026-08-17,2.8,1,2611,2,985.89,1408.42,0.585,0.3303,0,0,1,1
CLM_80366,W_debaf724a7b4b70e,ZONE_BOM_01,2026-06-29,2.11,1,64,4,3389.61,4842.3,0.85,1.0,0,0,0,0
CLM_80367,W_debaf724a7b4b70e,ZONE_BOM_01,2026-07-06,1.78,1,58,3,2855.55,4079.36,0.718,0.8044,0,0,0,0
CLM_80368,W_debaf724a7b4b70e,ZONE_BOM_01,2026-07-13,1.14,1,22,1,1530.91,2187.02,0.372,0.4088,0,0,0,0
CLM_80369,W_debaf724a7b4b70e,ZONE_BOM_01,2026-07-20,1.81,1,21,2,3378.03,4825.76,0.85,1.0,0,0,0,0
CLM_80370,W_debaf724a7b4b70e,ZONE_BOM_01,2026-07-27,0.23,1,20,1,2029.56,2899.37,0.523,0.3856,0,0,0,0
CLM_80371,W_debaf724a7b4b70e,ZONE_BOM_01,2026-08-03,43.67,1,52,2,1557.09,2224.42,0.369,0.277,1,0,0,1
CLM_80372,W_debaf724a7b4b70e,ZONE_BOM_01,2026-08-10,37.08,1,148,3,777.38,1110.54,0.191,0.3243,1,0,0,1
CLM_80373,W_debaf724a7b4b70e,ZONE_BOM_01,2026-08-17,1.43,1,123,3,2301.22,3287.46,0.564,0.3303,0,0,0,0
CLM_80374,W_f3201ecf78f39792,ZONE_DEL_01,2026-06-29,0.26,1,67,2,460.02,657.17,0.155,0.1633,0,0,0,0
CLM_80375,W_f3201ecf78f39792,ZONE_DEL_01,2026-07-06,3.48,1,104,2,3003.76,4291.09,0.85,0.5602,0,0,0,0
CLM_80376,W_f3201ecf78f39792,ZONE_DEL_01,2026-07-20,0.36,1,88,2,1256.23,1794.62,0.326,0.2667,0,0,0,0
CLM_80377,W_f3201ecf78f39792,ZONE_DEL_01,2026-08-03,3.12,1,30,1,1992.73,2846.76,0.582,0.4771,0,0,0,0
CLM_80378,W_f3201ecf78f39792,ZONE_DEL_01,2026-08-17,0.25,1,15,2,592.23,846.05,0.15,0.2655,0,0,0,0
CLM_80379,W_df7d87fe5dbc220a,ZONE_DEL_01,2026-06-29,1.61,1,97,1,285.44,407.77,0.155,0.1633,0,0,0,0
CLM_80380,W_df7d87fe5dbc220a,ZONE_DEL_01,2026-07-06,4.99,1,45,1,1125.54,1607.91,0.737,0.5602,0,0,0,0
CLM_80381,W_df7d87fe5dbc220a,ZONE_DEL_01,2026-07-20,0.55,1,169,1,301.31,430.45,0.176,0.2667,0,0,0,0
CLM_80382,W_df7d87fe5dbc220a,ZONE_DEL_01,2026-08-03,0.01,1,23,2,800.75,1143.93,0.534,0.4771,0,0,0,0
CLM_80383,W_df7d87fe5dbc220a,ZONE_DEL_01,2026-08-17,0.7,1,60,3,166.64,238.06,0.15,0.2655,0,0,0,0
CLM_80384,W_a5b732a3ca5b34b8,ZONE_BLR_01,2026-06-29,1.63,1,139,2,438.19,625.99,0.15,0.244,0,0,0,0
CLM_80385,W_a5b732a3ca5b34b8,ZONE_BLR_01,2026-07-20,0.99,1,28,3,688.66,983.8,0.15,0.2806,0,0,0,0
CLM_80386,W_a5b732a3ca5b34b8,ZONE_BLR_01,2026-08-03,0.44,1,59,2,994.35,1420.5,0.248,0.2789,0,0,0,0
CLM_80387,W_a5b732a3ca5b34b8,ZONE_BLR_01,2026-08-17,0.65,1,8,2,714.04,1020.06,0.15,0.2639,0,0,0,0
CLM_80388,W_f498084b6dd51eef,ZONE_DEL_01,2026-06-29,1.81,1,5,2,674.46,963.52,0.155,0.1633,0,0,0,0
CLM_80389,W_f498084b6dd51eef,ZONE_DEL_01,2026-07-06,1.79,1,86,1,2600.28,3714.68,0.712,0.5602,0,0,0,0
CLM_80390,W_f498084b6dd51eef,ZONE_DEL_01,2026-07-20,0.25,1,44,4,885.88,1265.55,0.279,0.2667,0,0,0,0
CLM_80391,W_f498084b6dd51eef,ZONE_DEL_01,2026-08-03,28.25,1,122,2,2272.57,3246.53,0.628,0.4771,1,0,0,1
CLM_80392,W_f498084b6dd51eef,ZONE_DEL_01,2026-08-17,1.1,1,37,2,565.57,807.96,0.15,0.2655,0,0,0,0
CLM_80393,W_0da839274534be02,ZONE_BOM_01,2026-06-29,1.73,1,52,2,2079.48,2970.69,0.85,1.0,0,0,0,0
CLM_80394,W_0da839274534be02,ZONE_BOM_01,2026-07-06,0.09,1,32,1,1928.46,2754.95,0.799,0.8044,0,0,0,0
CLM_80395,W_0da839274534be02,ZONE_BOM_01,2026-07-13,0.24,1,100,2,878.42,1254.89,0.379,0.4088,0,0,0,0
CLM_80396,W_0da839274534be02,ZONE_BOM_01,2026-07-20,0.5,1,13,4,2077.47,2967.82,0.85,1.0,0,0,0,0
CLM_80397,W_0da839274534be02,ZONE_BOM_01,2026-07-27,1.17,1,86,2,1258.44,1797.77,0.491,0.3856,0,0,0,0
CLM_80398,W_0da839274534be02,ZONE_BOM_01,2026-08-03,0.41,1,31,3,925.93,1322.76,0.376,0.277,0,0,0,0
CLM_80399,W_0da839274534be02,ZONE_BOM_01,2026-08-10,0.05,1,10,1,1020.23,1457.47,0.43,0.3243,0,0,0,0
CLM_80400,W_0da839274534be02,ZONE_BOM_01,2026-08-17,1.23,1,28,1,1417.63,2025.18,0.587,0.3303,0,0,0,0
CLM_80401,W_5155baf7916a96d6,ZONE_HYD_01,2026-07-13,1.78,1,109,3,462.99,661.42,0.15,0.26,0,0,0,0
CLM_80402,W_5155baf7916a96d6,ZONE_HYD_01,2026-07-27,1.85,1,66,1,1027.25,1467.5,0.237,0.2614,0,0,0,0
CLM_80403,W_5155baf7916a96d6,ZONE_HYD_01,2026-08-17,1.01,1,84,1,1056.06,1508.66,0.21,0.2359,0,0,0,0
CLM_80404,W_5155baf7916a96d6,ZONE_HYD_01,2026-09-07,0.21,1,13,1,558.49,797.84,0.15,0.2599,0,0,0,0
CLM_80405,W_6c840b2074eb7f1e,ZONE_BLR_01,2026-06-29,1.22,1,1162,3,511.42,730.6,0.15,0.244,0,0,1,1
CLM_80406,W_6c840b2074eb7f1e,ZONE_BLR_01,2026-07-20,4.28,1,15,2,488.75,698.22,0.15,0.2806,0,0,0,0
CLM_80407,W_6c840b2074eb7f1e,ZONE_BLR_01,2026-08-03,3.15,1,24,1,975.31,1393.3,0.302,0.2789,0,0,0,0
CLM_80408,W_6c840b2074eb7f1e,ZONE_BLR_01,2026-08-17,2.52,1,110,2,418.03,597.19,0.15,0.2639,0,0,0,0
CLM_80409,W_8ca9d997fc2e6f36,ZONE_BOM_01,2026-06-29,43.75,1,31,1,3470.07,4957.24,0.85,1.0,1,0,0,1
CLM_80410,W_8ca9d997fc2e6f36,ZONE_BOM_01,2026-07-06,2.57,1,24,3,3031.64,4330.92,0.728,0.8044,0,0,0,0
CLM_80411,W_8ca9d997fc2e6f36,ZONE_BOM_01,2026-07-13,0.99,1,93,1,1245.61,1779.44,0.314,0.4088,0,0,0,0
CLM_80412,W_8ca9d997fc2e6f36,ZONE_BOM_01,2026-07-20,38.37,1,37,2,3477.67,4968.1,0.85,1.0,1,0,0,1
CLM_80413,W_8ca9d997fc2e6f36,ZONE_BOM_01,2026-07-27,0.81,1,48,3,1864.58,2663.68,0.469,0.3856,0,0,0,0
CLM_80414,W_8ca9d997fc2e6f36,ZONE_BOM_01,2026-08-03,28.67,1,47,2,1204.96,1721.37,0.321,0.277,1,0,0,1
CLM_80415,W_8ca9d997fc2e6f36,ZONE_BOM_01,2026-08-10,1.24,1,8,2,1343.62,1919.46,0.326,0.3243,0,0,0,0
CLM_80416,W_8ca9d997fc2e6f36,ZONE_BOM_01,2026-08-17,0.96,1,22,2,2302.45,3289.21,0.578,0.3303,0,0,0,0
CLM_80417,W_774a75f4dd081a7b,ZONE_BLR_01,2026-06-29,0.3,1,34,2,597.33,853.33,0.15,0.244,0,0,0,0
CLM_80418,W_774a75f4dd081a7b,ZONE_BLR_01,2026-07-20,0.3,1,36,1,416.58,595.11,0.15,0.2806,0,0,0,0
CLM_80419,W_774a75f4dd081a7b,ZONE_BLR_01,2026-08-03,0.81,1,20,2,1286.81,1838.3,0.333,0.2789,0,0,0,0
CLM_80420,W_774a75f4dd081a7b,ZONE_BLR_01,2026-08-17,1.18,1,14,4,515.62,736.6,0.15,0.2639,0,0,0,0
CLM_80421,W_93ca4ee16cc4ed93,ZONE_HYD_01,2026-07-13,1.74,1,116,2,461.04,658.63,0.15,0.26,0,0,0,0
CLM_80422,W_93ca4ee16cc4ed93,ZONE_HYD_01,2026-07-27,0.5,1,66,2,1287.5,1839.29,0.351,0.2614,0,0,0,0
CLM_80423,W_93ca4ee16cc4ed93,ZONE_HYD_01,2026-08-17,1.74,1,34,3,840.63,1200.9,0.21,0.2359,0,0,0,0
CLM_80424,W_93ca4ee16cc4ed93,ZONE_HYD_01,2026-09-07,0.12,1,42,5,674.77,963.96,0.15,0.2599,0,0,0,0
CLM_80425,W_440cfcfb6438fefd,ZONE_BOM_01,2026-06-29,1.09,1,154,2,2902.11,4145.87,0.85,1.0,0,0,0,0
CLM_80426,W_440cfcfb6438fefd,ZONE_BOM_01,2026-07-06,5.54,1,47,4,2535.76,3622.52,0.741,0.8044,0,0,0,0
CLM_80427,W_440cfcfb6438fefd,ZONE_BOM_01,2026-07-13,0.79,1,20,1,1470.66,2100.94,0.424,0.4088,0,0,0,0
CLM_80428,W_440cfcfb6438fefd,ZONE_BOM_01,2026-07-20,1.91,1,101,4,2916.16,4165.94,0.85,1.0,0,0,0,0
CLM_80429,W_440cfcfb6438fefd,ZONE_BOM_01,2026-07-27,1.48,1,68,3,1582.6,2260.86,0.438,0.3856,0,0,0,0
CLM_80430,W_440cfcfb6438fefd,ZONE_BOM_01,2026-08-03,0.55,1,15,1,1192.8,1704.0,0.327,0.277,0,0,0,1
CLM_80431,W_440cfcfb6438fefd,ZONE_BOM_01,2026-08-10,1.51,1,40,2,648.18,925.97,0.196,0.3243,0,0,0,0
CLM_80432,W_440cfcfb6438fefd,ZONE_BOM_01,2026-08-17,1.38,1,15,2,1735.38,2479.12,0.507,0.3303,0,0,0,0
CLM_80433,W_17578dcbfaff6983,ZONE_BOM_01,2026-06-29,0.19,1,50,4,3924.86,5606.95,0.85,1.0,0,0,0,0
CLM_80434,W_17578dcbfaff6983,ZONE_BOM_01,2026-07-06,3.65,1,29,2,3521.79,5031.13,0.75,0.8044,0,0,0,0
CLM_80435,W_17578dcbfaff6983,ZONE_BOM_01,2026-07-13,0.6,1,19,2,1731.5,2473.57,0.349,0.4088,0,0,0,0
CLM_80436,W_17578dcbfaff6983,ZONE_BOM_01,2026-07-20,1.0,1,19,3,3980.95,5687.07,0.85,1.0,0,0,0,0
CLM_80437,W_17578dcbfaff6983,ZONE_BOM_01,2026-07-27,0.51,1,16,1,2454.84,3506.92,0.512,0.3856,0,0,0,0
CLM_80438,W_17578dcbfaff6983,ZONE_BOM_01,2026-08-03,2.96,1,20,4,1582.17,2260.24,0.346,0.277,0,0,0,0
CLM_80439,W_17578dcbfaff6983,ZONE_BOM_01,2026-08-10,1.36,1,53,1,886.42,1266.32,0.167,0.3243,0,0,0,0
CLM_80440,W_17578dcbfaff6983,ZONE_BOM_01,2026-08-17,0.61,1,19,2,2310.15,3300.21,0.504,0.3303,0,0,0,0
CLM_80441,W_ff23389b3dc2235a,ZONE_DEL_01,2026-06-29,0.28,1,6,4,607.48,867.83,0.155,0.1633,0,0,0,0
CLM_80442,W_ff23389b3dc2235a,ZONE_DEL_01,2026-07-06,1.2,1,48,4,2771.78,3959.69,0.799,0.5602,0,0,0,0
CLM_80443,W_ff23389b3dc2235a,ZONE_DEL_01,2026-07-20,1.34,1,1080,3,625.28,893.26,0.193,0.2667,0,0,1,1
CLM_80444,W_ff23389b3dc2235a,ZONE_DEL_01,2026-08-03,0.24,1,49,1,2073.51,2962.16,0.605,0.4771,0,0,0,0
CLM_80445,W_ff23389b3dc2235a,ZONE_DEL_01,2026-08-17,0.56,1,70,4,445.7,636.72,0.15,0.2655,0,0,0,0
CLM_80446,W_9e054c0902affdde,ZONE_BOM_01,2026-06-29,1.13,1,33,1,2997.44,4282.06,0.85,1.0,0,0,0,0
CLM_80447,W_9e054c0902affdde,ZONE_BOM_01,2026-07-06,0.99,1,58,2,2667.11,3810.16,0.739,0.8044,0,0,0,0
CLM_80448,W_9e054c0902affdde,ZONE_BOM_01,2026-07-13,0.13,1,33,1,1573.65,2248.07,0.438,0.4088,0,0,0,0
CLM_80449,W_9e054c0902affdde,ZONE_BOM_01,2026-07-20,1.12,1,52,1,3022.28,4317.54,0.85,1.0,0,0,0,0
CLM_80450,W_9e054c0902affdde,ZONE_BOM_01,2026-07-27,0.59,1,49,2,1698.12,2425.88,0.456,0.3856,0,0,0,0
CLM_80451,W_9e054c0902affdde,ZONE_BOM_01,2026-08-03,0.62,1,99,1,1194.96,1707.09,0.343,0.277,0,0,0,1
CLM_80452,W_9e054c0902affdde,ZONE_BOM_01,2026-08-10,2.52,1,80,3,1080.64,1543.77,0.28,0.3243,0,0,0,0
CLM_80453,W_9e054c0902affdde,ZONE_BOM_01,2026-08-17,2.1,1,126,5,2254.81,3221.16,0.624,0.3303,0,0,0,0
CLM_80454,W_87764060b92ef109,ZONE_BOM_01,2026-06-29,1.51,1,53,2,2662.79,3803.99,0.85,1.0,0,0,0,0
CLM_80455,W_87764060b92ef109,ZONE_BOM_01,2026-07-06,1.3,1,78,2,2655.46,3793.52,0.85,0.8044,0,0,0,0
CLM_80456,W_87764060b92ef109,ZONE_BOM_01,2026-07-13,1.41,1,17,4,1004.65,1435.22,0.353,0.4088,0,0,0,0
CLM_80457,W_87764060b92ef109,ZONE_BOM_01,2026-07-20,1.5,1,58,1,2658.85,3798.36,0.85,1.0,0,0,0,0
CLM_80458,W_87764060b92ef109,ZONE_BOM_01,2026-07-27,44.73,1,41,2,1974.59,2820.84,0.626,0.3856,1,0,0,1
CLM_80459,W_87764060b92ef109,ZONE_BOM_01,2026-08-03,1.36,1,55,2,1336.82,1909.75,0.427,0.277,0,0,0,0
CLM_80460,W_87764060b92ef109,ZONE_BOM_01,2026-08-10,1.3,1,2761,3,1312.08,1874.4,0.396,0.3243,0,0,1,1
CLM_80461,W_87764060b92ef109,ZONE_BOM_01,2026-08-17,1.29,1,42,3,2019.85,2885.5,0.631,0.3303,0,0,0,0
CLM_80462,W_9e7aaf116f1edf69,ZONE_BOM_01,2026-06-29,0.86,1,39,3,3668.55,5240.79,0.85,1.0,0,0,0,0
CLM_80463,W_9e7aaf116f1edf69,ZONE_BOM_01,2026-07-06,1.5,1,90,2,3528.38,5040.54,0.804,0.8044,0,0,0,0
CLM_80464,W_9e7aaf116f1edf69,ZONE_BOM_01,2026-07-13,0.73,1,35,2,1463.4,2090.57,0.33,0.4088,0,0,0,0
CLM_80465,W_9e7aaf116f1edf69,ZONE_BOM_01,2026-07-20,0.45,1,19,1,3680.71,5258.16,0.85,1.0,0,0,0,0
CLM_80466,W_9e7aaf116f1edf69,ZONE_BOM_01,2026-07-27,1.4,1,22,2,2061.81,2945.45,0.467,0.3856,0,0,0,0
CLM_80467,W_9e7aaf116f1edf69,ZONE_BOM_01,2026-08-03,0.54,1,2512,2,1621.95,2317.07,0.346,0.277,0,0,1,1
CLM_80468,W_9e7aaf116f1edf69,ZONE_BOM_01,2026-08-10,0.81,1,798,1,914.88,1306.97,0.175,0.3243,0,0,1,1
CLM_80469,W_9e7aaf116f1edf69,ZONE_BOM_01,2026-08-17,0.32,1,268,3,2073.52,2962.17,0.485,0.3303,0,0,0,0
CLM_80470,W_e039f49e8855a50d,ZONE_HYD_01,2026-07-13,4.19,1,116,6,259.51,370.73,0.15,0.26,0,0,0,0
CLM_80471,W_e039f49e8855a50d,ZONE_HYD_01,2026-07-27,1.76,1,79,3,556.7,795.28,0.249,0.2614,0,0,0,0
CLM_80472,W_e039f49e8855a50d,ZONE_HYD_01,2026-08-17,0.78,1,1352,2,464.94,664.2,0.21,0.2359,0,0,1,1
CLM_80473,W_e039f49e8855a50d,ZONE_HYD_01,2026-09-07,1.34,1,28,1,328.78,469.68,0.15,0.2599,0,0,0,0
CLM_80474,W_c224a11bd32a2686,ZONE_BLR_01,2026-06-29,3.25,1,26,1,628.76,898.23,0.15,0.244,0,0,0,0
CLM_80475,W_c224a11bd32a2686,ZONE_BLR_01,2026-07-20,1.43,1,31,1,542.45,774.93,0.15,0.2806,0,0,0,0
CLM_80476,W_c224a11bd32a2686,ZONE_BLR_01,2026-08-03,0.8,1,18,1,843.14,1204.48,0.197,0.2789,0,0,0,0
CLM_80477,W_c224a11bd32a2686,ZONE_BLR_01,2026-08-17,2.17,1,42,3,620.28,886.12,0.15,0.2639,0,0,0,0
CLM_80478,W_61009cb4f5f0b454,ZONE_DEL_01,2026-06-29,0.53,1,13,1,580.01,828.59,0.155,0.1633,0,0,0,0
CLM_80479,W_61009cb4f5f0b454,ZONE_DEL_01,2026-07-06,1.19,1,39,2,2550.02,3642.88,0.678,0.5602,0,0,0,0
CLM_80480,W_61009cb4f5f0b454,ZONE_DEL_01,2026-07-20,0.86,1,16,2,641.3,916.14,0.205,0.2667,0,0,0,0
CLM_80481,W_61009cb4f5f0b454,ZONE_DEL_01,2026-08-03,3.77,1,16,2,2313.0,3304.29,0.625,0.4771,0,0,0,0
CLM_80482,W_61009cb4f5f0b454,ZONE_DEL_01,2026-08-17,0.49,1,13,1,485.79,693.99,0.15,0.2655,0,0,0,0
CLM_80483,W_156ada9ef3a8f171,ZONE_BOM_01,2026-06-29,2.75,1,44,2,3392.2,4846.0,0.85,1.0,0,0,0,0
CLM_80484,W_156ada9ef3a8f171,ZONE_BOM_01,2026-07-06,2.06,1,10,1,3080.21,4400.3,0.769,0.8044,0,0,0,0
CLM_80485,W_156ada9ef3a8f171,ZONE_BOM_01,2026-07-13,1.87,1,35,2,1796.52,2566.46,0.447,0.4088,0,0,0,0
CLM_80486,W_156ada9ef3a8f171,ZONE_BOM_01,2026-07-20,1.08,1,914,4,3361.85,4802.64,0.85,1.0,0,0,1,1
CLM_80487,W_156ada9ef3a8f171,ZONE_BOM_01,2026-07-27,2.08,1,7,2,1984.16,2834.52,0.479,0.3856,0,0,0,0
CLM_80488,W_156ada9ef3a8f171,ZONE_BOM_01,2026-08-03,2.71,1,37,3,1449.71,2071.02,0.353,0.277,0,0,0,0
CLM_80489,W_156ada9ef3a8f171,ZONE_BOM_01,2026-08-10,1.41,1,49,1,793.16,1133.08,0.228,0.3243,0,0,0,0
CLM_80490,W_156ada9ef3a8f171,ZONE_BOM_01,2026-08-17,1.9,1,64,2,1851.7,2645.29,0.486,0.3303,0,0,0,0
CLM_80491,W_b8449e41f752198a,ZONE_MAA_01,2026-07-06,0.45,1,15,1,582.49,832.13,0.15,0.2267,0,0,0,0
CLM_80492,W_b8449e41f752198a,ZONE_MAA_01,2026-09-14,1.65,1,25,2,439.7,628.15,0.15,0.2595,0,0,0,0
CLM_80493,W_467b1d9222c0c2d0,ZONE_BOM_01,2026-06-29,0.3,1,31,2,2844.81,4064.01,0.85,1.0,0,0,0,0
CLM_80494,W_467b1d9222c0c2d0,ZONE_BOM_01,2026-07-06,1.99,1,117,1,2838.69,4055.27,0.85,0.8044,0,0,0,0
CLM_80495,W_467b1d9222c0c2d0,ZONE_BOM_01,2026-07-13,3.87,1,6,2,1322.9,1889.86,0.375,0.4088,0,0,0,0
CLM_80496,W_467b1d9222c0c2d0,ZONE_BOM_01,2026-07-20,0.25,1,25,3,2864.98,4092.83,0.85,1.0,0,0,0,0
CLM_80497,W_467b1d9222c0c2d0,ZONE_BOM_01,2026-07-27,1.95,1,24,3,1457.17,2081.67,0.46,0.3856,0,0,0,0
CLM_80498,W_467b1d9222c0c2d0,ZONE_BOM_01,2026-08-03,0.56,1,12,2,1584.44,2263.48,0.493,0.277,0,0,0,0
CLM_80499,W_467b1d9222c0c2d0,ZONE_BOM_01,2026-08-10,1.01,1,59,2,1336.19,1908.84,0.394,0.3243,0,0,0,0
CLM_80500,W_467b1d9222c0c2d0,ZONE_BOM_01,2026-08-17,0.86,1,33,1,1815.67,2593.82,0.531,0.3303,0,0,0,0
CLM_80501,W_97586ce0c6f201d7,ZONE_MAA_01,2026-07-06,0.07,1,11,2,517.91,739.87,0.15,0.2267,0,0,0,0
CLM_80502,W_97586ce0c6f201d7,ZONE_MAA_01,2026-09-14,0.77,1,6,2,724.32,1034.75,0.15,0.2595,0,0,0,0
CLM_80503,W_26d612d35978c5cf,ZONE_HYD_01,2026-07-13,0.89,1,8,2,495.21,707.45,0.15,0.26,0,0,0,0
CLM_80504,W_26d612d35978c5cf,ZONE_HYD_01,2026-07-27,1.6,1,16,1,1167.17,1667.38,0.355,0.2614,0,0,0,0
CLM_80505,W_26d612d35978c5cf,ZONE_HYD_01,2026-08-17,1.23,1,5,2,588.69,840.99,0.21,0.2359,0,0,0,0
CLM_80506,W_26d612d35978c5cf,ZONE_HYD_01,2026-09-07,0.82,1,27,1,569.82,814.03,0.15,0.2599,0,0,0,0
CLM_80507,W_bbb8a07d30866190,ZONE_BOM_01,2026-06-29,1.51,1,60,3,3537.37,5053.38,0.85,1.0,0,0,0,0
CLM_80508,W_bbb8a07d30866190,ZONE_BOM_01,2026-07-06,1.69,1,11,1,3520.69,5029.56,0.85,0.8044,0,0,0,0
CLM_80509,W_bbb8a07d30866190,ZONE_BOM_01,2026-07-13,0.67,1,45,3,1981.63,2830.9,0.46,0.4088,0,0,0,0
CLM_80510,W_bbb8a07d30866190,ZONE_BOM_01,2026-07-20,18.26,1,26,1,3549.0,5070.0,0.85,1.0,1,0,0,1
CLM_80511,W_bbb8a07d30866190,ZONE_BOM_01,2026-07-27,0.69,1,34,2,2152.9,3075.57,0.499,0.3856,0,0,0,0
CLM_80512,W_bbb8a07d30866190,ZONE_BOM_01,2026-08-03,3.08,1,58,1,2144.09,3062.99,0.501,0.277,0,0,0,0
CLM_80513,W_bbb8a07d30866190,ZONE_BOM_01,2026-08-10,2.03,1,40,4,1469.14,2098.77,0.324,0.3243,0,0,0,0
CLM_80514,W_bbb8a07d30866190,ZONE_BOM_01,2026-08-17,0.77,1,58,2,2480.47,3543.53,0.596,0.3303,0,0,0,0
CLM_80515,W_c8e24308d7ed987a,ZONE_DEL_01,2026-06-29,1.01,1,61,1,375.85,536.93,0.155,0.1633,0,0,0,0
CLM_80516,W_c8e24308d7ed987a,ZONE_DEL_01,2026-07-06,1.22,1,42,4,2462.85,3518.36,0.85,0.5602,0,0,0,0
CLM_80517,W_c8e24308d7ed987a,ZONE_DEL_01,2026-07-20,38.8,1,55,2,1050.01,1500.01,0.358,0.2667,1,0,0,1
CLM_80518,W_c8e24308d7ed987a,ZONE_DEL_01,2026-08-03,1.4,1,51,3,2465.22,3521.75,0.85,0.4771,0,0,0,0
CLM_80519,W_c8e24308d7ed987a,ZONE_DEL_01,2026-08-17,0.37,1,73,5,464.62,663.74,0.15,0.2655,0,0,0,0
CLM_80520,W_c8e24308d7ed987a,ZONE_DEL_01,2026-08-31,0.94,1,10,2,666.93,952.76,0.262,0.2815,0,0,0,0
CLM_80521,W_c6885404a630931a,ZONE_BLR_01,2026-06-29,3.42,1,97,1,483.73,691.05,0.15,0.244,0,0,0,0
CLM_80522,W_c6885404a630931a,ZONE_BLR_01,2026-07-20,1.69,1,10,3,436.76,623.94,0.15,0.2806,0,0,0,0
CLM_80523,W_c6885404a630931a,ZONE_BLR_01,2026-08-03,2.03,1,17,4,1130.0,1614.29,0.38,0.2789,0,0,0,0
CLM_80524,W_c6885404a630931a,ZONE_BLR_01,2026-08-17,0.46,1,25,2,530.6,758.0,0.15,0.2639,0,0,0,0
CLM_80525,W_324ffa8bbe5e7ad4,ZONE_BOM_01,2026-06-29,2.61,1,139,3,2575.19,3678.84,0.85,1.0,0,0,0,0
CLM_80526,W_324ffa8bbe5e7ad4,ZONE_BOM_01,2026-07-06,0.22,1,47,2,2107.41,3010.59,0.684,0.8044,0,0,0,0
CLM_80527,W_324ffa8bbe5e7ad4,ZONE_BOM_01,2026-07-13,0.77,1,35,2,966.47,1380.67,0.341,0.4088,0,0,0,0
CLM_80528,W_324ffa8bbe5e7ad4,ZONE_BOM_01,2026-07-20,0.32,1,99,1,2600.16,3714.52,0.85,1.0,0,0,0,0
CLM_80529,W_324ffa8bbe5e7ad4,ZONE_BOM_01,2026-07-27,0.64,1,2704,1,1152.89,1646.99,0.396,0.3856,0,0,1,1
CLM_80530,W_324ffa8bbe5e7ad4,ZONE_BOM_01,2026-08-03,0.72,1,39,2,916.62,1309.46,0.296,0.277,0,0,0,0
CLM_80531,W_324ffa8bbe5e7ad4,ZONE_BOM_01,2026-08-10,1.21,1,61,1,482.07,688.67,0.173,0.3243,0,0,0,0
CLM_80532,W_324ffa8bbe5e7ad4,ZONE_BOM_01,2026-08-17,1.14,1,36,3,1638.63,2340.9,0.548,0.3303,0,0,0,0
CLM_80533,W_bf528323a1ddf0c4,ZONE_BLR_01,2026-06-29,0.44,1,59,2,563.66,805.23,0.15,0.244,0,0,0,0
CLM_80534,W_bf528323a1ddf0c4,ZONE_BLR_01,2026-07-20,1.05,1,12,2,728.18,1040.26,0.15,0.2806,0,0,0,0
CLM_80535,W_bf528323a1ddf0c4,ZONE_BLR_01,2026-08-03,1.32,1,64,1,807.4,1153.43,0.237,0.2789,0,0,0,0
CLM_80536,W_bf528323a1ddf0c4,ZONE_BLR_01,2026-08-17,0.84,1,20,3,745.69,1065.27,0.15,0.2639,0,0,0,0
CLM_80537,W_d1e323d965ebbf5b,ZONE_BOM_01,2026-06-29,2.47,1,87,3,1572.56,2246.52,0.85,1.0,0,0,0,0
CLM_80538,W_d1e323d965ebbf5b,ZONE_BOM_01,2026-07-06,0.7,1,68,2,1486.32,2123.32,0.797,0.8044,0,0,0,0
CLM_80539,W_d1e323d965ebbf5b,ZONE_BOM_01,2026-07-13,0.25,1,49,3,822.97,1175.67,0.439,0.4088,0,0,0,0
CLM_80540,W_d1e323d965ebbf5b,ZONE_BOM_01,2026-07-20,0.33,1,223,2,1596.92,2281.31,0.85,1.0,0,0,0,0
CLM_80541,W_d1e323d965ebbf5b,ZONE_BOM_01,2026-07-27,1.99,1,47,1,817.41,1167.73,0.449,0.3856,0,0,0,0
CLM_80542,W_d1e323d965ebbf5b,ZONE_BOM_01,2026-08-03,1.24,1,73,3,721.68,1030.97,0.399,0.277,0,0,0,0
CLM_80543,W_d1e323d965ebbf5b,ZONE_BOM_01,2026-08-10,1.23,1,20,1,404.86,578.37,0.249,0.3243,0,0,0,0
CLM_80544,W_d1e323d965ebbf5b,ZONE_BOM_01,2026-08-17,0.08,1,54,3,973.08,1390.11,0.508,0.3303,0,0,0,0
CLM_80545,W_f1e3f6f876e764f3,ZONE_DEL_01,2026-06-29,1.95,1,19,3,631.98,902.83,0.155,0.1633,0,0,0,0
CLM_80546,W_f1e3f6f876e764f3,ZONE_DEL_01,2026-07-06,1.22,1,18,2,3150.28,4500.4,0.777,0.5602,0,0,0,0
CLM_80547,W_f1e3f6f876e764f3,ZONE_DEL_01,2026-07-20,0.24,1,32,1,775.01,1107.16,0.172,0.2667,0,0,0,0
CLM_80548,W_f1e3f6f876e764f3,ZONE_DEL_01,2026-08-03,0.87,1,6,2,2320.28,3314.68,0.576,0.4771,0,0,0,0
CLM_80549,W_f1e3f6f876e764f3,ZONE_DEL_01,2026-08-17,1.29,1,55,2,779.61,1113.73,0.15,0.2655,0,0,0,0
CLM_80550,W_15d6fc2bd0f99831,ZONE_DEL_01,2026-06-29,0.82,1,66,2,521.09,744.42,0.155,0.1633,0,0,0,0
CLM_80551,W_15d6fc2bd0f99831,ZONE_DEL_01,2026-07-06,1.39,1,74,3,2912.55,4160.78,0.85,0.5602,0,0,0,0
CLM_80552,W_15d6fc2bd0f99831,ZONE_DEL_01,2026-07-20,3.07,1,49,1,1298.39,1854.84,0.35,0.2667,0,0,0,0
CLM_80553,W_15d6fc2bd0f99831,ZONE_DEL_01,2026-08-03,2.7,1,260,3,2361.0,3372.86,0.691,0.4771,0,0,0,0
CLM_80554,W_15d6fc2bd0f99831,ZONE_DEL_01,2026-08-17,0.4,1,7,1,616.51,880.73,0.15,0.2655,0,0,0,0
CLM_80555,W_45309da989e79e0b,ZONE_BLR_01,2026-06-29,0.58,1,1135,2,429.67,613.81,0.15,0.244,0,0,1,1
CLM_80556,W_45309da989e79e0b,ZONE_BLR_01,2026-07-20,0.88,1,20,3,640.34,914.77,0.15,0.2806,0,0,0,0
CLM_80557,W_45309da989e79e0b,ZONE_BLR_01,2026-08-03,0.1,1,22,1,986.01,1408.59,0.265,0.2789,0,0,0,0
CLM_80558,W_45309da989e79e0b,ZONE_BLR_01,2026-08-17,1.37,1,97,2,508.12,725.89,0.15,0.2639,0,0,0,0
CLM_80559,W_6f828cfa696b66e4,ZONE_BOM_01,2026-06-29,0.37,1,23,4,3410.71,4872.45,0.85,1.0,0,0,0,0
CLM_80560,W_6f828cfa696b66e4,ZONE_BOM_01,2026-07-06,1.71,1,15,2,3214.48,4592.11,0.803,0.8044,0,0,0,0
CLM_80561,W_6f828cfa696b66e4,ZONE_BOM_01,2026-07-13,1.11,1,72,1,1313.09,1875.85,0.344,0.4088,0,0,0,0
CLM_80562,W_6f828cfa696b66e4,ZONE_BOM_01,2026-07-20,0.83,1,68,2,3410.83,4872.62,0.85,1.0,0,0,0,0
CLM_80563,W_6f828cfa696b66e4,ZONE_BOM_01,2026-07-27,0.54,1,70,3,2139.28,3056.11,0.545,0.3856,0,0,0,0
CLM_80564,W_6f828cfa696b66e4,ZONE_BOM_01,2026-08-03,0.07,1,28,2,1508.95,2155.65,0.36,0.277,0,0,0,0
CLM_80565,W_6f828cfa696b66e4,ZONE_BOM_01,2026-08-10,2.65,1,52,3,1322.77,1889.67,0.348,0.3243,0,0,0,0
CLM_80566,W_6f828cfa696b66e4,ZONE_BOM_01,2026-08-17,0.91,1,39,3,2272.19,3245.98,0.575,0.3303,0,0,0,0
CLM_80567,W_f0dfeeb5232d5b8a,ZONE_BOM_01,2026-06-29,0.78,1,12,2,1050.09,1500.13,0.85,1.0,0,0,0,0
CLM_80568,W_f0dfeeb5232d5b8a,ZONE_BOM_01,2026-07-06,0.73,1,32,1,1033.95,1477.07,0.832,0.8044,0,0,0,0
CLM_80569,W_f0dfeeb5232d5b8a,ZONE_BOM_01,2026-07-13,0.2,1,32,3,438.38,626.26,0.382,0.4088,0,0,0,0
CLM_80570,W_f0dfeeb5232d5b8a,ZONE_BOM_01,2026-07-20,2.14,1,129,1,1046.53,1495.04,0.85,1.0,0,0,0,0
CLM_80571,W_f0dfeeb5232d5b8a,ZONE_BOM_01,2026-07-27,1.91,1,28,3,474.0,677.14,0.352,0.3856,0,0,0,0
CLM_80572,W_f0dfeeb5232d5b8a,ZONE_BOM_01,2026-08-03,0.22,1,215,3,492.51,703.58,0.368,0.277,0,0,0,0
CLM_80573,W_f0dfeeb5232d5b8a,ZONE_BOM_01,2026-08-10,1.22,1,107,2,252.25,360.36,0.209,0.3243,0,0,0,0
CLM_80574,W_f0dfeeb5232d5b8a,ZONE_BOM_01,2026-08-17,1.66,1,71,4,581.04,830.06,0.465,0.3303,0,0,0,0
CLM_80575,W_ceedd2206c87cd76,ZONE_HYD_01,2026-07-13,1.26,1,34,3,533.07,761.53,0.15,0.26,0,0,0,0
CLM_80576,W_ceedd2206c87cd76,ZONE_HYD_01,2026-07-27,1.35,1,113,2,764.17,1091.67,0.231,0.2614,0,0,0,0
CLM_80577,W_ceedd2206c87cd76,ZONE_HYD_01,2026-08-17,0.8,1,103,2,844.81,1206.87,0.21,0.2359,0,0,0,1
CLM_80578,W_ceedd2206c87cd76,ZONE_HYD_01,2026-09-07,2.07,1,24,4,491.15,701.65,0.15,0.2599,0,0,0,0
CLM_80579,W_6433eaaed98a697a,ZONE_DEL_01,2026-06-29,1.94,1,118,3,699.55,999.36,0.155,0.1633,0,0,0,0
CLM_80580,W_6433eaaed98a697a,ZONE_DEL_01,2026-07-06,0.03,1,25,1,3082.81,4404.01,0.85,0.5602,0,0,0,0
CLM_80581,W_6433eaaed98a697a,ZONE_DEL_01,2026-07-20,0.33,1,40,2,835.32,1193.31,0.206,0.2667,0,0,0,0
CLM_80582,W_6433eaaed98a697a,ZONE_DEL_01,2026-08-03,0.16,1,39,3,2803.86,4005.52,0.779,0.4771,0,0,0,0
CLM_80583,W_6433eaaed98a697a,ZONE_DEL_01,2026-08-17,0.9,1,91,1,469.92,671.31,0.15,0.2655,0,0,0,0
CLM_80584,W_a0660018b5c7bfbb,ZONE_MAA_01,2026-07-06,0.8,1,62,6,332.3,474.72,0.15,0.2267,0,0,0,0
CLM_80585,W_a0660018b5c7bfbb,ZONE_MAA_01,2026-09-14,0.37,1,79,4,440.93,629.9,0.15,0.2595,0,0,0,0
CLM_80586,W_b73755066d8f7bee,ZONE_HYD_01,2026-07-13,1.25,1,21,2,674.88,964.12,0.15,0.26,0,0,0,0
CLM_80587,W_b73755066d8f7bee,ZONE_HYD_01,2026-07-27,0.75,1,53,3,905.21,1293.15,0.209,0.2614,0,0,0,0
CLM_80588,W_b73755066d8f7bee,ZONE_HYD_01,2026-08-17,2.18,1,64,4,936.43,1337.76,0.21,0.2359,0,0,0,0
CLM_80589,W_b73755066d8f7bee,ZONE_HYD_01,2026-09-07,0.45,1,11,1,496.73,709.62,0.15,0.2599,0,0,0,0
CLM_80590,W_c5c1c0b9e16fbae0,ZONE_MAA_01,2026-07-06,0.75,1,1170,2,756.38,1080.54,0.15,0.2267,0,0,1,1
CLM_80591,W_c5c1c0b9e16fbae0,ZONE_MAA_01,2026-09-14,1.35,1,8,2,743.43,1062.05,0.15,0.2595,0,0,0,0
CLM_80592,W_3dc1c5e0c4515940,ZONE_HYD_01,2026-07-13,0.44,1,42,4,432.07,617.25,0.15,0.26,0,0,0,0
CLM_80593,W_3dc1c5e0c4515940,ZONE_HYD_01,2026-07-27,0.41,1,24,1,814.11,1163.02,0.254,0.2614,0,0,0,0
CLM_80594,W_3dc1c5e0c4515940,ZONE_HYD_01,2026-08-17,2.83,1,14,1,597.77,853.96,0.21,0.2359,0,0,0,0
CLM_80595,W_3dc1c5e0c4515940,ZONE_HYD_01,2026-09-07,1.17,1,16,1,531.26,758.94,0.15,0.2599,0,0,0,0
CLM_80596,W_d5e174d6541fdf55,ZONE_HYD_01,2026-07-13,2.03,1,13,3,483.8,691.14,0.15,0.26,0,0,0,0
CLM_80597,W_d5e174d6541fdf55,ZONE_HYD_01,2026-07-27,1.43,1,22,1,1044.04,1491.49,0.269,0.2614,0,0,0,0
CLM_80598,W_d5e174d6541fdf55,ZONE_HYD_01,2026-08-17,0.68,1,31,1,819.08,1170.12,0.21,0.2359,0,0,0,0
CLM_80599,W_d5e174d6541fdf55,ZONE_HYD_01,2026-09-07,1.86,1,9,2,693.57,990.81,0.15,0.2599,0,0,0,0
CLM_80600,W_1f0259ac1eb10568,ZONE_BLR_01,2026-06-29,1.8,1,56,3,685.86,979.8,0.15,0.244,0,0,0,0
CLM_80601,W_1f0259ac1eb10568,ZONE_BLR_01,2026-07-20,1.48,1,8,4,426.97,609.96,0.15,0.2806,0,0,0,1
CLM_80602,W_1f0259ac1eb10568,ZONE_BLR_01,2026-08-03,0.98,1,16,1,1102.21,1574.59,0.258,0.2789,0,0,0,0
CLM_80603,W_1f0259ac1eb10568,ZONE_BLR_01,2026-08-17,0.2,1,62,2,507.27,724.67,0.15,0.2639,0,0,0,0
CLM_80604,W_1ed2975b552c19ef,ZONE_DEL_01,2026-06-29,0.5,1,84,1,376.69,538.13,0.155,0.1633,0,0,0,0
CLM_80605,W_1ed2975b552c19ef,ZONE_DEL_01,2026-07-06,0.99,1,8,2,1515.93,2165.61,0.724,0.5602,0,0,0,0
CLM_80606,W_1ed2975b552c19ef,ZONE_DEL_01,2026-07-20,0.6,1,29,3,555.16,793.08,0.238,0.2667,0,0,0,0
CLM_80607,W_1ed2975b552c19ef,ZONE_DEL_01,2026-08-03,0.61,1,33,1,1450.17,2071.67,0.697,0.4771,0,0,0,0
CLM_80608,W_1ed2975b552c19ef,ZONE_DEL_01,2026-08-17,2.47,1,76,2,357.62,510.89,0.15,0.2655,0,0,0,0
CLM_80609,W_1ed2975b552c19ef,ZONE_DEL_01,2026-08-31,1.7,1,16,1,367.34,524.77,0.15,0.2815,0,0,0,0
CLM_80610,W_fe28cf7be69f9956,ZONE_DEL_01,2026-06-29,3.18,1,369,1,317.58,453.68,0.155,0.1633,0,0,1,0
CLM_80611,W_fe28cf7be69f9956,ZONE_DEL_01,2026-07-06,1.25,1,47,3,1815.51,2593.58,0.773,0.5602,0,0,0,0
CLM_80612,W_fe28cf7be69f9956,ZONE_DEL_01,2026-07-20,0.35,1,71,2,650.94,929.92,0.25,0.2667,0,0,0,0
CLM_80613,W_fe28cf7be69f9956,ZONE_DEL_01,2026-08-03,0.34,1,11,1,1385.83,1979.76,0.587,0.4771,0,0,0,0
CLM_80614,W_fe28cf7be69f9956,ZONE_DEL_01,2026-08-17,0.59,1,68,2,392.19,560.27,0.15,0.2655,0,0,0,0
CLM_80615,W_2ec0dce8b6e387ed,ZONE_DEL_01,2026-06-29,1.03,1,136,1,247.3,353.28,0.155,0.1633,0,0,0,0
CLM_80616,W_2ec0dce8b6e387ed,ZONE_DEL_01,2026-07-06,1.05,1,37,1,1394.92,1992.75,0.85,0.5602,0,0,0,0
CLM_80617,W_2ec0dce8b6e387ed,ZONE_DEL_01,2026-07-20,3.38,1,38,1,734.17,1048.82,0.463,0.2667,0,0,0,0
CLM_80618,W_2ec0dce8b6e387ed,ZONE_DEL_01,2026-08-03,1.0,1,8,1,1399.35,1999.07,0.85,0.4771,0,0,0,0
CLM_80619,W_2ec0dce8b6e387ed,ZONE_DEL_01,2026-08-17,1.83,1,2627,4,280.11,400.16,0.15,0.2655,0,0,1,1
CLM_80620,W_09f55b06fea94393,ZONE_BOM_01,2026-06-29,2.37,1,158,5,2521.95,3602.78,0.85,1.0,0,0,0,0
CLM_80621,W_09f55b06fea94393,ZONE_BOM_01,2026-07-06,0.13,1,9,3,2553.07,3647.25,0.85,0.8044,0,0,0,0
CLM_80622,W_09f55b06fea94393,ZONE_BOM_01,2026-07-13,1.18,1,76,1,1859.42,2656.32,0.622,0.4088,0,0,0,0
CLM_80623,W_09f55b06fea94393,ZONE_BOM_01,2026-07-20,0.58,1,32,3,2531.63,3616.62,0.85,1.0,0,0,0,0
CLM_80624,W_09f55b06fea94393,ZONE_BOM_01,2026-07-27,1.64,1,22,2,1919.99,2742.84,0.637,0.3856,0,0,0,0
CLM_80625,W_09f55b06fea94393,ZONE_BOM_01,2026-08-03,0.7,1,16,3,1327.02,1895.74,0.418,0.277,0,0,0,0
CLM_80626,W_09f55b06fea94393,ZONE_BOM_01,2026-08-10,1.48,1,20,1,2040.53,2915.04,0.676,0.3243,0,0,0,0
CLM_80627,W_09f55b06fea94393,ZONE_BOM_01,2026-08-17,0.74,1,30,3,2322.46,3317.8,0.774,0.3303,0,0,0,0
CLM_80628,W_8f1e62a4025d151f,ZONE_BLR_01,2026-06-29,0.7,1,76,1,315.94,451.35,0.15,0.244,0,0,0,0
CLM_80629,W_8f1e62a4025d151f,ZONE_BLR_01,2026-07-20,0.73,1,12,3,384.63,549.47,0.15,0.2806,0,0,0,0
CLM_80630,W_8f1e62a4025d151f,ZONE_BLR_01,2026-08-03,2.94,1,11,2,767.99,1097.13,0.265,0.2789,0,0,0,0
CLM_80631,W_8f1e62a4025d151f,ZONE_BLR_01,2026-08-17,0.6,1,12,2,424.54,606.49,0.15,0.2639,0,0,0,0
CLM_80632,W_5fd6fc233c629496,ZONE_BLR_01,2026-06-29,0.18,1,82,2,299.4,427.72,0.15,0.244,0,0,0,0
CLM_80633,W_5fd6fc233c629496,ZONE_BLR_01,2026-07-20,1.63,1,2836,5,291.62,416.6,0.15,0.2806,0,0,1,1
CLM_80634,W_5fd6fc233c629496,ZONE_BLR_01,2026-08-03,1.39,1,23,3,434.35,620.5,0.247,0.2789,0,0,0,0
CLM_80635,W_5fd6fc233c629496,ZONE_BLR_01,2026-08-17,4.97,1,2625,2,311.11,444.45,0.15,0.2639,0,0,1,1
CLM_80636,W_7bf86a3e77822877,ZONE_DEL_01,2026-06-29,0.91,1,9,3,194.34,277.63,0.155,0.1633,0,0,0,0
CLM_80637,W_7bf86a3e77822877,ZONE_DEL_01,2026-07-06,0.38,1,11,5,1420.45,2029.21,0.85,0.5602,0,0,0,0
CLM_80638,W_7bf86a3e77822877,ZONE_DEL_01,2026-07-20,1.23,1,6,1,506.0,722.86,0.315,0.2667,0,0,0,0
CLM_80639,W_7bf86a3e77822877,ZONE_DEL_01,2026-08-03,0.62,1,59,1,1140.59,1629.42,0.684,0.4771,0,0,0,0
CLM_80640,W_7bf86a3e77822877,ZONE_DEL_01,2026-08-17,0.4,1,26,2,194.36,277.66,0.15,0.2655,0,0,0,0
CLM_80641,W_35c97ac5ec454310,ZONE_HYD_01,2026-07-13,1.64,1,7,1,499.31,713.3,0.15,0.26,0,0,0,0
CLM_80642,W_35c97ac5ec454310,ZONE_HYD_01,2026-07-27,1.84,1,44,2,645.97,922.82,0.19,0.2614,0,0,0,0
CLM_80643,W_35c97ac5ec454310,ZONE_HYD_01,2026-08-17,1.82,1,46,3,832.76,1189.66,0.21,0.2359,0,0,0,0
CLM_80644,W_35c97ac5ec454310,ZONE_HYD_01,2026-09-07,0.99,1,21,2,674.16,963.09,0.15,0.2599,0,0,0,0
CLM_80645,W_f8858ff3e5051c86,ZONE_MAA_01,2026-07-06,0.54,1,172,3,452.77,646.81,0.15,0.2267,0,0,0,0
CLM_80646,W_f8858ff3e5051c86,ZONE_MAA_01,2026-09-14,19.78,1,66,3,340.6,486.57,0.15,0.2595,1,0,0,1
CLM_80647,W_f32a3843bf2929a5,ZONE_BLR_01,2026-06-29,2.27,1,17,2,481.87,688.38,0.15,0.244,0,0,0,0
CLM_80648,W_f32a3843bf2929a5,ZONE_BLR_01,2026-07-20,0.63,1,72,5,518.79,741.13,0.15,0.2806,0,0,0,0
CLM_80649,W_f32a3843bf2929a5,ZONE_BLR_01,2026-08-03,1.67,1,39,5,741.22,1058.89,0.18,0.2789,0,0,0,0
CLM_80650,W_f32a3843bf2929a5,ZONE_BLR_01,2026-08-17,1.24,1,92,2,659.08,941.55,0.15,0.2639,0,0,0,0
CLM_80651,W_1b7e389b0fbc2a98,ZONE_DEL_01,2026-06-29,0.59,1,215,1,328.57,469.39,0.155,0.1633,0,0,0,0
CLM_80652,W_1b7e389b0fbc2a98,ZONE_DEL_01,2026-07-06,2.13,1,33,3,1765.04,2521.49,0.827,0.5602,0,0,0,0
CLM_80653,W_1b7e389b0fbc2a98,ZONE_DEL_01,2026-07-20,2.31,1,56,3,475.46,679.23,0.199,0.2667,0,0,0,0
CLM_80654,W_1b7e389b0fbc2a98,ZONE_DEL_01,2026-08-03,0.9,1,59,3,1462.39,2089.13,0.683,0.4771,0,0,0,0
CLM_80655,W_1b7e389b0fbc2a98,ZONE_DEL_01,2026-08-17,1.44,1,23,3,405.4,579.15,0.15,0.2655,0,0,0,0
CLM_80656,W_352b016972689a21,ZONE_DEL_01,2026-06-29,0.83,1,89,4,760.44,1086.35,0.155,0.1633,0,0,0,0
CLM_80657,W_352b016972689a21,ZONE_DEL_01,2026-07-06,42.3,1,36,2,3512.15,5017.36,0.85,0.5602,1,0,0,1
CLM_80658,W_352b016972689a21,ZONE_DEL_01,2026-07-20,3.73,1,10,1,1764.04,2520.05,0.424,0.2667,0,0,0,0
CLM_80659,W_352b016972689a21,ZONE_DEL_01,2026-08-03,0.54,1,16,1,3552.44,5074.92,0.85,0.4771,0,0,0,0
CLM_80660,W_352b016972689a21,ZONE_DEL_01,2026-08-17,0.62,1,102,3,454.64,649.49,0.15,0.2655,0,0,0,0
CLM_80661,W_60553a562ab6a7f2,ZONE_DEL_01,2026-06-29,21.34,1,9,2,546.65,780.93,0.155,0.1633,1,0,0,1
CLM_80662,W_60553a562ab6a7f2,ZONE_DEL_01,2026-07-06,2.5,1,127,3,3185.53,4550.76,0.715,0.5602,0,0,0,0
CLM_80663,W_60553a562ab6a7f2,ZONE_DEL_01,2026-07-20,0.88,1,8,1,888.62,1269.46,0.199,0.2667,0,0,0,0
CLM_80664,W_60553a562ab6a7f2,ZONE_DEL_01,2026-08-03,0.36,1,30,2,2939.55,4199.35,0.68,0.4771,0,0,0,0
CLM_80665,W_60553a562ab6a7f2,ZONE_DEL_01,2026-08-17,1.37,1,18,1,725.63,1036.62,0.15,0.2655,0,0,0,1
CLM_80666,W_0b478719825e0080,ZONE_DEL_01,2026-06-29,2.35,1,10,2,305.72,436.75,0.155,0.1633,0,0,0,0
CLM_80667,W_0b478719825e0080,ZONE_DEL_01,2026-07-06,0.03,1,8,2,1304.97,1864.25,0.651,0.5602,0,0,0,0
CLM_80668,W_0b478719825e0080,ZONE_DEL_01,2026-07-20,0.46,1,111,1,236.44,337.77,0.154,0.2667,0,0,0,0
CLM_80669,W_0b478719825e0080,ZONE_DEL_01,2026-08-03,3.85,1,72,5,1323.79,1891.13,0.682,0.4771,0,0,0,0
CLM_80670,W_0b478719825e0080,ZONE_DEL_01,2026-08-17,1.88,1,6,2,214.95,307.07,0.15,0.2655,0,0,0,0
CLM_80671,W_f8c79f3c29285144,ZONE_DEL_01,2026-06-29,0.48,1,66,1,543.09,775.84,0.155,0.1633,0,0,0,0
CLM_80672,W_f8c79f3c29285144,ZONE_DEL_01,2026-07-06,1.04,1,41,2,3509.79,5013.98,0.85,0.5602,0,0,0,0
CLM_80673,W_f8c79f3c29285144,ZONE_DEL_01,2026-07-20,3.41,1,86,2,1513.62,2162.32,0.394,0.2667,0,0,0,0
CLM_80674,W_f8c79f3c29285144,ZONE_DEL_01,2026-08-03,0.22,1,7,3,3462.25,4946.07,0.85,0.4771,0,0,0,0
CLM_80675,W_f8c79f3c29285144,ZONE_DEL_01,2026-08-17,0.33,1,24,3,774.79,1106.84,0.15,0.2655,0,0,0,0
CLM_80676,W_f8c79f3c29285144,ZONE_DEL_01,2026-08-31,1.11,1,17,2,953.2,1361.72,0.247,0.2815,0,0,0,0
CLM_80677,W_15d5e30ace24d9a9,ZONE_MAA_01,2026-07-06,4.6,1,30,1,508.05,725.78,0.15,0.2267,0,0,0,0
CLM_80678,W_15d5e30ace24d9a9,ZONE_MAA_01,2026-09-14,2.9,1,43,1,412.83,589.76,0.15,0.2595,0,0,0,0
CLM_80679,W_a69b3416f454131e,ZONE_BLR_01,2026-06-29,1.01,1,119,3,408.0,582.85,0.15,0.244,0,0,0,0
CLM_80680,W_a69b3416f454131e,ZONE_BLR_01,2026-07-20,31.67,1,112,2,632.38,903.4,0.15,0.2806,1,0,0,1
CLM_80681,W_a69b3416f454131e,ZONE_BLR_01,2026-08-03,1.48,1,12,1,977.32,1396.17,0.227,0.2789,0,0,0,0
CLM_80682,W_a69b3416f454131e,ZONE_BLR_01,2026-08-17,0.25,1,18,4,660.62,943.75,0.15,0.2639,0,0,0,0
CLM_80683,W_f9bfdca1cf2eeca9,ZONE_BLR_01,2026-06-29,2.11,1,16,2,426.4,609.15,0.15,0.244,0,0,0,0
CLM_80684,W_f9bfdca1cf2eeca9,ZONE_BLR_01,2026-07-20,1.77,1,17,3,542.63,775.18,0.15,0.2806,0,0,0,0
CLM_80685,W_f9bfdca1cf2eeca9,ZONE_BLR_01,2026-08-03,4.13,1,38,2,1033.48,1476.4,0.297,0.2789,0,0,0,0
CLM_80686,W_f9bfdca1cf2eeca9,ZONE_BLR_01,2026-08-17,42.25,1,11,2,403.0,575.71,0.15,0.2639,1,0,0,1
CLM_80687,W_bbb7c13213af9802,ZONE_HYD_01,2026-07-13,1.54,1,78,3,410.82,586.88,0.15,0.26,0,0,0,0
CLM_80688,W_bbb7c13213af9802,ZONE_HYD_01,2026-07-27,2.01,1,69,3,813.92,1162.74,0.221,0.2614,0,0,0,0
CLM_80689,W_bbb7c13213af9802,ZONE_HYD_01,2026-08-17,1.37,1,19,2,756.34,1080.49,0.21,0.2359,0,0,0,0
CLM_80690,W_bbb7c13213af9802,ZONE_HYD_01,2026-09-07,0.27,1,65,2,662.9,947.0,0.15,0.2599,0,0,0,0
CLM_80691,W_aba3400fc421af23,ZONE_BLR_01,2026-06-29,1.44,1,5,4,588.37,840.53,0.15,0.244,0,0,0,0
CLM_80692,W_aba3400fc421af23,ZONE_BLR_01,2026-07-20,0.22,1,25,1,455.83,651.18,0.15,0.2806,0,0,0,0
CLM_80693,W_aba3400fc421af23,ZONE_BLR_01,2026-08-03,0.97,1,11,1,902.5,1289.29,0.195,0.2789,0,0,0,0
CLM_80694,W_aba3400fc421af23,ZONE_BLR_01,2026-08-17,0.19,1,163,5,507.39,724.85,0.15,0.2639,0,0,0,0
CLM_80695,W_1c2bd39507a85c2e,ZONE_HYD_01,2026-07-13,1.18,1,6,4,550.29,786.13,0.15,0.26,0,0,0,0
CLM_80696,W_1c2bd39507a85c2e,ZONE_HYD_01,2026-07-27,0.45,1,9,3,1352.92,1932.74,0.438,0.2614,0,0,0,0
CLM_80697,W_1c2bd39507a85c2e,ZONE_HYD_01,2026-08-17,0.95,1,15,4,690.61,986.59,0.21,0.2359,0,0,0,0
CLM_80698,W_1c2bd39507a85c2e,ZONE_HYD_01,2026-09-07,2.37,1,77,1,513.6,733.72,0.15,0.2599,0,0,0,0
CLM_80699,W_267d567a8c3d1814,ZONE_MAA_01,2026-07-06,2.18,1,22,3,699.83,999.76,0.15,0.2267,0,0,0,0
CLM_80700,W_267d567a8c3d1814,ZONE_MAA_01,2026-09-14,0.22,1,29,1,638.72,912.45,0.15,0.2595,0,0,0,0
CLM_80701,W_56ec7eb4eed5b146,ZONE_BLR_01,2026-06-29,2.4,1,22,3,489.99,699.98,0.15,0.244,0,0,0,1
CLM_80702,W_56ec7eb4eed5b146,ZONE_BLR_01,2026-07-20,0.67,1,87,3,577.23,824.62,0.15,0.2806,0,0,0,0
CLM_80703,W_56ec7eb4eed5b146,ZONE_BLR_01,2026-08-03,1.66,1,2690,2,644.7,921.0,0.215,0.2789,0,0,1,1
CLM_80704,W_56ec7eb4eed5b146,ZONE_BLR_01,2026-08-17,0.2,1,51,2,507.42,724.88,0.15,0.2639,0,0,0,0
CLM_80705,W_d0546cf1f9834998,ZONE_DEL_01,2026-06-29,3.55,1,19,2,673.79,962.56,0.155,0.1633,0,0,0,0
CLM_80706,W_d0546cf1f9834998,ZONE_DEL_01,2026-07-06,1.11,1,55,1,3563.69,5090.98,0.754,0.5602,0,0,0,0
CLM_80707,W_d0546cf1f9834998,ZONE_DEL_01,2026-07-20,1.54,1,26,1,1257.19,1795.99,0.297,0.2667,0,0,0,0
CLM_80708,W_d0546cf1f9834998,ZONE_DEL_01,2026-08-03,1.59,1,18,3,3124.3,4463.29,0.682,0.4771,0,0,0,0
CLM_80709,W_d0546cf1f9834998,ZONE_DEL_01,2026-08-17,0.74,1,47,3,608.73,869.62,0.15,0.2655,0,0,0,0
CLM_80710,W_5f0fdf2510d6c035,ZONE_DEL_01,2026-06-29,1.87,1,195,2,321.04,458.63,0.155,0.1633,0,0,0,0
CLM_80711,W_5f0fdf2510d6c035,ZONE_DEL_01,2026-07-06,1.41,1,6,2,1787.97,2554.24,0.761,0.5602,0,0,0,0
CLM_80712,W_5f0fdf2510d6c035,ZONE_DEL_01,2026-07-20,0.9,1,6,3,451.0,644.29,0.186,0.2667,0,0,0,0
CLM_80713,W_5f0fdf2510d6c035,ZONE_DEL_01,2026-08-03,1.17,1,107,2,1491.89,2131.27,0.642,0.4771,0,0,0,0
CLM_80714,W_5f0fdf2510d6c035,ZONE_DEL_01,2026-08-17,0.38,1,35,1,293.12,418.75,0.15,0.2655,0,0,0,0
CLM_80715,W_37286c3d6cd650a5,ZONE_MAA_01,2026-07-06,0.56,1,139,1,482.12,688.75,0.15,0.2267,0,0,0,0
CLM_80716,W_37286c3d6cd650a5,ZONE_MAA_01,2026-09-14,1.12,1,39,5,543.1,775.86,0.15,0.2595,0,0,0,0
CLM_80717,W_3da66f7f999ea8d2,ZONE_MAA_01,2026-07-06,1.42,1,11,1,555.32,793.31,0.15,0.2267,0,0,0,0
CLM_80718,W_3da66f7f999ea8d2,ZONE_MAA_01,2026-09-14,0.78,1,1515,3,468.29,668.99,0.15,0.2595,0,0,1,1
CLM_80719,W_920b7777eddc774b,ZONE_HYD_01,2026-07-13,0.87,1,52,4,175.31,250.44,0.15,0.26,0,0,0,0
CLM_80720,W_920b7777eddc774b,ZONE_HYD_01,2026-07-27,0.04,1,20,2,427.55,610.78,0.242,0.2614,0,0,0,0
CLM_80721,W_920b7777eddc774b,ZONE_HYD_01,2026-08-17,0.17,1,50,1,294.22,420.32,0.21,0.2359,0,0,0,0
CLM_80722,W_920b7777eddc774b,ZONE_HYD_01,2026-09-07,0.91,1,36,2,246.53,352.18,0.15,0.2599,0,0,0,0
CLM_80723,W_c0c9210bc101366b,ZONE_BOM_01,2026-06-29,1.01,1,69,3,1624.14,2320.2,0.85,1.0,0,0,0,0
CLM_80724,W_c0c9210bc101366b,ZONE_BOM_01,2026-07-06,44.61,1,16,2,1455.0,2078.57,0.757,0.8044,1,0,0,1
CLM_80725,W_c0c9210bc101366b,ZONE_BOM_01,2026-07-13,1.27,1,90,2,742.08,1060.11,0.415,0.4088,0,0,0,1
CLM_80726,W_c0c9210bc101366b,ZONE_BOM_01,2026-07-20,0.96,1,20,1,1612.84,2304.05,0.85,1.0,0,0,0,0
CLM_80727,W_c0c9210bc101366b,ZONE_BOM_01,2026-07-27,0.69,1,37,3,935.51,1336.44,0.503,0.3856,0,0,0,0
CLM_80728,W_c0c9210bc101366b,ZONE_BOM_01,2026-08-03,0.26,1,55,2,861.22,1230.32,0.479,0.277,0,0,0,1
CLM_80729,W_c0c9210bc101366b,ZONE_BOM_01,2026-08-10,1.51,1,20,3,755.75,1079.64,0.392,0.3243,0,0,0,0
CLM_80730,W_c0c9210bc101366b,ZONE_BOM_01,2026-08-17,0.12,1,74,2,1012.75,1446.79,0.556,0.3303,0,0,0,0
CLM_80731,W_dc7d78cca46a3b0d,ZONE_HYD_01,2026-07-13,0.51,1,60,3,199.82,285.46,0.15,0.26,0,0,0,0
CLM_80732,W_dc7d78cca46a3b0d,ZONE_HYD_01,2026-07-27,1.02,1,22,6,266.71,381.01,0.236,0.2614,0,0,0,1
CLM_80733,W_dc7d78cca46a3b0d,ZONE_HYD_01,2026-08-17,1.12,1,62,2,313.59,447.98,0.21,0.2359,0,0,0,0
CLM_80734,W_dc7d78cca46a3b0d,ZONE_HYD_01,2026-09-07,1.0,1,18,1,219.27,313.24,0.15,0.2599,0,0,0,0
CLM_80735,W_389fc546f40d7534,ZONE_MAA_01,2026-07-06,2.18,1,29,1,384.82,549.74,0.15,0.2267,0,0,0,0
CLM_80736,W_389fc546f40d7534,ZONE_MAA_01,2026-09-14,1.0,1,11,2,291.49,416.42,0.15,0.2595,0,0,0,0
CLM_80737,W_fa3032d0327a462b,ZONE_BLR_01,2026-06-29,1.8,1,32,4,311.08,444.4,0.15,0.244,0,0,0,0
CLM_80738,W_fa3032d0327a462b,ZONE_BLR_01,2026-07-20,0.97,1,13,1,278.61,398.02,0.15,0.2806,0,0,0,0
CLM_80739,W_fa3032d0327a462b,ZONE_BLR_01,2026-08-03,2.12,1,14,1,534.46,763.51,0.265,0.2789,0,0,0,0
CLM_80740,W_fa3032d0327a462b,ZONE_BLR_01,2026-08-17,0.84,1,43,3,266.41,380.58,0.15,0.2639,0,0,0,0
CLM_80741,W_26d4157836929115,ZONE_BLR_01,2026-06-29,0.66,1,47,2,495.32,707.6,0.15,0.244,0,0,0,0
CLM_80742,W_26d4157836929115,ZONE_BLR_01,2026-07-20,2.43,1,25,1,638.54,912.2,0.15,0.2806,0,0,0,0
CLM_80743,W_26d4157836929115,ZONE_BLR_01,2026-08-03,0.14,1,7,1,877.83,1254.04,0.236,0.2789,0,0,0,0
CLM_80744,W_26d4157836929115,ZONE_BLR_01,2026-08-17,0.7,1,45,1,456.28,651.83,0.15,0.2639,0,0,0,0
CLM_80745,W_ade7dcd72d784710,ZONE_DEL_01,2026-06-29,0.67,1,80,2,543.56,776.51,0.155,0.1633,0,0,0,0
CLM_80746,W_ade7dcd72d784710,ZONE_DEL_01,2026-07-06,39.72,1,30,2,3034.67,4335.25,0.819,0.5602,1,0,0,1
CLM_80747,W_ade7dcd72d784710,ZONE_DEL_01,2026-07-20,0.33,1,40,1,989.24,1413.2,0.296,0.2667,0,0,0,0
CLM_80748,W_ade7dcd72d784710,ZONE_DEL_01,2026-08-03,1.92,1,16,4,2578.18,3683.12,0.698,0.4771,0,0,0,0
CLM_80749,W_ade7dcd72d784710,ZONE_DEL_01,2026-08-17,1.4,1,20,4,686.5,980.71,0.15,0.2655,0,0,0,0
CLM_80750,W_9848d02b418bea42,ZONE_MAA_01,2026-07-06,0.73,1,31,2,643.52,919.31,0.15,0.2267,0,0,0,0
CLM_80751,W_9848d02b418bea42,ZONE_MAA_01,2026-09-14,0.24,1,29,4,617.74,882.49,0.15,0.2595,0,0,0,0
CLM_80752,W_0458a8227990f06a,ZONE_HYD_01,2026-07-13,0.44,1,27,4,655.19,935.98,0.15,0.26,0,0,0,0
CLM_80753,W_0458a8227990f06a,ZONE_HYD_01,2026-07-27,0.62,1,34,4,957.09,1367.27,0.205,0.2614,0,0,0,0
CLM_80754,W_0458a8227990f06a,ZONE_HYD_01,2026-08-17,1.14,1,7,2,905.13,1293.04,0.21,0.2359,0,0,0,0
CLM_80755,W_0458a8227990f06a,ZONE_HYD_01,2026-09-07,1.57,1,23,2,517.08,738.69,0.15,0.2599,0,0,0,0
CLM_80756,W_077170b5c8ed69fa,ZONE_DEL_01,2026-06-29,0.36,1,1899,4,226.02,322.88,0.155,0.1633,0,0,1,1
CLM_80757,W_077170b5c8ed69fa,ZONE_DEL_01,2026-07-06,28.01,1,57,2,1282.87,1832.67,0.726,0.5602,1,0,0,1
CLM_80758,W_077170b5c8ed69fa,ZONE_DEL_01,2026-07-20,0.71,1,117,2,425.44,607.77,0.235,0.2667,0,0,0,0
CLM_80759,W_077170b5c8ed69fa,ZONE_DEL_01,2026-08-03,5.16,1,14,4,1133.85,1619.79,0.618,0.4771,0,0,0,0
CLM_80760,W_077170b5c8ed69fa,ZONE_DEL_01,2026-08-17,1.22,1,44,1,330.45,472.07,0.15,0.2655,0,0,0,0
CLM_80761,W_b370bd5ae6a9e5f5,ZONE_DEL_01,2026-06-29,0.49,1,25,3,686.79,981.13,0.155,0.1633,0,0,0,0
CLM_80762,W_b370bd5ae6a9e5f5,ZONE_DEL_01,2026-07-06,0.69,1,34,2,2894.35,4134.79,0.738,0.5602,0,0,0,0
CLM_80763,W_b370bd5ae6a9e5f5,ZONE_DEL_01,2026-07-20,1.39,1,5,2,654.89,935.56,0.186,0.2667,0,0,0,0
CLM_80764,W_b370bd5ae6a9e5f5,ZONE_DEL_01,2026-08-03,0.91,1,5,2,2595.84,3708.34,0.677,0.4771,0,0,0,0
CLM_80765,W_b370bd5ae6a9e5f5,ZONE_DEL_01,2026-08-17,27.31,1,12,3,626.98,895.68,0.15,0.2655,1,0,0,1
CLM_80766,W_57aaba236d77b93c,ZONE_HYD_01,2026-07-13,0.44,1,1603,1,651.92,931.31,0.15,0.26,0,0,1,1
CLM_80767,W_57aaba236d77b93c,ZONE_HYD_01,2026-07-27,2.67,1,46,3,1243.47,1776.38,0.302,0.2614,0,0,0,0
CLM_80768,W_57aaba236d77b93c,ZONE_HYD_01,2026-08-17,2.19,1,46,4,827.17,1181.67,0.21,0.2359,0,0,0,0
CLM_80769,W_57aaba236d77b93c,ZONE_HYD_01,2026-09-07,0.36,1,83,2,544.76,778.23,0.15,0.2599,0,0,0,0
CLM_80770,W_03b9f42be7e6a117,ZONE_BOM_01,2026-06-29,0.76,1,22,2,3275.91,4679.87,0.85,1.0,0,0,0,0
CLM_80771,W_03b9f42be7e6a117,ZONE_BOM_01,2026-07-06,0.41,1,43,1,2966.87,4238.38,0.775,0.8044,0,0,0,0
CLM_80772,W_03b9f42be7e6a117,ZONE_BOM_01,2026-07-13,1.49,1,26,2,1582.34,2260.49,0.434,0.4088,0,0,0,0
CLM_80773,W_03b9f42be7e6a117,ZONE_BOM_01,2026-07-20,0.48,1,44,2,3284.53,4692.19,0.85,1.0,0,0,0,0
CLM_80774,W_03b9f42be7e6a117,ZONE_BOM_01,2026-07-27,0.72,1,171,2,2156.98,3081.4,0.565,0.3856,0,0,0,0
CLM_80775,W_03b9f42be7e6a117,ZONE_BOM_01,2026-08-03,0.47,1,122,1,1315.12,1878.74,0.353,0.277,0,0,0,0
CLM_80776,W_03b9f42be7e6a117,ZONE_BOM_01,2026-08-10,2.56,1,45,4,1570.02,2242.89,0.4,0.3243,0,0,0,0
CLM_80777,W_03b9f42be7e6a117,ZONE_BOM_01,2026-08-17,4.28,1,8,3,1852.16,2645.95,0.479,0.3303,0,0,0,0
CLM_80778,W_4a2f54ba870d9558,ZONE_HYD_01,2026-07-13,2.81,1,79,2,438.74,626.77,0.15,0.26,0,0,0,0
CLM_80779,W_4a2f54ba870d9558,ZONE_HYD_01,2026-07-27,0.91,1,17,3,1163.62,1662.32,0.345,0.2614,0,0,0,0
CLM_80780,W_4a2f54ba870d9558,ZONE_HYD_01,2026-08-17,0.41,1,58,2,780.24,1114.63,0.21,0.2359,0,0,0,0
CLM_80781,W_4a2f54ba870d9558,ZONE_HYD_01,2026-09-07,2.31,1,27,3,573.98,819.97,0.15,0.2599,0,0,0,0
CLM_80782,W_6ce9fab807f0cf69,ZONE_DEL_01,2026-06-29,0.55,1,39,1,522.17,745.96,0.155,0.1633,0,0,0,0
CLM_80783,W_6ce9fab807f0cf69,ZONE_DEL_01,2026-07-06,0.35,1,27,1,3428.56,4897.94,0.838,0.5602,0,0,0,0
CLM_80784,W_6ce9fab807f0cf69,ZONE_DEL_01,2026-07-20,0.58,1,74,1,1070.83,1529.75,0.266,0.2667,0,0,0,0
CLM_80785,W_6ce9fab807f0cf69,ZONE_DEL_01,2026-08-03,40.75,1,8,2,2723.43,3890.62,0.667,0.4771,1,0,0,1
CLM_80786,W_6ce9fab807f0cf69,ZONE_DEL_01,2026-08-17,0.13,1,64,2,723.82,1034.03,0.15,0.2655,0,0,0,0
CLM_80787,W_e58250428367733f,ZONE_MAA_01,2026-07-06,0.47,1,87,2,654.39,934.85,0.15,0.2267,0,0,0,0
CLM_80788,W_e58250428367733f,ZONE_MAA_01,2026-09-14,1.27,1,13,1,479.12,684.46,0.15,0.2595,0,0,0,0
CLM_80789,W_aa635392c7191062,ZONE_MAA_01,2026-07-06,0.52,1,36,2,599.26,856.09,0.15,0.2267,0,0,0,0
CLM_80790,W_aa635392c7191062,ZONE_MAA_01,2026-09-14,1.22,1,90,1,481.46,687.8,0.15,0.2595,0,0,0,0
CLM_80791,W_19eead91b8a3ef2f,ZONE_HYD_01,2026-07-13,0.75,1,19,3,709.47,1013.53,0.15,0.26,0,0,0,0
CLM_80792,W_19eead91b8a3ef2f,ZONE_HYD_01,2026-07-27,0.78,1,23,1,572.49,817.84,0.164,0.2614,0,0,0,0
CLM_80793,W_19eead91b8a3ef2f,ZONE_HYD_01,2026-08-17,0.74,1,19,1,1009.11,1441.58,0.21,0.2359,0,0,0,0
CLM_80794,W_19eead91b8a3ef2f,ZONE_HYD_01,2026-09-07,0.63,1,2001,2,593.31,847.58,0.15,0.2599,0,0,1,1
CLM_80795,W_130c62b1780d5442,ZONE_DEL_01,2026-06-29,0.74,1,115,1,386.81,552.58,0.155,0.1633,0,0,0,0
CLM_80796,W_130c62b1780d5442,ZONE_DEL_01,2026-07-06,1.99,1,17,3,1333.65,1905.21,0.69,0.5602,0,0,0,0
CLM_80797,W_130c62b1780d5442,ZONE_DEL_01,2026-07-20,0.72,1,58,1,424.23,606.04,0.224,0.2667,0,0,0,0
CLM_80798,W_130c62b1780d5442,ZONE_DEL_01,2026-08-03,0.77,1,11,3,1151.21,1644.58,0.565,0.4771,0,0,0,0
CLM_80799,W_130c62b1780d5442,ZONE_DEL_01,2026-08-17,8.45,1,57,2,308.19,440.27,0.15,0.2655,0,0,0,0
CLM_80800,W_b3a42227b037774e,ZONE_HYD_01,2026-07-13,1.26,1,118,2,658.28,940.4,0.15,0.26,0,0,0,0
CLM_80801,W_b3a42227b037774e,ZONE_HYD_01,2026-07-27,1.45,1,17,1,728.43,1040.62,0.22,0.2614,0,0,0,0
CLM_80802,W_b3a42227b037774e,ZONE_HYD_01,2026-08-17,1.29,1,20,5,730.75,1043.93,0.21,0.2359,0,0,0,0
CLM_80803,W_b3a42227b037774e,ZONE_HYD_01,2026-09-07,0.7,1,109,2,595.31,850.44,0.15,0.2599,0,0,0,0
CLM_80804,W_f048af82c0c850a4,ZONE_BLR_01,2026-06-29,1.1,1,14,2,475.08,678.69,0.15,0.244,0,0,0,0
CLM_80805,W_f048af82c0c850a4,ZONE_BLR_01,2026-07-20,2.66,1,16,2,449.34,641.92,0.15,0.2806,0,0,0,0
CLM_80806,W_f048af82c0c850a4,ZONE_BLR_01,2026-08-03,2.79,1,19,1,1560.17,2228.82,0.469,0.2789,0,0,0,0
CLM_80807,W_f048af82c0c850a4,ZONE_BLR_01,2026-08-17,0.25,1,39,2,390.14,557.34,0.15,0.2639,0,0,0,0
CLM_80808,W_cefdf79a59137c33,ZONE_BOM_01,2026-06-29,0.23,1,37,2,1321.17,1887.39,0.85,1.0,0,0,0,0
CLM_80809,W_cefdf79a59137c33,ZONE_BOM_01,2026-07-06,0.15,1,7,1,1323.55,1890.79,0.85,0.8044,0,0,0,0
CLM_80810,W_cefdf79a59137c33,ZONE_BOM_01,2026-07-13,1.37,1,21,1,898.83,1284.04,0.564,0.4088,0,0,0,0
CLM_80811,W_cefdf79a59137c33,ZONE_BOM_01,2026-07-20,1.84,1,78,6,1328.32,1897.6,0.85,1.0,0,0,0,1
CLM_80812,W_cefdf79a59137c33,ZONE_BOM_01,2026-07-27,1.66,1,30,1,1309.14,1870.2,0.85,0.3856,0,0,0,0
CLM_80813,W_cefdf79a59137c33,ZONE_BOM_01,2026-08-03,3.79,1,1159,1,791.93,1131.33,0.511,0.277,0,0,1,1
CLM_80814,W_cefdf79a59137c33,ZONE_BOM_01,2026-08-10,1.72,1,28,3,1211.26,1730.37,0.776,0.3243,0,0,0,1
CLM_80815,W_cefdf79a59137c33,ZONE_BOM_01,2026-08-17,0.94,1,60,3,1250.08,1785.83,0.81,0.3303,0,0,0,0
CLM_80816,W_cefdf79a59137c33,ZONE_BOM_01,2026-08-31,0.42,1,1386,1,455.31,650.44,0.26,0.256,0,0,1,1
CLM_80817,W_52ff32f5e6826a91,ZONE_HYD_01,2026-07-13,3.18,1,70,4,494.96,707.08,0.15,0.26,0,0,0,0
CLM_80818,W_52ff32f5e6826a91,ZONE_HYD_01,2026-07-27,2.0,1,23,2,1177.58,1682.26,0.339,0.2614,0,0,0,0
CLM_80819,W_52ff32f5e6826a91,ZONE_HYD_01,2026-08-17,0.99,1,14,2,835.32,1193.32,0.21,0.2359,0,0,0,0
CLM_80820,W_52ff32f5e6826a91,ZONE_HYD_01,2026-09-07,1.46,1,14,2,722.15,1031.64,0.15,0.2599,0,0,0,0
CLM_80821,W_c2a41f580914475e,ZONE_HYD_01,2026-07-13,1.47,1,78,1,197.36,281.95,0.15,0.26,0,0,0,0
CLM_80822,W_c2a41f580914475e,ZONE_HYD_01,2026-07-27,0.49,1,50,1,337.27,481.82,0.186,0.2614,0,0,0,0
CLM_80823,W_c2a41f580914475e,ZONE_HYD_01,2026-08-17,1.61,1,14,2,272.96,389.95,0.21,0.2359,0,0,0,0
CLM_80824,W_c2a41f580914475e,ZONE_HYD_01,2026-09-07,0.2,1,27,2,260.26,371.8,0.15,0.2599,0,0,0,0
CLM_80825,W_1c1e8e267cbe669c,ZONE_DEL_01,2026-06-29,0.67,1,97,1,634.34,906.2,0.155,0.1633,0,0,0,0
CLM_80826,W_1c1e8e267cbe669c,ZONE_DEL_01,2026-07-06,0.29,1,29,3,3137.94,4482.77,0.728,0.5602,0,0,0,0
CLM_80827,W_1c1e8e267cbe669c,ZONE_DEL_01,2026-07-20,1.05,1,54,2,1190.13,1700.19,0.293,0.2667,0,0,0,0
CLM_80828,W_1c1e8e267cbe669c,ZONE_DEL_01,2026-08-03,0.53,1,110,2,2423.86,3462.66,0.563,0.4771,0,0,0,0
CLM_80829,W_1c1e8e267cbe669c,ZONE_DEL_01,2026-08-17,0.39,1,39,2,740.66,1058.09,0.15,0.2655,0,0,0,0
CLM_80830,W_76f3b54ed7bb701d,ZONE_BOM_01,2026-06-29,1.77,1,25,3,3642.05,5202.93,0.85,1.0,0,0,0,0
CLM_80831,W_76f3b54ed7bb701d,ZONE_BOM_01,2026-07-06,0.76,1,14,2,3582.9,5118.43,0.836,0.8044,0,0,0,0
CLM_80832,W_76f3b54ed7bb701d,ZONE_BOM_01,2026-07-13,1.89,1,70,1,1502.76,2146.8,0.366,0.4088,0,0,0,0
CLM_80833,W_76f3b54ed7bb701d,ZONE_BOM_01,2026-07-20,0.78,1,13,2,3637.89,5196.98,0.85,1.0,0,0,0,0
CLM_80834,W_76f3b54ed7bb701d,ZONE_BOM_01,2026-07-27,1.64,1,79,3,2048.62,2926.6,0.494,0.3856,0,0,0,0
CLM_80835,W_76f3b54ed7bb701d,ZONE_BOM_01,2026-08-03,0.19,1,37,2,1457.69,2082.42,0.362,0.277,0,0,0,0
CLM_80836,W_76f3b54ed7bb701d,ZONE_BOM_01,2026-08-10,1.71,1,8,1,950.57,1357.96,0.208,0.3243,0,0,0,0
CLM_80837,W_76f3b54ed7bb701d,ZONE_BOM_01,2026-08-17,0.83,1,53,1,2318.94,3312.77,0.524,0.3303,0,0,0,0
CLM_80838,W_13bf1445fdc63abb,ZONE_MAA_01,2026-07-06,0.78,1,52,2,359.02,512.89,0.15,0.2267,0,0,0,0
CLM_80839,W_13bf1445fdc63abb,ZONE_MAA_01,2026-09-14,0.45,1,105,1,227.57,325.1,0.15,0.2595,0,0,0,0
CLM_80840,W_90d2aadfa09bdbf7,ZONE_MAA_01,2026-07-06,0.46,1,46,2,484.45,692.07,0.15,0.2267,0,0,0,0
CLM_80841,W_90d2aadfa09bdbf7,ZONE_MAA_01,2026-09-14,2.33,1,2036,1,416.05,594.35,0.15,0.2595,0,0,1,1
CLM_80842,W_ab21517ad7062176,ZONE_MAA_01,2026-07-06,1.05,1,214,4,421.34,601.91,0.15,0.2267,0,0,0,0
CLM_80843,W_ab21517ad7062176,ZONE_MAA_01,2026-09-14,1.68,1,193,3,381.09,544.42,0.15,0.2595,0,0,0,0
CLM_80844,W_f4d96630bc33709b,ZONE_BLR_01,2026-06-29,2.08,1,24,1,436.66,623.8,0.15,0.244,0,0,0,0
CLM_80845,W_f4d96630bc33709b,ZONE_BLR_01,2026-07-20,2.43,1,77,2,602.15,860.22,0.15,0.2806,0,0,0,0
CLM_80846,W_f4d96630bc33709b,ZONE_BLR_01,2026-08-03,1.67,1,116,2,658.96,941.37,0.229,0.2789,0,0,0,1
CLM_80847,W_f4d96630bc33709b,ZONE_BLR_01,2026-08-17,1.09,1,18,2,388.68,555.26,0.15,0.2639,0,0,0,0
CLM_80848,W_299c2ad60340816a,ZONE_HYD_01,2026-07-13,0.43,1,21,3,555.75,793.93,0.15,0.26,0,0,0,0
CLM_80849,W_299c2ad60340816a,ZONE_HYD_01,2026-07-27,0.66,1,19,1,645.4,922.0,0.195,0.2614,0,0,0,0
CLM_80850,W_299c2ad60340816a,ZONE_HYD_01,2026-08-17,0.37,1,92,2,608.91,869.87,0.21,0.2359,0,0,0,0
CLM_80851,W_299c2ad60340816a,ZONE_HYD_01,2026-09-07,0.41,1,89,2,625.83,894.04,0.15,0.2599,0,0,0,0
CLM_80852,W_37ec96cc5011b423,ZONE_BOM_01,2026-06-29,0.53,1,101,2,4007.25,5724.65,0.85,1.0,0,0,0,0
CLM_80853,W_37ec96cc5011b423,ZONE_BOM_01,2026-07-06,0.39,1,60,2,2996.31,4280.44,0.652,0.8044,0,0,0,0
CLM_80854,W_37ec96cc5011b423,ZONE_BOM_01,2026-07-13,2.54,1,16,3,2116.18,3023.11,0.442,0.4088,0,0,0,0
CLM_80855,W_37ec96cc5011b423,ZONE_BOM_01,2026-07-20,0.05,1,70,2,3983.15,5690.22,0.85,1.0,0,0,0,0
CLM_80856,W_37ec96cc5011b423,ZONE_BOM_01,2026-07-27,0.38,1,47,2,2104.14,3005.91,0.461,0.3856,0,0,0,0
CLM_80857,W_37ec96cc5011b423,ZONE_BOM_01,2026-08-03,0.29,1,77,1,1406.26,2008.94,0.297,0.277,0,0,0,0
CLM_80858,W_37ec96cc5011b423,ZONE_BOM_01,2026-08-10,0.49,1,119,5,1423.83,2034.05,0.283,0.3243,0,0,0,0
CLM_80859,W_37ec96cc5011b423,ZONE_BOM_01,2026-08-17,1.74,1,2025,4,2192.15,3131.65,0.47,0.3303,0,0,1,1
CLM_80860,W_514ba337844413ad,ZONE_BLR_01,2026-06-29,0.66,1,1666,1,491.73,702.47,0.15,0.244,0,0,1,1
CLM_80861,W_514ba337844413ad,ZONE_BLR_01,2026-07-20,3.45,1,23,2,558.13,797.33,0.15,0.2806,0,0,0,0
CLM_80862,W_514ba337844413ad,ZONE_BLR_01,2026-08-03,2.8,1,9,1,938.23,1340.33,0.236,0.2789,0,0,0,0
CLM_80863,W_514ba337844413ad,ZONE_BLR_01,2026-08-17,1.6,1,53,3,473.72,676.75,0.15,0.2639,0,0,0,0
CLM_80864,W_281e53a033d40ee3,ZONE_BOM_01,2026-06-29,1.62,1,30,3,2773.69,3962.41,0.85,1.0,0,0,0,0
CLM_80865,W_281e53a033d40ee3,ZONE_BOM_01,2026-07-06,0.01,1,98,3,2736.79,3909.7,0.84,0.8044,0,0,0,0
CLM_80866,W_281e53a033d40ee3,ZONE_BOM_01,2026-07-13,3.78,1,71,1,992.55,1417.93,0.327,0.4088,0,0,0,0
CLM_80867,W_281e53a033d40ee3,ZONE_BOM_01,2026-07-20,1.6,1,20,1,2803.14,4004.48,0.85,1.0,0,0,0,0
CLM_80868,W_281e53a033d40ee3,ZONE_BOM_01,2026-07-27,38.24,1,29,2,1733.74,2476.77,0.51,0.3856,1,0,0,1
CLM_80869,W_281e53a033d40ee3,ZONE_BOM_01,2026-08-03,1.16,1,5,3,1376.56,1966.51,0.433,0.277,0,0,0,0
CLM_80870,W_281e53a033d40ee3,ZONE_BOM_01,2026-08-10,0.08,1,7,2,1014.29,1448.98,0.304,0.3243,0,0,0,0
CLM_80871,W_281e53a033d40ee3,ZONE_BOM_01,2026-08-17,0.37,1,45,1,1670.84,2386.92,0.496,0.3303,0,0,0,0
CLM_80872,W_9cdf237c48dd25f3,ZONE_BOM_01,2026-06-29,34.1,1,25,2,1580.92,2258.46,0.85,1.0,1,0,0,1
CLM_80873,W_9cdf237c48dd25f3,ZONE_BOM_01,2026-07-06,2.6,1,35,3,1348.13,1925.9,0.735,0.8044,0,0,0,0
CLM_80874,W_9cdf237c48dd25f3,ZONE_BOM_01,2026-07-13,1.45,1,24,3,770.55,1100.78,0.403,0.4088,0,0,0,0
CLM_80875,W_9cdf237c48dd25f3,ZONE_BOM_01,2026-07-20,1.37,1,56,3,1564.55,2235.07,0.85,1.0,0,0,0,0
CLM_80876,W_9cdf237c48dd25f3,ZONE_BOM_01,2026-07-27,0.57,1,57,2,849.95,1214.22,0.431,0.3856,0,0,0,0
CLM_80877,W_9cdf237c48dd25f3,ZONE_BOM_01,2026-08-03,0.94,1,49,2,714.63,1020.9,0.393,0.277,0,0,0,0
CLM_80878,W_9cdf237c48dd25f3,ZONE_BOM_01,2026-08-10,0.02,1,19,1,332.64,475.2,0.201,0.3243,0,0,0,0
CLM_80879,W_9cdf237c48dd25f3,ZONE_BOM_01,2026-08-17,1.51,1,46,1,899.77,1285.39,0.488,0.3303,0,0,0,0
CLM_80880,W_3a23c9187ff0abfa,ZONE_DEL_01,2026-06-29,2.04,1,98,2,738.45,1054.93,0.155,0.1633,0,0,0,0
CLM_80881,W_3a23c9187ff0abfa,ZONE_DEL_01,2026-07-06,0.8,1,23,3,2853.23,4076.04,0.733,0.5602,0,0,0,0
CLM_80882,W_3a23c9187ff0abfa,ZONE_DEL_01,2026-07-20,1.02,1,79,1,826.22,1180.31,0.23,0.2667,0,0,0,0
CLM_80883,W_3a23c9187ff0abfa,ZONE_DEL_01,2026-08-03,1.04,1,45,3,2591.98,3702.83,0.666,0.4771,0,0,0,0
CLM_80884,W_3a23c9187ff0abfa,ZONE_DEL_01,2026-08-17,0.19,1,89,1,587.75,839.64,0.15,0.2655,0,0,0,0
CLM_80885,W_cb4616b01f45e042,ZONE_MAA_01,2026-07-06,0.4,1,33,4,664.93,949.9,0.15,0.2267,0,0,0,0
CLM_80886,W_cb4616b01f45e042,ZONE_MAA_01,2026-09-14,0.4,1,23,5,594.77,849.67,0.15,0.2595,0,0,0,0
CLM_80887,W_9d48291baa09deef,ZONE_DEL_01,2026-06-29,0.41,1,75,1,637.27,910.39,0.155,0.1633,0,0,0,0
CLM_80888,W_9d48291baa09deef,ZONE_DEL_01,2026-07-06,0.58,1,31,3,2386.05,3408.64,0.662,0.5602,0,0,0,0
CLM_80889,W_9d48291baa09deef,ZONE_DEL_01,2026-07-20,0.85,1,34,2,598.38,854.83,0.177,0.2667,0,0,0,0
CLM_80890,W_9d48291baa09deef,ZONE_DEL_01,2026-08-03,1.17,1,5,2,2220.95,3172.78,0.621,0.4771,0,0,0,0
CLM_80891,W_9d48291baa09deef,ZONE_DEL_01,2026-08-17,1.61,1,33,2,562.51,803.58,0.15,0.2655,0,0,0,0
CLM_80892,W_f5412363b47f900d,ZONE_MAA_01,2026-07-06,0.94,1,22,1,594.66,849.51,0.15,0.2267,0,0,0,0
CLM_80893,W_f5412363b47f900d,ZONE_MAA_01,2026-09-14,0.33,1,33,3,479.91,685.59,0.15,0.2595,0,0,0,0
CLM_80894,W_3386a59b9c0a2aae,ZONE_BOM_01,2026-06-29,0.52,1,24,1,3528.73,5041.04,0.85,1.0,0,0,0,0
CLM_80895,W_3386a59b9c0a2aae,ZONE_BOM_01,2026-07-06,0.44,1,10,4,3405.72,4865.31,0.818,0.8044,0,0,0,0
CLM_80896,W_3386a59b9c0a2aae,ZONE_BOM_01,2026-07-13,0.05,1,10,4,1954.99,2792.84,0.446,0.4088,0,0,0,0
CLM_80897,W_3386a59b9c0a2aae,ZONE_BOM_01,2026-07-20,1.82,1,2409,2,3551.47,5073.53,0.85,1.0,0,0,1,1
CLM_80898,W_3386a59b9c0a2aae,ZONE_BOM_01,2026-07-27,2.22,1,13,3,2214.24,3163.2,0.531,0.3856,0,0,0,0
CLM_80899,W_3386a59b9c0a2aae,ZONE_BOM_01,2026-08-03,2.07,1,19,2,1590.13,2271.62,0.401,0.277,0,0,0,0
CLM_80900,W_3386a59b9c0a2aae,ZONE_BOM_01,2026-08-10,0.99,1,31,2,1306.57,1866.53,0.312,0.3243,0,0,0,0
CLM_80901,W_3386a59b9c0a2aae,ZONE_BOM_01,2026-08-17,0.68,1,55,1,2098.2,2997.43,0.504,0.3303,0,0,0,0
CLM_80902,W_873f8ac4b9526329,ZONE_MAA_01,2026-07-06,1.11,1,33,3,480.79,686.85,0.15,0.2267,0,0,0,0
CLM_80903,W_873f8ac4b9526329,ZONE_MAA_01,2026-09-14,1.17,1,15,2,481.5,687.86,0.15,0.2595,0,0,0,0
CLM_80904,W_d34e33ebd708cab1,ZONE_BLR_01,2026-06-29,0.95,1,15,6,204.55,292.22,0.15,0.244,0,0,0,0
CLM_80905,W_d34e33ebd708cab1,ZONE_BLR_01,2026-07-20,1.64,1,161,3,174.4,249.14,0.15,0.2806,0,0,0,0
CLM_80906,W_d34e33ebd708cab1,ZONE_BLR_01,2026-08-03,0.16,1,69,4,728.17,1040.24,0.485,0.2789,0,0,0,0
CLM_80907,W_d34e33ebd708cab1,ZONE_BLR_01,2026-08-17,26.77,1,42,1,240.17,343.1,0.15,0.2639,1,0,0,1
CLM_80908,W_264dd3c395bc2451,ZONE_BOM_01,2026-06-29,2.22,1,21,2,3063.01,4375.73,0.85,1.0,0,0,0,0
CLM_80909,W_264dd3c395bc2451,ZONE_BOM_01,2026-07-06,0.74,1,55,1,3098.35,4426.22,0.85,0.8044,0,0,0,0
CLM_80910,W_264dd3c395bc2451,ZONE_BOM_01,2026-07-13,1.99,1,81,4,1865.51,2665.01,0.495,0.4088,0,0,0,0
CLM_80911,W_264dd3c395bc2451,ZONE_BOM_01,2026-07-20,0.38,1,60,3,3112.31,4446.16,0.85,1.0,0,0,0,0
CLM_80912,W_264dd3c395bc2451,ZONE_BOM_01,2026-07-27,3.78,1,41,1,1712.93,2447.04,0.448,0.3856,0,0,0,0
CLM_80913,W_264dd3c395bc2451,ZONE_BOM_01,2026-08-03,0.3,1,21,5,1532.08,2188.68,0.412,0.277,0,0,0,0
CLM_80914,W_264dd3c395bc2451,ZONE_BOM_01,2026-08-10,0.12,1,6,6,1526.38,2180.54,0.443,0.3243,0,0,0,0
CLM_80915,W_264dd3c395bc2451,ZONE_BOM_01,2026-08-17,2.5,1,8,1,2310.76,3301.08,0.629,0.3303,0,0,0,0
CLM_80916,W_3851cbf9484039fd,ZONE_BLR_01,2026-06-29,0.9,1,135,2,623.56,890.8,0.15,0.244,0,0,0,0
CLM_80917,W_3851cbf9484039fd,ZONE_BLR_01,2026-07-20,1.86,1,113,3,699.92,999.88,0.15,0.2806,0,0,0,0
CLM_80918,W_3851cbf9484039fd,ZONE_BLR_01,2026-08-03,0.76,1,113,1,2149.74,3071.06,0.54,0.2789,0,0,0,0
CLM_80919,W_3851cbf9484039fd,ZONE_BLR_01,2026-08-17,26.93,1,8,2,547.64,782.34,0.15,0.2639,1,0,0,1
CLM_80920,W_2c68e6f080b848c7,ZONE_BLR_01,2026-06-29,1.46,1,1703,3,866.34,1237.63,0.15,0.244,0,0,1,1
CLM_80921,W_2c68e6f080b848c7,ZONE_BLR_01,2026-07-20,0.54,1,30,3,816.82,1166.88,0.15,0.2806,0,0,0,0
CLM_80922,W_2c68e6f080b848c7,ZONE_BLR_01,2026-08-03,2.0,1,8,1,1348.24,1926.06,0.292,0.2789,0,0,0,0
CLM_80923,W_2c68e6f080b848c7,ZONE_BLR_01,2026-08-17,0.49,1,57,1,626.56,895.09,0.15,0.2639,0,0,0,0
CLM_80924,W_f645fd9efe1240f5,ZONE_DEL_01,2026-06-29,0.33,1,105,2,199.48,284.97,0.155,0.1633,0,0,0,0
CLM_80925,W_f645fd9efe1240f5,ZONE_DEL_01,2026-07-06,0.26,1,16,1,1039.73,1485.33,0.803,0.5602,0,0,0,0
CLM_80926,W_f645fd9efe1240f5,ZONE_DEL_01,2026-07-20,2.26,1,69,1,308.24,440.34,0.248,0.2667,0,0,0,0
CLM_80927,W_f645fd9efe1240f5,ZONE_DEL_01,2026-08-03,0.89,1,12,3,870.27,1243.25,0.668,0.4771,0,0,0,0
CLM_80928,W_f645fd9efe1240f5,ZONE_DEL_01,2026-08-17,1.08,1,43,3,219.55,313.65,0.15,0.2655,0,0,0,1
CLM_80929,W_7b5f20e591e32066,ZONE_DEL_01,2026-06-29,2.69,1,50,2,566.77,809.67,0.155,0.1633,0,0,0,0
CLM_80930,W_7b5f20e591e32066,ZONE_DEL_01,2026-07-06,0.11,1,17,1,2634.67,3763.81,0.834,0.5602,0,0,0,0
CLM_80931,W_7b5f20e591e32066,ZONE_DEL_01,2026-07-20,1.6,1,131,2,1018.88,1455.54,0.309,0.2667,0,0,0,0
CLM_80932,W_7b5f20e591e32066,ZONE_DEL_01,2026-08-03,0.2,1,33,3,2525.51,3607.87,0.806,0.4771,0,0,0,0
CLM_80933,W_7b5f20e591e32066,ZONE_DEL_01,2026-08-17,1.71,1,15,3,542.0,774.29,0.15,0.2655,0,0,0,0
CLM_80934,W_eaa55ea6b2dd6b5a,ZONE_BOM_01,2026-06-29,1.79,1,11,3,1189.8,1699.71,0.85,1.0,0,0,0,0
CLM_80935,W_eaa55ea6b2dd6b5a,ZONE_BOM_01,2026-07-06,0.52,1,11,1,1026.94,1467.06,0.736,0.8044,0,0,0,0
CLM_80936,W_eaa55ea6b2dd6b5a,ZONE_BOM_01,2026-07-13,0.38,1,85,2,478.89,684.13,0.308,0.4088,0,0,0,0
CLM_80937,W_eaa55ea6b2dd6b5a,ZONE_BOM_01,2026-07-20,3.91,1,13,3,1199.37,1713.38,0.85,1.0,0,0,0,0
CLM_80938,W_eaa55ea6b2dd6b5a,ZONE_BOM_01,2026-07-27,0.4,1,12,1,511.16,730.23,0.394,0.3856,0,0,0,0
CLM_80939,W_eaa55ea6b2dd6b5a,ZONE_BOM_01,2026-08-03,0.93,1,49,1,435.81,622.59,0.314,0.277,0,0,0,0
CLM_80940,W_eaa55ea6b2dd6b5a,ZONE_BOM_01,2026-08-10,0.47,1,42,3,420.67,600.95,0.286,0.3243,0,0,0,1
CLM_80941,W_eaa55ea6b2dd6b5a,ZONE_BOM_01,2026-08-17,0.14,1,15,4,752.4,1074.86,0.547,0.3303,0,0,0,0
CLM_80942,W_8d66499a52e9e594,ZONE_BLR_01,2026-06-29,2.17,1,7,2,274.86,392.66,0.15,0.244,0,0,0,0
CLM_80943,W_8d66499a52e9e594,ZONE_BLR_01,2026-07-20,0.81,1,12,2,254.86,364.09,0.15,0.2806,0,0,0,0
CLM_80944,W_8d66499a52e9e594,ZONE_BLR_01,2026-08-03,0.68,1,42,2,463.12,661.6,0.259,0.2789,0,0,0,0
CLM_80945,W_8d66499a52e9e594,ZONE_BLR_01,2026-08-17,2.15,1,15,1,178.4,254.86,0.15,0.2639,0,0,0,0
CLM_80946,W_1d754e2690582565,ZONE_BLR_01,2026-06-29,1.19,1,9,2,496.44,709.2,0.15,0.244,0,0,0,0
CLM_80947,W_1d754e2690582565,ZONE_BLR_01,2026-07-20,2.17,1,56,1,748.15,1068.79,0.15,0.2806,0,0,0,0
CLM_80948,W_1d754e2690582565,ZONE_BLR_01,2026-08-03,0.38,1,21,1,1130.9,1615.57,0.288,0.2789,0,0,0,0
CLM_80949,W_1d754e2690582565,ZONE_BLR_01,2026-08-17,0.37,1,5,2,730.93,1044.18,0.15,0.2639,0,0,0,0
CLM_80950,W_535007592ece7574,ZONE_MAA_01,2026-07-06,1.62,1,36,3,235.12,335.88,0.15,0.2267,0,0,0,0
CLM_80951,W_535007592ece7574,ZONE_MAA_01,2026-09-14,0.12,1,25,1,328.36,469.08,0.15,0.2595,0,0,0,0
CLM_80952,W_22dceba1048f7f9f,ZONE_BLR_01,2026-06-29,1.16,1,125,3,553.53,790.76,0.15,0.244,0,0,0,0
CLM_80953,W_22dceba1048f7f9f,ZONE_BLR_01,2026-07-20,1.28,1,1751,1,793.41,1133.45,0.15,0.2806,0,0,1,1
CLM_80954,W_22dceba1048f7f9f,ZONE_BLR_01,2026-08-03,0.46,1,18,2,904.55,1292.22,0.187,0.2789,0,0,0,0
CLM_80955,W_22dceba1048f7f9f,ZONE_BLR_01,2026-08-17,1.46,1,27,1,836.63,1195.18,0.15,0.2639,0,0,0,0
CLM_80956,W_bcac97c7dc74e96b,ZONE_BOM_01,2026-06-29,0.73,1,23,3,1796.68,2566.68,0.85,1.0,0,0,0,0
CLM_80957,W_bcac97c7dc74e96b,ZONE_BOM_01,2026-07-06,1.03,1,81,2,1803.79,2576.85,0.85,0.8044,0,0,0,0
CLM_80958,W_bcac97c7dc74e96b,ZONE_BOM_01,2026-07-13,0.01,1,54,1,643.79,919.7,0.332,0.4088,0,0,0,0
CLM_80959,W_bcac97c7dc74e96b,ZONE_BOM_01,2026-07-20,2.98,1,16,1,1789.74,2556.77,0.85,1.0,0,0,0,0
CLM_80960,W_bcac97c7dc74e96b,ZONE_BOM_01,2026-07-27,2.93,1,163,2,1367.36,1953.37,0.657,0.3856,0,0,0,0
CLM_80961,W_bcac97c7dc74e96b,ZONE_BOM_01,2026-08-03,0.96,1,28,1,737.04,1052.91,0.369,0.277,0,0,0,0
CLM_80962,W_bcac97c7dc74e96b,ZONE_BOM_01,2026-08-10,1.98,1,57,1,645.98,922.83,0.275,0.3243,0,0,0,0
CLM_80963,W_bcac97c7dc74e96b,ZONE_BOM_01,2026-08-17,1.84,1,21,5,1072.53,1532.19,0.523,0.3303,0,0,0,0
CLM_80964,W_3cd0a8ccfe7b0aef,ZONE_MAA_01,2026-07-06,4.14,1,46,2,280.2,400.28,0.15,0.2267,0,0,0,0
CLM_80965,W_3cd0a8ccfe7b0aef,ZONE_MAA_01,2026-09-14,0.06,1,20,2,167.16,238.8,0.15,0.2595,0,0,0,0
CLM_80966,W_2ca3fca94dcc3868,ZONE_MAA_01,2026-07-06,1.62,1,11,1,221.51,316.45,0.15,0.2267,0,0,0,0
CLM_80967,W_2ca3fca94dcc3868,ZONE_MAA_01,2026-09-14,4.03,1,66,3,317.68,453.83,0.15,0.2595,0,0,0,1
CLM_80968,W_21e5f0fa359b064e,ZONE_HYD_01,2026-07-13,1.84,1,19,2,435.75,622.5,0.15,0.26,0,0,0,1
CLM_80969,W_21e5f0fa359b064e,ZONE_HYD_01,2026-07-27,0.96,1,6,2,1209.93,1728.47,0.291,0.2614,0,0,0,0
CLM_80970,W_21e5f0fa359b064e,ZONE_HYD_01,2026-08-17,1.56,1,9,2,701.77,1002.53,0.21,0.2359,0,0,0,0
CLM_80971,W_21e5f0fa359b064e,ZONE_HYD_01,2026-09-07,0.28,1,78,3,655.3,936.15,0.15,0.2599,0,0,0,0
CLM_80972,W_fe57a5c12bf8a432,ZONE_DEL_01,2026-06-29,0.4,1,75,1,468.14,668.77,0.155,0.1633,0,0,0,0
CLM_80973,W_fe57a5c12bf8a432,ZONE_DEL_01,2026-07-06,1.26,1,96,4,2469.33,3527.62,0.664,0.5602,0,0,0,0
CLM_80974,W_fe57a5c12bf8a432,ZONE_DEL_01,2026-07-20,0.7,1,2234,1,926.26,1323.23,0.216,0.2667,0,0,1,1
CLM_80975,W_fe57a5c12bf8a432,ZONE_DEL_01,2026-08-03,0.9,1,96,3,2078.08,2968.68,0.562,0.4771,0,0,0,0
CLM_80976,W_fe57a5c12bf8a432,ZONE_DEL_01,2026-08-17,2.78,1,62,3,436.4,623.43,0.15,0.2655,0,0,0,0
CLM_80977,W_20541588942f189c,ZONE_HYD_01,2026-07-13,2.38,1,63,2,546.53,780.76,0.15,0.26,0,0,0,0
CLM_80978,W_20541588942f189c,ZONE_HYD_01,2026-07-27,1.31,1,18,1,827.92,1182.75,0.272,0.2614,0,0,0,0
CLM_80979,W_20541588942f189c,ZONE_HYD_01,2026-08-17,6.6,1,41,4,677.19,967.41,0.21,0.2359,0,0,0,0
CLM_80980,W_20541588942f189c,ZONE_HYD_01,2026-09-07,2.22,1,63,1,395.8,565.43,0.15,0.2599,0,0,0,0
CLM_80981,W_4191324fcc89de5b,ZONE_DEL_01,2026-06-29,40.47,1,110,2,330.41,472.01,0.155,0.1633,1,0,0,1
CLM_80982,W_4191324fcc89de5b,ZONE_DEL_01,2026-07-06,0.25,1,25,2,1390.58,1986.54,0.688,0.5602,0,0,0,0
CLM_80983,W_4191324fcc89de5b,ZONE_DEL_01,2026-07-20,0.84,1,34,1,562.68,803.83,0.244,0.2667,0,0,0,0
CLM_80984,W_4191324fcc89de5b,ZONE_DEL_01,2026-08-03,1.35,1,49,2,1262.2,1803.14,0.625,0.4771,0,0,0,0
CLM_80985,W_4191324fcc89de5b,ZONE_DEL_01,2026-08-17,0.53,1,12,1,347.89,496.99,0.15,0.2655,0,0,0,0
CLM_80986,W_9c08dd861479a8c2,ZONE_HYD_01,2026-07-13,1.0,1,205,2,679.35,970.5,0.15,0.26,0,0,0,0
CLM_80987,W_9c08dd861479a8c2,ZONE_HYD_01,2026-07-27,0.68,1,73,1,884.6,1263.71,0.228,0.2614,0,0,0,0
CLM_80988,W_9c08dd861479a8c2,ZONE_HYD_01,2026-08-17,1.75,1,253,1,823.77,1176.82,0.21,0.2359,0,0,0,0
CLM_80989,W_9c08dd861479a8c2,ZONE_HYD_01,2026-09-07,2.73,1,29,1,495.82,708.31,0.15,0.2599,0,0,0,0
CLM_80990,W_60cf4047962e17f3,ZONE_BOM_01,2026-06-29,0.47,1,94,1,1761.35,2516.22,0.85,1.0,0,0,0,0
CLM_80991,W_60cf4047962e17f3,ZONE_BOM_01,2026-07-06,0.82,1,65,4,1550.49,2214.98,0.747,0.8044,0,0,0,0
CLM_80992,W_60cf4047962e17f3,ZONE_BOM_01,2026-07-13,1.56,1,97,1,952.95,1361.36,0.439,0.4088,0,0,0,0
CLM_80993,W_60cf4047962e17f3,ZONE_BOM_01,2026-07-20,0.51,1,2529,9,1740.09,2485.85,0.85,1.0,0,0,1,1
CLM_80994,W_60cf4047962e17f3,ZONE_BOM_01,2026-07-27,37.18,1,27,2,956.54,1366.49,0.462,0.3856,1,0,0,1
CLM_80995,W_60cf4047962e17f3,ZONE_BOM_01,2026-08-03,0.48,1,7,1,748.36,1069.08,0.33,0.277,0,0,0,0
CLM_80996,W_60cf4047962e17f3,ZONE_BOM_01,2026-08-10,2.13,1,54,1,589.2,841.71,0.28,0.3243,0,0,0,0
CLM_80997,W_60cf4047962e17f3,ZONE_BOM_01,2026-08-17,0.99,1,738,3,1003.26,1433.23,0.495,0.3303,0,0,1,1
CLM_80998,W_832c807f831f172c,ZONE_MAA_01,2026-07-06,2.25,1,14,1,361.07,515.81,0.15,0.2267,0,0,0,0
CLM_80999,W_832c807f831f172c,ZONE_MAA_01,2026-09-14,0.92,1,6,3,370.17,528.81,0.15,0.2595,0,0,0,0
CLM_81000,W_c7d8708e6d8df9e1,ZONE_BLR_01,2026-06-29,1.91,1,15,2,199.42,284.89,0.15,0.244,0,0,0,0
CLM_81001,W_c7d8708e6d8df9e1,ZONE_BLR_01,2026-07-20,0.71,1,19,4,297.13,424.47,0.15,0.2806,0,0,0,0
CLM_81002,W_c7d8708e6d8df9e1,ZONE_BLR_01,2026-08-03,3.18,1,24,2,261.93,374.19,0.17,0.2789,0,0,0,0
CLM_81003,W_c7d8708e6d8df9e1,ZONE_BLR_01,2026-08-17,2.11,1,82,2,253.66,362.37,0.15,0.2639,0,0,0,0
CLM_81004,W_a7883198270353c0,ZONE_HYD_01,2026-07-13,1.02,1,124,2,698.82,998.31,0.15,0.26,0,0,0,0
CLM_81005,W_a7883198270353c0,ZONE_HYD_01,2026-07-27,1.23,1,26,2,730.63,1043.76,0.162,0.2614,0,0,0,0
CLM_81006,W_a7883198270353c0,ZONE_HYD_01,2026-08-17,0.53,1,69,1,980.06,1400.08,0.21,0.2359,0,0,0,0
CLM_81007,W_a7883198270353c0,ZONE_HYD_01,2026-09-07,1.05,1,27,2,848.99,1212.85,0.15,0.2599,0,0,0,0
CLM_81008,W_5d6a8bde2fe4ea03,ZONE_BOM_01,2026-06-29,0.63,1,23,1,2992.5,4275.0,0.85,1.0,0,0,0,0
CLM_81009,W_5d6a8bde2fe4ea03,ZONE_BOM_01,2026-07-06,2.0,1,1295,3,2962.95,4232.79,0.85,0.8044,0,0,1,1
CLM_81010,W_5d6a8bde2fe4ea03,ZONE_BOM_01,2026-07-13,0.45,1,33,2,1635.68,2336.68,0.47,0.4088,0,0,0,0
CLM_81011,W_5d6a8bde2fe4ea03,ZONE_BOM_01,2026-07-20,0.72,1,50,2,2981.48,4259.26,0.85,1.0,0,0,0,0
CLM_81012,W_5d6a8bde2fe4ea03,ZONE_BOM_01,2026-07-27,2.2,1,14,2,1864.95,2664.21,0.548,0.3856,0,0,0,0
CLM_81013,W_5d6a8bde2fe4ea03,ZONE_BOM_01,2026-08-03,1.37,1,73,1,1339.59,1913.7,0.399,0.277,0,0,0,0
CLM_81014,W_5d6a8bde2fe4ea03,ZONE_BOM_01,2026-08-10,0.57,1,24,4,1447.67,2068.1,0.406,0.3243,0,0,0,0
CLM_81015,W_5d6a8bde2fe4ea03,ZONE_BOM_01,2026-08-17,2.72,1,18,2,1853.83,2648.33,0.535,0.3303,0,0,0,0
CLM_81016,W_f4470ec81aeb9bab,ZONE_BOM_01,2026-06-29,1.35,1,39,2,4160.53,5943.62,0.85,1.0,0,0,0,0
CLM_81017,W_f4470ec81aeb9bab,ZONE_BOM_01,2026-07-06,3.26,1,33,1,3820.5,5457.86,0.79,0.8044,0,0,0,0
CLM_81018,W_f4470ec81aeb9bab,ZONE_BOM_01,2026-07-13,26.48,1,33,2,1989.38,2841.97,0.383,0.4088,1,0,0,1
CLM_81019,W_f4470ec81aeb9bab,ZONE_BOM_01,2026-07-20,0.14,1,2033,1,4146.18,5923.12,0.85,1.0,0,0,1,1
CLM_81020,W_f4470ec81aeb9bab,ZONE_BOM_01,2026-07-27,3.46,1,5,1,2650.02,3785.74,0.533,0.3856,0,0,0,0
CLM_81021,W_f4470ec81aeb9bab,ZONE_BOM_01,2026-08-03,1.02,1,20,2,1984.95,2835.65,0.413,0.277,0,0,0,0
CLM_81022,W_f4470ec81aeb9bab,ZONE_BOM_01,2026-08-10,1.76,1,21,3,1370.14,1957.34,0.312,0.3243,0,0,0,0
CLM_81023,W_f4470ec81aeb9bab,ZONE_BOM_01,2026-08-17,1.29,1,29,3,2562.34,3660.48,0.532,0.3303,0,0,0,0
CLM_81024,W_f4470ec81aeb9bab,ZONE_BOM_01,2026-08-31,0.33,1,35,1,878.22,1254.6,0.153,0.256,0,0,0,0
CLM_81025,W_f1f1fac7d9116b07,ZONE_DEL_01,2026-06-29,24.03,1,27,2,604.42,863.46,0.155,0.1633,1,0,0,1
CLM_81026,W_f1f1fac7d9116b07,ZONE_DEL_01,2026-07-06,1.8,1,214,2,2648.44,3783.48,0.722,0.5602,0,0,0,0
CLM_81027,W_f1f1fac7d9116b07,ZONE_DEL_01,2026-07-20,0.96,1,68,2,1147.22,1638.89,0.286,0.2667,0,0,0,0
CLM_81028,W_f1f1fac7d9116b07,ZONE_DEL_01,2026-08-03,1.03,1,120,2,2971.28,4244.68,0.789,0.4771,0,0,0,0
CLM_81029,W_f1f1fac7d9116b07,ZONE_DEL_01,2026-08-17,0.24,1,14,2,415.39,593.42,0.15,0.2655,0,0,0,0
CLM_81030,W_76ead4db0148350b,ZONE_HYD_01,2026-07-13,0.55,1,144,1,586.63,838.05,0.15,0.26,0,0,0,0
CLM_81031,W_76ead4db0148350b,ZONE_HYD_01,2026-07-27,1.31,1,31,2,1084.48,1549.26,0.231,0.2614,0,0,0,0
CLM_81032,W_76ead4db0148350b,ZONE_HYD_01,2026-08-17,1.31,1,81,1,956.15,1365.93,0.21,0.2359,0,0,0,0
CLM_81033,W_76ead4db0148350b,ZONE_HYD_01,2026-09-07,2.62,1,88,5,696.3,994.71,0.15,0.2599,0,0,0,0
CLM_81034,W_ded54ba83bded451,ZONE_MAA_01,2026-07-06,0.08,1,102,1,501.88,716.97,0.15,0.2267,0,0,0,0
CLM_81035,W_ded54ba83bded451,ZONE_MAA_01,2026-09-14,0.82,1,9,3,631.45,902.07,0.15,0.2595,0,0,0,0
CLM_81036,W_ac902edef4df6a26,ZONE_BLR_01,2026-06-29,0.46,1,25,3,800.42,1143.46,0.15,0.244,0,0,0,0
CLM_81037,W_ac902edef4df6a26,ZONE_BLR_01,2026-07-20,0.76,1,49,1,862.87,1232.67,0.15,0.2806,0,0,0,0
CLM_81038,W_ac902edef4df6a26,ZONE_BLR_01,2026-08-03,0.14,1,78,5,1323.86,1891.23,0.297,0.2789,0,0,0,0
CLM_81039,W_ac902edef4df6a26,ZONE_BLR_01,2026-08-17,0.62,1,14,1,834.9,1192.72,0.15,0.2639,0,0,0,0
CLM_81040,W_d10a27ff5b0cc8e9,ZONE_BLR_01,2026-06-29,0.67,1,46,1,620.85,886.93,0.15,0.244,0,0,0,0
CLM_81041,W_d10a27ff5b0cc8e9,ZONE_BLR_01,2026-07-20,0.2,1,44,4,473.79,676.85,0.15,0.2806,0,0,0,0
CLM_81042,W_d10a27ff5b0cc8e9,ZONE_BLR_01,2026-08-03,2.26,1,26,2,952.84,1361.2,0.223,0.2789,0,0,0,0
CLM_81043,W_d10a27ff5b0cc8e9,ZONE_BLR_01,2026-08-17,1.89,1,32,3,567.34,810.49,0.15,0.2639,0,0,0,0
CLM_81044,W_31bcb1c09c0ef4d4,ZONE_HYD_01,2026-07-13,0.56,1,42,4,604.18,863.12,0.15,0.26,0,0,0,0
CLM_81045,W_31bcb1c09c0ef4d4,ZONE_HYD_01,2026-07-27,1.0,1,59,2,1122.87,1604.1,0.317,0.2614,0,0,0,0
CLM_81046,W_31bcb1c09c0ef4d4,ZONE_HYD_01,2026-08-17,1.89,1,61,2,815.01,1164.3,0.21,0.2359,0,0,0,0
CLM_81047,W_31bcb1c09c0ef4d4,ZONE_HYD_01,2026-09-07,1.29,1,11,3,532.55,760.79,0.15,0.2599,0,0,0,0
CLM_81048,W_785315a8d4fb0dfe,ZONE_BLR_01,2026-06-29,0.98,1,16,3,543.93,777.04,0.15,0.244,0,0,0,0
CLM_81049,W_785315a8d4fb0dfe,ZONE_BLR_01,2026-07-20,0.27,1,33,2,709.51,1013.58,0.15,0.2806,0,0,0,0
CLM_81050,W_785315a8d4fb0dfe,ZONE_BLR_01,2026-08-03,1.26,1,91,2,1302.62,1860.89,0.271,0.2789,0,0,0,0
CLM_81051,W_785315a8d4fb0dfe,ZONE_BLR_01,2026-08-17,0.37,1,89,3,482.49,689.27,0.15,0.2639,0,0,0,0
CLM_81052,W_00370cf42f741cc4,ZONE_DEL_01,2026-06-29,0.09,1,22,2,235.91,337.02,0.155,0.1633,0,0,0,0
CLM_81053,W_00370cf42f741cc4,ZONE_DEL_01,2026-07-06,0.53,1,74,3,1727.87,2468.38,0.85,0.5602,0,0,0,0
CLM_81054,W_00370cf42f741cc4,ZONE_DEL_01,2026-07-20,0.13,1,26,1,663.19,947.41,0.323,0.2667,0,0,0,0
CLM_81055,W_00370cf42f741cc4,ZONE_DEL_01,2026-08-03,1.79,1,14,4,1474.56,2106.51,0.715,0.4771,0,0,0,0
CLM_81056,W_00370cf42f741cc4,ZONE_DEL_01,2026-08-17,2.98,1,5,4,387.3,553.28,0.15,0.2655,0,0,0,0
CLM_81057,W_bf44c008157b871e,ZONE_MAA_01,2026-07-06,0.1,1,135,1,576.38,823.4,0.15,0.2267,0,0,0,0
CLM_81058,W_bf44c008157b871e,ZONE_MAA_01,2026-09-14,0.61,1,13,3,444.76,635.37,0.15,0.2595,0,0,0,0
CLM_81059,W_0d329d7b67cfbc2d,ZONE_MAA_01,2026-07-06,2.46,1,8,2,428.9,612.71,0.15,0.2267,0,0,0,0
CLM_81060,W_0d329d7b67cfbc2d,ZONE_MAA_01,2026-09-14,2.94,1,35,2,577.74,825.34,0.15,0.2595,0,0,0,0
CLM_81061,W_bd15eb9adbf10ac6,ZONE_MAA_01,2026-07-06,0.43,1,21,1,477.95,682.78,0.15,0.2267,0,0,0,0
CLM_81062,W_bd15eb9adbf10ac6,ZONE_MAA_01,2026-09-14,2.73,1,14,3,655.4,936.29,0.15,0.2595,0,0,0,0
CLM_81063,W_f345d1e6302a5109,ZONE_BLR_01,2026-06-29,1.02,1,125,2,490.77,701.1,0.15,0.244,0,0,0,0
CLM_81064,W_f345d1e6302a5109,ZONE_BLR_01,2026-07-20,1.14,1,14,1,426.85,609.79,0.15,0.2806,0,0,0,0
CLM_81065,W_f345d1e6302a5109,ZONE_BLR_01,2026-08-03,1.43,1,27,2,706.04,1008.63,0.186,0.2789,0,0,0,0
CLM_81066,W_f345d1e6302a5109,ZONE_BLR_01,2026-08-17,0.55,1,19,3,539.11,770.16,0.15,0.2639,0,0,0,0
CLM_81067,W_229b1e6b7f228932,ZONE_MAA_01,2026-07-06,1.11,1,34,2,686.92,981.32,0.15,0.2267,0,0,0,0
CLM_81068,W_229b1e6b7f228932,ZONE_MAA_01,2026-09-14,1.88,1,49,2,650.97,929.96,0.15,0.2595,0,0,0,0
CLM_81069,W_2f8b622f24ec0cc4,ZONE_BLR_01,2026-06-29,0.37,1,36,2,663.63,948.04,0.15,0.244,0,0,0,0
CLM_81070,W_2f8b622f24ec0cc4,ZONE_BLR_01,2026-07-20,1.84,1,75,1,658.27,940.39,0.15,0.2806,0,0,0,0
CLM_81071,W_2f8b622f24ec0cc4,ZONE_BLR_01,2026-08-03,1.2,1,23,4,1332.19,1903.13,0.314,0.2789,0,0,0,0
CLM_81072,W_2f8b622f24ec0cc4,ZONE_BLR_01,2026-08-17,1.04,1,10,1,701.47,1002.1,0.15,0.2639,0,0,0,0
CLM_81073,W_e943601f7bb4f5cd,ZONE_DEL_01,2026-06-29,0.58,1,90,2,479.77,685.38,0.155,0.1633,0,0,0,0
CLM_81074,W_e943601f7bb4f5cd,ZONE_DEL_01,2026-07-06,2.22,1,10,4,2672.38,3817.69,0.817,0.5602,0,0,0,0
CLM_81075,W_e943601f7bb4f5cd,ZONE_DEL_01,2026-07-20,1.46,1,56,2,815.2,1164.57,0.263,0.2667,0,0,0,0
CLM_81076,W_e943601f7bb4f5cd,ZONE_DEL_01,2026-08-03,1.13,1,35,3,2182.62,3118.03,0.659,0.4771,0,0,0,0
CLM_81077,W_e943601f7bb4f5cd,ZONE_DEL_01,2026-08-17,2.27,1,10,1,449.92,642.74,0.15,0.2655,0,0,0,0
CLM_81078,W_e585d06545500a30,ZONE_BOM_01,2026-06-29,0.18,1,9,2,3256.99,4652.85,0.85,1.0,0,0,0,0
CLM_81079,W_e585d06545500a30,ZONE_BOM_01,2026-07-06,0.25,1,69,1,3286.2,4694.57,0.85,0.8044,0,0,0,0
CLM_81080,W_e585d06545500a30,ZONE_BOM_01,2026-07-13,1.78,1,52,1,1468.14,2097.34,0.389,0.4088,0,0,0,0
CLM_81081,W_e585d06545500a30,ZONE_BOM_01,2026-07-20,0.34,1,50,1,3276.84,4681.2,0.85,1.0,0,0,0,0
CLM_81082,W_e585d06545500a30,ZONE_BOM_01,2026-07-27,0.4,1,36,1,2091.02,2987.17,0.561,0.3856,0,0,0,0
CLM_81083,W_e585d06545500a30,ZONE_BOM_01,2026-08-03,0.7,1,32,2,1696.69,2423.85,0.445,0.277,0,0,0,0
CLM_81084,W_e585d06545500a30,ZONE_BOM_01,2026-08-10,1.96,1,12,3,908.35,1297.64,0.265,0.3243,0,0,0,0
CLM_81085,W_e585d06545500a30,ZONE_BOM_01,2026-08-17,0.81,1,202,2,1824.73,2606.76,0.486,0.3303,0,0,0,0
CLM_81086,W_8b5c8b95ddabc107,ZONE_MAA_01,2026-07-06,0.33,6,8,2,245.79,351.13,0.15,0.2267,0,1,0,0
CLM_81087,W_8b5c8b95ddabc107,ZONE_MAA_01,2026-09-14,0.92,6,92,2,283.58,405.12,0.15,0.2595,0,1,0,0
CLM_81088,W_f339fb94373aa11c,ZONE_BLR_01,2026-06-29,1.86,6,170,1,765.92,1094.17,0.15,0.244,0,1,0,0
CLM_81089,W_f339fb94373aa11c,ZONE_BLR_01,2026-07-20,1.5,6,130,1,506.32,723.31,0.15,0.2806,0,1,0,0
CLM_81090,W_f339fb94373aa11c,ZONE_BLR_01,2026-08-03,0.28,6,14,1,1332.58,1903.68,0.328,0.2789,0,1,0,0
CLM_81091,W_f339fb94373aa11c,ZONE_BLR_01,2026-08-17,0.29,6,39,1,758.43,1083.47,0.15,0.2639,0,1,0,0
CLM_81092,W_eec38e5831cb6717,ZONE_DEL_01,2026-06-29,1.29,6,55,2,891.23,1273.18,0.155,0.1633,0,1,0,0
CLM_81093,W_eec38e5831cb6717,ZONE_DEL_01,2026-07-06,1.58,6,2036,2,3057.4,4367.71,0.67,0.5602,0,1,1,1
CLM_81094,W_eec38e5831cb6717,ZONE_DEL_01,2026-07-20,5.88,6,22,2,776.63,1109.47,0.172,0.2667,0,1,0,0
CLM_81095,W_eec38e5831cb6717,ZONE_DEL_01,2026-08-03,3.35,6,47,2,2438.85,3484.07,0.539,0.4771,0,1,0,0
CLM_81096,W_eec38e5831cb6717,ZONE_DEL_01,2026-08-17,0.07,6,174,2,752.28,1074.68,0.15,0.2655,0,1,0,0
CLM_81097,W_d7366d85e70820dd,ZONE_DEL_01,2026-06-29,0.2,6,9,1,694.43,992.04,0.155,0.1633,0,1,0,0
CLM_81098,W_d7366d85e70820dd,ZONE_DEL_01,2026-07-06,0.13,6,80,3,2924.28,4177.55,0.787,0.5602,0,1,0,0
CLM_81099,W_d7366d85e70820dd,ZONE_DEL_01,2026-07-20,1.84,6,95,3,855.65,1222.36,0.221,0.2667,0,1,0,0
CLM_81100,W_d7366d85e70820dd,ZONE_DEL_01,2026-08-03,3.87,6,7,2,2288.89,3269.84,0.62,0.4771,0,1,0,0
CLM_81101,W_d7366d85e70820dd,ZONE_DEL_01,2026-08-17,1.44,6,76,3,617.25,881.78,0.15,0.2655,0,1,0,0
CLM_81102,W_0f0fadf154903acc,ZONE_DEL_01,2026-06-29,1.09,6,172,3,677.31,967.59,0.155,0.1633,0,1,0,0
CLM_81103,W_0f0fadf154903acc,ZONE_DEL_01,2026-07-06,0.37,6,15,3,2603.61,3719.45,0.737,0.5602,0,1,0,0
CLM_81104,W_0f0fadf154903acc,ZONE_DEL_01,2026-07-20,1.88,6,34,3,854.76,1221.09,0.263,0.2667,0,1,0,0
CLM_81105,W_0f0fadf154903acc,ZONE_DEL_01,2026-08-03,1.87,6,8,1,1861.24,2658.92,0.517,0.4771,0,1,0,0
CLM_81106,W_0f0fadf154903acc,ZONE_DEL_01,2026-08-17,2.82,6,69,1,484.01,691.45,0.15,0.2655,0,1,0,0
CLM_81107,W_7f8fae32e08b63ff,ZONE_MAA_01,2026-07-06,0.95,6,252,3,579.29,827.56,0.15,0.2267,0,1,0,0
CLM_81108,W_7f8fae32e08b63ff,ZONE_MAA_01,2026-09-14,1.16,6,81,2,661.88,945.54,0.15,0.2595,0,1,0,0
CLM_81109,W_61c848c01c1489b0,ZONE_BOM_01,2026-06-29,0.36,6,36,3,2736.17,3908.82,0.85,1.0,0,1,0,0
CLM_81110,W_61c848c01c1489b0,ZONE_BOM_01,2026-07-06,0.89,6,20,4,2735.62,3908.03,0.848,0.8044,0,1,0,0
CLM_81111,W_61c848c01c1489b0,ZONE_BOM_01,2026-07-13,2.4,6,58,2,1466.8,2095.43,0.459,0.4088,0,1,0,0
CLM_81112,W_61c848c01c1489b0,ZONE_BOM_01,2026-07-20,0.48,6,29,2,2744.22,3920.32,0.85,1.0,0,1,0,0
CLM_81113,W_61c848c01c1489b0,ZONE_BOM_01,2026-07-27,0.14,6,6,5,1935.49,2764.98,0.582,0.3856,0,1,0,0
CLM_81114,W_61c848c01c1489b0,ZONE_BOM_01,2026-08-03,0.89,6,21,2,1237.24,1767.49,0.373,0.277,0,1,0,1
CLM_81115,W_61c848c01c1489b0,ZONE_BOM_01,2026-08-10,2.03,6,36,1,784.22,1120.31,0.272,0.3243,0,1,0,0
CLM_81116,W_61c848c01c1489b0,ZONE_BOM_01,2026-08-17,1.73,6,27,1,1718.36,2454.8,0.55,0.3303,0,1,0,0
CLM_81117,W_19edd0cc57005c21,ZONE_BLR_01,2026-06-29,0.22,6,19,1,690.01,985.73,0.15,0.244,0,1,0,0
CLM_81118,W_19edd0cc57005c21,ZONE_BLR_01,2026-07-20,1.28,6,27,2,551.47,787.82,0.15,0.2806,0,1,0,0
CLM_81119,W_19edd0cc57005c21,ZONE_BLR_01,2026-08-03,0.27,6,37,2,1041.2,1487.43,0.297,0.2789,0,1,0,0
CLM_81120,W_19edd0cc57005c21,ZONE_BLR_01,2026-08-17,2.13,6,7,2,481.16,687.37,0.15,0.2639,0,1,0,0
CLM_81121,W_db413471d374ad93,ZONE_BLR_01,2026-06-29,0.47,6,32,4,260.21,371.73,0.15,0.244,0,1,0,0
CLM_81122,W_db413471d374ad93,ZONE_BLR_01,2026-07-20,0.3,6,115,2,208.18,297.4,0.15,0.2806,0,1,0,0
CLM_81123,W_db413471d374ad93,ZONE_BLR_01,2026-08-03,0.72,6,19,4,256.86,366.94,0.183,0.2789,0,1,0,0
CLM_81124,W_db413471d374ad93,ZONE_BLR_01,2026-08-17,0.01,6,30,4,191.35,273.36,0.15,0.2639,0,1,0,0
CLM_81125,W_6972b4e5745cde14,ZONE_DEL_01,2026-06-29,1.27,6,8,4,762.9,1089.86,0.155,0.1633,0,1,0,0
CLM_81126,W_6972b4e5745cde14,ZONE_DEL_01,2026-07-06,1.48,6,38,1,3970.97,5672.82,0.85,0.5602,0,1,0,0
CLM_81127,W_6972b4e5745cde14,ZONE_DEL_01,2026-07-20,0.39,6,27,3,1431.73,2045.33,0.271,0.2667,0,1,0,0
CLM_81128,W_6972b4e5745cde14,ZONE_DEL_01,2026-08-03,0.38,6,9,1,4006.72,5723.89,0.85,0.4771,0,1,0,0
CLM_81129,W_6972b4e5745cde14,ZONE_DEL_01,2026-08-17,0.14,6,6,2,635.8,908.29,0.15,0.2655,0,1,0,0
CLM_81130,W_6972b4e5745cde14,ZONE_DEL_01,2026-08-31,0.77,6,72,2,1403.99,2005.7,0.293,0.2815,0,1,0,0
CLM_81131,W_4ff28900e233d85d,ZONE_BOM_01,2026-06-29,0.52,6,71,8,3334.13,4763.04,0.85,1.0,0,1,0,0
CLM_81132,W_4ff28900e233d85d,ZONE_BOM_01,2026-07-06,0.16,6,29,4,2817.55,4025.07,0.731,0.8044,0,1,0,0
CLM_81133,W_4ff28900e233d85d,ZONE_BOM_01,2026-07-13,0.28,6,92,3,1178.39,1683.42,0.306,0.4088,0,1,0,0
CLM_81134,W_4ff28900e233d85d,ZONE_BOM_01,2026-07-20,0.89,6,24,2,3316.32,4737.6,0.85,1.0,0,1,0,0
CLM_81135,W_4ff28900e233d85d,ZONE_BOM_01,2026-07-27,1.86,6,73,3,2039.19,2913.13,0.509,0.3856,0,1,0,0
CLM_81136,W_4ff28900e233d85d,ZONE_BOM_01,2026-08-03,0.34,6,9,4,1761.08,2515.83,0.441,0.277,0,1,0,0
CLM_81137,W_4ff28900e233d85d,ZONE_BOM_01,2026-08-10,4.22,6,7,2,1049.98,1499.97,0.272,0.3243,0,1,0,0
CLM_81138,W_4ff28900e233d85d,ZONE_BOM_01,2026-08-17,4.17,6,11,3,2140.75,3058.21,0.541,0.3303,0,1,0,0
CLM_81139,W_aaf9a299ea466f7e,ZONE_DEL_01,2026-06-29,0.58,6,132,3,484.88,692.69,0.155,0.1633,0,1,0,0
CLM_81140,W_aaf9a299ea466f7e,ZONE_DEL_01,2026-07-06,1.36,6,33,1,2306.98,3295.68,0.651,0.5602,0,1,0,0
CLM_81141,W_aaf9a299ea466f7e,ZONE_DEL_01,2026-07-20,0.61,6,81,2,670.34,957.63,0.179,0.2667,0,1,0,0
CLM_81142,W_aaf9a299ea466f7e,ZONE_DEL_01,2026-08-03,0.08,6,14,2,2494.39,3563.42,0.7,0.4771,0,1,0,0
CLM_81143,W_aaf9a299ea466f7e,ZONE_DEL_01,2026-08-17,1.96,6,12,2,615.46,879.23,0.15,0.2655,0,1,0,0
CLM_81144,W_4a85e6e041152ac7,ZONE_BOM_01,2026-06-29,1.02,6,50,2,1406.02,2008.6,0.85,1.0,0,1,0,0
CLM_81145,W_4a85e6e041152ac7,ZONE_BOM_01,2026-07-06,0.69,6,16,2,1184.39,1691.98,0.716,0.8044,0,1,0,0
CLM_81146,W_4a85e6e041152ac7,ZONE_BOM_01,2026-07-13,0.92,6,34,1,530.99,758.56,0.331,0.4088,0,1,0,0
CLM_81147,W_4a85e6e041152ac7,ZONE_BOM_01,2026-07-20,1.68,6,20,2,1406.77,2009.67,0.85,1.0,0,1,0,0
CLM_81148,W_4a85e6e041152ac7,ZONE_BOM_01,2026-07-27,0.38,6,121,2,622.32,889.03,0.354,0.3856,0,1,0,0
CLM_81149,W_4a85e6e041152ac7,ZONE_BOM_01,2026-08-03,1.21,6,63,2,692.99,989.99,0.401,0.277,0,1,0,0
CLM_81150,W_4a85e6e041152ac7,ZONE_BOM_01,2026-08-10,0.2,6,18,1,293.65,419.5,0.186,0.3243,0,1,0,0
CLM_81151,W_4a85e6e041152ac7,ZONE_BOM_01,2026-08-17,0.37,6,21,2,853.45,1219.22,0.538,0.3303,0,1,0,0
CLM_81152,W_bfb5792dcc1b015f,ZONE_BLR_01,2026-06-29,0.56,6,95,2,540.39,771.99,0.15,0.244,0,1,0,0
CLM_81153,W_bfb5792dcc1b015f,ZONE_BLR_01,2026-07-20,0.26,6,10,2,705.9,1008.43,0.15,0.2806,0,1,0,0
CLM_81154,W_bfb5792dcc1b015f,ZONE_BLR_01,2026-08-03,0.16,6,90,2,1284.24,1834.63,0.287,0.2789,0,1,0,0
CLM_81155,W_bfb5792dcc1b015f,ZONE_BLR_01,2026-08-17,0.52,6,134,2,755.59,1079.41,0.15,0.2639,0,1,0,0
CLM_81156,W_1aefef70abfca3bd,ZONE_BLR_01,2026-06-29,0.28,6,45,2,231.43,330.61,0.15,0.244,0,1,0,0
CLM_81157,W_1aefef70abfca3bd,ZONE_BLR_01,2026-07-20,0.24,6,16,2,335.5,479.29,0.15,0.2806,0,1,0,0
CLM_81158,W_1aefef70abfca3bd,ZONE_BLR_01,2026-08-03,0.5,6,69,4,623.49,890.7,0.333,0.2789,0,1,0,0
CLM_81159,W_1aefef70abfca3bd,ZONE_BLR_01,2026-08-17,20.96,6,28,2,215.8,308.29,0.15,0.2639,1,1,0,1
