order_batch_id,worker_id,zone_id,week_start_date,orders_completed,orders_cancelled,baseline_expected_weekly_income,actual_weekly_earnings,earnings_loss_amount,total_distance_km,disruption_impact_ratio,city,zone_tier,persona_category,vehicle_type,vulnerability_score,tenure_days,work_pattern_type,avg_active_hours_per_week,avg_active_days_per_month,historical_weekly_income,rating,zone_tier_code,vehicle_risk_factor,is_full_time,weekly_total_rainfall_mm,weekly_max_rainfall_mm,weekly_max_temp_celsius,weekly_avg_temp_celsius,weekly_max_wind_kmph,weekly_avg_aqi,curfew_days_count,strike_days_count,zone_closure_days_count,has_festival,is_monsoon,zone_disruption_risk_index,monsoon_loading,target_dynamic_weekly_premium
ORD_50000,W_a4520496518a7d6c,ZONE_MAA_01,2026-06-22,31,1,2413.93,2350.93,63.0,132.0,0.0,Chennai,Metro,Q_Commerce,Scooter,1.0,57,Part-Time,24.2,13,2413.93,4.61,1,1.0,0,33.7,24.5,37.6,36.225,17.3,159.25,0,0,0,1,1,0.1953,1.056,44.18
ORD_50001,W_a4520496518a7d6c,ZONE_MAA_01,2026-06-29,31,1,2413.93,2392.48,21.45,128.1,0.0,Chennai,Metro,Q_Commerce,Scooter,1.0,57,Part-Time,24.2,13,2413.93,4.61,1,1.0,0,11.8,5.8,38.4,35.55714285714286,23.0,123.0,0,0,0,0,1,0.1188,1.02,39.94
ORD_50002,W_a4520496518a7d6c,ZONE_MAA_01,2026-07-06,26,2,2413.93,1953.28,460.65,152.7,0.15,Chennai,Metro,Q_Commerce,Scooter,1.0,57,Part-Time,24.2,13,2413.93,4.61,1,1.0,0,9.3,5.2,39.2,37.55714285714286,26.3,163.28571428571428,1,0,1,0,1,0.2267,1.016,43.62
ORD_50003,W_a4520496518a7d6c,ZONE_MAA_01,2026-07-13,33,1,2413.93,2526.32,0.0,145.9,0.0,Chennai,Metro,Q_Commerce,Scooter,1.0,57,Part-Time,24.2,13,2413.93,4.61,1,1.0,0,11.3,4.9,38.7,36.51428571428571,19.1,141.57142857142858,0,0,0,0,1,0.1316,1.019,40.36
ORD_50004,W_a4520496518a7d6c,ZONE_MAA_01,2026-07-20,27,2,2413.93,2089.95,323.98,95.0,0.12,Chennai,Metro,Q_Commerce,Scooter,1.0,57,Part-Time,24.2,13,2413.93,4.61,1,1.0,0,35.6,10.7,36.4,34.714285714285715,17.5,131.57142857142858,0,0,0,0,1,0.1788,1.059,43.69
ORD_50005,W_a4520496518a7d6c,ZONE_MAA_01,2026-07-27,32,1,2413.93,2457.44,0.0,183.3,0.0,Chennai,Metro,Q_Commerce,Scooter,1.0,57,Part-Time,24.2,13,2413.93,4.61,1,1.0,0,26.0,8.2,37.6,36.48571428571429,23.1,145.14285714285714,0,0,0,0,1,0.1674,1.043,42.62
ORD_50006,W_a4520496518a7d6c,ZONE_MAA_01,2026-08-03,31,1,2413.93,2328.62,85.31,121.9,0.0,Chennai,Metro,Q_Commerce,Scooter,1.0,57,Part-Time,24.2,13,2413.93,4.61,1,1.0,0,38.5,6.7,34.8,33.94285714285714,19.7,150.71428571428572,0,0,0,0,1,0.1997,1.064,44.68
ORD_50007,W_a4520496518a7d6c,ZONE_MAA_01,2026-08-10,33,1,2413.93,2483.95,0.0,170.4,0.0,Chennai,Metro,Q_Commerce,Scooter,1.0,57,Part-Time,24.2,13,2413.93,4.61,1,1.0,0,15.6,9.3,35.5,35.08571428571428,18.4,153.57142857142858,1,0,1,1,1,0.2336,1.026,44.3
ORD_50008,W_a4520496518a7d6c,ZONE_MAA_01,2026-08-17,30,1,2413.93,2304.06,109.87,155.4,0.0,Chennai,Metro,Q_Commerce,Scooter,1.0,57,Part-Time,24.2,13,2413.93,4.61,1,1.0,0,29.4,12.9,36.3,35.75714285714285,20.7,143.71428571428572,0,0,0,0,1,0.1739,1.049,43.1
ORD_50009,W_a4520496518a7d6c,ZONE_MAA_01,2026-08-24,31,1,2413.93,2367.8,46.13,139.4,0.0,Chennai,Metro,Q_Commerce,Scooter,1.0,57,Part-Time,24.2,13,2413.93,4.61,1,1.0,0,15.1,7.6,36.6,34.77142857142857,18.4,144.14285714285714,1,0,1,1,1,0.2254,1.025,43.96
ORD_50010,W_a4520496518a7d6c,ZONE_MAA_01,2026-08-31,33,1,2413.93,2479.04,0.0,187.8,0.0,Chennai,Metro,Q_Commerce,Scooter,1.0,57,Part-Time,24.2,13,2413.93,4.61,1,1.0,0,13.1,3.6,35.6,34.41428571428571,16.9,156.85714285714286,1,0,1,1,1,0.2305,1.022,44.01
ORD_50011,W_a4520496518a7d6c,ZONE_MAA_01,2026-09-07,31,1,2413.93,2389.88,24.05,187.8,0.0,Chennai,Metro,Q_Commerce,Scooter,1.0,57,Part-Time,24.2,13,2413.93,4.61,1,1.0,0,23.3,11.4,35.6,34.214285714285715,14.8,136.57142857142858,0,0,0,0,1,0.1549,1.039,42.0
ORD_50012,W_a4520496518a7d6c,ZONE_MAA_01,2026-09-14,27,2,2413.93,2032.65,381.28,150.8,0.15,Chennai,Metro,Q_Commerce,Scooter,1.0,57,Part-Time,24.2,13,2413.93,4.61,1,1.0,0,27.4,22.7,36.0,33.525,13.4,152.75,0,1,1,0,1,0.2595,1.046,46.11
ORD_50013,W_902772cd82a60735,ZONE_DEL_01,2026-06-22,62,3,4668.72,4661.19,7.53,367.2,0.0,Delhi_NCR,Metro,Food_Delivery,Scooter,1.0,59,Full-Time,42.7,25,4668.72,4.53,1,1.0,1,4.0,1.2,41.9,40.425,14.3,188.25,0,0,0,1,1,0.1502,1.007,40.54
ORD_50014,W_902772cd82a60735,ZONE_DEL_01,2026-06-29,54,5,4668.72,4105.93,562.79,201.7,0.155,Delhi_NCR,Metro,Food_Delivery,Scooter,1.0,59,Full-Time,42.7,25,4668.72,4.53,1,1.0,1,20.0,6.8,41.7,35.84285714285714,14.4,157.71428571428572,0,0,0,0,1,0.1633,1.033,42.06
ORD_50015,W_902772cd82a60735,ZONE_DEL_01,2026-07-06,10,3,4668.72,784.33,3884.39,56.4,0.837,Delhi_NCR,Metro,Food_Delivery,Scooter,1.0,59,Full-Time,42.7,25,4668.72,4.53,1,1.0,1,122.9,99.8,36.7,32.9,18.9,156.0,1,0,2,0,1,0.5602,1.205,65.8
ORD_50016,W_902772cd82a60735,ZONE_DEL_01,2026-07-13,60,3,4668.72,4529.08,139.64,340.4,0.0,Delhi_NCR,Metro,Food_Delivery,Scooter,1.0,59,Full-Time,42.7,25,4668.72,4.53,1,1.0,1,9.8,3.7,37.4,36.55714285714286,19.6,129.42857142857142,0,0,0,0,1,0.1191,1.016,39.8
ORD_50017,W_902772cd82a60735,ZONE_DEL_01,2026-07-20,44,5,4668.72,3301.94,1366.78,267.1,0.278,Delhi_NCR,Metro,Food_Delivery,Scooter,1.0,59,Full-Time,42.7,25,4668.72,4.53,1,1.0,1,74.3,31.9,33.7,31.8,16.5,132.71428571428572,0,0,0,0,1,0.2667,1.124,49.83
ORD_50018,W_902772cd82a60735,ZONE_DEL_01,2026-07-27,59,2,4668.72,4458.56,210.16,230.4,0.0,Delhi_NCR,Metro,Food_Delivery,Scooter,1.0,59,Full-Time,42.7,25,4668.72,4.53,1,1.0,1,51.900000000000006,19.5,35.3,32.94285714285714,14.4,172.57142857142858,0,0,0,0,1,0.2462,1.086,47.37
ORD_50019,W_902772cd82a60735,ZONE_DEL_01,2026-08-03,24,5,4668.72,1846.29,2822.43,125.8,0.608,Delhi_NCR,Metro,Food_Delivery,Scooter,1.0,59,Full-Time,42.7,25,4668.72,4.53,1,1.0,1,132.8,58.3,33.8,31.17142857142857,15.8,126.57142857142856,0,0,1,0,1,0.4771,1.221,63.12
ORD_50020,W_902772cd82a60735,ZONE_DEL_01,2026-08-10,59,2,4668.72,4443.21,225.51,359.5,0.0,Delhi_NCR,Metro,Food_Delivery,Scooter,1.0,59,Full-Time,42.7,25,4668.72,4.53,1,1.0,1,45.8,12.5,34.4,32.614285714285714,11.1,170.42857142857142,0,0,0,1,1,0.2309,1.076,46.36
ORD_50021,W_902772cd82a60735,ZONE_DEL_01,2026-08-17,50,4,4668.72,3787.69,881.03,194.3,0.15,Delhi_NCR,Metro,Food_Delivery,Scooter,1.0,59,Full-Time,42.7,25,4668.72,4.53,1,1.0,1,34.3,8.2,33.6,33.15714285714286,11.7,140.0,1,0,1,0,1,0.2655,1.057,46.82
ORD_50022,W_902772cd82a60735,ZONE_DEL_01,2026-08-24,59,2,4668.72,4441.83,226.89,296.8,0.0,Delhi_NCR,Metro,Food_Delivery,Scooter,1.0,59,Full-Time,42.7,25,4668.72,4.53,1,1.0,1,24.5,13.5,34.9,33.44285714285714,13.9,168.0,0,0,0,1,1,0.1811,1.041,43.03
ORD_50023,W_902772cd82a60735,ZONE_DEL_01,2026-08-31,57,4,4668.72,4319.8,348.92,326.1,0.09,Delhi_NCR,Metro,Food_Delivery,Scooter,1.0,59,Full-Time,42.7,25,4668.72,4.53,1,1.0,1,76.6,23.5,34.4,31.24285714285714,13.1,145.57142857142858,0,0,0,1,1,0.2815,1.128,50.59
ORD_50024,W_902772cd82a60735,ZONE_DEL_01,2026-09-07,59,2,4668.72,4441.48,227.24,292.8,0.0,Delhi_NCR,Metro,Food_Delivery,Scooter,1.0,59,Full-Time,42.7,25,4668.72,4.53,1,1.0,1,19.1,8.7,34.4,32.471428571428575,14.1,142.0,0,0,0,0,1,0.1495,1.032,41.52
ORD_50025,W_902772cd82a60735,ZONE_DEL_01,2026-09-14,61,3,4668.72,4649.84,18.88,295.7,0.0,Delhi_NCR,Metro,Food_Delivery,Scooter,1.0,59,Full-Time,42.7,25,4668.72,4.53,1,1.0,1,7.6,3.7,35.0,33.05,14.4,149.0,0,0,0,0,1,0.1288,1.013,40.02
ORD_50026,W_d55c074973f02352,ZONE_MAA_01,2026-06-22,73,3,5778.8,5531.59,247.21,390.4,0.0,Chennai,Metro,Q_Commerce,Scooter,1.0,132,Full-Time,57.1,29,5778.8,4.47,1,1.0,1,33.7,24.5,37.6,36.225,17.3,159.25,0,0,0,1,1,0.1953,1.056,44.18
ORD_50027,W_d55c074973f02352,ZONE_MAA_01,2026-06-29,77,3,5778.8,5780.66,0.0,428.6,0.0,Chennai,Metro,Q_Commerce,Scooter,1.0,132,Full-Time,57.1,29,5778.8,4.47,1,1.0,1,11.8,5.8,38.4,35.55714285714286,23.0,123.0,0,0,0,0,1,0.1188,1.02,39.94
ORD_50028,W_d55c074973f02352,ZONE_MAA_01,2026-07-06,65,6,5778.8,4904.75,874.05,253.7,0.15,Chennai,Metro,Q_Commerce,Scooter,1.0,132,Full-Time,57.1,29,5778.8,4.47,1,1.0,1,9.3,5.2,39.2,37.55714285714286,26.3,163.28571428571428,1,0,1,0,1,0.2267,1.016,43.62
ORD_50029,W_d55c074973f02352,ZONE_MAA_01,2026-07-13,78,3,5778.8,5864.47,0.0,309.3,0.0,Chennai,Metro,Q_Commerce,Scooter,1.0,132,Full-Time,57.1,29,5778.8,4.47,1,1.0,1,11.3,4.9,38.7,36.51428571428571,19.1,141.57142857142858,0,0,0,0,1,0.1316,1.019,40.36
ORD_50030,W_d55c074973f02352,ZONE_MAA_01,2026-07-20,70,6,5778.8,5274.72,504.08,360.9,0.12,Chennai,Metro,Q_Commerce,Scooter,1.0,132,Full-Time,57.1,29,5778.8,4.47,1,1.0,1,35.6,10.7,36.4,34.714285714285715,17.5,131.57142857142858,0,0,0,0,1,0.1788,1.059,43.69
ORD_50031,W_d55c074973f02352,ZONE_MAA_01,2026-07-27,74,3,5778.8,5580.7,198.1,451.3,0.0,Chennai,Metro,Q_Commerce,Scooter,1.0,132,Full-Time,57.1,29,5778.8,4.47,1,1.0,1,26.0,8.2,37.6,36.48571428571429,23.1,145.14285714285714,0,0,0,0,1,0.1674,1.043,42.62
ORD_50032,W_d55c074973f02352,ZONE_MAA_01,2026-08-03,77,3,5778.8,5789.41,0.0,284.7,0.0,Chennai,Metro,Q_Commerce,Scooter,1.0,132,Full-Time,57.1,29,5778.8,4.47,1,1.0,1,38.5,6.7,34.8,33.94285714285714,19.7,150.71428571428572,0,0,0,0,1,0.1997,1.064,44.68
ORD_50033,W_d55c074973f02352,ZONE_MAA_01,2026-08-10,78,3,5778.8,5852.09,0.0,326.3,0.0,Chennai,Metro,Q_Commerce,Scooter,1.0,132,Full-Time,57.1,29,5778.8,4.47,1,1.0,1,15.6,9.3,35.5,35.08571428571428,18.4,153.57142857142858,1,0,1,1,1,0.2336,1.026,44.3
ORD_50034,W_d55c074973f02352,ZONE_MAA_01,2026-08-17,79,3,5778.8,5954.3,0.0,450.9,0.0,Chennai,Metro,Q_Commerce,Scooter,1.0,132,Full-Time,57.1,29,5778.8,4.47,1,1.0,1,29.4,12.9,36.3,35.75714285714285,20.7,143.71428571428572,0,0,0,0,1,0.1739,1.049,43.1
ORD_50035,W_d55c074973f02352,ZONE_MAA_01,2026-08-24,80,4,5778.8,6055.57,0.0,388.4,0.0,Chennai,Metro,Q_Commerce,Scooter,1.0,132,Full-Time,57.1,29,5778.8,4.47,1,1.0,1,15.1,7.6,36.6,34.77142857142857,18.4,144.14285714285714,1,0,1,1,1,0.2254,1.025,43.96
ORD_50036,W_d55c074973f02352,ZONE_MAA_01,2026-08-31,76,3,5778.8,5752.77,26.03,420.6,0.0,Chennai,Metro,Q_Commerce,Scooter,1.0,132,Full-Time,57.1,29,5778.8,4.47,1,1.0,1,13.1,3.6,35.6,34.41428571428571,16.9,156.85714285714286,1,0,1,1,1,0.2305,1.022,44.01
ORD_50037,W_d55c074973f02352,ZONE_MAA_01,2026-09-07,74,3,5778.8,5566.41,212.39,368.3,0.0,Chennai,Metro,Q_Commerce,Scooter,1.0,132,Full-Time,57.1,29,5778.8,4.47,1,1.0,1,23.3,11.4,35.6,34.214285714285715,14.8,136.57142857142858,0,0,0,0,1,0.1549,1.039,42.0
ORD_50038,W_d55c074973f02352,ZONE_MAA_01,2026-09-14,65,6,5778.8,4934.7,844.1,243.2,0.15,Chennai,Metro,Q_Commerce,Scooter,1.0,132,Full-Time,57.1,29,5778.8,4.47,1,1.0,1,27.4,22.7,36.0,33.525,13.4,152.75,0,1,1,0,1,0.2595,1.046,46.11
ORD_50039,W_fcefa50963905fbf,ZONE_BOM_01,2026-06-22,38,1,2908.64,2884.78,23.86,220.5,0.0,Mumbai,Metro,Food_Delivery,Bike,1.2,241,Part-Time,29.0,16,2908.64,4.64,1,1.05,0,24.8,11.5,31.1,30.425,15.3,184.0,0,0,0,1,1,0.1938,1.041,45.67
ORD_50040,W_fcefa50963905fbf,ZONE_BOM_01,2026-06-29,5,1,2908.64,418.81,2489.83,18.7,0.85,Mumbai,Metro,Food_Delivery,Bike,1.2,241,Part-Time,29.0,16,2908.64,4.64,1,1.05,0,493.0,136.9,28.6,27.642857142857142,30.3,147.0,0,0,6,0,1,1.0,1.822,79.0
ORD_50041,W_fcefa50963905fbf,ZONE_BOM_01,2026-07-06,8,2,2908.64,654.69,2253.95,30.8,0.783,Mumbai,Metro,Food_Delivery,Bike,1.2,241,Part-Time,29.0,16,2908.64,4.64,1,1.05,0,235.5,131.8,30.2,29.142857142857142,34.6,143.85714285714286,0,0,2,0,1,0.8044,1.392,79.0
ORD_50042,W_fcefa50963905fbf,ZONE_BOM_01,2026-07-13,20,3,2908.64,1509.14,1399.5,103.6,0.46,Mumbai,Metro,Food_Delivery,Bike,1.2,241,Part-Time,29.0,16,2908.64,4.64,1,1.05,0,92.5,33.1,30.6,29.82857142857143,21.8,156.42857142857142,1,0,1,0,1,0.4088,1.154,59.75
ORD_50043,W_fcefa50963905fbf,ZONE_BOM_01,2026-07-20,5,1,2908.64,448.9,2459.74,20.7,0.85,Mumbai,Metro,Food_Delivery,Bike,1.2,241,Part-Time,29.0,16,2908.64,4.64,1,1.05,0,354.8,107.0,29.6,28.74285714285714,34.0,158.42857142857142,0,0,4,0,1,1.0,1.591,79.0
ORD_50044,W_fcefa50963905fbf,ZONE_BOM_01,2026-07-27,16,3,2908.64,1208.0,1700.64,86.8,0.573,Mumbai,Metro,Food_Delivery,Bike,1.2,241,Part-Time,29.0,16,2908.64,4.64,1,1.05,0,120.9,42.9,29.6,28.957142857142856,25.3,151.42857142857142,0,0,0,0,1,0.3856,1.202,61.21
ORD_50045,W_fcefa50963905fbf,ZONE_BOM_01,2026-08-03,19,3,2908.64,1449.71,1458.93,111.0,0.482,Mumbai,Metro,Food_Delivery,Bike,1.2,241,Part-Time,29.0,16,2908.64,4.64,1,1.05,0,76.8,18.7,29.7,29.285714285714285,21.2,139.0,0,0,0,0,1,0.277,1.128,52.94
ORD_50046,W_fcefa50963905fbf,ZONE_BOM_01,2026-08-10,23,3,2908.64,1785.23,1123.41,107.1,0.362,Mumbai,Metro,Food_Delivery,Bike,1.2,241,Part-Time,29.0,16,2908.64,4.64,1,1.05,0,96.6,30.6,29.7,28.61428571428572,19.0,142.57142857142858,0,0,0,1,1,0.3243,1.161,56.5
ORD_50047,W_fcefa50963905fbf,ZONE_BOM_01,2026-08-17,19,3,2908.64,1486.56,1422.08,105.4,0.499,Mumbai,Metro,Food_Delivery,Bike,1.2,241,Part-Time,29.0,16,2908.64,4.64,1,1.05,0,61.0,16.7,29.7,29.228571428571428,20.6,146.28571428571428,1,0,1,0,1,0.3303,1.102,53.88
ORD_50048,W_fcefa50963905fbf,ZONE_BOM_01,2026-08-24,37,1,2908.64,2793.98,114.66,180.1,0.0,Mumbai,Metro,Food_Delivery,Bike,1.2,241,Part-Time,29.0,16,2908.64,4.64,1,1.05,0,36.4,7.6,29.6,29.25714285714286,21.1,134.0,1,0,1,1,1,0.2657,1.061,49.35
ORD_50049,W_fcefa50963905fbf,ZONE_BOM_01,2026-08-31,35,3,2908.64,2651.11,257.53,171.0,0.127,Mumbai,Metro,Food_Delivery,Bike,1.2,241,Part-Time,29.0,16,2908.64,4.64,1,1.05,0,61.0,16.1,29.6,29.042857142857144,18.4,158.28571428571428,0,0,0,1,1,0.256,1.102,50.87
ORD_50050,W_fcefa50963905fbf,ZONE_BOM_01,2026-09-07,40,2,2908.64,3039.61,0.0,197.9,0.0,Mumbai,Metro,Food_Delivery,Bike,1.2,241,Part-Time,29.0,16,2908.64,4.64,1,1.05,0,52.9,25.5,30.0,29.071428571428573,15.3,169.57142857142858,0,0,0,0,1,0.2462,1.088,49.83
ORD_50051,W_fcefa50963905fbf,ZONE_BOM_01,2026-09-14,38,1,2908.64,2877.86,30.78,220.0,0.0,Mumbai,Metro,Food_Delivery,Bike,1.2,241,Part-Time,29.0,16,2908.64,4.64,1,1.05,0,23.3,10.3,30.0,29.625,20.1,162.0,0,0,0,0,1,0.1739,1.039,44.82
ORD_50052,W_e6659cd15e081cc0,ZONE_HYD_01,2026-06-22,93,4,7046.39,7041.45,4.94,444.0,0.0,Hyderabad,Metro,Food_Delivery,Scooter,1.0,371,Full-Time,63.0,27,7046.39,4.75,1,1.0,1,21.8,14.6,32.6,30.65,17.3,156.25,1,0,1,1,1,0.2496,1.036,45.31
ORD_50053,W_e6659cd15e081cc0,ZONE_HYD_01,2026-06-29,93,4,7046.39,7039.56,6.83,538.1,0.0,Hyderabad,Metro,Food_Delivery,Scooter,1.0,371,Full-Time,63.0,27,7046.39,4.75,1,1.0,1,35.9,10.7,29.8,28.357142857142858,25.4,132.14285714285714,0,0,0,0,1,0.1799,1.06,43.77
ORD_50054,W_e6659cd15e081cc0,ZONE_HYD_01,2026-07-06,97,4,7046.39,7280.29,0.0,445.2,0.0,Hyderabad,Metro,Food_Delivery,Scooter,1.0,371,Full-Time,63.0,27,7046.39,4.75,1,1.0,1,6.2,2.2,33.3,32.27142857142857,25.7,165.28571428571428,0,0,0,0,1,0.1379,1.01,40.22
ORD_50055,W_e6659cd15e081cc0,ZONE_HYD_01,2026-07-13,78,7,7046.39,5889.59,1156.8,376.6,0.15,Hyderabad,Metro,Food_Delivery,Scooter,1.0,371,Full-Time,63.0,27,7046.39,4.75,1,1.0,1,26.8,13.6,33.9,31.52857142857143,19.0,155.14285714285714,0,1,1,0,1,0.26,1.045,46.08
ORD_50056,W_e6659cd15e081cc0,ZONE_HYD_01,2026-07-20,94,4,7046.39,7097.67,0.0,389.5,0.0,Hyderabad,Metro,Food_Delivery,Scooter,1.0,371,Full-Time,63.0,27,7046.39,4.75,1,1.0,1,38.8,13.9,30.0,28.61428571428572,25.3,132.85714285714286,0,0,0,0,1,0.1869,1.065,44.24
ORD_50057,W_e6659cd15e081cc0,ZONE_HYD_01,2026-07-27,68,8,7046.39,5143.29,1903.1,299.3,0.269,Hyderabad,Metro,Food_Delivery,Scooter,1.0,371,Full-Time,63.0,27,7046.39,4.75,1,1.0,1,70.5,24.9,30.6,28.585714285714285,24.3,137.0,0,0,0,0,1,0.2614,1.118,49.36
ORD_50058,W_e6659cd15e081cc0,ZONE_HYD_01,2026-08-03,90,4,7046.39,6769.34,277.05,373.0,0.0,Hyderabad,Metro,Food_Delivery,Scooter,1.0,371,Full-Time,63.0,27,7046.39,4.75,1,1.0,1,20.5,9.0,30.6,29.442857142857143,20.0,136.28571428571428,0,0,0,0,1,0.1483,1.034,41.56
ORD_50059,W_e6659cd15e081cc0,ZONE_HYD_01,2026-08-10,98,4,7046.39,7362.97,0.0,423.7,0.0,Hyderabad,Metro,Food_Delivery,Scooter,1.0,371,Full-Time,63.0,27,7046.39,4.75,1,1.0,1,12.6,3.6,30.8,29.82857142857143,19.8,137.42857142857142,0,0,0,1,1,0.1314,1.021,40.43
ORD_50060,W_e6659cd15e081cc0,ZONE_HYD_01,2026-08-17,71,8,7046.39,5382.31,1664.08,336.8,0.21,Hyderabad,Metro,Food_Delivery,Scooter,1.0,371,Full-Time,63.0,27,7046.39,4.75,1,1.0,1,18.2,11.0,31.5,30.228571428571428,19.4,148.85714285714286,0,1,1,0,1,0.2359,1.03,44.55
ORD_50061,W_e6659cd15e081cc0,ZONE_HYD_01,2026-08-24,92,4,7046.39,6910.46,135.93,330.7,0.0,Hyderabad,Metro,Food_Delivery,Scooter,1.0,371,Full-Time,63.0,27,7046.39,4.75,1,1.0,1,10.4,3.2,30.4,29.17142857142857,21.5,140.14285714285714,0,0,0,1,1,0.1285,1.017,40.17
ORD_50062,W_e6659cd15e081cc0,ZONE_HYD_01,2026-08-31,92,4,7046.39,6921.77,124.62,457.2,0.0,Hyderabad,Metro,Food_Delivery,Scooter,1.0,371,Full-Time,63.0,27,7046.39,4.75,1,1.0,1,8.8,5.3,32.0,30.228571428571428,19.7,159.14285714285714,0,0,0,1,1,0.1392,1.015,40.47
ORD_50063,W_e6659cd15e081cc0,ZONE_HYD_01,2026-09-07,80,7,7046.39,6020.4,1025.99,357.0,0.15,Hyderabad,Metro,Food_Delivery,Scooter,1.0,371,Full-Time,63.0,27,7046.39,4.75,1,1.0,1,26.3,11.7,32.2,31.057142857142857,15.3,156.57142857142858,1,0,1,0,1,0.2599,1.044,46.04
ORD_50064,W_e6659cd15e081cc0,ZONE_HYD_01,2026-09-14,93,4,7046.39,7009.26,37.13,567.9,0.0,Hyderabad,Metro,Food_Delivery,Scooter,1.0,371,Full-Time,63.0,27,7046.39,4.75,1,1.0,1,12.7,5.5,33.4,31.525,10.7,147.5,0,0,0,0,1,0.1392,1.021,40.71
ORD_50065,W_3a0dc0499eeb1040,ZONE_HYD_01,2026-06-22,59,2,4494.13,4439.01,55.12,247.6,0.0,Hyderabad,Metro,E_Commerce,Scooter,1.0,137,Full-Time,40.4,25,4494.13,4.3,1,1.0,1,21.8,14.6,32.6,30.65,17.3,156.25,1,0,1,1,1,0.2496,1.036,45.31
ORD_50066,W_3a0dc0499eeb1040,ZONE_HYD_01,2026-06-29,58,2,4494.13,4378.84,115.29,274.7,0.0,Hyderabad,Metro,E_Commerce,Scooter,1.0,137,Full-Time,40.4,25,4494.13,4.3,1,1.0,1,35.9,10.7,29.8,28.357142857142858,25.4,132.14285714285714,0,0,0,0,1,0.1799,1.06,43.77
ORD_50067,W_3a0dc0499eeb1040,ZONE_HYD_01,2026-07-06,61,3,4494.13,4610.76,0.0,247.4,0.0,Hyderabad,Metro,E_Commerce,Scooter,1.0,137,Full-Time,40.4,25,4494.13,4.3,1,1.0,1,6.2,2.2,33.3,32.27142857142857,25.7,165.28571428571428,0,0,0,0,1,0.1379,1.01,40.22
ORD_50068,W_3a0dc0499eeb1040,ZONE_HYD_01,2026-07-13,51,4,4494.13,3899.96,594.17,181.4,0.15,Hyderabad,Metro,E_Commerce,Scooter,1.0,137,Full-Time,40.4,25,4494.13,4.3,1,1.0,1,26.8,13.6,33.9,31.52857142857143,19.0,155.14285714285714,0,1,1,0,1,0.26,1.045,46.08
ORD_50069,W_3a0dc0499eeb1040,ZONE_HYD_01,2026-07-20,59,2,4494.13,4457.7,36.43,330.1,0.0,Hyderabad,Metro,E_Commerce,Scooter,1.0,137,Full-Time,40.4,25,4494.13,4.3,1,1.0,1,38.8,13.9,30.0,28.61428571428572,25.3,132.85714285714286,0,0,0,0,1,0.1869,1.065,44.24
ORD_50070,W_3a0dc0499eeb1040,ZONE_HYD_01,2026-07-27,48,5,4494.13,3614.56,879.57,194.6,0.201,Hyderabad,Metro,E_Commerce,Scooter,1.0,137,Full-Time,40.4,25,4494.13,4.3,1,1.0,1,70.5,24.9,30.6,28.585714285714285,24.3,137.0,0,0,0,0,1,0.2614,1.118,49.36
ORD_50071,W_3a0dc0499eeb1040,ZONE_HYD_01,2026-08-03,61,3,4494.13,4602.89,0.0,222.1,0.0,Hyderabad,Metro,E_Commerce,Scooter,1.0,137,Full-Time,40.4,25,4494.13,4.3,1,1.0,1,20.5,9.0,30.6,29.442857142857143,20.0,136.28571428571428,0,0,0,0,1,0.1483,1.034,41.56
ORD_50072,W_3a0dc0499eeb1040,ZONE_HYD_01,2026-08-10,62,3,4494.13,4652.57,0.0,250.2,0.0,Hyderabad,Metro,E_Commerce,Scooter,1.0,137,Full-Time,40.4,25,4494.13,4.3,1,1.0,1,12.6,3.6,30.8,29.82857142857143,19.8,137.42857142857142,0,0,0,1,1,0.1314,1.021,40.43
ORD_50073,W_3a0dc0499eeb1040,ZONE_HYD_01,2026-08-17,49,5,4494.13,3683.29,810.84,218.1,0.21,Hyderabad,Metro,E_Commerce,Scooter,1.0,137,Full-Time,40.4,25,4494.13,4.3,1,1.0,1,18.2,11.0,31.5,30.228571428571428,19.4,148.85714285714286,0,1,1,0,1,0.2359,1.03,44.55
ORD_50074,W_3a0dc0499eeb1040,ZONE_HYD_01,2026-08-24,61,3,4494.13,4594.21,0.0,266.1,0.0,Hyderabad,Metro,E_Commerce,Scooter,1.0,137,Full-Time,40.4,25,4494.13,4.3,1,1.0,1,10.4,3.2,30.4,29.17142857142857,21.5,140.14285714285714,0,0,0,1,1,0.1285,1.017,40.17
ORD_50075,W_3a0dc0499eeb1040,ZONE_HYD_01,2026-08-31,62,3,4494.13,4676.55,0.0,238.2,0.0,Hyderabad,Metro,E_Commerce,Scooter,1.0,137,Full-Time,40.4,25,4494.13,4.3,1,1.0,1,8.8,5.3,32.0,30.228571428571428,19.7,159.14285714285714,0,0,0,1,1,0.1392,1.015,40.47
ORD_50076,W_3a0dc0499eeb1040,ZONE_HYD_01,2026-09-07,49,4,4494.13,3697.2,796.93,236.7,0.15,Hyderabad,Metro,E_Commerce,Scooter,1.0,137,Full-Time,40.4,25,4494.13,4.3,1,1.0,1,26.3,11.7,32.2,31.057142857142857,15.3,156.57142857142858,1,0,1,0,1,0.2599,1.044,46.04
ORD_50077,W_3a0dc0499eeb1040,ZONE_HYD_01,2026-09-14,57,2,4494.13,4306.25,187.88,229.7,0.0,Hyderabad,Metro,E_Commerce,Scooter,1.0,137,Full-Time,40.4,25,4494.13,4.3,1,1.0,1,12.7,5.5,33.4,31.525,10.7,147.5,0,0,0,0,1,0.1392,1.021,40.71
ORD_50078,W_21dfcbdd8d139506,ZONE_MAA_01,2026-06-22,77,3,5547.2,5793.37,0.0,472.5,0.0,Chennai,Metro,Q_Commerce,Scooter,1.0,111,Full-Time,50.2,26,5547.2,4.88,1,1.0,1,33.7,24.5,37.6,36.225,17.3,159.25,0,0,0,1,1,0.1953,1.056,44.18
ORD_50079,W_21dfcbdd8d139506,ZONE_MAA_01,2026-06-29,73,3,5547.2,5478.56,68.64,437.5,0.0,Chennai,Metro,Q_Commerce,Scooter,1.0,111,Full-Time,50.2,26,5547.2,4.88,1,1.0,1,11.8,5.8,38.4,35.55714285714286,23.0,123.0,0,0,0,0,1,0.1188,1.02,39.94
ORD_50080,W_21dfcbdd8d139506,ZONE_MAA_01,2026-07-06,63,5,5547.2,4736.26,810.94,266.4,0.15,Chennai,Metro,Q_Commerce,Scooter,1.0,111,Full-Time,50.2,26,5547.2,4.88,1,1.0,1,9.3,5.2,39.2,37.55714285714286,26.3,163.28571428571428,1,0,1,0,1,0.2267,1.016,43.62
ORD_50081,W_21dfcbdd8d139506,ZONE_MAA_01,2026-07-13,75,3,5547.2,5659.47,0.0,395.9,0.0,Chennai,Metro,Q_Commerce,Scooter,1.0,111,Full-Time,50.2,26,5547.2,4.88,1,1.0,1,11.3,4.9,38.7,36.51428571428571,19.1,141.57142857142858,0,0,0,0,1,0.1316,1.019,40.36
ORD_50082,W_21dfcbdd8d139506,ZONE_MAA_01,2026-07-20,68,5,5547.2,5120.3,426.9,286.7,0.12,Chennai,Metro,Q_Commerce,Scooter,1.0,111,Full-Time,50.2,26,5547.2,4.88,1,1.0,1,35.6,10.7,36.4,34.714285714285715,17.5,131.57142857142858,0,0,0,0,1,0.1788,1.059,43.69
ORD_50083,W_21dfcbdd8d139506,ZONE_MAA_01,2026-07-27,75,3,5547.2,5642.64,0.0,273.0,0.0,Chennai,Metro,Q_Commerce,Scooter,1.0,111,Full-Time,50.2,26,5547.2,4.88,1,1.0,1,26.0,8.2,37.6,36.48571428571429,23.1,145.14285714285714,0,0,0,0,1,0.1674,1.043,42.62
ORD_50084,W_21dfcbdd8d139506,ZONE_MAA_01,2026-08-03,71,3,5547.2,5332.88,214.32,249.3,0.0,Chennai,Metro,Q_Commerce,Scooter,1.0,111,Full-Time,50.2,26,5547.2,4.88,1,1.0,1,38.5,6.7,34.8,33.94285714285714,19.7,150.71428571428572,0,0,0,0,1,0.1997,1.064,44.68
ORD_50085,W_21dfcbdd8d139506,ZONE_MAA_01,2026-08-10,77,3,5547.2,5824.26,0.0,436.3,0.0,Chennai,Metro,Q_Commerce,Scooter,1.0,111,Full-Time,50.2,26,5547.2,4.88,1,1.0,1,15.6,9.3,35.5,35.08571428571428,18.4,153.57142857142858,1,0,1,1,1,0.2336,1.026,44.3
ORD_50086,W_21dfcbdd8d139506,ZONE_MAA_01,2026-08-17,76,3,5547.2,5706.25,0.0,370.6,0.0,Chennai,Metro,Q_Commerce,Scooter,1.0,111,Full-Time,50.2,26,5547.2,4.88,1,1.0,1,29.4,12.9,36.3,35.75714285714285,20.7,143.71428571428572,0,0,0,0,1,0.1739,1.049,43.1
ORD_50087,W_21dfcbdd8d139506,ZONE_MAA_01,2026-08-24,72,3,5547.2,5436.29,110.91,281.4,0.0,Chennai,Metro,Q_Commerce,Scooter,1.0,111,Full-Time,50.2,26,5547.2,4.88,1,1.0,1,15.1,7.6,36.6,34.77142857142857,18.4,144.14285714285714,1,0,1,1,1,0.2254,1.025,43.96
ORD_50088,W_21dfcbdd8d139506,ZONE_MAA_01,2026-08-31,72,3,5547.2,5427.75,119.45,325.1,0.0,Chennai,Metro,Q_Commerce,Scooter,1.0,111,Full-Time,50.2,26,5547.2,4.88,1,1.0,1,13.1,3.6,35.6,34.41428571428571,16.9,156.85714285714286,1,0,1,1,1,0.2305,1.022,44.01
ORD_50089,W_21dfcbdd8d139506,ZONE_MAA_01,2026-09-07,75,3,5547.2,5689.38,0.0,371.8,0.0,Chennai,Metro,Q_Commerce,Scooter,1.0,111,Full-Time,50.2,26,5547.2,4.88,1,1.0,1,23.3,11.4,35.6,34.214285714285715,14.8,136.57142857142858,0,0,0,0,1,0.1549,1.039,42.0
ORD_50090,W_21dfcbdd8d139506,ZONE_MAA_01,2026-09-14,60,5,5547.2,4515.9,1031.3,212.9,0.15,Chennai,Metro,Q_Commerce,Scooter,1.0,111,Full-Time,50.2,26,5547.2,4.88,1,1.0,1,27.4,22.7,36.0,33.525,13.4,152.75,0,1,1,0,1,0.2595,1.046,46.11
ORD_50091,W_609c85a6fdc90054,ZONE_HYD_01,2026-06-22,69,3,5447.71,5231.07,216.64,318.0,0.0,Hyderabad,Metro,E_Commerce,Bike,1.2,62,Full-Time,52.2,25,5447.71,5.0,1,1.05,1,21.8,14.6,32.6,30.65,17.3,156.25,1,0,1,1,1,0.2496,1.036,47.58
ORD_50092,W_609c85a6fdc90054,ZONE_HYD_01,2026-06-29,75,3,5447.71,5683.7,0.0,391.6,0.0,Hyderabad,Metro,E_Commerce,Bike,1.2,62,Full-Time,52.2,25,5447.71,5.0,1,1.05,1,35.9,10.7,29.8,28.357142857142858,25.4,132.14285714285714,0,0,0,0,1,0.1799,1.06,45.96
ORD_50093,W_609c85a6fdc90054,ZONE_HYD_01,2026-07-06,74,3,5447.71,5612.14,0.0,352.2,0.0,Hyderabad,Metro,E_Commerce,Bike,1.2,62,Full-Time,52.2,25,5447.71,5.0,1,1.05,1,6.2,2.2,33.3,32.27142857142857,25.7,165.28571428571428,0,0,0,0,1,0.1379,1.01,42.24
ORD_50094,W_609c85a6fdc90054,ZONE_HYD_01,2026-07-13,60,5,5447.71,4566.5,881.21,227.6,0.15,Hyderabad,Metro,E_Commerce,Bike,1.2,62,Full-Time,52.2,25,5447.71,5.0,1,1.05,1,26.8,13.6,33.9,31.52857142857143,19.0,155.14285714285714,0,1,1,0,1,0.26,1.045,48.39
ORD_50095,W_609c85a6fdc90054,ZONE_HYD_01,2026-07-20,75,3,5447.71,5652.51,0.0,421.1,0.0,Hyderabad,Metro,E_Commerce,Bike,1.2,62,Full-Time,52.2,25,5447.71,5.0,1,1.05,1,38.8,13.9,30.0,28.61428571428572,25.3,132.85714285714286,0,0,0,0,1,0.1869,1.065,46.45
ORD_50096,W_609c85a6fdc90054,ZONE_HYD_01,2026-07-27,57,6,5447.71,4307.54,1140.17,274.5,0.21,Hyderabad,Metro,E_Commerce,Bike,1.2,62,Full-Time,52.2,25,5447.71,5.0,1,1.05,1,70.5,24.9,30.6,28.585714285714285,24.3,137.0,0,0,0,0,1,0.2614,1.118,51.83
ORD_50097,W_609c85a6fdc90054,ZONE_HYD_01,2026-08-03,73,3,5447.71,5515.86,0.0,442.0,0.0,Hyderabad,Metro,E_Commerce,Bike,1.2,62,Full-Time,52.2,25,5447.71,5.0,1,1.05,1,20.5,9.0,30.6,29.442857142857143,20.0,136.28571428571428,0,0,0,0,1,0.1483,1.034,43.63
ORD_50098,W_609c85a6fdc90054,ZONE_HYD_01,2026-08-10,73,3,5447.71,5491.17,0.0,362.0,0.0,Hyderabad,Metro,E_Commerce,Bike,1.2,62,Full-Time,52.2,25,5447.71,5.0,1,1.05,1,12.6,3.6,30.8,29.82857142857143,19.8,137.42857142857142,0,0,0,1,1,0.1314,1.021,42.45
ORD_50099,W_609c85a6fdc90054,ZONE_HYD_01,2026-08-17,54,6,5447.71,4110.16,1337.55,198.2,0.21,Hyderabad,Metro,E_Commerce,Bike,1.2,62,Full-Time,52.2,25,5447.71,5.0,1,1.05,1,18.2,11.0,31.5,30.228571428571428,19.4,148.85714285714286,0,1,1,0,1,0.2359,1.03,46.78
ORD_50100,W_609c85a6fdc90054,ZONE_HYD_01,2026-08-24,70,3,5447.71,5277.39,170.32,251.1,0.0,Hyderabad,Metro,E_Commerce,Bike,1.2,62,Full-Time,52.2,25,5447.71,5.0,1,1.05,1,10.4,3.2,30.4,29.17142857142857,21.5,140.14285714285714,0,0,0,1,1,0.1285,1.017,42.18
ORD_50101,W_609c85a6fdc90054,ZONE_HYD_01,2026-08-31,74,3,5447.71,5580.28,0.0,403.5,0.0,Hyderabad,Metro,E_Commerce,Bike,1.2,62,Full-Time,52.2,25,5447.71,5.0,1,1.05,1,8.8,5.3,32.0,30.228571428571428,19.7,159.14285714285714,0,0,0,1,1,0.1392,1.015,42.49
ORD_50102,W_609c85a6fdc90054,ZONE_HYD_01,2026-09-07,59,5,5447.71,4462.03,985.68,339.7,0.15,Hyderabad,Metro,E_Commerce,Bike,1.2,62,Full-Time,52.2,25,5447.71,5.0,1,1.05,1,26.3,11.7,32.2,31.057142857142857,15.3,156.57142857142858,1,0,1,0,1,0.2599,1.044,48.34
ORD_50103,W_609c85a6fdc90054,ZONE_HYD_01,2026-09-14,70,3,5447.71,5259.65,188.06,301.9,0.0,Hyderabad,Metro,E_Commerce,Bike,1.2,62,Full-Time,52.2,25,5447.71,5.0,1,1.05,1,12.7,5.5,33.4,31.525,10.7,147.5,0,0,0,0,1,0.1392,1.021,42.74
ORD_50104,W_792a0e4885181e53,ZONE_BLR_01,2026-06-22,71,3,5464.52,5327.35,137.17,319.9,0.0,Bangalore,Metro,Q_Commerce,Bike,1.2,136,Full-Time,50.7,26,5464.52,4.86,1,1.05,1,16.3,5.3,30.1,29.475,20.2,135.25,0,0,0,1,1,0.1381,1.027,42.95
ORD_50105,W_792a0e4885181e53,ZONE_BLR_01,2026-06-29,60,5,5464.52,4530.89,933.63,289.2,0.15,Bangalore,Metro,Q_Commerce,Bike,1.2,136,Full-Time,50.7,26,5464.52,4.86,1,1.05,1,20.1,8.4,29.2,27.985714285714288,29.9,153.85714285714286,1,0,1,0,1,0.244,1.034,47.27
ORD_50106,W_792a0e4885181e53,ZONE_BLR_01,2026-07-06,72,3,5464.52,5413.92,50.6,443.8,0.0,Bangalore,Metro,Q_Commerce,Bike,1.2,136,Full-Time,50.7,26,5464.52,4.86,1,1.05,1,8.399999999999999,3.3,31.8,29.77142857142857,29.7,172.71428571428572,0,0,0,0,1,0.1484,1.014,42.79
ORD_50107,W_792a0e4885181e53,ZONE_BLR_01,2026-07-13,69,3,5464.52,5221.86,242.66,268.0,0.0,Bangalore,Metro,Q_Commerce,Bike,1.2,136,Full-Time,50.7,26,5464.52,4.86,1,1.05,1,16.8,9.8,32.1,29.785714285714285,20.5,124.57142857142856,0,0,0,0,1,0.1312,1.028,42.74
ORD_50108,W_792a0e4885181e53,ZONE_BLR_01,2026-07-20,59,5,5464.52,4437.14,1027.38,306.2,0.15,Bangalore,Metro,Q_Commerce,Bike,1.2,136,Full-Time,50.7,26,5464.52,4.86,1,1.05,1,33.4,8.9,29.5,28.414285714285715,21.1,162.85714285714286,1,0,1,0,1,0.2806,1.056,49.7
ORD_50109,W_792a0e4885181e53,ZONE_BLR_01,2026-07-27,69,3,5464.52,5221.08,243.44,397.3,0.0,Bangalore,Metro,Q_Commerce,Bike,1.2,136,Full-Time,50.7,26,5464.52,4.86,1,1.05,1,28.8,17.0,29.7,28.685714285714287,25.0,169.42857142857142,0,0,0,0,1,0.1919,1.048,45.9
ORD_50110,W_792a0e4885181e53,ZONE_BLR_01,2026-08-03,53,6,5464.52,3988.1,1476.42,265.9,0.272,Bangalore,Metro,Q_Commerce,Bike,1.2,136,Full-Time,50.7,26,5464.52,4.86,1,1.05,1,76.3,18.5,28.3,27.285714285714285,21.1,143.0,0,0,0,0,1,0.2789,1.127,52.97
ORD_50111,W_792a0e4885181e53,ZONE_BLR_01,2026-08-10,70,3,5464.52,5284.64,179.88,282.4,0.0,Bangalore,Metro,Q_Commerce,Bike,1.2,136,Full-Time,50.7,26,5464.52,4.86,1,1.05,1,19.9,5.6,30.7,29.17142857142857,21.8,129.0,0,0,0,1,1,0.1415,1.033,43.33
ORD_50112,W_792a0e4885181e53,ZONE_BLR_01,2026-08-17,60,5,5464.52,4560.69,903.83,306.1,0.15,Bangalore,Metro,Q_Commerce,Bike,1.2,136,Full-Time,50.7,26,5464.52,4.86,1,1.05,1,31.4,9.8,29.9,28.4,22.2,146.57142857142858,1,0,1,0,1,0.2639,1.052,48.86
ORD_50113,W_792a0e4885181e53,ZONE_BLR_01,2026-08-24,70,3,5464.52,5306.11,158.41,267.0,0.0,Bangalore,Metro,Q_Commerce,Bike,1.2,136,Full-Time,50.7,26,5464.52,4.86,1,1.05,1,35.7,18.2,28.8,28.014285714285712,22.3,167.14285714285714,0,0,0,1,1,0.2057,1.06,46.97
ORD_50114,W_792a0e4885181e53,ZONE_BLR_01,2026-08-31,76,3,5464.52,5721.42,0.0,270.5,0.0,Bangalore,Metro,Q_Commerce,Bike,1.2,136,Full-Time,50.7,26,5464.52,4.86,1,1.05,1,13.2,3.6,30.8,29.542857142857144,19.3,142.71428571428572,1,0,1,1,1,0.2201,1.022,45.83
ORD_50115,W_792a0e4885181e53,ZONE_BLR_01,2026-09-07,75,3,5464.52,5629.93,0.0,422.1,0.0,Bangalore,Metro,Q_Commerce,Bike,1.2,136,Full-Time,50.7,26,5464.52,4.86,1,1.05,1,8.5,5.1,31.0,30.62857142857143,14.9,128.28571428571428,0,0,0,0,1,0.1153,1.014,41.56
ORD_50116,W_792a0e4885181e53,ZONE_BLR_01,2026-09-14,71,3,5464.52,5353.71,110.81,274.5,0.0,Bangalore,Metro,Q_Commerce,Bike,1.2,136,Full-Time,50.7,26,5464.52,4.86,1,1.05,1,33.1,9.6,30.8,30.425,13.6,137.5,0,0,0,0,1,0.1776,1.055,45.66
ORD_50117,W_3977fff286ddbad0,ZONE_HYD_01,2026-06-22,74,3,5822.74,5616.4,206.34,398.3,0.0,Hyderabad,Metro,Food_Delivery,Scooter,1.0,418,Full-Time,50.8,24,5822.74,4.85,1,1.0,1,21.8,14.6,32.6,30.65,17.3,156.25,1,0,1,1,1,0.2496,1.036,45.31
ORD_50118,W_3977fff286ddbad0,ZONE_HYD_01,2026-06-29,78,3,5822.74,5905.89,0.0,437.8,0.0,Hyderabad,Metro,Food_Delivery,Scooter,1.0,418,Full-Time,50.8,24,5822.74,4.85,1,1.0,1,35.9,10.7,29.8,28.357142857142858,25.4,132.14285714285714,0,0,0,0,1,0.1799,1.06,43.77
ORD_50119,W_3977fff286ddbad0,ZONE_HYD_01,2026-07-06,81,4,5822.74,6077.47,0.0,434.8,0.0,Hyderabad,Metro,Food_Delivery,Scooter,1.0,418,Full-Time,50.8,24,5822.74,4.85,1,1.0,1,6.2,2.2,33.3,32.27142857142857,25.7,165.28571428571428,0,0,0,0,1,0.1379,1.01,40.22
ORD_50120,W_3977fff286ddbad0,ZONE_HYD_01,2026-07-13,63,5,5822.74,4779.0,1043.74,261.9,0.15,Hyderabad,Metro,Food_Delivery,Scooter,1.0,418,Full-Time,50.8,24,5822.74,4.85,1,1.0,1,26.8,13.6,33.9,31.52857142857143,19.0,155.14285714285714,0,1,1,0,1,0.26,1.045,46.08
ORD_50121,W_3977fff286ddbad0,ZONE_HYD_01,2026-07-20,80,4,5822.74,6021.99,0.0,325.2,0.0,Hyderabad,Metro,Food_Delivery,Scooter,1.0,418,Full-Time,50.8,24,5822.74,4.85,1,1.0,1,38.8,13.9,30.0,28.61428571428572,25.3,132.85714285714286,0,0,0,0,1,0.1869,1.065,44.24
ORD_50122,W_3977fff286ddbad0,ZONE_HYD_01,2026-07-27,66,6,5822.74,4985.31,837.43,302.7,0.161,Hyderabad,Metro,Food_Delivery,Scooter,1.0,418,Full-Time,50.8,24,5822.74,4.85,1,1.0,1,70.5,24.9,30.6,28.585714285714285,24.3,137.0,0,0,0,0,1,0.2614,1.118,49.36
ORD_50123,W_3977fff286ddbad0,ZONE_HYD_01,2026-08-03,80,4,5822.74,6067.32,0.0,420.5,0.0,Hyderabad,Metro,Food_Delivery,Scooter,1.0,418,Full-Time,50.8,24,5822.74,4.85,1,1.0,1,20.5,9.0,30.6,29.442857142857143,20.0,136.28571428571428,0,0,0,0,1,0.1483,1.034,41.56
ORD_50124,W_3977fff286ddbad0,ZONE_HYD_01,2026-08-10,74,3,5822.74,5584.25,238.49,448.4,0.0,Hyderabad,Metro,Food_Delivery,Scooter,1.0,418,Full-Time,50.8,24,5822.74,4.85,1,1.0,1,12.6,3.6,30.8,29.82857142857143,19.8,137.42857142857142,0,0,0,1,1,0.1314,1.021,40.43
ORD_50125,W_3977fff286ddbad0,ZONE_HYD_01,2026-08-17,59,6,5822.74,4488.9,1333.84,260.2,0.21,Hyderabad,Metro,Food_Delivery,Scooter,1.0,418,Full-Time,50.8,24,5822.74,4.85,1,1.0,1,18.2,11.0,31.5,30.228571428571428,19.4,148.85714285714286,0,1,1,0,1,0.2359,1.03,44.55
ORD_50126,W_3977fff286ddbad0,ZONE_HYD_01,2026-08-24,76,3,5822.74,5765.83,56.91,276.5,0.0,Hyderabad,Metro,Food_Delivery,Scooter,1.0,418,Full-Time,50.8,24,5822.74,4.85,1,1.0,1,10.4,3.2,30.4,29.17142857142857,21.5,140.14285714285714,0,0,0,1,1,0.1285,1.017,40.17
ORD_50127,W_3977fff286ddbad0,ZONE_HYD_01,2026-08-31,77,3,5822.74,5820.71,2.03,295.1,0.0,Hyderabad,Metro,Food_Delivery,Scooter,1.0,418,Full-Time,50.8,24,5822.74,4.85,1,1.0,1,8.8,5.3,32.0,30.228571428571428,19.7,159.14285714285714,0,0,0,1,1,0.1392,1.015,40.47
ORD_50128,W_3977fff286ddbad0,ZONE_HYD_01,2026-09-07,65,6,5822.74,4900.32,922.42,289.0,0.15,Hyderabad,Metro,Food_Delivery,Scooter,1.0,418,Full-Time,50.8,24,5822.74,4.85,1,1.0,1,26.3,11.7,32.2,31.057142857142857,15.3,156.57142857142858,1,0,1,0,1,0.2599,1.044,46.04
ORD_50129,W_3977fff286ddbad0,ZONE_HYD_01,2026-09-14,79,3,5822.74,5981.61,0.0,447.8,0.0,Hyderabad,Metro,Food_Delivery,Scooter,1.0,418,Full-Time,50.8,24,5822.74,4.85,1,1.0,1,12.7,5.5,33.4,31.525,10.7,147.5,0,0,0,0,1,0.1392,1.021,40.71
ORD_50130,W_dd2424a5de7ce13b,ZONE_MAA_01,2026-06-22,35,1,2772.62,2676.52,96.1,157.1,0.0,Chennai,Metro,Food_Delivery,Scooter,1.0,59,Part-Time,27.1,13,2772.62,4.56,1,1.0,0,33.7,24.5,37.6,36.225,17.3,159.25,0,0,0,1,1,0.1953,1.056,44.18
ORD_50131,W_dd2424a5de7ce13b,ZONE_MAA_01,2026-06-29,36,1,2772.62,2737.51,35.11,140.7,0.0,Chennai,Metro,Food_Delivery,Scooter,1.0,59,Part-Time,27.1,13,2772.62,4.56,1,1.0,0,11.8,5.8,38.4,35.55714285714286,23.0,123.0,0,0,0,0,1,0.1188,1.02,39.94
ORD_50132,W_dd2424a5de7ce13b,ZONE_MAA_01,2026-07-06,32,3,2772.62,2427.06,345.56,173.1,0.15,Chennai,Metro,Food_Delivery,Scooter,1.0,59,Part-Time,27.1,13,2772.62,4.56,1,1.0,0,9.3,5.2,39.2,37.55714285714286,26.3,163.28571428571428,1,0,1,0,1,0.2267,1.016,43.62
ORD_50133,W_dd2424a5de7ce13b,ZONE_MAA_01,2026-07-13,35,1,2772.62,2686.77,85.85,157.2,0.0,Chennai,Metro,Food_Delivery,Scooter,1.0,59,Part-Time,27.1,13,2772.62,4.56,1,1.0,0,11.3,4.9,38.7,36.51428571428571,19.1,141.57142857142858,0,0,0,0,1,0.1316,1.019,40.36
ORD_50134,W_dd2424a5de7ce13b,ZONE_MAA_01,2026-07-20,31,2,2772.62,2343.73,428.89,161.1,0.12,Chennai,Metro,Food_Delivery,Scooter,1.0,59,Part-Time,27.1,13,2772.62,4.56,1,1.0,0,35.6,10.7,36.4,34.714285714285715,17.5,131.57142857142858,0,0,0,0,1,0.1788,1.059,43.69
ORD_50135,W_dd2424a5de7ce13b,ZONE_MAA_01,2026-07-27,35,1,2772.62,2667.64,104.98,215.7,0.0,Chennai,Metro,Food_Delivery,Scooter,1.0,59,Part-Time,27.1,13,2772.62,4.56,1,1.0,0,26.0,8.2,37.6,36.48571428571429,23.1,145.14285714285714,0,0,0,0,1,0.1674,1.043,42.62
ORD_50136,W_dd2424a5de7ce13b,ZONE_MAA_01,2026-08-03,38,1,2772.62,2850.44,0.0,173.0,0.0,Chennai,Metro,Food_Delivery,Scooter,1.0,59,Part-Time,27.1,13,2772.62,4.56,1,1.0,0,38.5,6.7,34.8,33.94285714285714,19.7,150.71428571428572,0,0,0,0,1,0.1997,1.064,44.68
ORD_50137,W_dd2424a5de7ce13b,ZONE_MAA_01,2026-08-10,37,1,2772.62,2794.4,0.0,220.5,0.0,Chennai,Metro,Food_Delivery,Scooter,1.0,59,Part-Time,27.1,13,2772.62,4.56,1,1.0,0,15.6,9.3,35.5,35.08571428571428,18.4,153.57142857142858,1,0,1,1,1,0.2336,1.026,44.3
ORD_50138,W_dd2424a5de7ce13b,ZONE_MAA_01,2026-08-17,37,1,2772.62,2787.62,0.0,146.9,0.0,Chennai,Metro,Food_Delivery,Scooter,1.0,59,Part-Time,27.1,13,2772.62,4.56,1,1.0,0,29.4,12.9,36.3,35.75714285714285,20.7,143.71428571428572,0,0,0,0,1,0.1739,1.049,43.1
ORD_50139,W_dd2424a5de7ce13b,ZONE_MAA_01,2026-08-24,36,1,2772.62,2738.99,33.63,208.0,0.0,Chennai,Metro,Food_Delivery,Scooter,1.0,59,Part-Time,27.1,13,2772.62,4.56,1,1.0,0,15.1,7.6,36.6,34.77142857142857,18.4,144.14285714285714,1,0,1,1,1,0.2254,1.025,43.96
ORD_50140,W_dd2424a5de7ce13b,ZONE_MAA_01,2026-08-31,37,1,2772.62,2812.6,0.0,194.5,0.0,Chennai,Metro,Food_Delivery,Scooter,1.0,59,Part-Time,27.1,13,2772.62,4.56,1,1.0,0,13.1,3.6,35.6,34.41428571428571,16.9,156.85714285714286,1,0,1,1,1,0.2305,1.022,44.01
ORD_50141,W_dd2424a5de7ce13b,ZONE_MAA_01,2026-09-07,38,1,2772.62,2874.33,0.0,224.7,0.0,Chennai,Metro,Food_Delivery,Scooter,1.0,59,Part-Time,27.1,13,2772.62,4.56,1,1.0,0,23.3,11.4,35.6,34.214285714285715,14.8,136.57142857142858,0,0,0,0,1,0.1549,1.039,42.0
ORD_50142,W_dd2424a5de7ce13b,ZONE_MAA_01,2026-09-14,32,3,2772.62,2455.66,316.96,120.2,0.15,Chennai,Metro,Food_Delivery,Scooter,1.0,59,Part-Time,27.1,13,2772.62,4.56,1,1.0,0,27.4,22.7,36.0,33.525,13.4,152.75,0,1,1,0,1,0.2595,1.046,46.11
ORD_50143,W_09f1c178b8d4ab95,ZONE_MAA_01,2026-06-22,36,1,2750.94,2763.08,0.0,198.0,0.0,Chennai,Metro,Food_Delivery,Scooter,1.0,125,Part-Time,27.2,20,2750.94,4.82,1,1.0,0,33.7,24.5,37.6,36.225,17.3,159.25,0,0,0,1,1,0.1953,1.056,44.18
ORD_50144,W_09f1c178b8d4ab95,ZONE_MAA_01,2026-06-29,37,1,2750.94,2821.62,0.0,190.1,0.0,Chennai,Metro,Food_Delivery,Scooter,1.0,125,Part-Time,27.2,20,2750.94,4.82,1,1.0,0,11.8,5.8,38.4,35.55714285714286,23.0,123.0,0,0,0,0,1,0.1188,1.02,39.94
ORD_50145,W_09f1c178b8d4ab95,ZONE_MAA_01,2026-07-06,30,2,2750.94,2260.38,490.56,169.6,0.15,Chennai,Metro,Food_Delivery,Scooter,1.0,125,Part-Time,27.2,20,2750.94,4.82,1,1.0,0,9.3,5.2,39.2,37.55714285714286,26.3,163.28571428571428,1,0,1,0,1,0.2267,1.016,43.62
ORD_50146,W_09f1c178b8d4ab95,ZONE_MAA_01,2026-07-13,37,1,2750.94,2811.49,0.0,138.1,0.0,Chennai,Metro,Food_Delivery,Scooter,1.0,125,Part-Time,27.2,20,2750.94,4.82,1,1.0,0,11.3,4.9,38.7,36.51428571428571,19.1,141.57142857142858,0,0,0,0,1,0.1316,1.019,40.36
ORD_50147,W_09f1c178b8d4ab95,ZONE_MAA_01,2026-07-20,32,2,2750.94,2412.07,338.87,127.0,0.12,Chennai,Metro,Food_Delivery,Scooter,1.0,125,Part-Time,27.2,20,2750.94,4.82,1,1.0,0,35.6,10.7,36.4,34.714285714285715,17.5,131.57142857142858,0,0,0,0,1,0.1788,1.059,43.69
ORD_50148,W_09f1c178b8d4ab95,ZONE_MAA_01,2026-07-27,36,1,2750.94,2706.23,44.71,127.8,0.0,Chennai,Metro,Food_Delivery,Scooter,1.0,125,Part-Time,27.2,20,2750.94,4.82,1,1.0,0,26.0,8.2,37.6,36.48571428571429,23.1,145.14285714285714,0,0,0,0,1,0.1674,1.043,42.62
ORD_50149,W_09f1c178b8d4ab95,ZONE_MAA_01,2026-08-03,36,1,2750.94,2723.52,27.42,179.4,0.0,Chennai,Metro,Food_Delivery,Scooter,1.0,125,Part-Time,27.2,20,2750.94,4.82,1,1.0,0,38.5,6.7,34.8,33.94285714285714,19.7,150.71428571428572,0,0,0,0,1,0.1997,1.064,44.68
ORD_50150,W_09f1c178b8d4ab95,ZONE_MAA_01,2026-08-10,37,1,2750.94,2783.84,0.0,195.8,0.0,Chennai,Metro,Food_Delivery,Scooter,1.0,125,Part-Time,27.2,20,2750.94,4.82,1,1.0,0,15.6,9.3,35.5,35.08571428571428,18.4,153.57142857142858,1,0,1,1,1,0.2336,1.026,44.3
ORD_50151,W_09f1c178b8d4ab95,ZONE_MAA_01,2026-08-17,37,1,2750.94,2843.45,0.0,151.0,0.0,Chennai,Metro,Food_Delivery,Scooter,1.0,125,Part-Time,27.2,20,2750.94,4.82,1,1.0,0,29.4,12.9,36.3,35.75714285714285,20.7,143.71428571428572,0,0,0,0,1,0.1739,1.049,43.1
ORD_50152,W_09f1c178b8d4ab95,ZONE_MAA_01,2026-08-24,35,1,2750.94,2646.54,104.4,203.0,0.0,Chennai,Metro,Food_Delivery,Scooter,1.0,125,Part-Time,27.2,20,2750.94,4.82,1,1.0,0,15.1,7.6,36.6,34.77142857142857,18.4,144.14285714285714,1,0,1,1,1,0.2254,1.025,43.96
ORD_50153,W_09f1c178b8d4ab95,ZONE_MAA_01,2026-08-31,35,1,2750.94,2656.48,94.46,214.6,0.0,Chennai,Metro,Food_Delivery,Scooter,1.0,125,Part-Time,27.2,20,2750.94,4.82,1,1.0,0,13.1,3.6,35.6,34.41428571428571,16.9,156.85714285714286,1,0,1,1,1,0.2305,1.022,44.01
ORD_50154,W_09f1c178b8d4ab95,ZONE_MAA_01,2026-09-07,37,1,2750.94,2845.17,0.0,179.5,0.0,Chennai,Metro,Food_Delivery,Scooter,1.0,125,Part-Time,27.2,20,2750.94,4.82,1,1.0,0,23.3,11.4,35.6,34.214285714285715,14.8,136.57142857142858,0,0,0,0,1,0.1549,1.039,42.0
ORD_50155,W_09f1c178b8d4ab95,ZONE_MAA_01,2026-09-14,32,3,2750.94,2450.87,300.07,120.4,0.15,Chennai,Metro,Food_Delivery,Scooter,1.0,125,Part-Time,27.2,20,2750.94,4.82,1,1.0,0,27.4,22.7,36.0,33.525,13.4,152.75,0,1,1,0,1,0.2595,1.046,46.11
ORD_50156,W_45d2919c6d443325,ZONE_HYD_01,2026-06-22,33,1,2555.82,2505.49,50.33,172.4,0.0,Hyderabad,Metro,Food_Delivery,Scooter,1.0,128,Part-Time,22.4,13,2555.82,5.0,1,1.0,0,21.8,14.6,32.6,30.65,17.3,156.25,1,0,1,1,1,0.2496,1.036,45.31
ORD_50157,W_45d2919c6d443325,ZONE_HYD_01,2026-06-29,33,1,2555.82,2517.48,38.34,198.2,0.0,Hyderabad,Metro,Food_Delivery,Scooter,1.0,128,Part-Time,22.4,13,2555.82,5.0,1,1.0,0,35.9,10.7,29.8,28.357142857142858,25.4,132.14285714285714,0,0,0,0,1,0.1799,1.06,43.77
ORD_50158,W_45d2919c6d443325,ZONE_HYD_01,2026-07-06,32,1,2555.82,2444.8,111.02,159.5,0.0,Hyderabad,Metro,Food_Delivery,Scooter,1.0,128,Part-Time,22.4,13,2555.82,5.0,1,1.0,0,6.2,2.2,33.3,32.27142857142857,25.7,165.28571428571428,0,0,0,0,1,0.1379,1.01,40.22
ORD_50159,W_45d2919c6d443325,ZONE_HYD_01,2026-07-13,29,2,2555.82,2192.19,363.63,152.6,0.15,Hyderabad,Metro,Food_Delivery,Scooter,1.0,128,Part-Time,22.4,13,2555.82,5.0,1,1.0,0,26.8,13.6,33.9,31.52857142857143,19.0,155.14285714285714,0,1,1,0,1,0.26,1.045,46.08
ORD_50160,W_45d2919c6d443325,ZONE_HYD_01,2026-07-20,33,1,2555.82,2493.37,62.45,148.0,0.0,Hyderabad,Metro,Food_Delivery,Scooter,1.0,128,Part-Time,22.4,13,2555.82,5.0,1,1.0,0,38.8,13.9,30.0,28.61428571428572,25.3,132.85714285714286,0,0,0,0,1,0.1869,1.065,44.24
ORD_50161,W_45d2919c6d443325,ZONE_HYD_01,2026-07-27,23,3,2555.82,1792.6,763.22,131.8,0.277,Hyderabad,Metro,Food_Delivery,Scooter,1.0,128,Part-Time,22.4,13,2555.82,5.0,1,1.0,0,70.5,24.9,30.6,28.585714285714285,24.3,137.0,0,0,0,0,1,0.2614,1.118,49.36
ORD_50162,W_45d2919c6d443325,ZONE_HYD_01,2026-08-03,34,1,2555.82,2571.83,0.0,189.0,0.0,Hyderabad,Metro,Food_Delivery,Scooter,1.0,128,Part-Time,22.4,13,2555.82,5.0,1,1.0,0,20.5,9.0,30.6,29.442857142857143,20.0,136.28571428571428,0,0,0,0,1,0.1483,1.034,41.56
ORD_50163,W_45d2919c6d443325,ZONE_HYD_01,2026-08-10,34,1,2555.82,2610.41,0.0,138.0,0.0,Hyderabad,Metro,Food_Delivery,Scooter,1.0,128,Part-Time,22.4,13,2555.82,5.0,1,1.0,0,12.6,3.6,30.8,29.82857142857143,19.8,137.42857142857142,0,0,0,1,1,0.1314,1.021,40.43
ORD_50164,W_45d2919c6d443325,ZONE_HYD_01,2026-08-17,27,3,2555.82,2032.99,522.83,157.8,0.21,Hyderabad,Metro,Food_Delivery,Scooter,1.0,128,Part-Time,22.4,13,2555.82,5.0,1,1.0,0,18.2,11.0,31.5,30.228571428571428,19.4,148.85714285714286,0,1,1,0,1,0.2359,1.03,44.55
ORD_50165,W_45d2919c6d443325,ZONE_HYD_01,2026-08-24,33,1,2555.82,2538.47,17.35,201.6,0.0,Hyderabad,Metro,Food_Delivery,Scooter,1.0,128,Part-Time,22.4,13,2555.82,5.0,1,1.0,0,10.4,3.2,30.4,29.17142857142857,21.5,140.14285714285714,0,0,0,1,1,0.1285,1.017,40.17
ORD_50166,W_45d2919c6d443325,ZONE_HYD_01,2026-08-31,33,1,2555.82,2543.61,12.21,128.2,0.0,Hyderabad,Metro,Food_Delivery,Scooter,1.0,128,Part-Time,22.4,13,2555.82,5.0,1,1.0,0,8.8,5.3,32.0,30.228571428571428,19.7,159.14285714285714,0,0,0,1,1,0.1392,1.015,40.47
ORD_50167,W_45d2919c6d443325,ZONE_HYD_01,2026-09-07,28,2,2555.82,2148.43,407.39,169.9,0.15,Hyderabad,Metro,Food_Delivery,Scooter,1.0,128,Part-Time,22.4,13,2555.82,5.0,1,1.0,0,26.3,11.7,32.2,31.057142857142857,15.3,156.57142857142858,1,0,1,0,1,0.2599,1.044,46.04
ORD_50168,W_45d2919c6d443325,ZONE_HYD_01,2026-09-14,33,1,2555.82,2509.74,46.08,192.8,0.0,Hyderabad,Metro,Food_Delivery,Scooter,1.0,128,Part-Time,22.4,13,2555.82,5.0,1,1.0,0,12.7,5.5,33.4,31.525,10.7,147.5,0,0,0,0,1,0.1392,1.021,40.71
ORD_50169,W_1b04112ad75f09b0,ZONE_DEL_01,2026-06-22,77,3,5621.85,5836.18,0.0,342.3,0.0,Delhi_NCR,Metro,Q_Commerce,Scooter,1.0,131,Full-Time,50.8,25,5621.85,4.8,1,1.0,1,4.0,1.2,41.9,40.425,14.3,188.25,0,0,0,1,1,0.1502,1.007,40.54
ORD_50170,W_1b04112ad75f09b0,ZONE_DEL_01,2026-06-29,60,5,5621.85,4552.49,1069.36,327.4,0.155,Delhi_NCR,Metro,Q_Commerce,Scooter,1.0,131,Full-Time,50.8,25,5621.85,4.8,1,1.0,1,20.0,6.8,41.7,35.84285714285714,14.4,157.71428571428572,0,0,0,0,1,0.1633,1.033,42.06
ORD_50171,W_1b04112ad75f09b0,ZONE_DEL_01,2026-07-06,22,5,5621.85,1663.15,3958.7,103.3,0.712,Delhi_NCR,Metro,Q_Commerce,Scooter,1.0,131,Full-Time,50.8,25,5621.85,4.8,1,1.0,1,122.9,99.8,36.7,32.9,18.9,156.0,1,0,2,0,1,0.5602,1.205,65.8
ORD_50172,W_1b04112ad75f09b0,ZONE_DEL_01,2026-07-13,74,3,5621.85,5613.57,8.28,414.4,0.0,Delhi_NCR,Metro,Q_Commerce,Scooter,1.0,131,Full-Time,50.8,25,5621.85,4.8,1,1.0,1,9.8,3.7,37.4,36.55714285714286,19.6,129.42857142857142,0,0,0,0,1,0.1191,1.016,39.8
ORD_50173,W_1b04112ad75f09b0,ZONE_DEL_01,2026-07-20,59,6,5621.85,4430.79,1191.06,266.4,0.207,Delhi_NCR,Metro,Q_Commerce,Scooter,1.0,131,Full-Time,50.8,25,5621.85,4.8,1,1.0,1,74.3,31.9,33.7,31.8,16.5,132.71428571428572,0,0,0,0,1,0.2667,1.124,49.83
ORD_50174,W_1b04112ad75f09b0,ZONE_DEL_01,2026-07-27,73,3,5621.85,5547.27,74.58,359.2,0.0,Delhi_NCR,Metro,Q_Commerce,Scooter,1.0,131,Full-Time,50.8,25,5621.85,4.8,1,1.0,1,51.900000000000006,19.5,35.3,32.94285714285714,14.4,172.57142857142858,0,0,0,0,1,0.2462,1.086,47.37
ORD_50175,W_1b04112ad75f09b0,ZONE_DEL_01,2026-08-03,25,6,5621.85,1875.25,3746.6,122.9,0.662,Delhi_NCR,Metro,Q_Commerce,Scooter,1.0,131,Full-Time,50.8,25,5621.85,4.8,1,1.0,1,132.8,58.3,33.8,31.17142857142857,15.8,126.57142857142856,0,0,1,0,1,0.4771,1.221,63.12
ORD_50176,W_1b04112ad75f09b0,ZONE_DEL_01,2026-08-10,76,3,5621.85,5717.83,0.0,321.3,0.0,Delhi_NCR,Metro,Q_Commerce,Scooter,1.0,131,Full-Time,50.8,25,5621.85,4.8,1,1.0,1,45.8,12.5,34.4,32.614285714285714,11.1,170.42857142857142,0,0,0,1,1,0.2309,1.076,46.36
ORD_50177,W_1b04112ad75f09b0,ZONE_DEL_01,2026-08-17,62,5,5621.85,4672.26,949.59,373.3,0.15,Delhi_NCR,Metro,Q_Commerce,Scooter,1.0,131,Full-Time,50.8,25,5621.85,4.8,1,1.0,1,34.3,8.2,33.6,33.15714285714286,11.7,140.0,1,0,1,0,1,0.2655,1.057,46.82
ORD_50178,W_1b04112ad75f09b0,ZONE_DEL_01,2026-08-24,76,3,5621.85,5747.52,0.0,384.4,0.0,Delhi_NCR,Metro,Q_Commerce,Scooter,1.0,131,Full-Time,50.8,25,5621.85,4.8,1,1.0,1,24.5,13.5,34.9,33.44285714285714,13.9,168.0,0,0,0,1,1,0.1811,1.041,43.03
ORD_50179,W_1b04112ad75f09b0,ZONE_DEL_01,2026-08-31,68,4,5621.85,5104.59,517.26,351.5,0.047,Delhi_NCR,Metro,Q_Commerce,Scooter,1.0,131,Full-Time,50.8,25,5621.85,4.8,1,1.0,1,76.6,23.5,34.4,31.24285714285714,13.1,145.57142857142858,0,0,0,1,1,0.2815,1.128,50.59
ORD_50180,W_1b04112ad75f09b0,ZONE_DEL_01,2026-09-07,75,3,5621.85,5627.2,0.0,373.0,0.0,Delhi_NCR,Metro,Q_Commerce,Scooter,1.0,131,Full-Time,50.8,25,5621.85,4.8,1,1.0,1,19.1,8.7,34.4,32.471428571428575,14.1,142.0,0,0,0,0,1,0.1495,1.032,41.52
ORD_50181,W_1b04112ad75f09b0,ZONE_DEL_01,2026-09-14,73,3,5621.85,5542.82,79.03,271.6,0.0,Delhi_NCR,Metro,Q_Commerce,Scooter,1.0,131,Full-Time,50.8,25,5621.85,4.8,1,1.0,1,7.6,3.7,35.0,33.05,14.4,149.0,0,0,0,0,1,0.1288,1.013,40.02
ORD_50182,W_86c0380f83020987,ZONE_BOM_01,2026-06-22,93,4,7228.62,7006.95,221.67,564.2,0.0,Mumbai,Metro,Food_Delivery,Bike,1.2,143,Full-Time,66.5,26,7228.62,4.49,1,1.05,1,24.8,11.5,31.1,30.425,15.3,184.0,0,0,0,1,1,0.1938,1.041,45.67
ORD_50183,W_86c0380f83020987,ZONE_BOM_01,2026-06-29,14,4,7228.62,1080.68,6147.94,51.0,0.85,Mumbai,Metro,Food_Delivery,Bike,1.2,143,Full-Time,66.5,26,7228.62,4.49,1,1.05,1,493.0,136.9,28.6,27.642857142857142,30.3,147.0,0,0,6,0,1,1.0,1.822,79.0
ORD_50184,W_86c0380f83020987,ZONE_BOM_01,2026-07-06,26,6,7228.62,2001.38,5227.24,128.8,0.729,Mumbai,Metro,Food_Delivery,Bike,1.2,143,Full-Time,66.5,26,7228.62,4.49,1,1.05,1,235.5,131.8,30.2,29.142857142857142,34.6,143.85714285714286,0,0,2,0,1,0.8044,1.392,79.0
ORD_50185,W_86c0380f83020987,ZONE_BOM_01,2026-07-13,54,9,7228.62,4073.87,3154.75,297.6,0.422,Mumbai,Metro,Food_Delivery,Bike,1.2,143,Full-Time,66.5,26,7228.62,4.49,1,1.05,1,92.5,33.1,30.6,29.82857142857143,21.8,156.42857142857142,1,0,1,0,1,0.4088,1.154,59.75
ORD_50186,W_86c0380f83020987,ZONE_BOM_01,2026-07-20,14,4,7228.62,1050.67,6177.95,66.4,0.85,Mumbai,Metro,Food_Delivery,Bike,1.2,143,Full-Time,66.5,26,7228.62,4.49,1,1.05,1,354.8,107.0,29.6,28.74285714285714,34.0,158.42857142857142,0,0,4,0,1,1.0,1.591,79.0
ORD_50187,W_86c0380f83020987,ZONE_BOM_01,2026-07-27,48,9,7228.62,3602.61,3626.01,251.6,0.489,Mumbai,Metro,Food_Delivery,Bike,1.2,143,Full-Time,66.5,26,7228.62,4.49,1,1.05,1,120.9,42.9,29.6,28.957142857142856,25.3,151.42857142857142,0,0,0,0,1,0.3856,1.202,61.21
ORD_50188,W_86c0380f83020987,ZONE_BOM_01,2026-08-03,55,10,7228.62,4163.16,3065.46,254.5,0.442,Mumbai,Metro,Food_Delivery,Bike,1.2,143,Full-Time,66.5,26,7228.62,4.49,1,1.05,1,76.8,18.7,29.7,29.285714285714285,21.2,139.0,0,0,0,0,1,0.277,1.128,52.94
ORD_50189,W_86c0380f83020987,ZONE_BOM_01,2026-08-10,71,8,7228.62,5386.79,1841.83,436.4,0.238,Mumbai,Metro,Food_Delivery,Bike,1.2,143,Full-Time,66.5,26,7228.62,4.49,1,1.05,1,96.6,30.6,29.7,28.61428571428572,19.0,142.57142857142858,0,0,0,1,1,0.3243,1.161,56.5
ORD_50190,W_86c0380f83020987,ZONE_BOM_01,2026-08-17,41,9,7228.62,3119.43,4109.19,144.3,0.577,Mumbai,Metro,Food_Delivery,Bike,1.2,143,Full-Time,66.5,26,7228.62,4.49,1,1.05,1,61.0,16.7,29.7,29.228571428571428,20.6,146.28571428571428,1,0,1,0,1,0.3303,1.102,53.88
ORD_50191,W_86c0380f83020987,ZONE_BOM_01,2026-08-24,96,4,7228.62,7241.78,0.0,345.7,0.0,Mumbai,Metro,Food_Delivery,Bike,1.2,143,Full-Time,66.5,26,7228.62,4.49,1,1.05,1,36.4,7.6,29.6,29.25714285714286,21.1,134.0,1,0,1,1,1,0.2657,1.061,49.35
ORD_50192,W_86c0380f83020987,ZONE_BOM_01,2026-08-31,92,6,7228.62,6911.62,317.0,562.6,0.082,Mumbai,Metro,Food_Delivery,Bike,1.2,143,Full-Time,66.5,26,7228.62,4.49,1,1.05,1,61.0,16.1,29.6,29.042857142857144,18.4,158.28571428571428,0,0,0,1,1,0.256,1.102,50.87
ORD_50193,W_86c0380f83020987,ZONE_BOM_01,2026-09-07,96,4,7228.62,7257.93,0.0,454.8,0.0,Mumbai,Metro,Food_Delivery,Bike,1.2,143,Full-Time,66.5,26,7228.62,4.49,1,1.05,1,52.9,25.5,30.0,29.071428571428573,15.3,169.57142857142858,0,0,0,0,1,0.2462,1.088,49.83
ORD_50194,W_86c0380f83020987,ZONE_BOM_01,2026-09-14,100,5,7228.62,7550.31,0.0,531.9,0.0,Mumbai,Metro,Food_Delivery,Bike,1.2,143,Full-Time,66.5,26,7228.62,4.49,1,1.05,1,23.3,10.3,30.0,29.625,20.1,162.0,0,0,0,0,1,0.1739,1.039,44.82
ORD_50195,W_47079ae3154e5211,ZONE_MAA_01,2026-06-22,33,1,2607.25,2493.81,113.44,157.0,0.0,Chennai,Metro,Food_Delivery,Scooter,1.0,127,Part-Time,25.0,13,2607.25,4.82,1,1.0,0,33.7,24.5,37.6,36.225,17.3,159.25,0,0,0,1,1,0.1953,1.056,44.18
ORD_50196,W_47079ae3154e5211,ZONE_MAA_01,2026-06-29,33,1,2607.25,2539.53,67.72,157.4,0.0,Chennai,Metro,Food_Delivery,Scooter,1.0,127,Part-Time,25.0,13,2607.25,4.82,1,1.0,0,11.8,5.8,38.4,35.55714285714286,23.0,123.0,0,0,0,0,1,0.1188,1.02,39.94
ORD_50197,W_47079ae3154e5211,ZONE_MAA_01,2026-07-06,29,2,2607.25,2206.29,400.96,147.1,0.15,Chennai,Metro,Food_Delivery,Scooter,1.0,127,Part-Time,25.0,13,2607.25,4.82,1,1.0,0,9.3,5.2,39.2,37.55714285714286,26.3,163.28571428571428,1,0,1,0,1,0.2267,1.016,43.62
ORD_50198,W_47079ae3154e5211,ZONE_MAA_01,2026-07-13,34,1,2607.25,2569.91,37.34,134.1,0.0,Chennai,Metro,Food_Delivery,Scooter,1.0,127,Part-Time,25.0,13,2607.25,4.82,1,1.0,0,11.3,4.9,38.7,36.51428571428571,19.1,141.57142857142858,0,0,0,0,1,0.1316,1.019,40.36
ORD_50199,W_47079ae3154e5211,ZONE_MAA_01,2026-07-20,30,2,2607.25,2295.23,312.02,172.2,0.12,Chennai,Metro,Food_Delivery,Scooter,1.0,127,Part-Time,25.0,13,2607.25,4.82,1,1.0,0,35.6,10.7,36.4,34.714285714285715,17.5,131.57142857142858,0,0,0,0,1,0.1788,1.059,43.69
ORD_50200,W_47079ae3154e5211,ZONE_MAA_01,2026-07-27,35,1,2607.25,2650.01,0.0,154.5,0.0,Chennai,Metro,Food_Delivery,Scooter,1.0,127,Part-Time,25.0,13,2607.25,4.82,1,1.0,0,26.0,8.2,37.6,36.48571428571429,23.1,145.14285714285714,0,0,0,0,1,0.1674,1.043,42.62
ORD_50201,W_47079ae3154e5211,ZONE_MAA_01,2026-08-03,36,1,2607.25,2720.8,0.0,214.7,0.0,Chennai,Metro,Food_Delivery,Scooter,1.0,127,Part-Time,25.0,13,2607.25,4.82,1,1.0,0,38.5,6.7,34.8,33.94285714285714,19.7,150.71428571428572,0,0,0,0,1,0.1997,1.064,44.68
ORD_50202,W_47079ae3154e5211,ZONE_MAA_01,2026-08-10,33,1,2607.25,2531.47,75.78,119.0,0.0,Chennai,Metro,Food_Delivery,Scooter,1.0,127,Part-Time,25.0,13,2607.25,4.82,1,1.0,0,15.6,9.3,35.5,35.08571428571428,18.4,153.57142857142858,1,0,1,1,1,0.2336,1.026,44.3
ORD_50203,W_47079ae3154e5211,ZONE_MAA_01,2026-08-17,35,1,2607.25,2670.17,0.0,200.7,0.0,Chennai,Metro,Food_Delivery,Scooter,1.0,127,Part-Time,25.0,13,2607.25,4.82,1,1.0,0,29.4,12.9,36.3,35.75714285714285,20.7,143.71428571428572,0,0,0,0,1,0.1739,1.049,43.1
ORD_50204,W_47079ae3154e5211,ZONE_MAA_01,2026-08-24,36,1,2607.25,2729.23,0.0,212.5,0.0,Chennai,Metro,Food_Delivery,Scooter,1.0,127,Part-Time,25.0,13,2607.25,4.82,1,1.0,0,15.1,7.6,36.6,34.77142857142857,18.4,144.14285714285714,1,0,1,1,1,0.2254,1.025,43.96
ORD_50205,W_47079ae3154e5211,ZONE_MAA_01,2026-08-31,35,1,2607.25,2633.46,0.0,172.6,0.0,Chennai,Metro,Food_Delivery,Scooter,1.0,127,Part-Time,25.0,13,2607.25,4.82,1,1.0,0,13.1,3.6,35.6,34.41428571428571,16.9,156.85714285714286,1,0,1,1,1,0.2305,1.022,44.01
ORD_50206,W_47079ae3154e5211,ZONE_MAA_01,2026-09-07,33,1,2607.25,2484.15,123.1,137.5,0.0,Chennai,Metro,Food_Delivery,Scooter,1.0,127,Part-Time,25.0,13,2607.25,4.82,1,1.0,0,23.3,11.4,35.6,34.214285714285715,14.8,136.57142857142858,0,0,0,0,1,0.1549,1.039,42.0
ORD_50207,W_47079ae3154e5211,ZONE_MAA_01,2026-09-14,29,2,2607.25,2207.21,400.04,150.7,0.15,Chennai,Metro,Food_Delivery,Scooter,1.0,127,Part-Time,25.0,13,2607.25,4.82,1,1.0,0,27.4,22.7,36.0,33.525,13.4,152.75,0,1,1,0,1,0.2595,1.046,46.11
ORD_50208,W_f7b997c785123d65,ZONE_HYD_01,2026-06-22,74,3,5557.15,5588.97,0.0,407.4,0.0,Hyderabad,Metro,Food_Delivery,Scooter,1.0,104,Full-Time,49.5,23,5557.15,4.52,1,1.0,1,21.8,14.6,32.6,30.65,17.3,156.25,1,0,1,1,1,0.2496,1.036,45.31
ORD_50209,W_f7b997c785123d65,ZONE_HYD_01,2026-06-29,72,3,5557.15,5434.76,122.39,361.8,0.0,Hyderabad,Metro,Food_Delivery,Scooter,1.0,104,Full-Time,49.5,23,5557.15,4.52,1,1.0,1,35.9,10.7,29.8,28.357142857142858,25.4,132.14285714285714,0,0,0,0,1,0.1799,1.06,43.77
ORD_50210,W_f7b997c785123d65,ZONE_HYD_01,2026-07-06,71,3,5557.15,5328.27,228.88,327.8,0.0,Hyderabad,Metro,Food_Delivery,Scooter,1.0,104,Full-Time,49.5,23,5557.15,4.52,1,1.0,1,6.2,2.2,33.3,32.27142857142857,25.7,165.28571428571428,0,0,0,0,1,0.1379,1.01,40.22
ORD_50211,W_f7b997c785123d65,ZONE_HYD_01,2026-07-13,64,6,5557.15,4841.74,715.41,343.8,0.15,Hyderabad,Metro,Food_Delivery,Scooter,1.0,104,Full-Time,49.5,23,5557.15,4.52,1,1.0,1,26.8,13.6,33.9,31.52857142857143,19.0,155.14285714285714,0,1,1,0,1,0.26,1.045,46.08
ORD_50212,W_f7b997c785123d65,ZONE_HYD_01,2026-07-20,77,3,5557.15,5829.81,0.0,327.3,0.0,Hyderabad,Metro,Food_Delivery,Scooter,1.0,104,Full-Time,49.5,23,5557.15,4.52,1,1.0,1,38.8,13.9,30.0,28.61428571428572,25.3,132.85714285714286,0,0,0,0,1,0.1869,1.065,44.24
ORD_50213,W_f7b997c785123d65,ZONE_HYD_01,2026-07-27,56,6,5557.15,4234.86,1322.29,262.6,0.225,Hyderabad,Metro,Food_Delivery,Scooter,1.0,104,Full-Time,49.5,23,5557.15,4.52,1,1.0,1,70.5,24.9,30.6,28.585714285714285,24.3,137.0,0,0,0,0,1,0.2614,1.118,49.36
ORD_50214,W_f7b997c785123d65,ZONE_HYD_01,2026-08-03,76,3,5557.15,5755.51,0.0,406.4,0.0,Hyderabad,Metro,Food_Delivery,Scooter,1.0,104,Full-Time,49.5,23,5557.15,4.52,1,1.0,1,20.5,9.0,30.6,29.442857142857143,20.0,136.28571428571428,0,0,0,0,1,0.1483,1.034,41.56
ORD_50215,W_f7b997c785123d65,ZONE_HYD_01,2026-08-10,76,3,5557.15,5769.68,0.0,307.8,0.0,Hyderabad,Metro,Food_Delivery,Scooter,1.0,104,Full-Time,49.5,23,5557.15,4.52,1,1.0,1,12.6,3.6,30.8,29.82857142857143,19.8,137.42857142857142,0,0,0,1,1,0.1314,1.021,40.43
ORD_50216,W_f7b997c785123d65,ZONE_HYD_01,2026-08-17,60,6,5557.15,4554.06,1003.09,219.7,0.21,Hyderabad,Metro,Food_Delivery,Scooter,1.0,104,Full-Time,49.5,23,5557.15,4.52,1,1.0,1,18.2,11.0,31.5,30.228571428571428,19.4,148.85714285714286,0,1,1,0,1,0.2359,1.03,44.55
ORD_50217,W_f7b997c785123d65,ZONE_HYD_01,2026-08-24,76,3,5557.15,5773.1,0.0,333.5,0.0,Hyderabad,Metro,Food_Delivery,Scooter,1.0,104,Full-Time,49.5,23,5557.15,4.52,1,1.0,1,10.4,3.2,30.4,29.17142857142857,21.5,140.14285714285714,0,0,0,1,1,0.1285,1.017,40.17
ORD_50218,W_f7b997c785123d65,ZONE_HYD_01,2026-08-31,72,3,5557.15,5454.11,103.04,351.6,0.0,Hyderabad,Metro,Food_Delivery,Scooter,1.0,104,Full-Time,49.5,23,5557.15,4.52,1,1.0,1,8.8,5.3,32.0,30.228571428571428,19.7,159.14285714285714,0,0,0,1,1,0.1392,1.015,40.47
ORD_50219,W_f7b997c785123d65,ZONE_HYD_01,2026-09-07,65,6,5557.15,4931.74,625.41,235.9,0.15,Hyderabad,Metro,Food_Delivery,Scooter,1.0,104,Full-Time,49.5,23,5557.15,4.52,1,1.0,1,26.3,11.7,32.2,31.057142857142857,15.3,156.57142857142858,1,0,1,0,1,0.2599,1.044,46.04
ORD_50220,W_f7b997c785123d65,ZONE_HYD_01,2026-09-14,73,3,5557.15,5475.03,82.12,424.3,0.0,Hyderabad,Metro,Food_Delivery,Scooter,1.0,104,Full-Time,49.5,23,5557.15,4.52,1,1.0,1,12.7,5.5,33.4,31.525,10.7,147.5,0,0,0,0,1,0.1392,1.021,40.71
ORD_50221,W_1b7967e315ff5f4e,ZONE_BLR_01,2026-06-22,38,1,2940.28,2909.72,30.56,153.4,0.0,Bangalore,Metro,Food_Delivery,Scooter,1.0,116,Part-Time,26.4,11,2940.28,4.39,1,1.0,0,16.3,5.3,30.1,29.475,20.2,135.25,0,0,0,1,1,0.1381,1.027,40.91
ORD_50222,W_1b7967e315ff5f4e,ZONE_BLR_01,2026-06-29,33,3,2940.28,2480.44,459.84,149.9,0.15,Bangalore,Metro,Food_Delivery,Scooter,1.0,116,Part-Time,26.4,11,2940.28,4.39,1,1.0,0,20.1,8.4,29.2,27.985714285714288,29.9,153.85714285714286,1,0,1,0,1,0.244,1.034,45.02
ORD_50223,W_1b7967e315ff5f4e,ZONE_BLR_01,2026-07-06,40,2,2940.28,3062.42,0.0,222.3,0.0,Bangalore,Metro,Food_Delivery,Scooter,1.0,116,Part-Time,26.4,11,2940.28,4.39,1,1.0,0,8.399999999999999,3.3,31.8,29.77142857142857,29.7,172.71428571428572,0,0,0,0,1,0.1484,1.014,40.76
ORD_50224,W_1b7967e315ff5f4e,ZONE_BLR_01,2026-07-13,39,1,2940.28,2941.78,0.0,240.6,0.0,Bangalore,Metro,Food_Delivery,Scooter,1.0,116,Part-Time,26.4,11,2940.28,4.39,1,1.0,0,16.8,9.8,32.1,29.785714285714285,20.5,124.57142857142856,0,0,0,0,1,0.1312,1.028,40.7
ORD_50225,W_1b7967e315ff5f4e,ZONE_BLR_01,2026-07-20,33,3,2940.28,2490.56,449.72,120.7,0.15,Bangalore,Metro,Food_Delivery,Scooter,1.0,116,Part-Time,26.4,11,2940.28,4.39,1,1.0,0,33.4,8.9,29.5,28.414285714285715,21.1,162.85714285714286,1,0,1,0,1,0.2806,1.056,47.33
ORD_50226,W_1b7967e315ff5f4e,ZONE_BLR_01,2026-07-27,38,1,2940.28,2870.38,69.9,177.7,0.0,Bangalore,Metro,Food_Delivery,Scooter,1.0,116,Part-Time,26.4,11,2940.28,4.39,1,1.0,0,28.8,17.0,29.7,28.685714285714287,25.0,169.42857142857142,0,0,0,0,1,0.1919,1.048,43.72
ORD_50227,W_1b7967e315ff5f4e,ZONE_BLR_01,2026-08-03,33,3,2940.28,2538.8,401.48,183.8,0.174,Bangalore,Metro,Food_Delivery,Scooter,1.0,116,Part-Time,26.4,11,2940.28,4.39,1,1.0,0,76.3,18.5,28.3,27.285714285714285,21.1,143.0,0,0,0,0,1,0.2789,1.127,50.45
ORD_50228,W_1b7967e315ff5f4e,ZONE_BLR_01,2026-08-10,38,1,2940.28,2872.15,68.13,193.6,0.0,Bangalore,Metro,Food_Delivery,Scooter,1.0,116,Part-Time,26.4,11,2940.28,4.39,1,1.0,0,19.9,5.6,30.7,29.17142857142857,21.8,129.0,0,0,0,1,1,0.1415,1.033,41.27
ORD_50229,W_1b7967e315ff5f4e,ZONE_BLR_01,2026-08-17,34,3,2940.28,2554.58,385.7,205.4,0.15,Bangalore,Metro,Food_Delivery,Scooter,1.0,116,Part-Time,26.4,11,2940.28,4.39,1,1.0,0,31.4,9.8,29.9,28.4,22.2,146.57142857142858,1,0,1,0,1,0.2639,1.052,46.54
ORD_50230,W_1b7967e315ff5f4e,ZONE_BLR_01,2026-08-24,40,2,2940.28,3052.49,0.0,195.6,0.0,Bangalore,Metro,Food_Delivery,Scooter,1.0,116,Part-Time,26.4,11,2940.28,4.39,1,1.0,0,35.7,18.2,28.8,28.014285714285712,22.3,167.14285714285714,0,0,0,1,1,0.2057,1.06,44.73
ORD_50231,W_1b7967e315ff5f4e,ZONE_BLR_01,2026-08-31,40,2,2940.28,3021.04,0.0,200.7,0.0,Bangalore,Metro,Food_Delivery,Scooter,1.0,116,Part-Time,26.4,11,2940.28,4.39,1,1.0,0,13.2,3.6,30.8,29.542857142857144,19.3,142.71428571428572,1,0,1,1,1,0.2201,1.022,43.64
ORD_50232,W_1b7967e315ff5f4e,ZONE_BLR_01,2026-09-07,39,1,2940.28,2955.78,0.0,148.6,0.0,Bangalore,Metro,Food_Delivery,Scooter,1.0,116,Part-Time,26.4,11,2940.28,4.39,1,1.0,0,8.5,5.1,31.0,30.62857142857143,14.9,128.28571428571428,0,0,0,0,1,0.1153,1.014,39.58
ORD_50233,W_1b7967e315ff5f4e,ZONE_BLR_01,2026-09-14,37,1,2940.28,2830.35,109.93,182.4,0.0,Bangalore,Metro,Food_Delivery,Scooter,1.0,116,Part-Time,26.4,11,2940.28,4.39,1,1.0,0,33.1,9.6,30.8,30.425,13.6,137.5,0,0,0,0,1,0.1776,1.055,43.48
ORD_50234,W_c5d6935b8b864525,ZONE_BLR_01,2026-06-22,57,2,4426.24,4323.93,102.31,202.7,0.0,Bangalore,Metro,Food_Delivery,Scooter,1.0,197,Full-Time,44.6,23,4426.24,5.0,1,1.0,1,16.3,5.3,30.1,29.475,20.2,135.25,0,0,0,1,1,0.1381,1.027,40.91
ORD_50235,W_c5d6935b8b864525,ZONE_BLR_01,2026-06-29,51,4,4426.24,3846.14,580.1,183.0,0.15,Bangalore,Metro,Food_Delivery,Scooter,1.0,197,Full-Time,44.6,23,4426.24,5.0,1,1.0,1,20.1,8.4,29.2,27.985714285714288,29.9,153.85714285714286,1,0,1,0,1,0.244,1.034,45.02
ORD_50236,W_c5d6935b8b864525,ZONE_BLR_01,2026-07-06,59,2,4426.24,4468.41,0.0,292.4,0.0,Bangalore,Metro,Food_Delivery,Scooter,1.0,197,Full-Time,44.6,23,4426.24,5.0,1,1.0,1,8.399999999999999,3.3,31.8,29.77142857142857,29.7,172.71428571428572,0,0,0,0,1,0.1484,1.014,40.76
ORD_50237,W_c5d6935b8b864525,ZONE_BLR_01,2026-07-13,61,3,4426.24,4633.75,0.0,293.2,0.0,Bangalore,Metro,Food_Delivery,Scooter,1.0,197,Full-Time,44.6,23,4426.24,5.0,1,1.0,1,16.8,9.8,32.1,29.785714285714285,20.5,124.57142857142856,0,0,0,0,1,0.1312,1.028,40.7
ORD_50238,W_c5d6935b8b864525,ZONE_BLR_01,2026-07-20,47,4,4426.24,3598.12,828.12,234.5,0.15,Bangalore,Metro,Food_Delivery,Scooter,1.0,197,Full-Time,44.6,23,4426.24,5.0,1,1.0,1,33.4,8.9,29.5,28.414285714285715,21.1,162.85714285714286,1,0,1,0,1,0.2806,1.056,47.33
ORD_50239,W_c5d6935b8b864525,ZONE_BLR_01,2026-07-27,61,3,4426.24,4577.22,0.0,377.7,0.0,Bangalore,Metro,Food_Delivery,Scooter,1.0,197,Full-Time,44.6,23,4426.24,5.0,1,1.0,1,28.8,17.0,29.7,28.685714285714287,25.0,169.42857142857142,0,0,0,0,1,0.1919,1.048,43.72
ORD_50240,W_c5d6935b8b864525,ZONE_BLR_01,2026-08-03,45,5,4426.24,3414.11,1012.13,267.7,0.215,Bangalore,Metro,Food_Delivery,Scooter,1.0,197,Full-Time,44.6,23,4426.24,5.0,1,1.0,1,76.3,18.5,28.3,27.285714285714285,21.1,143.0,0,0,0,0,1,0.2789,1.127,50.45
ORD_50241,W_c5d6935b8b864525,ZONE_BLR_01,2026-08-10,57,2,4426.24,4289.58,136.66,294.2,0.0,Bangalore,Metro,Food_Delivery,Scooter,1.0,197,Full-Time,44.6,23,4426.24,5.0,1,1.0,1,19.9,5.6,30.7,29.17142857142857,21.8,129.0,0,0,0,1,1,0.1415,1.033,41.27
ORD_50242,W_c5d6935b8b864525,ZONE_BLR_01,2026-08-17,49,4,4426.24,3726.83,699.41,176.9,0.15,Bangalore,Metro,Food_Delivery,Scooter,1.0,197,Full-Time,44.6,23,4426.24,5.0,1,1.0,1,31.4,9.8,29.9,28.4,22.2,146.57142857142858,1,0,1,0,1,0.2639,1.052,46.54
ORD_50243,W_c5d6935b8b864525,ZONE_BLR_01,2026-08-24,58,2,4426.24,4358.65,67.59,244.5,0.0,Bangalore,Metro,Food_Delivery,Scooter,1.0,197,Full-Time,44.6,23,4426.24,5.0,1,1.0,1,35.7,18.2,28.8,28.014285714285712,22.3,167.14285714285714,0,0,0,1,1,0.2057,1.06,44.73
ORD_50244,W_c5d6935b8b864525,ZONE_BLR_01,2026-08-31,60,3,4426.24,4508.61,0.0,363.7,0.0,Bangalore,Metro,Food_Delivery,Scooter,1.0,197,Full-Time,44.6,23,4426.24,5.0,1,1.0,1,13.2,3.6,30.8,29.542857142857144,19.3,142.71428571428572,1,0,1,1,1,0.2201,1.022,43.64
ORD_50245,W_c5d6935b8b864525,ZONE_BLR_01,2026-09-07,57,2,4426.24,4323.57,102.67,324.4,0.0,Bangalore,Metro,Food_Delivery,Scooter,1.0,197,Full-Time,44.6,23,4426.24,5.0,1,1.0,1,8.5,5.1,31.0,30.62857142857143,14.9,128.28571428571428,0,0,0,0,1,0.1153,1.014,39.58
ORD_50246,W_c5d6935b8b864525,ZONE_BLR_01,2026-09-14,56,2,4426.24,4229.43,196.81,277.4,0.0,Bangalore,Metro,Food_Delivery,Scooter,1.0,197,Full-Time,44.6,23,4426.24,5.0,1,1.0,1,33.1,9.6,30.8,30.425,13.6,137.5,0,0,0,0,1,0.1776,1.055,43.48
ORD_50247,W_914b535d96d4de31,ZONE_MAA_01,2026-06-22,33,1,2595.76,2484.29,111.47,198.7,0.0,Chennai,Metro,Q_Commerce,Bicycle,1.8,610,Part-Time,29.3,13,2595.76,4.89,1,1.2,0,33.7,24.5,37.6,36.225,17.3,159.25,0,0,0,1,1,0.1953,1.056,53.01
ORD_50248,W_914b535d96d4de31,ZONE_MAA_01,2026-06-29,35,1,2595.76,2664.9,0.0,184.7,0.0,Chennai,Metro,Q_Commerce,Bicycle,1.8,610,Part-Time,29.3,13,2595.76,4.89,1,1.2,0,11.8,5.8,38.4,35.55714285714286,23.0,123.0,0,0,0,0,1,0.1188,1.02,47.93
ORD_50249,W_914b535d96d4de31,ZONE_MAA_01,2026-07-06,30,2,2595.76,2277.86,317.9,157.4,0.15,Chennai,Metro,Q_Commerce,Bicycle,1.8,610,Part-Time,29.3,13,2595.76,4.89,1,1.2,0,9.3,5.2,39.2,37.55714285714286,26.3,163.28571428571428,1,0,1,0,1,0.2267,1.016,52.35
ORD_50250,W_914b535d96d4de31,ZONE_MAA_01,2026-07-13,36,1,2595.76,2717.49,0.0,195.4,0.0,Chennai,Metro,Q_Commerce,Bicycle,1.8,610,Part-Time,29.3,13,2595.76,4.89,1,1.2,0,11.3,4.9,38.7,36.51428571428571,19.1,141.57142857142858,0,0,0,0,1,0.1316,1.019,48.43
ORD_50251,W_914b535d96d4de31,ZONE_MAA_01,2026-07-20,31,2,2595.76,2381.27,214.49,151.8,0.12,Chennai,Metro,Q_Commerce,Bicycle,1.8,610,Part-Time,29.3,13,2595.76,4.89,1,1.2,0,35.6,10.7,36.4,34.714285714285715,17.5,131.57142857142858,0,0,0,0,1,0.1788,1.059,52.43
ORD_50252,W_914b535d96d4de31,ZONE_MAA_01,2026-07-27,33,1,2595.76,2496.36,99.4,162.6,0.0,Chennai,Metro,Q_Commerce,Bicycle,1.8,610,Part-Time,29.3,13,2595.76,4.89,1,1.2,0,26.0,8.2,37.6,36.48571428571429,23.1,145.14285714285714,0,0,0,0,1,0.1674,1.043,51.14
ORD_50253,W_914b535d96d4de31,ZONE_MAA_01,2026-08-03,33,1,2595.76,2498.91,96.85,168.3,0.0,Chennai,Metro,Q_Commerce,Bicycle,1.8,610,Part-Time,29.3,13,2595.76,4.89,1,1.2,0,38.5,6.7,34.8,33.94285714285714,19.7,150.71428571428572,0,0,0,0,1,0.1997,1.064,53.61
ORD_50254,W_914b535d96d4de31,ZONE_MAA_01,2026-08-10,34,1,2595.76,2591.22,4.54,176.2,0.0,Chennai,Metro,Q_Commerce,Bicycle,1.8,610,Part-Time,29.3,13,2595.76,4.89,1,1.2,0,15.6,9.3,35.5,35.08571428571428,18.4,153.57142857142858,1,0,1,1,1,0.2336,1.026,53.16
ORD_50255,W_914b535d96d4de31,ZONE_MAA_01,2026-08-17,32,1,2595.76,2468.58,127.18,128.8,0.0,Chennai,Metro,Q_Commerce,Bicycle,1.8,610,Part-Time,29.3,13,2595.76,4.89,1,1.2,0,29.4,12.9,36.3,35.75714285714285,20.7,143.71428571428572,0,0,0,0,1,0.1739,1.049,51.72
ORD_50256,W_914b535d96d4de31,ZONE_MAA_01,2026-08-24,34,1,2595.76,2593.51,2.25,206.3,0.0,Chennai,Metro,Q_Commerce,Bicycle,1.8,610,Part-Time,29.3,13,2595.76,4.89,1,1.2,0,15.1,7.6,36.6,34.77142857142857,18.4,144.14285714285714,1,0,1,1,1,0.2254,1.025,52.75
ORD_50257,W_914b535d96d4de31,ZONE_MAA_01,2026-08-31,34,1,2595.76,2565.55,30.21,158.0,0.0,Chennai,Metro,Q_Commerce,Bicycle,1.8,610,Part-Time,29.3,13,2595.76,4.89,1,1.2,0,13.1,3.6,35.6,34.41428571428571,16.9,156.85714285714286,1,0,1,1,1,0.2305,1.022,52.82
ORD_50258,W_914b535d96d4de31,ZONE_MAA_01,2026-09-07,35,1,2595.76,2651.49,0.0,179.6,0.0,Chennai,Metro,Q_Commerce,Bicycle,1.8,610,Part-Time,29.3,13,2595.76,4.89,1,1.2,0,23.3,11.4,35.6,34.214285714285715,14.8,136.57142857142858,0,0,0,0,1,0.1549,1.039,50.4
ORD_50259,W_914b535d96d4de31,ZONE_MAA_01,2026-09-14,28,2,2595.76,2162.03,433.73,129.1,0.15,Chennai,Metro,Q_Commerce,Bicycle,1.8,610,Part-Time,29.3,13,2595.76,4.89,1,1.2,0,27.4,22.7,36.0,33.525,13.4,152.75,0,1,1,0,1,0.2595,1.046,55.33
ORD_50260,W_537a103c7feb7b31,ZONE_MAA_01,2026-06-22,80,4,6228.87,6053.03,175.84,488.7,0.0,Chennai,Metro,Q_Commerce,Scooter,1.0,42,Full-Time,60.3,25,6228.87,4.86,1,1.0,1,33.7,24.5,37.6,36.225,17.3,159.25,0,0,0,1,1,0.1953,1.056,44.18
ORD_50261,W_537a103c7feb7b31,ZONE_MAA_01,2026-06-29,79,3,6228.87,5998.8,230.07,355.8,0.0,Chennai,Metro,Q_Commerce,Scooter,1.0,42,Full-Time,60.3,25,6228.87,4.86,1,1.0,1,11.8,5.8,38.4,35.55714285714286,23.0,123.0,0,0,0,0,1,0.1188,1.02,39.94
ORD_50262,W_537a103c7feb7b31,ZONE_MAA_01,2026-07-06,67,6,6228.87,5043.49,1185.38,274.6,0.15,Chennai,Metro,Q_Commerce,Scooter,1.0,42,Full-Time,60.3,25,6228.87,4.86,1,1.0,1,9.3,5.2,39.2,37.55714285714286,26.3,163.28571428571428,1,0,1,0,1,0.2267,1.016,43.62
ORD_50263,W_537a103c7feb7b31,ZONE_MAA_01,2026-07-13,85,4,6228.87,6403.57,0.0,343.7,0.0,Chennai,Metro,Q_Commerce,Scooter,1.0,42,Full-Time,60.3,25,6228.87,4.86,1,1.0,1,11.3,4.9,38.7,36.51428571428571,19.1,141.57142857142858,0,0,0,0,1,0.1316,1.019,40.36
ORD_50264,W_537a103c7feb7b31,ZONE_MAA_01,2026-07-20,70,6,6228.87,5251.22,977.65,334.7,0.12,Chennai,Metro,Q_Commerce,Scooter,1.0,42,Full-Time,60.3,25,6228.87,4.86,1,1.0,1,35.6,10.7,36.4,34.714285714285715,17.5,131.57142857142858,0,0,0,0,1,0.1788,1.059,43.69
ORD_50265,W_537a103c7feb7b31,ZONE_MAA_01,2026-07-27,78,3,6228.87,5923.64,305.23,290.9,0.0,Chennai,Metro,Q_Commerce,Scooter,1.0,42,Full-Time,60.3,25,6228.87,4.86,1,1.0,1,26.0,8.2,37.6,36.48571428571429,23.1,145.14285714285714,0,0,0,0,1,0.1674,1.043,42.62
ORD_50266,W_537a103c7feb7b31,ZONE_MAA_01,2026-08-03,85,4,6228.87,6420.49,0.0,474.6,0.0,Chennai,Metro,Q_Commerce,Scooter,1.0,42,Full-Time,60.3,25,6228.87,4.86,1,1.0,1,38.5,6.7,34.8,33.94285714285714,19.7,150.71428571428572,0,0,0,0,1,0.1997,1.064,44.68
ORD_50267,W_537a103c7feb7b31,ZONE_MAA_01,2026-08-10,86,4,6228.87,6487.45,0.0,499.4,0.0,Chennai,Metro,Q_Commerce,Scooter,1.0,42,Full-Time,60.3,25,6228.87,4.86,1,1.0,1,15.6,9.3,35.5,35.08571428571428,18.4,153.57142857142858,1,0,1,1,1,0.2336,1.026,44.3
ORD_50268,W_537a103c7feb7b31,ZONE_MAA_01,2026-08-17,84,4,6228.87,6342.97,0.0,305.9,0.0,Chennai,Metro,Q_Commerce,Scooter,1.0,42,Full-Time,60.3,25,6228.87,4.86,1,1.0,1,29.4,12.9,36.3,35.75714285714285,20.7,143.71428571428572,0,0,0,0,1,0.1739,1.049,43.1
ORD_50269,W_537a103c7feb7b31,ZONE_MAA_01,2026-08-24,85,4,6228.87,6405.05,0.0,491.5,0.0,Chennai,Metro,Q_Commerce,Scooter,1.0,42,Full-Time,60.3,25,6228.87,4.86,1,1.0,1,15.1,7.6,36.6,34.77142857142857,18.4,144.14285714285714,1,0,1,1,1,0.2254,1.025,43.96
ORD_50270,W_537a103c7feb7b31,ZONE_MAA_01,2026-08-31,85,4,6228.87,6415.16,0.0,414.2,0.0,Chennai,Metro,Q_Commerce,Scooter,1.0,42,Full-Time,60.3,25,6228.87,4.86,1,1.0,1,13.1,3.6,35.6,34.41428571428571,16.9,156.85714285714286,1,0,1,1,1,0.2305,1.022,44.01
ORD_50271,W_537a103c7feb7b31,ZONE_MAA_01,2026-09-07,80,4,6228.87,6062.5,166.37,462.6,0.0,Chennai,Metro,Q_Commerce,Scooter,1.0,42,Full-Time,60.3,25,6228.87,4.86,1,1.0,1,23.3,11.4,35.6,34.214285714285715,14.8,136.57142857142858,0,0,0,0,1,0.1549,1.039,42.0
ORD_50272,W_537a103c7feb7b31,ZONE_MAA_01,2026-09-14,72,6,6228.87,5414.81,814.06,442.7,0.15,Chennai,Metro,Q_Commerce,Scooter,1.0,42,Full-Time,60.3,25,6228.87,4.86,1,1.0,1,27.4,22.7,36.0,33.525,13.4,152.75,0,1,1,0,1,0.2595,1.046,46.11
ORD_50273,W_438d1cd789e8f44c,ZONE_DEL_01,2026-06-22,34,1,2655.12,2563.7,91.42,139.7,0.0,Delhi_NCR,Metro,Food_Delivery,Scooter,1.0,26,Part-Time,23.2,14,2655.12,4.36,1,1.0,0,4.0,1.2,41.9,40.425,14.3,188.25,0,0,0,1,1,0.1502,1.007,40.54
ORD_50274,W_438d1cd789e8f44c,ZONE_DEL_01,2026-06-29,29,2,2655.12,2178.92,476.2,163.6,0.155,Delhi_NCR,Metro,Food_Delivery,Scooter,1.0,26,Part-Time,23.2,14,2655.12,4.36,1,1.0,0,20.0,6.8,41.7,35.84285714285714,14.4,157.71428571428572,0,0,0,0,1,0.1633,1.033,42.06
ORD_50275,W_438d1cd789e8f44c,ZONE_DEL_01,2026-07-06,10,2,2655.12,794.07,1861.05,62.0,0.687,Delhi_NCR,Metro,Food_Delivery,Scooter,1.0,26,Part-Time,23.2,14,2655.12,4.36,1,1.0,0,122.9,99.8,36.7,32.9,18.9,156.0,1,0,2,0,1,0.5602,1.205,65.8
ORD_50276,W_438d1cd789e8f44c,ZONE_DEL_01,2026-07-13,33,1,2655.12,2528.95,126.17,189.9,0.0,Delhi_NCR,Metro,Food_Delivery,Scooter,1.0,26,Part-Time,23.2,14,2655.12,4.36,1,1.0,0,9.8,3.7,37.4,36.55714285714286,19.6,129.42857142857142,0,0,0,0,1,0.1191,1.016,39.8
ORD_50277,W_438d1cd789e8f44c,ZONE_DEL_01,2026-07-20,29,3,2655.12,2183.46,471.66,144.9,0.205,Delhi_NCR,Metro,Food_Delivery,Scooter,1.0,26,Part-Time,23.2,14,2655.12,4.36,1,1.0,0,74.3,31.9,33.7,31.8,16.5,132.71428571428572,0,0,0,0,1,0.2667,1.124,49.83
ORD_50278,W_438d1cd789e8f44c,ZONE_DEL_01,2026-07-27,36,1,2655.12,2761.76,0.0,216.0,0.0,Delhi_NCR,Metro,Food_Delivery,Scooter,1.0,26,Part-Time,23.2,14,2655.12,4.36,1,1.0,0,51.900000000000006,19.5,35.3,32.94285714285714,14.4,172.57142857142858,0,0,0,0,1,0.2462,1.086,47.37
ORD_50279,W_438d1cd789e8f44c,ZONE_DEL_01,2026-08-03,16,3,2655.12,1266.57,1388.55,66.8,0.502,Delhi_NCR,Metro,Food_Delivery,Scooter,1.0,26,Part-Time,23.2,14,2655.12,4.36,1,1.0,0,132.8,58.3,33.8,31.17142857142857,15.8,126.57142857142856,0,0,1,0,1,0.4771,1.221,63.12
ORD_50280,W_438d1cd789e8f44c,ZONE_DEL_01,2026-08-10,36,1,2655.12,2700.08,0.0,212.3,0.0,Delhi_NCR,Metro,Food_Delivery,Scooter,1.0,26,Part-Time,23.2,14,2655.12,4.36,1,1.0,0,45.8,12.5,34.4,32.614285714285714,11.1,170.42857142857142,0,0,0,1,1,0.2309,1.076,46.36
ORD_50281,W_438d1cd789e8f44c,ZONE_DEL_01,2026-08-17,29,2,2655.12,2247.81,407.31,149.0,0.15,Delhi_NCR,Metro,Food_Delivery,Scooter,1.0,26,Part-Time,23.2,14,2655.12,4.36,1,1.0,0,34.3,8.2,33.6,33.15714285714286,11.7,140.0,1,0,1,0,1,0.2655,1.057,46.82
ORD_50282,W_438d1cd789e8f44c,ZONE_DEL_01,2026-08-24,34,1,2655.12,2572.41,82.71,192.9,0.0,Delhi_NCR,Metro,Food_Delivery,Scooter,1.0,26,Part-Time,23.2,14,2655.12,4.36,1,1.0,0,24.5,13.5,34.9,33.44285714285714,13.9,168.0,0,0,0,1,1,0.1811,1.041,43.03
ORD_50283,W_438d1cd789e8f44c,ZONE_DEL_01,2026-08-31,31,2,2655.12,2347.02,308.1,149.9,0.095,Delhi_NCR,Metro,Food_Delivery,Scooter,1.0,26,Part-Time,23.2,14,2655.12,4.36,1,1.0,0,76.6,23.5,34.4,31.24285714285714,13.1,145.57142857142858,0,0,0,1,1,0.2815,1.128,50.59
ORD_50284,W_438d1cd789e8f44c,ZONE_DEL_01,2026-09-07,33,1,2655.12,2545.23,109.89,165.3,0.0,Delhi_NCR,Metro,Food_Delivery,Scooter,1.0,26,Part-Time,23.2,14,2655.12,4.36,1,1.0,0,19.1,8.7,34.4,32.471428571428575,14.1,142.0,0,0,0,0,1,0.1495,1.032,41.52
ORD_50285,W_438d1cd789e8f44c,ZONE_DEL_01,2026-09-14,35,1,2655.12,2655.86,0.0,136.1,0.0,Delhi_NCR,Metro,Food_Delivery,Scooter,1.0,26,Part-Time,23.2,14,2655.12,4.36,1,1.0,0,7.6,3.7,35.0,33.05,14.4,149.0,0,0,0,0,1,0.1288,1.013,40.02
ORD_50286,W_110d9988d5961d9b,ZONE_BLR_01,2026-06-22,72,3,5492.11,5460.29,31.82,316.9,0.0,Bangalore,Metro,Food_Delivery,Scooter,1.0,52,Full-Time,48.1,22,5492.11,4.72,1,1.0,1,16.3,5.3,30.1,29.475,20.2,135.25,0,0,0,1,1,0.1381,1.027,40.91
ORD_50287,W_110d9988d5961d9b,ZONE_BLR_01,2026-06-29,62,5,5492.11,4678.48,813.63,315.0,0.15,Bangalore,Metro,Food_Delivery,Scooter,1.0,52,Full-Time,48.1,22,5492.11,4.72,1,1.0,1,20.1,8.4,29.2,27.985714285714288,29.9,153.85714285714286,1,0,1,0,1,0.244,1.034,45.02
ORD_50288,W_110d9988d5961d9b,ZONE_BLR_01,2026-07-06,69,3,5492.11,5222.17,269.94,383.3,0.0,Bangalore,Metro,Food_Delivery,Scooter,1.0,52,Full-Time,48.1,22,5492.11,4.72,1,1.0,1,8.399999999999999,3.3,31.8,29.77142857142857,29.7,172.71428571428572,0,0,0,0,1,0.1484,1.014,40.76
ORD_50289,W_110d9988d5961d9b,ZONE_BLR_01,2026-07-13,74,3,5492.11,5609.1,0.0,332.2,0.0,Bangalore,Metro,Food_Delivery,Scooter,1.0,52,Full-Time,48.1,22,5492.11,4.72,1,1.0,1,16.8,9.8,32.1,29.785714285714285,20.5,124.57142857142856,0,0,0,0,1,0.1312,1.028,40.7
ORD_50290,W_110d9988d5961d9b,ZONE_BLR_01,2026-07-20,59,5,5492.11,4459.59,1032.52,326.8,0.15,Bangalore,Metro,Food_Delivery,Scooter,1.0,52,Full-Time,48.1,22,5492.11,4.72,1,1.0,1,33.4,8.9,29.5,28.414285714285715,21.1,162.85714285714286,1,0,1,0,1,0.2806,1.056,47.33
ORD_50291,W_110d9988d5961d9b,ZONE_BLR_01,2026-07-27,76,3,5492.11,5742.1,0.0,315.3,0.0,Bangalore,Metro,Food_Delivery,Scooter,1.0,52,Full-Time,48.1,22,5492.11,4.72,1,1.0,1,28.8,17.0,29.7,28.685714285714287,25.0,169.42857142857142,0,0,0,0,1,0.1919,1.048,43.72
ORD_50292,W_110d9988d5961d9b,ZONE_BLR_01,2026-08-03,56,6,5492.11,4262.59,1229.52,283.2,0.199,Bangalore,Metro,Food_Delivery,Scooter,1.0,52,Full-Time,48.1,22,5492.11,4.72,1,1.0,1,76.3,18.5,28.3,27.285714285714285,21.1,143.0,0,0,0,0,1,0.2789,1.127,50.45
ORD_50293,W_110d9988d5961d9b,ZONE_BLR_01,2026-08-10,70,3,5492.11,5302.55,189.56,312.3,0.0,Bangalore,Metro,Food_Delivery,Scooter,1.0,52,Full-Time,48.1,22,5492.11,4.72,1,1.0,1,19.9,5.6,30.7,29.17142857142857,21.8,129.0,0,0,0,1,1,0.1415,1.033,41.27
ORD_50294,W_110d9988d5961d9b,ZONE_BLR_01,2026-08-17,63,5,5492.11,4760.26,731.85,315.8,0.15,Bangalore,Metro,Food_Delivery,Scooter,1.0,52,Full-Time,48.1,22,5492.11,4.72,1,1.0,1,31.4,9.8,29.9,28.4,22.2,146.57142857142858,1,0,1,0,1,0.2639,1.052,46.54
ORD_50295,W_110d9988d5961d9b,ZONE_BLR_01,2026-08-24,72,3,5492.11,5429.75,62.36,333.7,0.0,Bangalore,Metro,Food_Delivery,Scooter,1.0,52,Full-Time,48.1,22,5492.11,4.72,1,1.0,1,35.7,18.2,28.8,28.014285714285712,22.3,167.14285714285714,0,0,0,1,1,0.2057,1.06,44.73
ORD_50296,W_110d9988d5961d9b,ZONE_BLR_01,2026-08-31,73,3,5492.11,5526.22,0.0,256.7,0.0,Bangalore,Metro,Food_Delivery,Scooter,1.0,52,Full-Time,48.1,22,5492.11,4.72,1,1.0,1,13.2,3.6,30.8,29.542857142857144,19.3,142.71428571428572,1,0,1,1,1,0.2201,1.022,43.64
ORD_50297,W_110d9988d5961d9b,ZONE_BLR_01,2026-09-07,70,3,5492.11,5260.62,231.49,411.6,0.0,Bangalore,Metro,Food_Delivery,Scooter,1.0,52,Full-Time,48.1,22,5492.11,4.72,1,1.0,1,8.5,5.1,31.0,30.62857142857143,14.9,128.28571428571428,0,0,0,0,1,0.1153,1.014,39.58
ORD_50298,W_110d9988d5961d9b,ZONE_BLR_01,2026-09-14,70,3,5492.11,5260.28,231.83,378.6,0.0,Bangalore,Metro,Food_Delivery,Scooter,1.0,52,Full-Time,48.1,22,5492.11,4.72,1,1.0,1,33.1,9.6,30.8,30.425,13.6,137.5,0,0,0,0,1,0.1776,1.055,43.48
ORD_50299,W_d98a52f9cbeb1634,ZONE_DEL_01,2026-06-22,76,3,5522.19,5754.14,0.0,321.5,0.0,Delhi_NCR,Metro,Food_Delivery,Bike,1.2,242,Full-Time,56.4,28,5522.19,4.62,1,1.05,1,4.0,1.2,41.9,40.425,14.3,188.25,0,0,0,1,1,0.1502,1.007,42.57
ORD_50300,W_d98a52f9cbeb1634,ZONE_DEL_01,2026-06-29,61,5,5522.19,4605.82,916.37,307.2,0.155,Delhi_NCR,Metro,Food_Delivery,Bike,1.2,242,Full-Time,56.4,28,5522.19,4.62,1,1.05,1,20.0,6.8,41.7,35.84285714285714,14.4,157.71428571428572,0,0,0,0,1,0.1633,1.033,44.16
ORD_50301,W_d98a52f9cbeb1634,ZONE_DEL_01,2026-07-06,11,3,5522.19,864.93,4657.26,60.5,0.85,Delhi_NCR,Metro,Food_Delivery,Bike,1.2,242,Full-Time,56.4,28,5522.19,4.62,1,1.05,1,122.9,99.8,36.7,32.9,18.9,156.0,1,0,2,0,1,0.5602,1.205,69.09
ORD_50302,W_d98a52f9cbeb1634,ZONE_DEL_01,2026-07-13,70,3,5522.19,5293.91,228.28,371.5,0.0,Delhi_NCR,Metro,Food_Delivery,Bike,1.2,242,Full-Time,56.4,28,5522.19,4.62,1,1.05,1,9.8,3.7,37.4,36.55714285714286,19.6,129.42857142857142,0,0,0,0,1,0.1191,1.016,41.78
ORD_50303,W_d98a52f9cbeb1634,ZONE_DEL_01,2026-07-20,54,6,5522.19,4108.28,1413.91,196.2,0.254,Delhi_NCR,Metro,Food_Delivery,Bike,1.2,242,Full-Time,56.4,28,5522.19,4.62,1,1.05,1,74.3,31.9,33.7,31.8,16.5,132.71428571428572,0,0,0,0,1,0.2667,1.124,52.32
ORD_50304,W_d98a52f9cbeb1634,ZONE_DEL_01,2026-07-27,71,3,5522.19,5351.59,170.6,400.0,0.0,Delhi_NCR,Metro,Food_Delivery,Bike,1.2,242,Full-Time,56.4,28,5522.19,4.62,1,1.05,1,51.900000000000006,19.5,35.3,32.94285714285714,14.4,172.57142857142858,0,0,0,0,1,0.2462,1.086,49.74
ORD_50305,W_d98a52f9cbeb1634,ZONE_DEL_01,2026-08-03,23,5,5522.19,1737.74,3784.45,104.3,0.679,Delhi_NCR,Metro,Food_Delivery,Bike,1.2,242,Full-Time,56.4,28,5522.19,4.62,1,1.05,1,132.8,58.3,33.8,31.17142857142857,15.8,126.57142857142856,0,0,1,0,1,0.4771,1.221,66.28
ORD_50306,W_d98a52f9cbeb1634,ZONE_DEL_01,2026-08-10,76,3,5522.19,5717.9,0.0,419.7,0.0,Delhi_NCR,Metro,Food_Delivery,Bike,1.2,242,Full-Time,56.4,28,5522.19,4.62,1,1.05,1,45.8,12.5,34.4,32.614285714285714,11.1,170.42857142857142,0,0,0,1,1,0.2309,1.076,48.67
ORD_50307,W_d98a52f9cbeb1634,ZONE_DEL_01,2026-08-17,61,5,5522.19,4586.99,935.2,232.9,0.15,Delhi_NCR,Metro,Food_Delivery,Bike,1.2,242,Full-Time,56.4,28,5522.19,4.62,1,1.05,1,34.3,8.2,33.6,33.15714285714286,11.7,140.0,1,0,1,0,1,0.2655,1.057,49.16
ORD_50308,W_d98a52f9cbeb1634,ZONE_DEL_01,2026-08-24,71,3,5522.19,5385.24,136.95,425.0,0.0,Delhi_NCR,Metro,Food_Delivery,Bike,1.2,242,Full-Time,56.4,28,5522.19,4.62,1,1.05,1,24.5,13.5,34.9,33.44285714285714,13.9,168.0,0,0,0,1,1,0.1811,1.041,45.19
ORD_50309,W_d98a52f9cbeb1634,ZONE_DEL_01,2026-08-31,67,5,5522.19,5071.46,450.73,342.4,0.085,Delhi_NCR,Metro,Food_Delivery,Bike,1.2,242,Full-Time,56.4,28,5522.19,4.62,1,1.05,1,76.6,23.5,34.4,31.24285714285714,13.1,145.57142857142858,0,0,0,1,1,0.2815,1.128,53.12
ORD_50310,W_d98a52f9cbeb1634,ZONE_DEL_01,2026-09-07,72,3,5522.19,5448.21,73.98,408.9,0.0,Delhi_NCR,Metro,Food_Delivery,Bike,1.2,242,Full-Time,56.4,28,5522.19,4.62,1,1.05,1,19.1,8.7,34.4,32.471428571428575,14.1,142.0,0,0,0,0,1,0.1495,1.032,43.6
ORD_50311,W_d98a52f9cbeb1634,ZONE_DEL_01,2026-09-14,73,3,5522.19,5535.05,0.0,278.5,0.0,Delhi_NCR,Metro,Food_Delivery,Bike,1.2,242,Full-Time,56.4,28,5522.19,4.62,1,1.05,1,7.6,3.7,35.0,33.05,14.4,149.0,0,0,0,0,1,0.1288,1.013,42.02
ORD_50312,W_08e6fccb88fab6c5,ZONE_DEL_01,2026-06-22,50,2,3961.41,3814.47,146.94,247.5,0.0,Delhi_NCR,Metro,E_Commerce,Bicycle,1.8,51,Full-Time,45.4,27,3961.41,4.44,1,1.2,1,4.0,1.2,41.9,40.425,14.3,188.25,0,0,0,1,1,0.1502,1.007,48.65
ORD_50313,W_08e6fccb88fab6c5,ZONE_DEL_01,2026-06-29,46,4,3961.41,3493.53,467.88,199.3,0.155,Delhi_NCR,Metro,E_Commerce,Bicycle,1.8,51,Full-Time,45.4,27,3961.41,4.44,1,1.2,1,20.0,6.8,41.7,35.84285714285714,14.4,157.71428571428572,0,0,0,0,1,0.1633,1.033,50.47
ORD_50314,W_08e6fccb88fab6c5,ZONE_DEL_01,2026-07-06,8,2,3961.41,609.9,3351.51,33.4,0.85,Delhi_NCR,Metro,E_Commerce,Bicycle,1.8,51,Full-Time,45.4,27,3961.41,4.44,1,1.2,1,122.9,99.8,36.7,32.9,18.9,156.0,1,0,2,0,1,0.5602,1.205,78.96
ORD_50315,W_08e6fccb88fab6c5,ZONE_DEL_01,2026-07-13,50,2,3961.41,3777.74,183.67,188.7,0.0,Delhi_NCR,Metro,E_Commerce,Bicycle,1.8,51,Full-Time,45.4,27,3961.41,4.44,1,1.2,1,9.8,3.7,37.4,36.55714285714286,19.6,129.42857142857142,0,0,0,0,1,0.1191,1.016,47.75
ORD_50316,W_08e6fccb88fab6c5,ZONE_DEL_01,2026-07-20,27,5,3961.41,2049.2,1912.21,121.6,0.467,Delhi_NCR,Metro,E_Commerce,Bicycle,1.8,51,Full-Time,45.4,27,3961.41,4.44,1,1.2,1,74.3,31.9,33.7,31.8,16.5,132.71428571428572,0,0,0,0,1,0.2667,1.124,59.8
ORD_50317,W_08e6fccb88fab6c5,ZONE_DEL_01,2026-07-27,52,2,3961.41,3962.08,0.0,283.9,0.0,Delhi_NCR,Metro,E_Commerce,Bicycle,1.8,51,Full-Time,45.4,27,3961.41,4.44,1,1.2,1,51.900000000000006,19.5,35.3,32.94285714285714,14.4,172.57142857142858,0,0,0,0,1,0.2462,1.086,56.84
ORD_50318,W_08e6fccb88fab6c5,ZONE_DEL_01,2026-08-03,9,2,3961.41,703.38,3258.03,43.3,0.821,Delhi_NCR,Metro,E_Commerce,Bicycle,1.8,51,Full-Time,45.4,27,3961.41,4.44,1,1.2,1,132.8,58.3,33.8,31.17142857142857,15.8,126.57142857142856,0,0,1,0,1,0.4771,1.221,75.75
ORD_50319,W_08e6fccb88fab6c5,ZONE_DEL_01,2026-08-10,53,2,3961.41,3977.58,0.0,302.6,0.0,Delhi_NCR,Metro,E_Commerce,Bicycle,1.8,51,Full-Time,45.4,27,3961.41,4.44,1,1.2,1,45.8,12.5,34.4,32.614285714285714,11.1,170.42857142857142,0,0,0,1,1,0.2309,1.076,55.63
ORD_50320,W_08e6fccb88fab6c5,ZONE_DEL_01,2026-08-17,43,4,3961.41,3256.65,704.76,244.3,0.15,Delhi_NCR,Metro,E_Commerce,Bicycle,1.8,51,Full-Time,45.4,27,3961.41,4.44,1,1.2,1,34.3,8.2,33.6,33.15714285714286,11.7,140.0,1,0,1,0,1,0.2655,1.057,56.18
ORD_50321,W_08e6fccb88fab6c5,ZONE_DEL_01,2026-08-24,53,2,3961.41,4037.82,0.0,265.0,0.0,Delhi_NCR,Metro,E_Commerce,Bicycle,1.8,51,Full-Time,45.4,27,3961.41,4.44,1,1.2,1,24.5,13.5,34.9,33.44285714285714,13.9,168.0,0,0,0,1,1,0.1811,1.041,51.64
ORD_50322,W_08e6fccb88fab6c5,ZONE_DEL_01,2026-08-31,38,4,3961.41,2910.08,1051.33,147.2,0.259,Delhi_NCR,Metro,E_Commerce,Bicycle,1.8,51,Full-Time,45.4,27,3961.41,4.44,1,1.2,1,76.6,23.5,34.4,31.24285714285714,13.1,145.57142857142858,0,0,0,1,1,0.2815,1.128,60.71
ORD_50323,W_08e6fccb88fab6c5,ZONE_DEL_01,2026-09-07,53,2,3961.41,4027.08,0.0,260.6,0.0,Delhi_NCR,Metro,E_Commerce,Bicycle,1.8,51,Full-Time,45.4,27,3961.41,4.44,1,1.2,1,19.1,8.7,34.4,32.471428571428575,14.1,142.0,0,0,0,0,1,0.1495,1.032,49.82
ORD_50324,W_08e6fccb88fab6c5,ZONE_DEL_01,2026-09-14,53,2,3961.41,4016.62,0.0,233.9,0.0,Delhi_NCR,Metro,E_Commerce,Bicycle,1.8,51,Full-Time,45.4,27,3961.41,4.44,1,1.2,1,7.6,3.7,35.0,33.05,14.4,149.0,0,0,0,0,1,0.1288,1.013,48.03
ORD_50325,W_0e34004535fe526f,ZONE_BLR_01,2026-06-22,61,3,4450.23,4631.29,0.0,310.2,0.0,Bangalore,Metro,Q_Commerce,Bike,1.2,41,Full-Time,40.7,26,4450.23,4.47,1,1.05,1,16.3,5.3,30.1,29.475,20.2,135.25,0,0,0,1,1,0.1381,1.027,42.95
ORD_50326,W_0e34004535fe526f,ZONE_BLR_01,2026-06-29,48,4,4450.23,3625.87,824.36,226.3,0.15,Bangalore,Metro,Q_Commerce,Bike,1.2,41,Full-Time,40.7,26,4450.23,4.47,1,1.05,1,20.1,8.4,29.2,27.985714285714288,29.9,153.85714285714286,1,0,1,0,1,0.244,1.034,47.27
ORD_50327,W_0e34004535fe526f,ZONE_BLR_01,2026-07-06,60,3,4450.23,4564.31,0.0,338.6,0.0,Bangalore,Metro,Q_Commerce,Bike,1.2,41,Full-Time,40.7,26,4450.23,4.47,1,1.05,1,8.399999999999999,3.3,31.8,29.77142857142857,29.7,172.71428571428572,0,0,0,0,1,0.1484,1.014,42.79
ORD_50328,W_0e34004535fe526f,ZONE_BLR_01,2026-07-13,59,2,4450.23,4447.83,2.4,349.0,0.0,Bangalore,Metro,Q_Commerce,Bike,1.2,41,Full-Time,40.7,26,4450.23,4.47,1,1.05,1,16.8,9.8,32.1,29.785714285714285,20.5,124.57142857142856,0,0,0,0,1,0.1312,1.028,42.74
ORD_50329,W_0e34004535fe526f,ZONE_BLR_01,2026-07-20,49,4,4450.23,3694.81,755.42,225.8,0.15,Bangalore,Metro,Q_Commerce,Bike,1.2,41,Full-Time,40.7,26,4450.23,4.47,1,1.05,1,33.4,8.9,29.5,28.414285714285715,21.1,162.85714285714286,1,0,1,0,1,0.2806,1.056,49.7
ORD_50330,W_0e34004535fe526f,ZONE_BLR_01,2026-07-27,61,3,4450.23,4627.61,0.0,361.1,0.0,Bangalore,Metro,Q_Commerce,Bike,1.2,41,Full-Time,40.7,26,4450.23,4.47,1,1.05,1,28.8,17.0,29.7,28.685714285714287,25.0,169.42857142857142,0,0,0,0,1,0.1919,1.048,45.9
ORD_50331,W_0e34004535fe526f,ZONE_BLR_01,2026-08-03,42,5,4450.23,3211.18,1239.05,157.1,0.303,Bangalore,Metro,Q_Commerce,Bike,1.2,41,Full-Time,40.7,26,4450.23,4.47,1,1.05,1,76.3,18.5,28.3,27.285714285714285,21.1,143.0,0,0,0,0,1,0.2789,1.127,52.97
ORD_50332,W_0e34004535fe526f,ZONE_BLR_01,2026-08-10,61,3,4450.23,4612.66,0.0,266.3,0.0,Bangalore,Metro,Q_Commerce,Bike,1.2,41,Full-Time,40.7,26,4450.23,4.47,1,1.05,1,19.9,5.6,30.7,29.17142857142857,21.8,129.0,0,0,0,1,1,0.1415,1.033,43.33
ORD_50333,W_0e34004535fe526f,ZONE_BLR_01,2026-08-17,48,4,4450.23,3661.02,789.21,199.0,0.15,Bangalore,Metro,Q_Commerce,Bike,1.2,41,Full-Time,40.7,26,4450.23,4.47,1,1.05,1,31.4,9.8,29.9,28.4,22.2,146.57142857142858,1,0,1,0,1,0.2639,1.052,48.86
ORD_50334,W_0e34004535fe526f,ZONE_BLR_01,2026-08-24,58,2,4450.23,4413.72,36.51,242.3,0.0,Bangalore,Metro,Q_Commerce,Bike,1.2,41,Full-Time,40.7,26,4450.23,4.47,1,1.05,1,35.7,18.2,28.8,28.014285714285712,22.3,167.14285714285714,0,0,0,1,1,0.2057,1.06,46.97
ORD_50335,W_0e34004535fe526f,ZONE_BLR_01,2026-08-31,58,2,4450.23,4370.38,79.85,224.1,0.0,Bangalore,Metro,Q_Commerce,Bike,1.2,41,Full-Time,40.7,26,4450.23,4.47,1,1.05,1,13.2,3.6,30.8,29.542857142857144,19.3,142.71428571428572,1,0,1,1,1,0.2201,1.022,45.83
ORD_50336,W_0e34004535fe526f,ZONE_BLR_01,2026-09-07,58,2,4450.23,4359.52,90.71,292.6,0.0,Bangalore,Metro,Q_Commerce,Bike,1.2,41,Full-Time,40.7,26,4450.23,4.47,1,1.05,1,8.5,5.1,31.0,30.62857142857143,14.9,128.28571428571428,0,0,0,0,1,0.1153,1.014,41.56
ORD_50337,W_0e34004535fe526f,ZONE_BLR_01,2026-09-14,58,2,4450.23,4424.35,25.88,257.3,0.0,Bangalore,Metro,Q_Commerce,Bike,1.2,41,Full-Time,40.7,26,4450.23,4.47,1,1.05,1,33.1,9.6,30.8,30.425,13.6,137.5,0,0,0,0,1,0.1776,1.055,45.66
ORD_50338,W_1506ca04b01f071b,ZONE_BLR_01,2026-06-22,72,3,5321.87,5453.03,0.0,425.7,0.0,Bangalore,Metro,Food_Delivery,Bike,1.2,208,Full-Time,50.3,27,5321.87,5.0,1,1.05,1,16.3,5.3,30.1,29.475,20.2,135.25,0,0,0,1,1,0.1381,1.027,42.95
ORD_50339,W_1506ca04b01f071b,ZONE_BLR_01,2026-06-29,61,5,5321.87,4639.75,682.12,268.2,0.15,Bangalore,Metro,Food_Delivery,Bike,1.2,208,Full-Time,50.3,27,5321.87,5.0,1,1.05,1,20.1,8.4,29.2,27.985714285714288,29.9,153.85714285714286,1,0,1,0,1,0.244,1.034,47.27
ORD_50340,W_1506ca04b01f071b,ZONE_BLR_01,2026-07-06,72,3,5321.87,5451.96,0.0,281.5,0.0,Bangalore,Metro,Food_Delivery,Bike,1.2,208,Full-Time,50.3,27,5321.87,5.0,1,1.05,1,8.399999999999999,3.3,31.8,29.77142857142857,29.7,172.71428571428572,0,0,0,0,1,0.1484,1.014,42.79
ORD_50341,W_1506ca04b01f071b,ZONE_BLR_01,2026-07-13,68,3,5321.87,5125.13,196.74,301.5,0.0,Bangalore,Metro,Food_Delivery,Bike,1.2,208,Full-Time,50.3,27,5321.87,5.0,1,1.05,1,16.8,9.8,32.1,29.785714285714285,20.5,124.57142857142856,0,0,0,0,1,0.1312,1.028,42.74
ORD_50342,W_1506ca04b01f071b,ZONE_BLR_01,2026-07-20,62,5,5321.87,4662.78,659.09,258.2,0.15,Bangalore,Metro,Food_Delivery,Bike,1.2,208,Full-Time,50.3,27,5321.87,5.0,1,1.05,1,33.4,8.9,29.5,28.414285714285715,21.1,162.85714285714286,1,0,1,0,1,0.2806,1.056,49.7
ORD_50343,W_1506ca04b01f071b,ZONE_BLR_01,2026-07-27,67,3,5321.87,5089.44,232.43,258.3,0.0,Bangalore,Metro,Food_Delivery,Bike,1.2,208,Full-Time,50.3,27,5321.87,5.0,1,1.05,1,28.8,17.0,29.7,28.685714285714287,25.0,169.42857142857142,0,0,0,0,1,0.1919,1.048,45.9
ORD_50344,W_1506ca04b01f071b,ZONE_BLR_01,2026-08-03,47,7,5321.87,3588.69,1733.18,196.6,0.335,Bangalore,Metro,Food_Delivery,Bike,1.2,208,Full-Time,50.3,27,5321.87,5.0,1,1.05,1,76.3,18.5,28.3,27.285714285714285,21.1,143.0,0,0,0,0,1,0.2789,1.127,52.97
ORD_50345,W_1506ca04b01f071b,ZONE_BLR_01,2026-08-10,71,3,5321.87,5351.3,0.0,349.6,0.0,Bangalore,Metro,Food_Delivery,Bike,1.2,208,Full-Time,50.3,27,5321.87,5.0,1,1.05,1,19.9,5.6,30.7,29.17142857142857,21.8,129.0,0,0,0,1,1,0.1415,1.033,43.33
ORD_50346,W_1506ca04b01f071b,ZONE_BLR_01,2026-08-17,61,5,5321.87,4593.9,727.97,251.9,0.15,Bangalore,Metro,Food_Delivery,Bike,1.2,208,Full-Time,50.3,27,5321.87,5.0,1,1.05,1,31.4,9.8,29.9,28.4,22.2,146.57142857142858,1,0,1,0,1,0.2639,1.052,48.86
ORD_50347,W_1506ca04b01f071b,ZONE_BLR_01,2026-08-24,73,3,5321.87,5515.8,0.0,316.5,0.0,Bangalore,Metro,Food_Delivery,Bike,1.2,208,Full-Time,50.3,27,5321.87,5.0,1,1.05,1,35.7,18.2,28.8,28.014285714285712,22.3,167.14285714285714,0,0,0,1,1,0.2057,1.06,46.97
ORD_50348,W_1506ca04b01f071b,ZONE_BLR_01,2026-08-31,72,3,5321.87,5425.18,0.0,255.1,0.0,Bangalore,Metro,Food_Delivery,Bike,1.2,208,Full-Time,50.3,27,5321.87,5.0,1,1.05,1,13.2,3.6,30.8,29.542857142857144,19.3,142.71428571428572,1,0,1,1,1,0.2201,1.022,45.83
ORD_50349,W_1506ca04b01f071b,ZONE_BLR_01,2026-09-07,70,3,5321.87,5254.1,67.77,311.5,0.0,Bangalore,Metro,Food_Delivery,Bike,1.2,208,Full-Time,50.3,27,5321.87,5.0,1,1.05,1,8.5,5.1,31.0,30.62857142857143,14.9,128.28571428571428,0,0,0,0,1,0.1153,1.014,41.56
ORD_50350,W_1506ca04b01f071b,ZONE_BLR_01,2026-09-14,71,3,5321.87,5345.01,0.0,262.4,0.0,Bangalore,Metro,Food_Delivery,Bike,1.2,208,Full-Time,50.3,27,5321.87,5.0,1,1.05,1,33.1,9.6,30.8,30.425,13.6,137.5,0,0,0,0,1,0.1776,1.055,45.66
ORD_50351,W_ebc11507125ea7ab,ZONE_BOM_01,2026-06-22,43,2,3155.52,3247.07,0.0,175.8,0.0,Mumbai,Metro,Food_Delivery,Scooter,1.0,33,Part-Time,28.2,15,3155.52,4.57,1,1.0,0,24.8,11.5,31.1,30.425,15.3,184.0,0,0,0,1,1,0.1938,1.041,43.5
ORD_50352,W_ebc11507125ea7ab,ZONE_BOM_01,2026-06-29,6,1,3155.52,487.68,2667.84,30.1,0.85,Mumbai,Metro,Food_Delivery,Scooter,1.0,33,Part-Time,28.2,15,3155.52,4.57,1,1.0,0,493.0,136.9,28.6,27.642857142857142,30.3,147.0,0,0,6,0,1,1.0,1.822,79.0
ORD_50353,W_ebc11507125ea7ab,ZONE_BOM_01,2026-07-06,8,2,3155.52,647.17,2508.35,35.7,0.798,Mumbai,Metro,Food_Delivery,Scooter,1.0,33,Part-Time,28.2,15,3155.52,4.57,1,1.0,0,235.5,131.8,30.2,29.142857142857142,34.6,143.85714285714286,0,0,2,0,1,0.8044,1.392,79.0
ORD_50354,W_ebc11507125ea7ab,ZONE_BOM_01,2026-07-13,23,4,3155.52,1788.52,1367.0,116.0,0.421,Mumbai,Metro,Food_Delivery,Scooter,1.0,33,Part-Time,28.2,15,3155.52,4.57,1,1.0,0,92.5,33.1,30.6,29.82857142857143,21.8,156.42857142857142,1,0,1,0,1,0.4088,1.154,56.9
ORD_50355,W_ebc11507125ea7ab,ZONE_BOM_01,2026-07-20,6,1,3155.52,467.6,2687.92,25.9,0.85,Mumbai,Metro,Food_Delivery,Scooter,1.0,33,Part-Time,28.2,15,3155.52,4.57,1,1.0,0,354.8,107.0,29.6,28.74285714285714,34.0,158.42857142857142,0,0,4,0,1,1.0,1.591,79.0
ORD_50356,W_ebc11507125ea7ab,ZONE_BOM_01,2026-07-27,24,4,3155.52,1817.19,1338.33,144.3,0.442,Mumbai,Metro,Food_Delivery,Scooter,1.0,33,Part-Time,28.2,15,3155.52,4.57,1,1.0,0,120.9,42.9,29.6,28.957142857142856,25.3,151.42857142857142,0,0,0,0,1,0.3856,1.202,58.29
ORD_50357,W_ebc11507125ea7ab,ZONE_BOM_01,2026-08-03,26,4,3155.52,1998.39,1157.13,154.4,0.377,Mumbai,Metro,Food_Delivery,Scooter,1.0,33,Part-Time,28.2,15,3155.52,4.57,1,1.0,0,76.8,18.7,29.7,29.285714285714285,21.2,139.0,0,0,0,0,1,0.277,1.128,50.42
ORD_50358,W_ebc11507125ea7ab,ZONE_BOM_01,2026-08-10,33,3,3155.52,2549.8,605.72,178.7,0.17,Mumbai,Metro,Food_Delivery,Scooter,1.0,33,Part-Time,28.2,15,3155.52,4.57,1,1.0,0,96.6,30.6,29.7,28.61428571428572,19.0,142.57142857142858,0,0,0,1,1,0.3243,1.161,53.81
ORD_50359,W_ebc11507125ea7ab,ZONE_BOM_01,2026-08-17,19,4,3155.52,1426.36,1729.16,87.8,0.564,Mumbai,Metro,Food_Delivery,Scooter,1.0,33,Part-Time,28.2,15,3155.52,4.57,1,1.0,0,61.0,16.7,29.7,29.228571428571428,20.6,146.28571428571428,1,0,1,0,1,0.3303,1.102,51.31
ORD_50360,W_ebc11507125ea7ab,ZONE_BOM_01,2026-08-24,40,2,3155.52,3025.94,129.58,187.3,0.0,Mumbai,Metro,Food_Delivery,Scooter,1.0,33,Part-Time,28.2,15,3155.52,4.57,1,1.0,0,36.4,7.6,29.6,29.25714285714286,21.1,134.0,1,0,1,1,1,0.2657,1.061,47.0
ORD_50361,W_ebc11507125ea7ab,ZONE_BOM_01,2026-08-31,41,2,3155.52,3089.63,65.89,229.0,0.0,Mumbai,Metro,Food_Delivery,Scooter,1.0,33,Part-Time,28.2,15,3155.52,4.57,1,1.0,0,61.0,16.1,29.6,29.042857142857144,18.4,158.28571428571428,0,0,0,1,1,0.256,1.102,48.44
ORD_50362,W_ebc11507125ea7ab,ZONE_BOM_01,2026-09-07,40,2,3155.52,3021.58,133.94,229.4,0.0,Mumbai,Metro,Food_Delivery,Scooter,1.0,33,Part-Time,28.2,15,3155.52,4.57,1,1.0,0,52.9,25.5,30.0,29.071428571428573,15.3,169.57142857142858,0,0,0,0,1,0.2462,1.088,47.46
ORD_50363,W_ebc11507125ea7ab,ZONE_BOM_01,2026-09-14,41,2,3155.52,3132.7,22.82,209.5,0.0,Mumbai,Metro,Food_Delivery,Scooter,1.0,33,Part-Time,28.2,15,3155.52,4.57,1,1.0,0,23.3,10.3,30.0,29.625,20.1,162.0,0,0,0,0,1,0.1739,1.039,42.69
ORD_50364,W_aa3cde79f1b0b184,ZONE_HYD_01,2026-06-22,37,1,2934.89,2814.46,120.43,163.2,0.0,Hyderabad,Metro,Food_Delivery,Bike,1.2,208,Part-Time,31.1,17,2934.89,4.41,1,1.05,0,21.8,14.6,32.6,30.65,17.3,156.25,1,0,1,1,1,0.2496,1.036,47.58
ORD_50365,W_aa3cde79f1b0b184,ZONE_HYD_01,2026-06-29,37,1,2934.89,2814.47,120.42,225.6,0.0,Hyderabad,Metro,Food_Delivery,Bike,1.2,208,Part-Time,31.1,17,2934.89,4.41,1,1.05,0,35.9,10.7,29.8,28.357142857142858,25.4,132.14285714285714,0,0,0,0,1,0.1799,1.06,45.96
ORD_50366,W_aa3cde79f1b0b184,ZONE_HYD_01,2026-07-06,40,2,2934.89,3025.07,0.0,189.6,0.0,Hyderabad,Metro,Food_Delivery,Bike,1.2,208,Part-Time,31.1,17,2934.89,4.41,1,1.05,0,6.2,2.2,33.3,32.27142857142857,25.7,165.28571428571428,0,0,0,0,1,0.1379,1.01,42.24
ORD_50367,W_aa3cde79f1b0b184,ZONE_HYD_01,2026-07-13,32,3,2934.89,2425.7,509.19,192.7,0.15,Hyderabad,Metro,Food_Delivery,Bike,1.2,208,Part-Time,31.1,17,2934.89,4.41,1,1.05,0,26.8,13.6,33.9,31.52857142857143,19.0,155.14285714285714,0,1,1,0,1,0.26,1.045,48.39
ORD_50368,W_aa3cde79f1b0b184,ZONE_HYD_01,2026-07-20,38,1,2934.89,2889.28,45.61,149.5,0.0,Hyderabad,Metro,Food_Delivery,Bike,1.2,208,Part-Time,31.1,17,2934.89,4.41,1,1.05,0,38.8,13.9,30.0,28.61428571428572,25.3,132.85714285714286,0,0,0,0,1,0.1869,1.065,46.45
ORD_50369,W_aa3cde79f1b0b184,ZONE_HYD_01,2026-07-27,29,3,2934.89,2202.7,732.19,101.8,0.281,Hyderabad,Metro,Food_Delivery,Bike,1.2,208,Part-Time,31.1,17,2934.89,4.41,1,1.05,0,70.5,24.9,30.6,28.585714285714285,24.3,137.0,0,0,0,0,1,0.2614,1.118,51.83
ORD_50370,W_aa3cde79f1b0b184,ZONE_HYD_01,2026-08-03,38,1,2934.89,2858.03,76.86,229.3,0.0,Hyderabad,Metro,Food_Delivery,Bike,1.2,208,Part-Time,31.1,17,2934.89,4.41,1,1.05,0,20.5,9.0,30.6,29.442857142857143,20.0,136.28571428571428,0,0,0,0,1,0.1483,1.034,43.63
ORD_50371,W_aa3cde79f1b0b184,ZONE_HYD_01,2026-08-10,37,1,2934.89,2838.36,96.53,140.8,0.0,Hyderabad,Metro,Food_Delivery,Bike,1.2,208,Part-Time,31.1,17,2934.89,4.41,1,1.05,0,12.6,3.6,30.8,29.82857142857143,19.8,137.42857142857142,0,0,0,1,1,0.1314,1.021,42.45
ORD_50372,W_aa3cde79f1b0b184,ZONE_HYD_01,2026-08-17,31,3,2934.89,2334.84,600.05,180.6,0.21,Hyderabad,Metro,Food_Delivery,Bike,1.2,208,Part-Time,31.1,17,2934.89,4.41,1,1.05,0,18.2,11.0,31.5,30.228571428571428,19.4,148.85714285714286,0,1,1,0,1,0.2359,1.03,46.78
ORD_50373,W_aa3cde79f1b0b184,ZONE_HYD_01,2026-08-24,39,1,2934.89,2928.17,6.72,241.2,0.0,Hyderabad,Metro,Food_Delivery,Bike,1.2,208,Part-Time,31.1,17,2934.89,4.41,1,1.05,0,10.4,3.2,30.4,29.17142857142857,21.5,140.14285714285714,0,0,0,1,1,0.1285,1.017,42.18
ORD_50374,W_aa3cde79f1b0b184,ZONE_HYD_01,2026-08-31,39,1,2934.89,2987.47,0.0,144.3,0.0,Hyderabad,Metro,Food_Delivery,Bike,1.2,208,Part-Time,31.1,17,2934.89,4.41,1,1.05,0,8.8,5.3,32.0,30.228571428571428,19.7,159.14285714285714,0,0,0,1,1,0.1392,1.015,42.49
ORD_50375,W_aa3cde79f1b0b184,ZONE_HYD_01,2026-09-07,34,3,2934.89,2617.6,317.29,156.4,0.15,Hyderabad,Metro,Food_Delivery,Bike,1.2,208,Part-Time,31.1,17,2934.89,4.41,1,1.05,0,26.3,11.7,32.2,31.057142857142857,15.3,156.57142857142858,1,0,1,0,1,0.2599,1.044,48.34
ORD_50376,W_aa3cde79f1b0b184,ZONE_HYD_01,2026-09-14,38,1,2934.89,2872.49,62.4,190.2,0.0,Hyderabad,Metro,Food_Delivery,Bike,1.2,208,Part-Time,31.1,17,2934.89,4.41,1,1.05,0,12.7,5.5,33.4,31.525,10.7,147.5,0,0,0,0,1,0.1392,1.021,42.74
ORD_50377,W_1081496b0d8c1a2e,ZONE_DEL_01,2026-06-22,76,3,5886.86,5771.66,115.2,283.7,0.0,Delhi_NCR,Metro,Q_Commerce,Scooter,1.0,20,Full-Time,52.5,25,5886.86,4.27,1,1.0,1,4.0,1.2,41.9,40.425,14.3,188.25,0,0,0,1,1,0.1502,1.007,40.54
ORD_50378,W_1081496b0d8c1a2e,ZONE_DEL_01,2026-06-29,63,6,5886.86,4726.39,1160.47,297.0,0.155,Delhi_NCR,Metro,Q_Commerce,Scooter,1.0,20,Full-Time,52.5,25,5886.86,4.27,1,1.0,1,20.0,6.8,41.7,35.84285714285714,14.4,157.71428571428572,0,0,0,0,1,0.1633,1.033,42.06
ORD_50379,W_1081496b0d8c1a2e,ZONE_DEL_01,2026-07-06,14,4,5886.86,1082.88,4803.98,86.8,0.817,Delhi_NCR,Metro,Q_Commerce,Scooter,1.0,20,Full-Time,52.5,25,5886.86,4.27,1,1.0,1,122.9,99.8,36.7,32.9,18.9,156.0,1,0,2,0,1,0.5602,1.205,65.8
ORD_50380,W_1081496b0d8c1a2e,ZONE_DEL_01,2026-07-13,76,3,5886.86,5761.38,125.48,323.5,0.0,Delhi_NCR,Metro,Q_Commerce,Scooter,1.0,20,Full-Time,52.5,25,5886.86,4.27,1,1.0,1,9.8,3.7,37.4,36.55714285714286,19.6,129.42857142857142,0,0,0,0,1,0.1191,1.016,39.8
ORD_50381,W_1081496b0d8c1a2e,ZONE_DEL_01,2026-07-20,62,6,5886.86,4699.41,1187.45,264.7,0.174,Delhi_NCR,Metro,Q_Commerce,Scooter,1.0,20,Full-Time,52.5,25,5886.86,4.27,1,1.0,1,74.3,31.9,33.7,31.8,16.5,132.71428571428572,0,0,0,0,1,0.2667,1.124,49.83
ORD_50382,W_1081496b0d8c1a2e,ZONE_DEL_01,2026-07-27,80,4,5886.86,6059.25,0.0,475.6,0.0,Delhi_NCR,Metro,Q_Commerce,Scooter,1.0,20,Full-Time,52.5,25,5886.86,4.27,1,1.0,1,51.900000000000006,19.5,35.3,32.94285714285714,14.4,172.57142857142858,0,0,0,0,1,0.2462,1.086,47.37
ORD_50383,W_1081496b0d8c1a2e,ZONE_DEL_01,2026-08-03,23,5,5886.86,1747.33,4139.53,135.2,0.695,Delhi_NCR,Metro,Q_Commerce,Scooter,1.0,20,Full-Time,52.5,25,5886.86,4.27,1,1.0,1,132.8,58.3,33.8,31.17142857142857,15.8,126.57142857142856,0,0,1,0,1,0.4771,1.221,63.12
ORD_50384,W_1081496b0d8c1a2e,ZONE_DEL_01,2026-08-10,77,3,5886.86,5785.76,101.1,293.0,0.0,Delhi_NCR,Metro,Q_Commerce,Scooter,1.0,20,Full-Time,52.5,25,5886.86,4.27,1,1.0,1,45.8,12.5,34.4,32.614285714285714,11.1,170.42857142857142,0,0,0,1,1,0.2309,1.076,46.36
ORD_50385,W_1081496b0d8c1a2e,ZONE_DEL_01,2026-08-17,69,6,5886.86,5188.99,697.87,360.0,0.15,Delhi_NCR,Metro,Q_Commerce,Scooter,1.0,20,Full-Time,52.5,25,5886.86,4.27,1,1.0,1,34.3,8.2,33.6,33.15714285714286,11.7,140.0,1,0,1,0,1,0.2655,1.057,46.82
ORD_50386,W_1081496b0d8c1a2e,ZONE_DEL_01,2026-08-24,75,3,5886.86,5689.49,197.37,349.5,0.0,Delhi_NCR,Metro,Q_Commerce,Scooter,1.0,20,Full-Time,52.5,25,5886.86,4.27,1,1.0,1,24.5,13.5,34.9,33.44285714285714,13.9,168.0,0,0,0,1,1,0.1811,1.041,43.03
ORD_50387,W_1081496b0d8c1a2e,ZONE_DEL_01,2026-08-31,80,4,5886.86,6026.26,0.0,377.9,0.0,Delhi_NCR,Metro,Q_Commerce,Scooter,1.0,20,Full-Time,52.5,25,5886.86,4.27,1,1.0,1,76.6,23.5,34.4,31.24285714285714,13.1,145.57142857142858,0,0,0,1,1,0.2815,1.128,50.59
ORD_50388,W_1081496b0d8c1a2e,ZONE_DEL_01,2026-09-07,82,4,5886.86,6174.89,0.0,299.1,0.0,Delhi_NCR,Metro,Q_Commerce,Scooter,1.0,20,Full-Time,52.5,25,5886.86,4.27,1,1.0,1,19.1,8.7,34.4,32.471428571428575,14.1,142.0,0,0,0,0,1,0.1495,1.032,41.52
ORD_50389,W_1081496b0d8c1a2e,ZONE_DEL_01,2026-09-14,77,3,5886.86,5801.51,85.35,369.7,0.0,Delhi_NCR,Metro,Q_Commerce,Scooter,1.0,20,Full-Time,52.5,25,5886.86,4.27,1,1.0,1,7.6,3.7,35.0,33.05,14.4,149.0,0,0,0,0,1,0.1288,1.013,40.02
ORD_50390,W_2d22569d6034337e,ZONE_DEL_01,2026-06-22,74,3,5616.81,5618.57,0.0,322.1,0.0,Delhi_NCR,Metro,Food_Delivery,Scooter,1.0,61,Full-Time,52.8,25,5616.81,4.3,1,1.0,1,4.0,1.2,41.9,40.425,14.3,188.25,0,0,0,1,1,0.1502,1.007,40.54
ORD_50391,W_2d22569d6034337e,ZONE_DEL_01,2026-06-29,64,6,5616.81,4855.01,761.8,375.2,0.155,Delhi_NCR,Metro,Food_Delivery,Scooter,1.0,61,Full-Time,52.8,25,5616.81,4.3,1,1.0,1,20.0,6.8,41.7,35.84285714285714,14.4,157.71428571428572,0,0,0,0,1,0.1633,1.033,42.06
ORD_50392,W_2d22569d6034337e,ZONE_DEL_01,2026-07-06,12,3,5616.81,939.17,4677.64,69.6,0.838,Delhi_NCR,Metro,Food_Delivery,Scooter,1.0,61,Full-Time,52.8,25,5616.81,4.3,1,1.0,1,122.9,99.8,36.7,32.9,18.9,156.0,1,0,2,0,1,0.5602,1.205,65.8
ORD_50393,W_2d22569d6034337e,ZONE_DEL_01,2026-07-13,75,3,5616.81,5645.2,0.0,429.7,0.0,Delhi_NCR,Metro,Food_Delivery,Scooter,1.0,61,Full-Time,52.8,25,5616.81,4.3,1,1.0,1,9.8,3.7,37.4,36.55714285714286,19.6,129.42857142857142,0,0,0,0,1,0.1191,1.016,39.8
ORD_50394,W_2d22569d6034337e,ZONE_DEL_01,2026-07-20,59,6,5616.81,4472.71,1144.1,257.0,0.196,Delhi_NCR,Metro,Food_Delivery,Scooter,1.0,61,Full-Time,52.8,25,5616.81,4.3,1,1.0,1,74.3,31.9,33.7,31.8,16.5,132.71428571428572,0,0,0,0,1,0.2667,1.124,49.83
ORD_50395,W_2d22569d6034337e,ZONE_DEL_01,2026-07-27,74,3,5616.81,5598.49,18.32,316.1,0.0,Delhi_NCR,Metro,Food_Delivery,Scooter,1.0,61,Full-Time,52.8,25,5616.81,4.3,1,1.0,1,51.900000000000006,19.5,35.3,32.94285714285714,14.4,172.57142857142858,0,0,0,0,1,0.2462,1.086,47.37
ORD_50396,W_2d22569d6034337e,ZONE_DEL_01,2026-08-03,22,5,5616.81,1695.82,3920.99,82.8,0.692,Delhi_NCR,Metro,Food_Delivery,Scooter,1.0,61,Full-Time,52.8,25,5616.81,4.3,1,1.0,1,132.8,58.3,33.8,31.17142857142857,15.8,126.57142857142856,0,0,1,0,1,0.4771,1.221,63.12
ORD_50397,W_2d22569d6034337e,ZONE_DEL_01,2026-08-10,75,3,5616.81,5631.87,0.0,274.1,0.0,Delhi_NCR,Metro,Food_Delivery,Scooter,1.0,61,Full-Time,52.8,25,5616.81,4.3,1,1.0,1,45.8,12.5,34.4,32.614285714285714,11.1,170.42857142857142,0,0,0,1,1,0.2309,1.076,46.36
ORD_50398,W_2d22569d6034337e,ZONE_DEL_01,2026-08-17,61,5,5616.81,4588.35,1028.46,249.6,0.15,Delhi_NCR,Metro,Food_Delivery,Scooter,1.0,61,Full-Time,52.8,25,5616.81,4.3,1,1.0,1,34.3,8.2,33.6,33.15714285714286,11.7,140.0,1,0,1,0,1,0.2655,1.057,46.82
ORD_50399,W_2d22569d6034337e,ZONE_DEL_01,2026-08-24,74,3,5616.81,5596.79,20.02,345.6,0.0,Delhi_NCR,Metro,Food_Delivery,Scooter,1.0,61,Full-Time,52.8,25,5616.81,4.3,1,1.0,1,24.5,13.5,34.9,33.44285714285714,13.9,168.0,0,0,0,1,1,0.1811,1.041,43.03
ORD_50400,W_2d22569d6034337e,ZONE_DEL_01,2026-08-31,71,5,5616.81,5348.99,267.82,330.2,0.07,Delhi_NCR,Metro,Food_Delivery,Scooter,1.0,61,Full-Time,52.8,25,5616.81,4.3,1,1.0,1,76.6,23.5,34.4,31.24285714285714,13.1,145.57142857142858,0,0,0,1,1,0.2815,1.128,50.59
ORD_50401,W_2d22569d6034337e,ZONE_DEL_01,2026-09-07,73,3,5616.81,5523.4,93.41,317.9,0.0,Delhi_NCR,Metro,Food_Delivery,Scooter,1.0,61,Full-Time,52.8,25,5616.81,4.3,1,1.0,1,19.1,8.7,34.4,32.471428571428575,14.1,142.0,0,0,0,0,1,0.1495,1.032,41.52
ORD_50402,W_2d22569d6034337e,ZONE_DEL_01,2026-09-14,76,3,5616.81,5770.71,0.0,276.7,0.0,Delhi_NCR,Metro,Food_Delivery,Scooter,1.0,61,Full-Time,52.8,25,5616.81,4.3,1,1.0,1,7.6,3.7,35.0,33.05,14.4,149.0,0,0,0,0,1,0.1288,1.013,40.02
ORD_50403,W_0ad5761f7d7ef742,ZONE_DEL_01,2026-06-22,36,1,2890.96,2750.12,140.84,203.3,0.0,Delhi_NCR,Metro,Food_Delivery,Scooter,1.0,309,Part-Time,27.6,10,2890.96,4.57,1,1.0,0,4.0,1.2,41.9,40.425,14.3,188.25,0,0,0,1,1,0.1502,1.007,40.54
ORD_50404,W_0ad5761f7d7ef742,ZONE_DEL_01,2026-06-29,32,3,2890.96,2437.28,453.68,123.3,0.155,Delhi_NCR,Metro,Food_Delivery,Scooter,1.0,309,Part-Time,27.6,10,2890.96,4.57,1,1.0,0,20.0,6.8,41.7,35.84285714285714,14.4,157.71428571428572,0,0,0,0,1,0.1633,1.033,42.06
ORD_50405,W_0ad5761f7d7ef742,ZONE_DEL_01,2026-07-06,12,3,2890.96,913.51,1977.45,69.8,0.697,Delhi_NCR,Metro,Food_Delivery,Scooter,1.0,309,Part-Time,27.6,10,2890.96,4.57,1,1.0,0,122.9,99.8,36.7,32.9,18.9,156.0,1,0,2,0,1,0.5602,1.205,65.8
ORD_50406,W_0ad5761f7d7ef742,ZONE_DEL_01,2026-07-13,39,1,2890.96,2951.61,0.0,187.3,0.0,Delhi_NCR,Metro,Food_Delivery,Scooter,1.0,309,Part-Time,27.6,10,2890.96,4.57,1,1.0,0,9.8,3.7,37.4,36.55714285714286,19.6,129.42857142857142,0,0,0,0,1,0.1191,1.016,39.8
ORD_50407,W_0ad5761f7d7ef742,ZONE_DEL_01,2026-07-20,31,3,2890.96,2337.74,553.22,189.3,0.228,Delhi_NCR,Metro,Food_Delivery,Scooter,1.0,309,Part-Time,27.6,10,2890.96,4.57,1,1.0,0,74.3,31.9,33.7,31.8,16.5,132.71428571428572,0,0,0,0,1,0.2667,1.124,49.83
ORD_50408,W_0ad5761f7d7ef742,ZONE_DEL_01,2026-07-27,37,1,2890.96,2808.65,82.31,210.5,0.0,Delhi_NCR,Metro,Food_Delivery,Scooter,1.0,309,Part-Time,27.6,10,2890.96,4.57,1,1.0,0,51.900000000000006,19.5,35.3,32.94285714285714,14.4,172.57142857142858,0,0,0,0,1,0.2462,1.086,47.37
ORD_50409,W_0ad5761f7d7ef742,ZONE_DEL_01,2026-08-03,17,3,2890.96,1293.3,1597.66,90.5,0.539,Delhi_NCR,Metro,Food_Delivery,Scooter,1.0,309,Part-Time,27.6,10,2890.96,4.57,1,1.0,0,132.8,58.3,33.8,31.17142857142857,15.8,126.57142857142856,0,0,1,0,1,0.4771,1.221,63.12
ORD_50410,W_0ad5761f7d7ef742,ZONE_DEL_01,2026-08-10,38,1,2890.96,2863.5,27.46,228.6,0.0,Delhi_NCR,Metro,Food_Delivery,Scooter,1.0,309,Part-Time,27.6,10,2890.96,4.57,1,1.0,0,45.8,12.5,34.4,32.614285714285714,11.1,170.42857142857142,0,0,0,1,1,0.2309,1.076,46.36
ORD_50411,W_0ad5761f7d7ef742,ZONE_DEL_01,2026-08-17,31,2,2890.96,2356.32,534.64,151.3,0.15,Delhi_NCR,Metro,Food_Delivery,Scooter,1.0,309,Part-Time,27.6,10,2890.96,4.57,1,1.0,0,34.3,8.2,33.6,33.15714285714286,11.7,140.0,1,0,1,0,1,0.2655,1.057,46.82
ORD_50412,W_0ad5761f7d7ef742,ZONE_DEL_01,2026-08-24,40,2,2890.96,3011.95,0.0,237.6,0.0,Delhi_NCR,Metro,Food_Delivery,Scooter,1.0,309,Part-Time,27.6,10,2890.96,4.57,1,1.0,0,24.5,13.5,34.9,33.44285714285714,13.9,168.0,0,0,0,1,1,0.1811,1.041,43.03
ORD_50413,W_0ad5761f7d7ef742,ZONE_DEL_01,2026-08-31,38,1,2890.96,2852.41,38.55,196.5,0.0,Delhi_NCR,Metro,Food_Delivery,Scooter,1.0,309,Part-Time,27.6,10,2890.96,4.57,1,1.0,0,76.6,23.5,34.4,31.24285714285714,13.1,145.57142857142858,0,0,0,1,1,0.2815,1.128,50.59
ORD_50414,W_0ad5761f7d7ef742,ZONE_DEL_01,2026-09-07,37,1,2890.96,2792.49,98.47,226.2,0.0,Delhi_NCR,Metro,Food_Delivery,Scooter,1.0,309,Part-Time,27.6,10,2890.96,4.57,1,1.0,0,19.1,8.7,34.4,32.471428571428575,14.1,142.0,0,0,0,0,1,0.1495,1.032,41.52
ORD_50415,W_0ad5761f7d7ef742,ZONE_DEL_01,2026-09-14,40,2,2890.96,3010.86,0.0,158.0,0.0,Delhi_NCR,Metro,Food_Delivery,Scooter,1.0,309,Part-Time,27.6,10,2890.96,4.57,1,1.0,0,7.6,3.7,35.0,33.05,14.4,149.0,0,0,0,0,1,0.1288,1.013,40.02
ORD_50416,W_7f2b8b2f12987677,ZONE_BLR_01,2026-06-22,36,1,2865.4,2756.85,108.55,134.3,0.0,Bangalore,Metro,Food_Delivery,Bike,1.2,51,Part-Time,27.8,15,2865.4,4.71,1,1.05,0,16.3,5.3,30.1,29.475,20.2,135.25,0,0,0,1,1,0.1381,1.027,42.95
ORD_50417,W_7f2b8b2f12987677,ZONE_BLR_01,2026-06-29,33,3,2865.4,2535.31,330.09,132.8,0.15,Bangalore,Metro,Food_Delivery,Bike,1.2,51,Part-Time,27.8,15,2865.4,4.71,1,1.05,0,20.1,8.4,29.2,27.985714285714288,29.9,153.85714285714286,1,0,1,0,1,0.244,1.034,47.27
ORD_50418,W_7f2b8b2f12987677,ZONE_BLR_01,2026-07-06,37,1,2865.4,2841.41,23.99,174.3,0.0,Bangalore,Metro,Food_Delivery,Bike,1.2,51,Part-Time,27.8,15,2865.4,4.71,1,1.05,0,8.399999999999999,3.3,31.8,29.77142857142857,29.7,172.71428571428572,0,0,0,0,1,0.1484,1.014,42.79
ORD_50419,W_7f2b8b2f12987677,ZONE_BLR_01,2026-07-13,38,1,2865.4,2893.77,0.0,140.4,0.0,Bangalore,Metro,Food_Delivery,Bike,1.2,51,Part-Time,27.8,15,2865.4,4.71,1,1.05,0,16.8,9.8,32.1,29.785714285714285,20.5,124.57142857142856,0,0,0,0,1,0.1312,1.028,42.74
ORD_50420,W_7f2b8b2f12987677,ZONE_BLR_01,2026-07-20,31,2,2865.4,2369.04,496.36,186.5,0.15,Bangalore,Metro,Food_Delivery,Bike,1.2,51,Part-Time,27.8,15,2865.4,4.71,1,1.05,0,33.4,8.9,29.5,28.414285714285715,21.1,162.85714285714286,1,0,1,0,1,0.2806,1.056,49.7
ORD_50421,W_7f2b8b2f12987677,ZONE_BLR_01,2026-07-27,39,1,2865.4,2982.43,0.0,218.8,0.0,Bangalore,Metro,Food_Delivery,Bike,1.2,51,Part-Time,27.8,15,2865.4,4.71,1,1.05,0,28.8,17.0,29.7,28.685714285714287,25.0,169.42857142857142,0,0,0,0,1,0.1919,1.048,45.9
ORD_50422,W_7f2b8b2f12987677,ZONE_BLR_01,2026-08-03,30,3,2865.4,2299.15,566.25,155.9,0.183,Bangalore,Metro,Food_Delivery,Bike,1.2,51,Part-Time,27.8,15,2865.4,4.71,1,1.05,0,76.3,18.5,28.3,27.285714285714285,21.1,143.0,0,0,0,0,1,0.2789,1.127,52.97
ORD_50423,W_7f2b8b2f12987677,ZONE_BLR_01,2026-08-10,37,1,2865.4,2800.98,64.42,220.4,0.0,Bangalore,Metro,Food_Delivery,Bike,1.2,51,Part-Time,27.8,15,2865.4,4.71,1,1.05,0,19.9,5.6,30.7,29.17142857142857,21.8,129.0,0,0,0,1,1,0.1415,1.033,43.33
ORD_50424,W_7f2b8b2f12987677,ZONE_BLR_01,2026-08-17,32,3,2865.4,2468.2,397.2,118.2,0.15,Bangalore,Metro,Food_Delivery,Bike,1.2,51,Part-Time,27.8,15,2865.4,4.71,1,1.05,0,31.4,9.8,29.9,28.4,22.2,146.57142857142858,1,0,1,0,1,0.2639,1.052,48.86
ORD_50425,W_7f2b8b2f12987677,ZONE_BLR_01,2026-08-24,39,1,2865.4,2982.6,0.0,237.4,0.0,Bangalore,Metro,Food_Delivery,Bike,1.2,51,Part-Time,27.8,15,2865.4,4.71,1,1.05,0,35.7,18.2,28.8,28.014285714285712,22.3,167.14285714285714,0,0,0,1,1,0.2057,1.06,46.97
ORD_50426,W_7f2b8b2f12987677,ZONE_BLR_01,2026-08-31,36,1,2865.4,2744.4,121.0,177.7,0.0,Bangalore,Metro,Food_Delivery,Bike,1.2,51,Part-Time,27.8,15,2865.4,4.71,1,1.05,0,13.2,3.6,30.8,29.542857142857144,19.3,142.71428571428572,1,0,1,1,1,0.2201,1.022,45.83
ORD_50427,W_7f2b8b2f12987677,ZONE_BLR_01,2026-09-07,37,1,2865.4,2809.06,56.34,168.7,0.0,Bangalore,Metro,Food_Delivery,Bike,1.2,51,Part-Time,27.8,15,2865.4,4.71,1,1.05,0,8.5,5.1,31.0,30.62857142857143,14.9,128.28571428571428,0,0,0,0,1,0.1153,1.014,41.56
ORD_50428,W_7f2b8b2f12987677,ZONE_BLR_01,2026-09-14,36,1,2865.4,2773.61,91.79,182.2,0.0,Bangalore,Metro,Food_Delivery,Bike,1.2,51,Part-Time,27.8,15,2865.4,4.71,1,1.05,0,33.1,9.6,30.8,30.425,13.6,137.5,0,0,0,0,1,0.1776,1.055,45.66
ORD_50429,W_fe0470c7deaf52e8,ZONE_HYD_01,2026-06-22,68,3,4897.67,5121.97,0.0,330.4,0.0,Hyderabad,Metro,Food_Delivery,Scooter,1.0,20,Full-Time,45.5,26,4897.67,4.76,1,1.0,1,21.8,14.6,32.6,30.65,17.3,156.25,1,0,1,1,1,0.2496,1.036,45.31
ORD_50430,W_fe0470c7deaf52e8,ZONE_HYD_01,2026-06-29,62,3,4897.67,4693.4,204.27,320.8,0.0,Hyderabad,Metro,Food_Delivery,Scooter,1.0,20,Full-Time,45.5,26,4897.67,4.76,1,1.0,1,35.9,10.7,29.8,28.357142857142858,25.4,132.14285714285714,0,0,0,0,1,0.1799,1.06,43.77
ORD_50431,W_fe0470c7deaf52e8,ZONE_HYD_01,2026-07-06,64,3,4897.67,4819.42,78.25,371.9,0.0,Hyderabad,Metro,Food_Delivery,Scooter,1.0,20,Full-Time,45.5,26,4897.67,4.76,1,1.0,1,6.2,2.2,33.3,32.27142857142857,25.7,165.28571428571428,0,0,0,0,1,0.1379,1.01,40.22
ORD_50432,W_fe0470c7deaf52e8,ZONE_HYD_01,2026-07-13,55,5,4897.67,4135.83,761.84,221.1,0.15,Hyderabad,Metro,Food_Delivery,Scooter,1.0,20,Full-Time,45.5,26,4897.67,4.76,1,1.0,1,26.8,13.6,33.9,31.52857142857143,19.0,155.14285714285714,0,1,1,0,1,0.26,1.045,46.08
ORD_50433,W_fe0470c7deaf52e8,ZONE_HYD_01,2026-07-20,63,3,4897.67,4746.38,151.29,351.3,0.0,Hyderabad,Metro,Food_Delivery,Scooter,1.0,20,Full-Time,45.5,26,4897.67,4.76,1,1.0,1,38.8,13.9,30.0,28.61428571428572,25.3,132.85714285714286,0,0,0,0,1,0.1869,1.065,44.24
ORD_50434,W_fe0470c7deaf52e8,ZONE_HYD_01,2026-07-27,54,5,4897.67,4073.94,823.73,219.0,0.19,Hyderabad,Metro,Food_Delivery,Scooter,1.0,20,Full-Time,45.5,26,4897.67,4.76,1,1.0,1,70.5,24.9,30.6,28.585714285714285,24.3,137.0,0,0,0,0,1,0.2614,1.118,49.36
ORD_50435,W_fe0470c7deaf52e8,ZONE_HYD_01,2026-08-03,64,3,4897.67,4810.34,87.33,304.4,0.0,Hyderabad,Metro,Food_Delivery,Scooter,1.0,20,Full-Time,45.5,26,4897.67,4.76,1,1.0,1,20.5,9.0,30.6,29.442857142857143,20.0,136.28571428571428,0,0,0,0,1,0.1483,1.034,41.56
ORD_50436,W_fe0470c7deaf52e8,ZONE_HYD_01,2026-08-10,68,3,4897.67,5114.73,0.0,409.1,0.0,Hyderabad,Metro,Food_Delivery,Scooter,1.0,20,Full-Time,45.5,26,4897.67,4.76,1,1.0,1,12.6,3.6,30.8,29.82857142857143,19.8,137.42857142857142,0,0,0,1,1,0.1314,1.021,40.43
ORD_50437,W_fe0470c7deaf52e8,ZONE_HYD_01,2026-08-17,50,5,4897.67,3755.74,1141.93,223.4,0.21,Hyderabad,Metro,Food_Delivery,Scooter,1.0,20,Full-Time,45.5,26,4897.67,4.76,1,1.0,1,18.2,11.0,31.5,30.228571428571428,19.4,148.85714285714286,0,1,1,0,1,0.2359,1.03,44.55
ORD_50438,W_fe0470c7deaf52e8,ZONE_HYD_01,2026-08-24,63,3,4897.67,4725.96,171.71,307.2,0.0,Hyderabad,Metro,Food_Delivery,Scooter,1.0,20,Full-Time,45.5,26,4897.67,4.76,1,1.0,1,10.4,3.2,30.4,29.17142857142857,21.5,140.14285714285714,0,0,0,1,1,0.1285,1.017,40.17
ORD_50439,W_fe0470c7deaf52e8,ZONE_HYD_01,2026-08-31,65,3,4897.67,4878.36,19.31,385.6,0.0,Hyderabad,Metro,Food_Delivery,Scooter,1.0,20,Full-Time,45.5,26,4897.67,4.76,1,1.0,1,8.8,5.3,32.0,30.228571428571428,19.7,159.14285714285714,0,0,0,1,1,0.1392,1.015,40.47
ORD_50440,W_fe0470c7deaf52e8,ZONE_HYD_01,2026-09-07,57,5,4897.67,4342.03,555.64,258.5,0.15,Hyderabad,Metro,Food_Delivery,Scooter,1.0,20,Full-Time,45.5,26,4897.67,4.76,1,1.0,1,26.3,11.7,32.2,31.057142857142857,15.3,156.57142857142858,1,0,1,0,1,0.2599,1.044,46.04
ORD_50441,W_fe0470c7deaf52e8,ZONE_HYD_01,2026-09-14,65,3,4897.67,4893.62,4.05,384.8,0.0,Hyderabad,Metro,Food_Delivery,Scooter,1.0,20,Full-Time,45.5,26,4897.67,4.76,1,1.0,1,12.7,5.5,33.4,31.525,10.7,147.5,0,0,0,0,1,0.1392,1.021,40.71
ORD_50442,W_7e05a7b9838db15e,ZONE_HYD_01,2026-06-22,64,3,4664.63,4807.7,0.0,224.6,0.0,Hyderabad,Metro,Food_Delivery,Bike,1.2,350,Full-Time,42.8,28,4664.63,4.47,1,1.05,1,21.8,14.6,32.6,30.65,17.3,156.25,1,0,1,1,1,0.2496,1.036,47.58
ORD_50443,W_7e05a7b9838db15e,ZONE_HYD_01,2026-06-29,61,3,4664.63,4580.69,83.94,283.0,0.0,Hyderabad,Metro,Food_Delivery,Bike,1.2,350,Full-Time,42.8,28,4664.63,4.47,1,1.05,1,35.9,10.7,29.8,28.357142857142858,25.4,132.14285714285714,0,0,0,0,1,0.1799,1.06,45.96
ORD_50444,W_7e05a7b9838db15e,ZONE_HYD_01,2026-07-06,60,3,4664.63,4538.55,126.08,242.3,0.0,Hyderabad,Metro,Food_Delivery,Bike,1.2,350,Full-Time,42.8,28,4664.63,4.47,1,1.05,1,6.2,2.2,33.3,32.27142857142857,25.7,165.28571428571428,0,0,0,0,1,0.1379,1.01,42.24
ORD_50445,W_7e05a7b9838db15e,ZONE_HYD_01,2026-07-13,50,4,4664.63,3781.67,882.96,261.9,0.15,Hyderabad,Metro,Food_Delivery,Bike,1.2,350,Full-Time,42.8,28,4664.63,4.47,1,1.05,1,26.8,13.6,33.9,31.52857142857143,19.0,155.14285714285714,0,1,1,0,1,0.26,1.045,48.39
ORD_50446,W_7e05a7b9838db15e,ZONE_HYD_01,2026-07-20,60,3,4664.63,4553.85,110.78,218.5,0.0,Hyderabad,Metro,Food_Delivery,Bike,1.2,350,Full-Time,42.8,28,4664.63,4.47,1,1.05,1,38.8,13.9,30.0,28.61428571428572,25.3,132.85714285714286,0,0,0,0,1,0.1869,1.065,46.45
ORD_50447,W_7e05a7b9838db15e,ZONE_HYD_01,2026-07-27,49,5,4664.63,3740.69,923.94,284.2,0.222,Hyderabad,Metro,Food_Delivery,Bike,1.2,350,Full-Time,42.8,28,4664.63,4.47,1,1.05,1,70.5,24.9,30.6,28.585714285714285,24.3,137.0,0,0,0,0,1,0.2614,1.118,51.83
ORD_50448,W_7e05a7b9838db15e,ZONE_HYD_01,2026-08-03,62,3,4664.63,4656.73,7.9,286.7,0.0,Hyderabad,Metro,Food_Delivery,Bike,1.2,350,Full-Time,42.8,28,4664.63,4.47,1,1.05,1,20.5,9.0,30.6,29.442857142857143,20.0,136.28571428571428,0,0,0,0,1,0.1483,1.034,43.63
ORD_50449,W_7e05a7b9838db15e,ZONE_HYD_01,2026-08-10,65,3,4664.63,4887.53,0.0,262.7,0.0,Hyderabad,Metro,Food_Delivery,Bike,1.2,350,Full-Time,42.8,28,4664.63,4.47,1,1.05,1,12.6,3.6,30.8,29.82857142857143,19.8,137.42857142857142,0,0,0,1,1,0.1314,1.021,42.45
ORD_50450,W_7e05a7b9838db15e,ZONE_HYD_01,2026-08-17,47,5,4664.63,3580.17,1084.46,201.5,0.21,Hyderabad,Metro,Food_Delivery,Bike,1.2,350,Full-Time,42.8,28,4664.63,4.47,1,1.05,1,18.2,11.0,31.5,30.228571428571428,19.4,148.85714285714286,0,1,1,0,1,0.2359,1.03,46.78
ORD_50451,W_7e05a7b9838db15e,ZONE_HYD_01,2026-08-24,60,3,4664.63,4511.98,152.65,271.5,0.0,Hyderabad,Metro,Food_Delivery,Bike,1.2,350,Full-Time,42.8,28,4664.63,4.47,1,1.05,1,10.4,3.2,30.4,29.17142857142857,21.5,140.14285714285714,0,0,0,1,1,0.1285,1.017,42.18
ORD_50452,W_7e05a7b9838db15e,ZONE_HYD_01,2026-08-31,64,3,4664.63,4856.27,0.0,330.3,0.0,Hyderabad,Metro,Food_Delivery,Bike,1.2,350,Full-Time,42.8,28,4664.63,4.47,1,1.05,1,8.8,5.3,32.0,30.228571428571428,19.7,159.14285714285714,0,0,0,1,1,0.1392,1.015,42.49
ORD_50453,W_7e05a7b9838db15e,ZONE_HYD_01,2026-09-07,52,4,4664.63,3930.02,734.61,313.2,0.15,Hyderabad,Metro,Food_Delivery,Bike,1.2,350,Full-Time,42.8,28,4664.63,4.47,1,1.05,1,26.3,11.7,32.2,31.057142857142857,15.3,156.57142857142858,1,0,1,0,1,0.2599,1.044,48.34
ORD_50454,W_7e05a7b9838db15e,ZONE_HYD_01,2026-09-14,59,2,4664.63,4454.01,210.62,240.0,0.0,Hyderabad,Metro,Food_Delivery,Bike,1.2,350,Full-Time,42.8,28,4664.63,4.47,1,1.05,1,12.7,5.5,33.4,31.525,10.7,147.5,0,0,0,0,1,0.1392,1.021,42.74
ORD_50455,W_b75e4da4b81942bc,ZONE_BOM_01,2026-06-22,66,3,4975.09,5007.87,0.0,340.7,0.0,Mumbai,Metro,Q_Commerce,Bike,1.2,521,Full-Time,47.4,23,4975.09,4.82,1,1.05,1,24.8,11.5,31.1,30.425,15.3,184.0,0,0,0,1,1,0.1938,1.041,45.67
ORD_50456,W_b75e4da4b81942bc,ZONE_BOM_01,2026-06-29,9,2,4975.09,739.03,4236.06,47.3,0.85,Mumbai,Metro,Q_Commerce,Bike,1.2,521,Full-Time,47.4,23,4975.09,4.82,1,1.05,1,493.0,136.9,28.6,27.642857142857142,30.3,147.0,0,0,6,0,1,1.0,1.822,79.0
ORD_50457,W_b75e4da4b81942bc,ZONE_BOM_01,2026-07-06,10,3,4975.09,756.57,4218.52,43.7,0.85,Mumbai,Metro,Q_Commerce,Bike,1.2,521,Full-Time,47.4,23,4975.09,4.82,1,1.05,1,235.5,131.8,30.2,29.142857142857142,34.6,143.85714285714286,0,0,2,0,1,0.8044,1.392,79.0
ORD_50458,W_b75e4da4b81942bc,ZONE_BOM_01,2026-07-13,43,6,4975.09,3225.88,1749.21,165.4,0.347,Mumbai,Metro,Q_Commerce,Bike,1.2,521,Full-Time,47.4,23,4975.09,4.82,1,1.05,1,92.5,33.1,30.6,29.82857142857143,21.8,156.42857142857142,1,0,1,0,1,0.4088,1.154,59.75
ORD_50459,W_b75e4da4b81942bc,ZONE_BOM_01,2026-07-20,9,2,4975.09,744.41,4230.68,39.2,0.85,Mumbai,Metro,Q_Commerce,Bike,1.2,521,Full-Time,47.4,23,4975.09,4.82,1,1.05,1,354.8,107.0,29.6,28.74285714285714,34.0,158.42857142857142,0,0,4,0,1,1.0,1.591,79.0
ORD_50460,W_b75e4da4b81942bc,ZONE_BOM_01,2026-07-27,26,6,4975.09,1970.16,3004.93,112.8,0.604,Mumbai,Metro,Q_Commerce,Bike,1.2,521,Full-Time,47.4,23,4975.09,4.82,1,1.05,1,120.9,42.9,29.6,28.957142857142856,25.3,151.42857142857142,0,0,0,0,1,0.3856,1.202,61.21
ORD_50461,W_b75e4da4b81942bc,ZONE_BOM_01,2026-08-03,36,6,4975.09,2727.66,2247.43,191.4,0.471,Mumbai,Metro,Q_Commerce,Bike,1.2,521,Full-Time,47.4,23,4975.09,4.82,1,1.05,1,76.8,18.7,29.7,29.285714285714285,21.2,139.0,0,0,0,0,1,0.277,1.128,52.94
ORD_50462,W_b75e4da4b81942bc,ZONE_BOM_01,2026-08-10,51,6,4975.09,3849.86,1125.23,283.6,0.231,Mumbai,Metro,Q_Commerce,Bike,1.2,521,Full-Time,47.4,23,4975.09,4.82,1,1.05,1,96.6,30.6,29.7,28.61428571428572,19.0,142.57142857142858,0,0,0,1,1,0.3243,1.161,56.5
ORD_50463,W_b75e4da4b81942bc,ZONE_BOM_01,2026-08-17,32,6,4975.09,2446.33,2528.76,188.2,0.495,Mumbai,Metro,Q_Commerce,Bike,1.2,521,Full-Time,47.4,23,4975.09,4.82,1,1.05,1,61.0,16.7,29.7,29.228571428571428,20.6,146.28571428571428,1,0,1,0,1,0.3303,1.102,53.88
ORD_50464,W_b75e4da4b81942bc,ZONE_BOM_01,2026-08-24,63,3,4975.09,4736.35,238.74,348.5,0.0,Mumbai,Metro,Q_Commerce,Bike,1.2,521,Full-Time,47.4,23,4975.09,4.82,1,1.05,1,36.4,7.6,29.6,29.25714285714286,21.1,134.0,1,0,1,1,1,0.2657,1.061,49.35
ORD_50465,W_b75e4da4b81942bc,ZONE_BOM_01,2026-08-31,61,4,4975.09,4625.57,349.52,214.7,0.065,Mumbai,Metro,Q_Commerce,Bike,1.2,521,Full-Time,47.4,23,4975.09,4.82,1,1.05,1,61.0,16.1,29.6,29.042857142857144,18.4,158.28571428571428,0,0,0,1,1,0.256,1.102,50.87
ORD_50466,W_b75e4da4b81942bc,ZONE_BOM_01,2026-09-07,68,3,4975.09,5133.99,0.0,304.1,0.0,Mumbai,Metro,Q_Commerce,Bike,1.2,521,Full-Time,47.4,23,4975.09,4.82,1,1.05,1,52.9,25.5,30.0,29.071428571428573,15.3,169.57142857142858,0,0,0,0,1,0.2462,1.088,49.83
ORD_50467,W_b75e4da4b81942bc,ZONE_BOM_01,2026-09-14,66,3,4975.09,4995.37,0.0,351.7,0.0,Mumbai,Metro,Q_Commerce,Bike,1.2,521,Full-Time,47.4,23,4975.09,4.82,1,1.05,1,23.3,10.3,30.0,29.625,20.1,162.0,0,0,0,0,1,0.1739,1.039,44.82
ORD_50468,W_8f7bc390ef77a6ed,ZONE_MAA_01,2026-06-22,70,3,5146.99,5251.28,0.0,425.7,0.0,Chennai,Metro,Q_Commerce,Scooter,1.0,110,Full-Time,49.2,25,5146.99,4.94,1,1.0,1,33.7,24.5,37.6,36.225,17.3,159.25,0,0,0,1,1,0.1953,1.056,44.18
ORD_50469,W_8f7bc390ef77a6ed,ZONE_MAA_01,2026-06-29,68,3,5146.99,5163.12,0.0,311.4,0.0,Chennai,Metro,Q_Commerce,Scooter,1.0,110,Full-Time,49.2,25,5146.99,4.94,1,1.0,1,11.8,5.8,38.4,35.55714285714286,23.0,123.0,0,0,0,0,1,0.1188,1.02,39.94
ORD_50470,W_8f7bc390ef77a6ed,ZONE_MAA_01,2026-07-06,60,5,5146.99,4573.43,573.56,314.0,0.15,Chennai,Metro,Q_Commerce,Scooter,1.0,110,Full-Time,49.2,25,5146.99,4.94,1,1.0,1,9.3,5.2,39.2,37.55714285714286,26.3,163.28571428571428,1,0,1,0,1,0.2267,1.016,43.62
ORD_50471,W_8f7bc390ef77a6ed,ZONE_MAA_01,2026-07-13,67,3,5146.99,5043.1,103.89,257.4,0.0,Chennai,Metro,Q_Commerce,Scooter,1.0,110,Full-Time,49.2,25,5146.99,4.94,1,1.0,1,11.3,4.9,38.7,36.51428571428571,19.1,141.57142857142858,0,0,0,0,1,0.1316,1.019,40.36
ORD_50472,W_8f7bc390ef77a6ed,ZONE_MAA_01,2026-07-20,62,5,5146.99,4684.51,462.48,277.6,0.12,Chennai,Metro,Q_Commerce,Scooter,1.0,110,Full-Time,49.2,25,5146.99,4.94,1,1.0,1,35.6,10.7,36.4,34.714285714285715,17.5,131.57142857142858,0,0,0,0,1,0.1788,1.059,43.69
ORD_50473,W_8f7bc390ef77a6ed,ZONE_MAA_01,2026-07-27,69,3,5146.99,5229.58,0.0,329.2,0.0,Chennai,Metro,Q_Commerce,Scooter,1.0,110,Full-Time,49.2,25,5146.99,4.94,1,1.0,1,26.0,8.2,37.6,36.48571428571429,23.1,145.14285714285714,0,0,0,0,1,0.1674,1.043,42.62
ORD_50474,W_8f7bc390ef77a6ed,ZONE_MAA_01,2026-08-03,66,3,5146.99,4992.03,154.96,338.2,0.0,Chennai,Metro,Q_Commerce,Scooter,1.0,110,Full-Time,49.2,25,5146.99,4.94,1,1.0,1,38.5,6.7,34.8,33.94285714285714,19.7,150.71428571428572,0,0,0,0,1,0.1997,1.064,44.68
ORD_50475,W_8f7bc390ef77a6ed,ZONE_MAA_01,2026-08-10,65,3,5146.99,4920.87,226.12,300.0,0.0,Chennai,Metro,Q_Commerce,Scooter,1.0,110,Full-Time,49.2,25,5146.99,4.94,1,1.0,1,15.6,9.3,35.5,35.08571428571428,18.4,153.57142857142858,1,0,1,1,1,0.2336,1.026,44.3
ORD_50476,W_8f7bc390ef77a6ed,ZONE_MAA_01,2026-08-17,68,3,5146.99,5170.98,0.0,318.1,0.0,Chennai,Metro,Q_Commerce,Scooter,1.0,110,Full-Time,49.2,25,5146.99,4.94,1,1.0,1,29.4,12.9,36.3,35.75714285714285,20.7,143.71428571428572,0,0,0,0,1,0.1739,1.049,43.1
ORD_50477,W_8f7bc390ef77a6ed,ZONE_MAA_01,2026-08-24,70,3,5146.99,5274.98,0.0,401.5,0.0,Chennai,Metro,Q_Commerce,Scooter,1.0,110,Full-Time,49.2,25,5146.99,4.94,1,1.0,1,15.1,7.6,36.6,34.77142857142857,18.4,144.14285714285714,1,0,1,1,1,0.2254,1.025,43.96
ORD_50478,W_8f7bc390ef77a6ed,ZONE_MAA_01,2026-08-31,70,3,5146.99,5286.6,0.0,252.3,0.0,Chennai,Metro,Q_Commerce,Scooter,1.0,110,Full-Time,49.2,25,5146.99,4.94,1,1.0,1,13.1,3.6,35.6,34.41428571428571,16.9,156.85714285714286,1,0,1,1,1,0.2305,1.022,44.01
ORD_50479,W_8f7bc390ef77a6ed,ZONE_MAA_01,2026-09-07,66,3,5146.99,4989.56,157.43,326.6,0.0,Chennai,Metro,Q_Commerce,Scooter,1.0,110,Full-Time,49.2,25,5146.99,4.94,1,1.0,1,23.3,11.4,35.6,34.214285714285715,14.8,136.57142857142858,0,0,0,0,1,0.1549,1.039,42.0
ORD_50480,W_8f7bc390ef77a6ed,ZONE_MAA_01,2026-09-14,60,5,5146.99,4565.17,581.82,345.3,0.15,Chennai,Metro,Q_Commerce,Scooter,1.0,110,Full-Time,49.2,25,5146.99,4.94,1,1.0,1,27.4,22.7,36.0,33.525,13.4,152.75,0,1,1,0,1,0.2595,1.046,46.11
ORD_50481,W_fbb5ef8af78d1c37,ZONE_MAA_01,2026-06-22,42,2,3079.18,3184.65,0.0,181.4,0.0,Chennai,Metro,Food_Delivery,Bike,1.2,237,Part-Time,30.1,14,3079.18,4.52,1,1.05,0,33.7,24.5,37.6,36.225,17.3,159.25,0,0,0,1,1,0.1953,1.056,46.39
ORD_50482,W_fbb5ef8af78d1c37,ZONE_MAA_01,2026-06-29,40,2,3079.18,3057.46,21.72,190.8,0.0,Chennai,Metro,Food_Delivery,Bike,1.2,237,Part-Time,30.1,14,3079.18,4.52,1,1.05,0,11.8,5.8,38.4,35.55714285714286,23.0,123.0,0,0,0,0,1,0.1188,1.02,41.94
ORD_50483,W_fbb5ef8af78d1c37,ZONE_MAA_01,2026-07-06,33,3,3079.18,2527.63,551.55,118.3,0.15,Chennai,Metro,Food_Delivery,Bike,1.2,237,Part-Time,30.1,14,3079.18,4.52,1,1.05,0,9.3,5.2,39.2,37.55714285714286,26.3,163.28571428571428,1,0,1,0,1,0.2267,1.016,45.8
ORD_50484,W_fbb5ef8af78d1c37,ZONE_MAA_01,2026-07-13,42,2,3079.18,3216.79,0.0,174.3,0.0,Chennai,Metro,Food_Delivery,Bike,1.2,237,Part-Time,30.1,14,3079.18,4.52,1,1.05,0,11.3,4.9,38.7,36.51428571428571,19.1,141.57142857142858,0,0,0,0,1,0.1316,1.019,42.38
ORD_50485,W_fbb5ef8af78d1c37,ZONE_MAA_01,2026-07-20,35,3,3079.18,2639.21,439.97,130.4,0.12,Chennai,Metro,Food_Delivery,Bike,1.2,237,Part-Time,30.1,14,3079.18,4.52,1,1.05,0,35.6,10.7,36.4,34.714285714285715,17.5,131.57142857142858,0,0,0,0,1,0.1788,1.059,45.88
ORD_50486,W_fbb5ef8af78d1c37,ZONE_MAA_01,2026-07-27,42,2,3079.18,3211.13,0.0,212.7,0.0,Chennai,Metro,Food_Delivery,Bike,1.2,237,Part-Time,30.1,14,3079.18,4.52,1,1.05,0,26.0,8.2,37.6,36.48571428571429,23.1,145.14285714285714,0,0,0,0,1,0.1674,1.043,44.75
ORD_50487,W_fbb5ef8af78d1c37,ZONE_MAA_01,2026-08-03,41,2,3079.18,3130.61,0.0,244.4,0.0,Chennai,Metro,Food_Delivery,Bike,1.2,237,Part-Time,30.1,14,3079.18,4.52,1,1.05,0,38.5,6.7,34.8,33.94285714285714,19.7,150.71428571428572,0,0,0,0,1,0.1997,1.064,46.91
ORD_50488,W_fbb5ef8af78d1c37,ZONE_MAA_01,2026-08-10,40,2,3079.18,3031.64,47.54,207.1,0.0,Chennai,Metro,Food_Delivery,Bike,1.2,237,Part-Time,30.1,14,3079.18,4.52,1,1.05,0,15.6,9.3,35.5,35.08571428571428,18.4,153.57142857142858,1,0,1,1,1,0.2336,1.026,46.51
ORD_50489,W_fbb5ef8af78d1c37,ZONE_MAA_01,2026-08-17,39,1,3079.18,2937.17,142.01,156.2,0.0,Chennai,Metro,Food_Delivery,Bike,1.2,237,Part-Time,30.1,14,3079.18,4.52,1,1.05,0,29.4,12.9,36.3,35.75714285714285,20.7,143.71428571428572,0,0,0,0,1,0.1739,1.049,45.25
ORD_50490,W_fbb5ef8af78d1c37,ZONE_MAA_01,2026-08-24,42,2,3079.18,3181.18,0.0,234.0,0.0,Chennai,Metro,Food_Delivery,Bike,1.2,237,Part-Time,30.1,14,3079.18,4.52,1,1.05,0,15.1,7.6,36.6,34.77142857142857,18.4,144.14285714285714,1,0,1,1,1,0.2254,1.025,46.16
ORD_50491,W_fbb5ef8af78d1c37,ZONE_MAA_01,2026-08-31,40,2,3079.18,3033.19,45.99,180.7,0.0,Chennai,Metro,Food_Delivery,Bike,1.2,237,Part-Time,30.1,14,3079.18,4.52,1,1.05,0,13.1,3.6,35.6,34.41428571428571,16.9,156.85714285714286,1,0,1,1,1,0.2305,1.022,46.22
ORD_50492,W_fbb5ef8af78d1c37,ZONE_MAA_01,2026-09-07,41,2,3079.18,3089.51,0.0,143.5,0.0,Chennai,Metro,Food_Delivery,Bike,1.2,237,Part-Time,30.1,14,3079.18,4.52,1,1.05,0,23.3,11.4,35.6,34.214285714285715,14.8,136.57142857142858,0,0,0,0,1,0.1549,1.039,44.1
ORD_50493,W_fbb5ef8af78d1c37,ZONE_MAA_01,2026-09-14,33,3,3079.18,2549.58,529.6,134.1,0.15,Chennai,Metro,Food_Delivery,Bike,1.2,237,Part-Time,30.1,14,3079.18,4.52,1,1.05,0,27.4,22.7,36.0,33.525,13.4,152.75,0,1,1,0,1,0.2595,1.046,48.42
ORD_50494,W_44ba6a5a94b29722,ZONE_BOM_01,2026-06-22,75,3,5837.93,5692.26,145.67,425.7,0.0,Mumbai,Metro,Food_Delivery,Scooter,1.0,107,Full-Time,53.4,27,5837.93,4.7,1,1.0,1,24.8,11.5,31.1,30.425,15.3,184.0,0,0,0,1,1,0.1938,1.041,43.5
ORD_50495,W_44ba6a5a94b29722,ZONE_BOM_01,2026-06-29,11,3,5837.93,848.68,4989.25,53.5,0.85,Mumbai,Metro,Food_Delivery,Scooter,1.0,107,Full-Time,53.4,27,5837.93,4.7,1,1.0,1,493.0,136.9,28.6,27.642857142857142,30.3,147.0,0,0,6,0,1,1.0,1.822,79.0
ORD_50496,W_44ba6a5a94b29722,ZONE_BOM_01,2026-07-06,13,3,5837.93,1005.85,4832.08,48.3,0.823,Mumbai,Metro,Food_Delivery,Scooter,1.0,107,Full-Time,53.4,27,5837.93,4.7,1,1.0,1,235.5,131.8,30.2,29.142857142857142,34.6,143.85714285714286,0,0,2,0,1,0.8044,1.392,79.0
ORD_50497,W_44ba6a5a94b29722,ZONE_BOM_01,2026-07-13,51,7,5837.93,3867.93,1970.0,254.3,0.353,Mumbai,Metro,Food_Delivery,Scooter,1.0,107,Full-Time,53.4,27,5837.93,4.7,1,1.0,1,92.5,33.1,30.6,29.82857142857143,21.8,156.42857142857142,1,0,1,0,1,0.4088,1.154,56.9
ORD_50498,W_44ba6a5a94b29722,ZONE_BOM_01,2026-07-20,12,3,5837.93,915.94,4921.99,67.7,0.85,Mumbai,Metro,Food_Delivery,Scooter,1.0,107,Full-Time,53.4,27,5837.93,4.7,1,1.0,1,354.8,107.0,29.6,28.74285714285714,34.0,158.42857142857142,0,0,4,0,1,1.0,1.591,79.0
ORD_50499,W_44ba6a5a94b29722,ZONE_BOM_01,2026-07-27,41,7,5837.93,3087.61,2750.32,147.9,0.471,Mumbai,Metro,Food_Delivery,Scooter,1.0,107,Full-Time,53.4,27,5837.93,4.7,1,1.0,1,120.9,42.9,29.6,28.957142857142856,25.3,151.42857142857142,0,0,0,0,1,0.3856,1.202,58.29
ORD_50500,W_44ba6a5a94b29722,ZONE_BOM_01,2026-08-03,42,7,5837.93,3215.87,2622.06,164.3,0.443,Mumbai,Metro,Food_Delivery,Scooter,1.0,107,Full-Time,53.4,27,5837.93,4.7,1,1.0,1,76.8,18.7,29.7,29.285714285714285,21.2,139.0,0,0,0,0,1,0.277,1.128,50.42
ORD_50501,W_44ba6a5a94b29722,ZONE_BOM_01,2026-08-10,54,7,5837.93,4093.55,1744.38,274.4,0.283,Mumbai,Metro,Food_Delivery,Scooter,1.0,107,Full-Time,53.4,27,5837.93,4.7,1,1.0,1,96.6,30.6,29.7,28.61428571428572,19.0,142.57142857142858,0,0,0,1,1,0.3243,1.161,53.81
ORD_50502,W_44ba6a5a94b29722,ZONE_BOM_01,2026-08-17,36,7,5837.93,2740.46,3097.47,207.3,0.528,Mumbai,Metro,Food_Delivery,Scooter,1.0,107,Full-Time,53.4,27,5837.93,4.7,1,1.0,1,61.0,16.7,29.7,29.228571428571428,20.6,146.28571428571428,1,0,1,0,1,0.3303,1.102,51.31
ORD_50503,W_44ba6a5a94b29722,ZONE_BOM_01,2026-08-24,76,3,5837.93,5700.72,137.21,358.1,0.0,Mumbai,Metro,Food_Delivery,Scooter,1.0,107,Full-Time,53.4,27,5837.93,4.7,1,1.0,1,36.4,7.6,29.6,29.25714285714286,21.1,134.0,1,0,1,1,1,0.2657,1.061,47.0
ORD_50504,W_44ba6a5a94b29722,ZONE_BOM_01,2026-08-31,76,4,5837.93,5751.57,86.36,426.9,0.031,Mumbai,Metro,Food_Delivery,Scooter,1.0,107,Full-Time,53.4,27,5837.93,4.7,1,1.0,1,61.0,16.1,29.6,29.042857142857144,18.4,158.28571428571428,0,0,0,1,1,0.256,1.102,48.44
ORD_50505,W_44ba6a5a94b29722,ZONE_BOM_01,2026-09-07,77,3,5837.93,5776.52,61.41,403.8,0.0,Mumbai,Metro,Food_Delivery,Scooter,1.0,107,Full-Time,53.4,27,5837.93,4.7,1,1.0,1,52.9,25.5,30.0,29.071428571428573,15.3,169.57142857142858,0,0,0,0,1,0.2462,1.088,47.46
ORD_50506,W_44ba6a5a94b29722,ZONE_BOM_01,2026-09-14,75,3,5837.93,5633.96,203.97,451.4,0.0,Mumbai,Metro,Food_Delivery,Scooter,1.0,107,Full-Time,53.4,27,5837.93,4.7,1,1.0,1,23.3,10.3,30.0,29.625,20.1,162.0,0,0,0,0,1,0.1739,1.039,42.69
ORD_50507,W_2d25d41da2176452,ZONE_HYD_01,2026-06-22,80,4,6097.81,6026.5,71.31,437.6,0.0,Hyderabad,Metro,Q_Commerce,Scooter,1.0,531,Full-Time,61.8,26,6097.81,4.84,1,1.0,1,21.8,14.6,32.6,30.65,17.3,156.25,1,0,1,1,1,0.2496,1.036,45.31
ORD_50508,W_2d25d41da2176452,ZONE_HYD_01,2026-06-29,77,3,6097.81,5805.32,292.49,312.2,0.0,Hyderabad,Metro,Q_Commerce,Scooter,1.0,531,Full-Time,61.8,26,6097.81,4.84,1,1.0,1,35.9,10.7,29.8,28.357142857142858,25.4,132.14285714285714,0,0,0,0,1,0.1799,1.06,43.77
ORD_50509,W_2d25d41da2176452,ZONE_HYD_01,2026-07-06,81,4,6097.81,6089.93,7.88,475.6,0.0,Hyderabad,Metro,Q_Commerce,Scooter,1.0,531,Full-Time,61.8,26,6097.81,4.84,1,1.0,1,6.2,2.2,33.3,32.27142857142857,25.7,165.28571428571428,0,0,0,0,1,0.1379,1.01,40.22
ORD_50510,W_2d25d41da2176452,ZONE_HYD_01,2026-07-13,69,6,6097.81,5197.27,900.54,414.7,0.15,Hyderabad,Metro,Q_Commerce,Scooter,1.0,531,Full-Time,61.8,26,6097.81,4.84,1,1.0,1,26.8,13.6,33.9,31.52857142857143,19.0,155.14285714285714,0,1,1,0,1,0.26,1.045,46.08
ORD_50511,W_2d25d41da2176452,ZONE_HYD_01,2026-07-20,81,4,6097.81,6087.93,9.88,390.8,0.0,Hyderabad,Metro,Q_Commerce,Scooter,1.0,531,Full-Time,61.8,26,6097.81,4.84,1,1.0,1,38.8,13.9,30.0,28.61428571428572,25.3,132.85714285714286,0,0,0,0,1,0.1869,1.065,44.24
ORD_50512,W_2d25d41da2176452,ZONE_HYD_01,2026-07-27,69,6,6097.81,5227.17,870.64,287.5,0.168,Hyderabad,Metro,Q_Commerce,Scooter,1.0,531,Full-Time,61.8,26,6097.81,4.84,1,1.0,1,70.5,24.9,30.6,28.585714285714285,24.3,137.0,0,0,0,0,1,0.2614,1.118,49.36
ORD_50513,W_2d25d41da2176452,ZONE_HYD_01,2026-08-03,84,4,6097.81,6341.49,0.0,500.6,0.0,Hyderabad,Metro,Q_Commerce,Scooter,1.0,531,Full-Time,61.8,26,6097.81,4.84,1,1.0,1,20.5,9.0,30.6,29.442857142857143,20.0,136.28571428571428,0,0,0,0,1,0.1483,1.034,41.56
ORD_50514,W_2d25d41da2176452,ZONE_HYD_01,2026-08-10,84,4,6097.81,6368.13,0.0,412.0,0.0,Hyderabad,Metro,Q_Commerce,Scooter,1.0,531,Full-Time,61.8,26,6097.81,4.84,1,1.0,1,12.6,3.6,30.8,29.82857142857143,19.8,137.42857142857142,0,0,0,1,1,0.1314,1.021,40.43
ORD_50515,W_2d25d41da2176452,ZONE_HYD_01,2026-08-17,65,7,6097.81,4902.58,1195.23,364.1,0.21,Hyderabad,Metro,Q_Commerce,Scooter,1.0,531,Full-Time,61.8,26,6097.81,4.84,1,1.0,1,18.2,11.0,31.5,30.228571428571428,19.4,148.85714285714286,0,1,1,0,1,0.2359,1.03,44.55
ORD_50516,W_2d25d41da2176452,ZONE_HYD_01,2026-08-24,78,3,6097.81,5872.81,225.0,399.6,0.0,Hyderabad,Metro,Q_Commerce,Scooter,1.0,531,Full-Time,61.8,26,6097.81,4.84,1,1.0,1,10.4,3.2,30.4,29.17142857142857,21.5,140.14285714285714,0,0,0,1,1,0.1285,1.017,40.17
ORD_50517,W_2d25d41da2176452,ZONE_HYD_01,2026-08-31,77,3,6097.81,5813.83,283.98,372.9,0.0,Hyderabad,Metro,Q_Commerce,Scooter,1.0,531,Full-Time,61.8,26,6097.81,4.84,1,1.0,1,8.8,5.3,32.0,30.228571428571428,19.7,159.14285714285714,0,0,0,1,1,0.1392,1.015,40.47
ORD_50518,W_2d25d41da2176452,ZONE_HYD_01,2026-09-07,66,6,6097.81,5004.24,1093.57,263.6,0.15,Hyderabad,Metro,Q_Commerce,Scooter,1.0,531,Full-Time,61.8,26,6097.81,4.84,1,1.0,1,26.3,11.7,32.2,31.057142857142857,15.3,156.57142857142858,1,0,1,0,1,0.2599,1.044,46.04
ORD_50519,W_2d25d41da2176452,ZONE_HYD_01,2026-09-14,80,4,6097.81,6015.52,82.29,373.4,0.0,Hyderabad,Metro,Q_Commerce,Scooter,1.0,531,Full-Time,61.8,26,6097.81,4.84,1,1.0,1,12.7,5.5,33.4,31.525,10.7,147.5,0,0,0,0,1,0.1392,1.021,40.71
ORD_50520,W_a7415d1d0a8e7157,ZONE_HYD_01,2026-06-22,39,1,2948.4,2984.72,0.0,144.3,0.0,Hyderabad,Metro,Food_Delivery,Scooter,1.0,144,Part-Time,27.6,14,2948.4,4.82,1,1.0,0,21.8,14.6,32.6,30.65,17.3,156.25,1,0,1,1,1,0.2496,1.036,45.31
ORD_50521,W_a7415d1d0a8e7157,ZONE_HYD_01,2026-06-29,39,1,2948.4,2949.49,0.0,155.7,0.0,Hyderabad,Metro,Food_Delivery,Scooter,1.0,144,Part-Time,27.6,14,2948.4,4.82,1,1.0,0,35.9,10.7,29.8,28.357142857142858,25.4,132.14285714285714,0,0,0,0,1,0.1799,1.06,43.77
ORD_50522,W_a7415d1d0a8e7157,ZONE_HYD_01,2026-07-06,39,1,2948.4,2970.21,0.0,203.6,0.0,Hyderabad,Metro,Food_Delivery,Scooter,1.0,144,Part-Time,27.6,14,2948.4,4.82,1,1.0,0,6.2,2.2,33.3,32.27142857142857,25.7,165.28571428571428,0,0,0,0,1,0.1379,1.01,40.22
ORD_50523,W_a7415d1d0a8e7157,ZONE_HYD_01,2026-07-13,33,3,2948.4,2520.35,428.05,181.3,0.15,Hyderabad,Metro,Food_Delivery,Scooter,1.0,144,Part-Time,27.6,14,2948.4,4.82,1,1.0,0,26.8,13.6,33.9,31.52857142857143,19.0,155.14285714285714,0,1,1,0,1,0.26,1.045,46.08
ORD_50524,W_a7415d1d0a8e7157,ZONE_HYD_01,2026-07-20,38,1,2948.4,2899.93,48.47,211.5,0.0,Hyderabad,Metro,Food_Delivery,Scooter,1.0,144,Part-Time,27.6,14,2948.4,4.82,1,1.0,0,38.8,13.9,30.0,28.61428571428572,25.3,132.85714285714286,0,0,0,0,1,0.1869,1.065,44.24
ORD_50525,W_a7415d1d0a8e7157,ZONE_HYD_01,2026-07-27,30,3,2948.4,2311.08,637.32,157.5,0.215,Hyderabad,Metro,Food_Delivery,Scooter,1.0,144,Part-Time,27.6,14,2948.4,4.82,1,1.0,0,70.5,24.9,30.6,28.585714285714285,24.3,137.0,0,0,0,0,1,0.2614,1.118,49.36
ORD_50526,W_a7415d1d0a8e7157,ZONE_HYD_01,2026-08-03,37,1,2948.4,2806.39,142.01,194.8,0.0,Hyderabad,Metro,Food_Delivery,Scooter,1.0,144,Part-Time,27.6,14,2948.4,4.82,1,1.0,0,20.5,9.0,30.6,29.442857142857143,20.0,136.28571428571428,0,0,0,0,1,0.1483,1.034,41.56
ORD_50527,W_a7415d1d0a8e7157,ZONE_HYD_01,2026-08-10,39,1,2948.4,2983.36,0.0,169.1,0.0,Hyderabad,Metro,Food_Delivery,Scooter,1.0,144,Part-Time,27.6,14,2948.4,4.82,1,1.0,0,12.6,3.6,30.8,29.82857142857143,19.8,137.42857142857142,0,0,0,1,1,0.1314,1.021,40.43
ORD_50528,W_a7415d1d0a8e7157,ZONE_HYD_01,2026-08-17,29,3,2948.4,2232.76,715.64,108.6,0.21,Hyderabad,Metro,Food_Delivery,Scooter,1.0,144,Part-Time,27.6,14,2948.4,4.82,1,1.0,0,18.2,11.0,31.5,30.228571428571428,19.4,148.85714285714286,0,1,1,0,1,0.2359,1.03,44.55
ORD_50529,W_a7415d1d0a8e7157,ZONE_HYD_01,2026-08-24,40,2,2948.4,3073.18,0.0,214.4,0.0,Hyderabad,Metro,Food_Delivery,Scooter,1.0,144,Part-Time,27.6,14,2948.4,4.82,1,1.0,0,10.4,3.2,30.4,29.17142857142857,21.5,140.14285714285714,0,0,0,1,1,0.1285,1.017,40.17
ORD_50530,W_a7415d1d0a8e7157,ZONE_HYD_01,2026-08-31,37,1,2948.4,2838.45,109.95,165.1,0.0,Hyderabad,Metro,Food_Delivery,Scooter,1.0,144,Part-Time,27.6,14,2948.4,4.82,1,1.0,0,8.8,5.3,32.0,30.228571428571428,19.7,159.14285714285714,0,0,0,1,1,0.1392,1.015,40.47
ORD_50531,W_a7415d1d0a8e7157,ZONE_HYD_01,2026-09-07,33,3,2948.4,2529.32,419.08,189.9,0.15,Hyderabad,Metro,Food_Delivery,Scooter,1.0,144,Part-Time,27.6,14,2948.4,4.82,1,1.0,0,26.3,11.7,32.2,31.057142857142857,15.3,156.57142857142858,1,0,1,0,1,0.2599,1.044,46.04
ORD_50532,W_a7415d1d0a8e7157,ZONE_HYD_01,2026-09-14,37,1,2948.4,2813.85,134.55,153.1,0.0,Hyderabad,Metro,Food_Delivery,Scooter,1.0,144,Part-Time,27.6,14,2948.4,4.82,1,1.0,0,12.7,5.5,33.4,31.525,10.7,147.5,0,0,0,0,1,0.1392,1.021,40.71
ORD_50533,W_d0aa81eeb84cae89,ZONE_BOM_01,2026-06-22,58,2,4245.16,4410.61,0.0,204.4,0.0,Mumbai,Metro,Food_Delivery,Scooter,1.0,57,Full-Time,41.4,23,4245.16,4.95,1,1.0,1,24.8,11.5,31.1,30.425,15.3,184.0,0,0,0,1,1,0.1938,1.041,43.5
ORD_50534,W_d0aa81eeb84cae89,ZONE_BOM_01,2026-06-29,8,2,4245.16,666.0,3579.16,41.2,0.85,Mumbai,Metro,Food_Delivery,Scooter,1.0,57,Full-Time,41.4,23,4245.16,4.95,1,1.0,1,493.0,136.9,28.6,27.642857142857142,30.3,147.0,0,0,6,0,1,1.0,1.822,79.0
ORD_50535,W_d0aa81eeb84cae89,ZONE_BOM_01,2026-07-06,16,4,4245.16,1208.92,3036.24,57.2,0.702,Mumbai,Metro,Food_Delivery,Scooter,1.0,57,Full-Time,41.4,23,4245.16,4.95,1,1.0,1,235.5,131.8,30.2,29.142857142857142,34.6,143.85714285714286,0,0,2,0,1,0.8044,1.392,79.0
ORD_50536,W_d0aa81eeb84cae89,ZONE_BOM_01,2026-07-13,38,5,4245.16,2923.18,1321.98,175.7,0.337,Mumbai,Metro,Food_Delivery,Scooter,1.0,57,Full-Time,41.4,23,4245.16,4.95,1,1.0,1,92.5,33.1,30.6,29.82857142857143,21.8,156.42857142857142,1,0,1,0,1,0.4088,1.154,56.9
ORD_50537,W_d0aa81eeb84cae89,ZONE_BOM_01,2026-07-20,8,2,4245.16,663.41,3581.75,36.8,0.85,Mumbai,Metro,Food_Delivery,Scooter,1.0,57,Full-Time,41.4,23,4245.16,4.95,1,1.0,1,354.8,107.0,29.6,28.74285714285714,34.0,158.42857142857142,0,0,4,0,1,1.0,1.591,79.0
ORD_50538,W_d0aa81eeb84cae89,ZONE_BOM_01,2026-07-27,34,5,4245.16,2601.4,1643.76,202.4,0.388,Mumbai,Metro,Food_Delivery,Scooter,1.0,57,Full-Time,41.4,23,4245.16,4.95,1,1.0,1,120.9,42.9,29.6,28.957142857142856,25.3,151.42857142857142,0,0,0,0,1,0.3856,1.202,58.29
ORD_50539,W_d0aa81eeb84cae89,ZONE_BOM_01,2026-08-03,31,5,4245.16,2372.93,1872.23,166.5,0.416,Mumbai,Metro,Food_Delivery,Scooter,1.0,57,Full-Time,41.4,23,4245.16,4.95,1,1.0,1,76.8,18.7,29.7,29.285714285714285,21.2,139.0,0,0,0,0,1,0.277,1.128,50.42
ORD_50540,W_d0aa81eeb84cae89,ZONE_BOM_01,2026-08-10,43,5,4245.16,3250.07,995.09,164.7,0.264,Mumbai,Metro,Food_Delivery,Scooter,1.0,57,Full-Time,41.4,23,4245.16,4.95,1,1.0,1,96.6,30.6,29.7,28.61428571428572,19.0,142.57142857142858,0,0,0,1,1,0.3243,1.161,53.81
ORD_50541,W_d0aa81eeb84cae89,ZONE_BOM_01,2026-08-17,28,5,4245.16,2114.53,2130.63,129.0,0.52,Mumbai,Metro,Food_Delivery,Scooter,1.0,57,Full-Time,41.4,23,4245.16,4.95,1,1.0,1,61.0,16.7,29.7,29.228571428571428,20.6,146.28571428571428,1,0,1,0,1,0.3303,1.102,51.31
ORD_50542,W_d0aa81eeb84cae89,ZONE_BOM_01,2026-08-24,56,2,4245.16,4237.52,7.64,206.7,0.0,Mumbai,Metro,Food_Delivery,Scooter,1.0,57,Full-Time,41.4,23,4245.16,4.95,1,1.0,1,36.4,7.6,29.6,29.25714285714286,21.1,134.0,1,0,1,1,1,0.2657,1.061,47.0
ORD_50543,W_d0aa81eeb84cae89,ZONE_BOM_01,2026-08-31,55,2,4245.16,4170.66,74.5,332.9,0.0,Mumbai,Metro,Food_Delivery,Scooter,1.0,57,Full-Time,41.4,23,4245.16,4.95,1,1.0,1,61.0,16.1,29.6,29.042857142857144,18.4,158.28571428571428,0,0,0,1,1,0.256,1.102,48.44
ORD_50544,W_d0aa81eeb84cae89,ZONE_BOM_01,2026-09-07,55,2,4245.16,4152.9,92.26,260.9,0.0,Mumbai,Metro,Food_Delivery,Scooter,1.0,57,Full-Time,41.4,23,4245.16,4.95,1,1.0,1,52.9,25.5,30.0,29.071428571428573,15.3,169.57142857142858,0,0,0,0,1,0.2462,1.088,47.46
ORD_50545,W_d0aa81eeb84cae89,ZONE_BOM_01,2026-09-14,57,2,4245.16,4317.88,0.0,224.5,0.0,Mumbai,Metro,Food_Delivery,Scooter,1.0,57,Full-Time,41.4,23,4245.16,4.95,1,1.0,1,23.3,10.3,30.0,29.625,20.1,162.0,0,0,0,0,1,0.1739,1.039,42.69
ORD_50546,W_19de3fcfd11cddb9,ZONE_BOM_01,2026-06-22,37,1,2778.78,2775.01,3.77,203.3,0.0,Mumbai,Metro,E_Commerce,Scooter,1.0,224,Part-Time,25.3,14,2778.78,4.76,1,1.0,0,24.8,11.5,31.1,30.425,15.3,184.0,0,0,0,1,1,0.1938,1.041,43.5
ORD_50547,W_19de3fcfd11cddb9,ZONE_BOM_01,2026-06-29,5,1,2778.78,422.08,2356.7,26.5,0.85,Mumbai,Metro,E_Commerce,Scooter,1.0,224,Part-Time,25.3,14,2778.78,4.76,1,1.0,0,493.0,136.9,28.6,27.642857142857142,30.3,147.0,0,0,6,0,1,1.0,1.822,79.0
ORD_50548,W_19de3fcfd11cddb9,ZONE_BOM_01,2026-07-06,12,3,2778.78,942.62,1836.16,46.3,0.675,Mumbai,Metro,E_Commerce,Scooter,1.0,224,Part-Time,25.3,14,2778.78,4.76,1,1.0,0,235.5,131.8,30.2,29.142857142857142,34.6,143.85714285714286,0,0,2,0,1,0.8044,1.392,79.0
ORD_50549,W_19de3fcfd11cddb9,ZONE_BOM_01,2026-07-13,21,3,2778.78,1584.1,1194.68,126.4,0.416,Mumbai,Metro,E_Commerce,Scooter,1.0,224,Part-Time,25.3,14,2778.78,4.76,1,1.0,0,92.5,33.1,30.6,29.82857142857143,21.8,156.42857142857142,1,0,1,0,1,0.4088,1.154,56.9
ORD_50550,W_19de3fcfd11cddb9,ZONE_BOM_01,2026-07-20,5,1,2778.78,427.4,2351.38,20.5,0.85,Mumbai,Metro,E_Commerce,Scooter,1.0,224,Part-Time,25.3,14,2778.78,4.76,1,1.0,0,354.8,107.0,29.6,28.74285714285714,34.0,158.42857142857142,0,0,4,0,1,1.0,1.591,79.0
ORD_50551,W_19de3fcfd11cddb9,ZONE_BOM_01,2026-07-27,21,3,2778.78,1578.36,1200.42,117.2,0.439,Mumbai,Metro,E_Commerce,Scooter,1.0,224,Part-Time,25.3,14,2778.78,4.76,1,1.0,0,120.9,42.9,29.6,28.957142857142856,25.3,151.42857142857142,0,0,0,0,1,0.3856,1.202,58.29
ORD_50552,W_19de3fcfd11cddb9,ZONE_BOM_01,2026-08-03,26,3,2778.78,2004.28,774.5,153.5,0.311,Mumbai,Metro,E_Commerce,Scooter,1.0,224,Part-Time,25.3,14,2778.78,4.76,1,1.0,0,76.8,18.7,29.7,29.285714285714285,21.2,139.0,0,0,0,0,1,0.277,1.128,50.42
ORD_50553,W_19de3fcfd11cddb9,ZONE_BOM_01,2026-08-10,30,3,2778.78,2283.1,495.68,147.0,0.204,Mumbai,Metro,E_Commerce,Scooter,1.0,224,Part-Time,25.3,14,2778.78,4.76,1,1.0,0,96.6,30.6,29.7,28.61428571428572,19.0,142.57142857142858,0,0,0,1,1,0.3243,1.161,53.81
ORD_50554,W_19de3fcfd11cddb9,ZONE_BOM_01,2026-08-17,17,3,2778.78,1338.32,1440.46,86.2,0.509,Mumbai,Metro,E_Commerce,Scooter,1.0,224,Part-Time,25.3,14,2778.78,4.76,1,1.0,0,61.0,16.7,29.7,29.228571428571428,20.6,146.28571428571428,1,0,1,0,1,0.3303,1.102,51.31
ORD_50555,W_19de3fcfd11cddb9,ZONE_BOM_01,2026-08-24,37,1,2778.78,2842.66,0.0,170.6,0.0,Mumbai,Metro,E_Commerce,Scooter,1.0,224,Part-Time,25.3,14,2778.78,4.76,1,1.0,0,36.4,7.6,29.6,29.25714285714286,21.1,134.0,1,0,1,1,1,0.2657,1.061,47.0
ORD_50556,W_19de3fcfd11cddb9,ZONE_BOM_01,2026-08-31,36,2,2778.78,2708.38,70.4,195.1,0.044,Mumbai,Metro,E_Commerce,Scooter,1.0,224,Part-Time,25.3,14,2778.78,4.76,1,1.0,0,61.0,16.1,29.6,29.042857142857144,18.4,158.28571428571428,0,0,0,1,1,0.256,1.102,48.44
ORD_50557,W_19de3fcfd11cddb9,ZONE_BOM_01,2026-09-07,35,1,2778.78,2654.28,124.5,203.7,0.0,Mumbai,Metro,E_Commerce,Scooter,1.0,224,Part-Time,25.3,14,2778.78,4.76,1,1.0,0,52.9,25.5,30.0,29.071428571428573,15.3,169.57142857142858,0,0,0,0,1,0.2462,1.088,47.46
ORD_50558,W_19de3fcfd11cddb9,ZONE_BOM_01,2026-09-14,36,1,2778.78,2767.18,11.6,151.5,0.0,Mumbai,Metro,E_Commerce,Scooter,1.0,224,Part-Time,25.3,14,2778.78,4.76,1,1.0,0,23.3,10.3,30.0,29.625,20.1,162.0,0,0,0,0,1,0.1739,1.039,42.69
ORD_50559,W_7c0fe1dbaf8590e4,ZONE_HYD_01,2026-06-22,61,3,4766.95,4643.85,123.1,293.1,0.0,Hyderabad,Metro,Food_Delivery,Scooter,1.0,269,Full-Time,45.1,25,4766.95,4.57,1,1.0,1,21.8,14.6,32.6,30.65,17.3,156.25,1,0,1,1,1,0.2496,1.036,45.31
ORD_50560,W_7c0fe1dbaf8590e4,ZONE_HYD_01,2026-06-29,66,3,4766.95,4951.35,0.0,298.4,0.0,Hyderabad,Metro,Food_Delivery,Scooter,1.0,269,Full-Time,45.1,25,4766.95,4.57,1,1.0,1,35.9,10.7,29.8,28.357142857142858,25.4,132.14285714285714,0,0,0,0,1,0.1799,1.06,43.77
ORD_50561,W_7c0fe1dbaf8590e4,ZONE_HYD_01,2026-07-06,65,3,4766.95,4885.99,0.0,244.5,0.0,Hyderabad,Metro,Food_Delivery,Scooter,1.0,269,Full-Time,45.1,25,4766.95,4.57,1,1.0,1,6.2,2.2,33.3,32.27142857142857,25.7,165.28571428571428,0,0,0,0,1,0.1379,1.01,40.22
ORD_50562,W_7c0fe1dbaf8590e4,ZONE_HYD_01,2026-07-13,53,5,4766.95,4042.21,724.74,327.4,0.15,Hyderabad,Metro,Food_Delivery,Scooter,1.0,269,Full-Time,45.1,25,4766.95,4.57,1,1.0,1,26.8,13.6,33.9,31.52857142857143,19.0,155.14285714285714,0,1,1,0,1,0.26,1.045,46.08
ORD_50563,W_7c0fe1dbaf8590e4,ZONE_HYD_01,2026-07-20,65,3,4766.95,4895.87,0.0,264.4,0.0,Hyderabad,Metro,Food_Delivery,Scooter,1.0,269,Full-Time,45.1,25,4766.95,4.57,1,1.0,1,38.8,13.9,30.0,28.61428571428572,25.3,132.85714285714286,0,0,0,0,1,0.1869,1.065,44.24
ORD_50564,W_7c0fe1dbaf8590e4,ZONE_HYD_01,2026-07-27,47,5,4766.95,3594.97,1171.98,216.5,0.225,Hyderabad,Metro,Food_Delivery,Scooter,1.0,269,Full-Time,45.1,25,4766.95,4.57,1,1.0,1,70.5,24.9,30.6,28.585714285714285,24.3,137.0,0,0,0,0,1,0.2614,1.118,49.36
ORD_50565,W_7c0fe1dbaf8590e4,ZONE_HYD_01,2026-08-03,65,3,4766.95,4900.46,0.0,362.8,0.0,Hyderabad,Metro,Food_Delivery,Scooter,1.0,269,Full-Time,45.1,25,4766.95,4.57,1,1.0,1,20.5,9.0,30.6,29.442857142857143,20.0,136.28571428571428,0,0,0,0,1,0.1483,1.034,41.56
ORD_50566,W_7c0fe1dbaf8590e4,ZONE_HYD_01,2026-08-10,61,3,4766.95,4637.34,129.61,365.4,0.0,Hyderabad,Metro,Food_Delivery,Scooter,1.0,269,Full-Time,45.1,25,4766.95,4.57,1,1.0,1,12.6,3.6,30.8,29.82857142857143,19.8,137.42857142857142,0,0,0,1,1,0.1314,1.021,40.43
ORD_50567,W_7c0fe1dbaf8590e4,ZONE_HYD_01,2026-08-17,50,5,4766.95,3800.75,966.2,226.3,0.21,Hyderabad,Metro,Food_Delivery,Scooter,1.0,269,Full-Time,45.1,25,4766.95,4.57,1,1.0,1,18.2,11.0,31.5,30.228571428571428,19.4,148.85714285714286,0,1,1,0,1,0.2359,1.03,44.55
ORD_50568,W_7c0fe1dbaf8590e4,ZONE_HYD_01,2026-08-24,63,3,4766.95,4767.87,0.0,323.4,0.0,Hyderabad,Metro,Food_Delivery,Scooter,1.0,269,Full-Time,45.1,25,4766.95,4.57,1,1.0,1,10.4,3.2,30.4,29.17142857142857,21.5,140.14285714285714,0,0,0,1,1,0.1285,1.017,40.17
ORD_50569,W_7c0fe1dbaf8590e4,ZONE_HYD_01,2026-08-31,63,3,4766.95,4795.5,0.0,303.2,0.0,Hyderabad,Metro,Food_Delivery,Scooter,1.0,269,Full-Time,45.1,25,4766.95,4.57,1,1.0,1,8.8,5.3,32.0,30.228571428571428,19.7,159.14285714285714,0,0,0,1,1,0.1392,1.015,40.47
ORD_50570,W_7c0fe1dbaf8590e4,ZONE_HYD_01,2026-09-07,54,5,4766.95,4053.91,713.04,214.7,0.15,Hyderabad,Metro,Food_Delivery,Scooter,1.0,269,Full-Time,45.1,25,4766.95,4.57,1,1.0,1,26.3,11.7,32.2,31.057142857142857,15.3,156.57142857142858,1,0,1,0,1,0.2599,1.044,46.04
ORD_50571,W_7c0fe1dbaf8590e4,ZONE_HYD_01,2026-09-14,65,3,4766.95,4916.03,0.0,322.6,0.0,Hyderabad,Metro,Food_Delivery,Scooter,1.0,269,Full-Time,45.1,25,4766.95,4.57,1,1.0,1,12.7,5.5,33.4,31.525,10.7,147.5,0,0,0,0,1,0.1392,1.021,40.71
ORD_50572,W_23011d139948d52c,ZONE_DEL_01,2026-06-22,59,2,4634.75,4463.76,170.99,328.5,0.0,Delhi_NCR,Metro,Food_Delivery,Scooter,1.0,19,Full-Time,45.2,26,4634.75,4.56,1,1.0,1,4.0,1.2,41.9,40.425,14.3,188.25,0,0,0,1,1,0.1502,1.007,40.54
ORD_50573,W_23011d139948d52c,ZONE_DEL_01,2026-06-29,54,5,4634.75,4085.72,549.03,327.1,0.155,Delhi_NCR,Metro,Food_Delivery,Scooter,1.0,19,Full-Time,45.2,26,4634.75,4.56,1,1.0,1,20.0,6.8,41.7,35.84285714285714,14.4,157.71428571428572,0,0,0,0,1,0.1633,1.033,42.06
ORD_50574,W_23011d139948d52c,ZONE_DEL_01,2026-07-06,16,4,4634.75,1233.44,3401.31,78.4,0.724,Delhi_NCR,Metro,Food_Delivery,Scooter,1.0,19,Full-Time,45.2,26,4634.75,4.56,1,1.0,1,122.9,99.8,36.7,32.9,18.9,156.0,1,0,2,0,1,0.5602,1.205,65.8
ORD_50575,W_23011d139948d52c,ZONE_DEL_01,2026-07-13,59,2,4634.75,4455.2,179.55,355.3,0.0,Delhi_NCR,Metro,Food_Delivery,Scooter,1.0,19,Full-Time,45.2,26,4634.75,4.56,1,1.0,1,9.8,3.7,37.4,36.55714285714286,19.6,129.42857142857142,0,0,0,0,1,0.1191,1.016,39.8
ORD_50576,W_23011d139948d52c,ZONE_DEL_01,2026-07-20,49,5,4634.75,3717.67,917.08,225.3,0.178,Delhi_NCR,Metro,Food_Delivery,Scooter,1.0,19,Full-Time,45.2,26,4634.75,4.56,1,1.0,1,74.3,31.9,33.7,31.8,16.5,132.71428571428572,0,0,0,0,1,0.2667,1.124,49.83
ORD_50577,W_23011d139948d52c,ZONE_DEL_01,2026-07-27,61,3,4634.75,4580.6,54.15,344.4,0.0,Delhi_NCR,Metro,Food_Delivery,Scooter,1.0,19,Full-Time,45.2,26,4634.75,4.56,1,1.0,1,51.900000000000006,19.5,35.3,32.94285714285714,14.4,172.57142857142858,0,0,0,0,1,0.2462,1.086,47.37
ORD_50578,W_23011d139948d52c,ZONE_DEL_01,2026-08-03,24,5,4634.75,1832.02,2802.73,101.3,0.591,Delhi_NCR,Metro,Food_Delivery,Scooter,1.0,19,Full-Time,45.2,26,4634.75,4.56,1,1.0,1,132.8,58.3,33.8,31.17142857142857,15.8,126.57142857142856,0,0,1,0,1,0.4771,1.221,63.12
ORD_50579,W_23011d139948d52c,ZONE_DEL_01,2026-08-10,61,3,4634.75,4638.97,0.0,237.8,0.0,Delhi_NCR,Metro,Food_Delivery,Scooter,1.0,19,Full-Time,45.2,26,4634.75,4.56,1,1.0,1,45.8,12.5,34.4,32.614285714285714,11.1,170.42857142857142,0,0,0,1,1,0.2309,1.076,46.36
ORD_50580,W_23011d139948d52c,ZONE_DEL_01,2026-08-17,53,5,4634.75,3983.52,651.23,266.5,0.15,Delhi_NCR,Metro,Food_Delivery,Scooter,1.0,19,Full-Time,45.2,26,4634.75,4.56,1,1.0,1,34.3,8.2,33.6,33.15714285714286,11.7,140.0,1,0,1,0,1,0.2655,1.057,46.82
ORD_50581,W_23011d139948d52c,ZONE_DEL_01,2026-08-24,63,3,4634.75,4734.26,0.0,380.0,0.0,Delhi_NCR,Metro,Food_Delivery,Scooter,1.0,19,Full-Time,45.2,26,4634.75,4.56,1,1.0,1,24.5,13.5,34.9,33.44285714285714,13.9,168.0,0,0,0,1,1,0.1811,1.041,43.03
ORD_50582,W_23011d139948d52c,ZONE_DEL_01,2026-08-31,58,4,4634.75,4421.07,213.68,241.3,0.087,Delhi_NCR,Metro,Food_Delivery,Scooter,1.0,19,Full-Time,45.2,26,4634.75,4.56,1,1.0,1,76.6,23.5,34.4,31.24285714285714,13.1,145.57142857142858,0,0,0,1,1,0.2815,1.128,50.59
ORD_50583,W_23011d139948d52c,ZONE_DEL_01,2026-09-07,59,2,4634.75,4463.99,170.76,254.7,0.0,Delhi_NCR,Metro,Food_Delivery,Scooter,1.0,19,Full-Time,45.2,26,4634.75,4.56,1,1.0,1,19.1,8.7,34.4,32.471428571428575,14.1,142.0,0,0,0,0,1,0.1495,1.032,41.52
ORD_50584,W_23011d139948d52c,ZONE_DEL_01,2026-09-14,64,3,4634.75,4817.86,0.0,392.0,0.0,Delhi_NCR,Metro,Food_Delivery,Scooter,1.0,19,Full-Time,45.2,26,4634.75,4.56,1,1.0,1,7.6,3.7,35.0,33.05,14.4,149.0,0,0,0,0,1,0.1288,1.013,40.02
ORD_50585,W_3c0e64a301ae5edc,ZONE_DEL_01,2026-06-22,71,3,5157.97,5343.31,0.0,269.6,0.0,Delhi_NCR,Metro,E_Commerce,Scooter,1.0,20,Full-Time,49.0,26,5157.97,4.52,1,1.0,1,4.0,1.2,41.9,40.425,14.3,188.25,0,0,0,1,1,0.1502,1.007,40.54
ORD_50586,W_3c0e64a301ae5edc,ZONE_DEL_01,2026-06-29,60,5,5157.97,4553.5,604.47,278.6,0.155,Delhi_NCR,Metro,E_Commerce,Scooter,1.0,20,Full-Time,49.0,26,5157.97,4.52,1,1.0,1,20.0,6.8,41.7,35.84285714285714,14.4,157.71428571428572,0,0,0,0,1,0.1633,1.033,42.06
ORD_50587,W_3c0e64a301ae5edc,ZONE_DEL_01,2026-07-06,23,5,5157.97,1785.34,3372.63,83.4,0.652,Delhi_NCR,Metro,E_Commerce,Scooter,1.0,20,Full-Time,49.0,26,5157.97,4.52,1,1.0,1,122.9,99.8,36.7,32.9,18.9,156.0,1,0,2,0,1,0.5602,1.205,65.8
ORD_50588,W_3c0e64a301ae5edc,ZONE_DEL_01,2026-07-13,69,3,5157.97,5180.6,0.0,304.6,0.0,Delhi_NCR,Metro,E_Commerce,Scooter,1.0,20,Full-Time,49.0,26,5157.97,4.52,1,1.0,1,9.8,3.7,37.4,36.55714285714286,19.6,129.42857142857142,0,0,0,0,1,0.1191,1.016,39.8
ORD_50589,W_3c0e64a301ae5edc,ZONE_DEL_01,2026-07-20,54,6,5157.97,4063.45,1094.52,315.7,0.221,Delhi_NCR,Metro,E_Commerce,Scooter,1.0,20,Full-Time,49.0,26,5157.97,4.52,1,1.0,1,74.3,31.9,33.7,31.8,16.5,132.71428571428572,0,0,0,0,1,0.2667,1.124,49.83
ORD_50590,W_3c0e64a301ae5edc,ZONE_DEL_01,2026-07-27,69,3,5157.97,5241.48,0.0,322.4,0.0,Delhi_NCR,Metro,E_Commerce,Scooter,1.0,20,Full-Time,49.0,26,5157.97,4.52,1,1.0,1,51.900000000000006,19.5,35.3,32.94285714285714,14.4,172.57142857142858,0,0,0,0,1,0.2462,1.086,47.37
ORD_50591,W_3c0e64a301ae5edc,ZONE_DEL_01,2026-08-03,24,5,5157.97,1803.98,3353.99,91.8,0.664,Delhi_NCR,Metro,E_Commerce,Scooter,1.0,20,Full-Time,49.0,26,5157.97,4.52,1,1.0,1,132.8,58.3,33.8,31.17142857142857,15.8,126.57142857142856,0,0,1,0,1,0.4771,1.221,63.12
ORD_50592,W_3c0e64a301ae5edc,ZONE_DEL_01,2026-08-10,68,3,5157.97,5174.44,0.0,290.2,0.0,Delhi_NCR,Metro,E_Commerce,Scooter,1.0,20,Full-Time,49.0,26,5157.97,4.52,1,1.0,1,45.8,12.5,34.4,32.614285714285714,11.1,170.42857142857142,0,0,0,1,1,0.2309,1.076,46.36
ORD_50593,W_3c0e64a301ae5edc,ZONE_DEL_01,2026-08-17,55,5,5157.97,4185.69,972.28,291.8,0.15,Delhi_NCR,Metro,E_Commerce,Scooter,1.0,20,Full-Time,49.0,26,5157.97,4.52,1,1.0,1,34.3,8.2,33.6,33.15714285714286,11.7,140.0,1,0,1,0,1,0.2655,1.057,46.82
ORD_50594,W_3c0e64a301ae5edc,ZONE_DEL_01,2026-08-24,71,3,5157.97,5345.09,0.0,279.7,0.0,Delhi_NCR,Metro,E_Commerce,Scooter,1.0,20,Full-Time,49.0,26,5157.97,4.52,1,1.0,1,24.5,13.5,34.9,33.44285714285714,13.9,168.0,0,0,0,1,1,0.1811,1.041,43.03
ORD_50595,W_3c0e64a301ae5edc,ZONE_DEL_01,2026-08-31,66,4,5157.97,4956.49,201.48,393.9,0.072,Delhi_NCR,Metro,E_Commerce,Scooter,1.0,20,Full-Time,49.0,26,5157.97,4.52,1,1.0,1,76.6,23.5,34.4,31.24285714285714,13.1,145.57142857142858,0,0,0,1,1,0.2815,1.128,50.59
ORD_50596,W_3c0e64a301ae5edc,ZONE_DEL_01,2026-09-07,67,3,5157.97,5036.9,121.07,398.0,0.0,Delhi_NCR,Metro,E_Commerce,Scooter,1.0,20,Full-Time,49.0,26,5157.97,4.52,1,1.0,1,19.1,8.7,34.4,32.471428571428575,14.1,142.0,0,0,0,0,1,0.1495,1.032,41.52
ORD_50597,W_3c0e64a301ae5edc,ZONE_DEL_01,2026-09-14,67,3,5157.97,5065.47,92.5,334.4,0.0,Delhi_NCR,Metro,E_Commerce,Scooter,1.0,20,Full-Time,49.0,26,5157.97,4.52,1,1.0,1,7.6,3.7,35.0,33.05,14.4,149.0,0,0,0,0,1,0.1288,1.013,40.02
ORD_50598,W_b237d83a4d2a0e7d,ZONE_DEL_01,2026-06-22,75,3,5961.49,5693.53,267.96,271.4,0.0,Delhi_NCR,Metro,E_Commerce,Scooter,1.0,165,Full-Time,56.9,23,5961.49,5.0,1,1.0,1,4.0,1.2,41.9,40.425,14.3,188.25,0,0,0,1,1,0.1502,1.007,40.54
ORD_50599,W_b237d83a4d2a0e7d,ZONE_DEL_01,2026-06-29,68,6,5961.49,5148.47,813.02,319.6,0.155,Delhi_NCR,Metro,E_Commerce,Scooter,1.0,165,Full-Time,56.9,23,5961.49,5.0,1,1.0,1,20.0,6.8,41.7,35.84285714285714,14.4,157.71428571428572,0,0,0,0,1,0.1633,1.033,42.06
ORD_50600,W_b237d83a4d2a0e7d,ZONE_DEL_01,2026-07-06,23,5,5961.49,1725.81,4235.68,122.1,0.701,Delhi_NCR,Metro,E_Commerce,Scooter,1.0,165,Full-Time,56.9,23,5961.49,5.0,1,1.0,1,122.9,99.8,36.7,32.9,18.9,156.0,1,0,2,0,1,0.5602,1.205,65.8
ORD_50601,W_b237d83a4d2a0e7d,ZONE_DEL_01,2026-07-13,75,3,5961.49,5663.65,297.84,425.7,0.0,Delhi_NCR,Metro,E_Commerce,Scooter,1.0,165,Full-Time,56.9,23,5961.49,5.0,1,1.0,1,9.8,3.7,37.4,36.55714285714286,19.6,129.42857142857142,0,0,0,0,1,0.1191,1.016,39.8
ORD_50602,W_b237d83a4d2a0e7d,ZONE_DEL_01,2026-07-20,64,6,5961.49,4842.26,1119.23,290.7,0.162,Delhi_NCR,Metro,E_Commerce,Scooter,1.0,165,Full-Time,56.9,23,5961.49,5.0,1,1.0,1,74.3,31.9,33.7,31.8,16.5,132.71428571428572,0,0,0,0,1,0.2667,1.124,49.83
ORD_50603,W_b237d83a4d2a0e7d,ZONE_DEL_01,2026-07-27,79,3,5961.49,5952.46,9.03,352.2,0.0,Delhi_NCR,Metro,E_Commerce,Scooter,1.0,165,Full-Time,56.9,23,5961.49,5.0,1,1.0,1,51.900000000000006,19.5,35.3,32.94285714285714,14.4,172.57142857142858,0,0,0,0,1,0.2462,1.086,47.37
ORD_50604,W_b237d83a4d2a0e7d,ZONE_DEL_01,2026-08-03,36,7,5961.49,2718.9,3242.59,188.4,0.564,Delhi_NCR,Metro,E_Commerce,Scooter,1.0,165,Full-Time,56.9,23,5961.49,5.0,1,1.0,1,132.8,58.3,33.8,31.17142857142857,15.8,126.57142857142856,0,0,1,0,1,0.4771,1.221,63.12
ORD_50605,W_b237d83a4d2a0e7d,ZONE_DEL_01,2026-08-10,75,3,5961.49,5677.39,284.1,349.6,0.0,Delhi_NCR,Metro,E_Commerce,Scooter,1.0,165,Full-Time,56.9,23,5961.49,5.0,1,1.0,1,45.8,12.5,34.4,32.614285714285714,11.1,170.42857142857142,0,0,0,1,1,0.2309,1.076,46.36
ORD_50606,W_b237d83a4d2a0e7d,ZONE_DEL_01,2026-08-17,70,6,5961.49,5257.29,704.2,302.0,0.15,Delhi_NCR,Metro,E_Commerce,Scooter,1.0,165,Full-Time,56.9,23,5961.49,5.0,1,1.0,1,34.3,8.2,33.6,33.15714285714286,11.7,140.0,1,0,1,0,1,0.2655,1.057,46.82
ORD_50607,W_b237d83a4d2a0e7d,ZONE_DEL_01,2026-08-24,76,3,5961.49,5719.79,241.7,421.6,0.0,Delhi_NCR,Metro,E_Commerce,Scooter,1.0,165,Full-Time,56.9,23,5961.49,5.0,1,1.0,1,24.5,13.5,34.9,33.44285714285714,13.9,168.0,0,0,0,1,1,0.1811,1.041,43.03
ORD_50608,W_b237d83a4d2a0e7d,ZONE_DEL_01,2026-08-31,76,4,5961.49,5757.85,203.64,277.0,0.041,Delhi_NCR,Metro,E_Commerce,Scooter,1.0,165,Full-Time,56.9,23,5961.49,5.0,1,1.0,1,76.6,23.5,34.4,31.24285714285714,13.1,145.57142857142858,0,0,0,1,1,0.2815,1.128,50.59
ORD_50609,W_b237d83a4d2a0e7d,ZONE_DEL_01,2026-09-07,76,3,5961.49,5747.17,214.32,393.7,0.0,Delhi_NCR,Metro,E_Commerce,Scooter,1.0,165,Full-Time,56.9,23,5961.49,5.0,1,1.0,1,19.1,8.7,34.4,32.471428571428575,14.1,142.0,0,0,0,0,1,0.1495,1.032,41.52
ORD_50610,W_b237d83a4d2a0e7d,ZONE_DEL_01,2026-09-14,77,3,5961.49,5787.31,174.18,374.3,0.0,Delhi_NCR,Metro,E_Commerce,Scooter,1.0,165,Full-Time,56.9,23,5961.49,5.0,1,1.0,1,7.6,3.7,35.0,33.05,14.4,149.0,0,0,0,0,1,0.1288,1.013,40.02
ORD_50611,W_0bcb7f8dc0134fd1,ZONE_MAA_01,2026-06-22,45,2,3398.63,3413.88,0.0,191.9,0.0,Chennai,Metro,Food_Delivery,Scooter,1.0,494,Part-Time,30.2,13,3398.63,4.47,1,1.0,0,33.7,24.5,37.6,36.225,17.3,159.25,0,0,0,1,1,0.1953,1.056,44.18
ORD_50612,W_0bcb7f8dc0134fd1,ZONE_MAA_01,2026-06-29,47,2,3398.63,3551.03,0.0,271.4,0.0,Chennai,Metro,Food_Delivery,Scooter,1.0,494,Part-Time,30.2,13,3398.63,4.47,1,1.0,0,11.8,5.8,38.4,35.55714285714286,23.0,123.0,0,0,0,0,1,0.1188,1.02,39.94
ORD_50613,W_0bcb7f8dc0134fd1,ZONE_MAA_01,2026-07-06,39,3,3398.63,2953.08,445.55,144.7,0.15,Chennai,Metro,Food_Delivery,Scooter,1.0,494,Part-Time,30.2,13,3398.63,4.47,1,1.0,0,9.3,5.2,39.2,37.55714285714286,26.3,163.28571428571428,1,0,1,0,1,0.2267,1.016,43.62
ORD_50614,W_0bcb7f8dc0134fd1,ZONE_MAA_01,2026-07-13,43,2,3398.63,3264.77,133.86,207.7,0.0,Chennai,Metro,Food_Delivery,Scooter,1.0,494,Part-Time,30.2,13,3398.63,4.47,1,1.0,0,11.3,4.9,38.7,36.51428571428571,19.1,141.57142857142858,0,0,0,0,1,0.1316,1.019,40.36
ORD_50615,W_0bcb7f8dc0134fd1,ZONE_MAA_01,2026-07-20,38,3,3398.63,2889.32,509.31,233.4,0.12,Chennai,Metro,Food_Delivery,Scooter,1.0,494,Part-Time,30.2,13,3398.63,4.47,1,1.0,0,35.6,10.7,36.4,34.714285714285715,17.5,131.57142857142858,0,0,0,0,1,0.1788,1.059,43.69
ORD_50616,W_0bcb7f8dc0134fd1,ZONE_MAA_01,2026-07-27,43,2,3398.63,3282.57,116.06,207.1,0.0,Chennai,Metro,Food_Delivery,Scooter,1.0,494,Part-Time,30.2,13,3398.63,4.47,1,1.0,0,26.0,8.2,37.6,36.48571428571429,23.1,145.14285714285714,0,0,0,0,1,0.1674,1.043,42.62
ORD_50617,W_0bcb7f8dc0134fd1,ZONE_MAA_01,2026-08-03,44,2,3398.63,3352.45,46.18,230.0,0.0,Chennai,Metro,Food_Delivery,Scooter,1.0,494,Part-Time,30.2,13,3398.63,4.47,1,1.0,0,38.5,6.7,34.8,33.94285714285714,19.7,150.71428571428572,0,0,0,0,1,0.1997,1.064,44.68
ORD_50618,W_0bcb7f8dc0134fd1,ZONE_MAA_01,2026-08-10,43,2,3398.63,3272.55,126.08,200.5,0.0,Chennai,Metro,Food_Delivery,Scooter,1.0,494,Part-Time,30.2,13,3398.63,4.47,1,1.0,0,15.6,9.3,35.5,35.08571428571428,18.4,153.57142857142858,1,0,1,1,1,0.2336,1.026,44.3
ORD_50619,W_0bcb7f8dc0134fd1,ZONE_MAA_01,2026-08-17,44,2,3398.63,3322.06,76.57,259.5,0.0,Chennai,Metro,Food_Delivery,Scooter,1.0,494,Part-Time,30.2,13,3398.63,4.47,1,1.0,0,29.4,12.9,36.3,35.75714285714285,20.7,143.71428571428572,0,0,0,0,1,0.1739,1.049,43.1
ORD_50620,W_0bcb7f8dc0134fd1,ZONE_MAA_01,2026-08-24,43,2,3398.63,3242.49,156.14,256.6,0.0,Chennai,Metro,Food_Delivery,Scooter,1.0,494,Part-Time,30.2,13,3398.63,4.47,1,1.0,0,15.1,7.6,36.6,34.77142857142857,18.4,144.14285714285714,1,0,1,1,1,0.2254,1.025,43.96
ORD_50621,W_0bcb7f8dc0134fd1,ZONE_MAA_01,2026-08-31,46,2,3398.63,3511.8,0.0,198.0,0.0,Chennai,Metro,Food_Delivery,Scooter,1.0,494,Part-Time,30.2,13,3398.63,4.47,1,1.0,0,13.1,3.6,35.6,34.41428571428571,16.9,156.85714285714286,1,0,1,1,1,0.2305,1.022,44.01
ORD_50622,W_0bcb7f8dc0134fd1,ZONE_MAA_01,2026-09-07,46,2,3398.63,3496.95,0.0,164.9,0.0,Chennai,Metro,Food_Delivery,Scooter,1.0,494,Part-Time,30.2,13,3398.63,4.47,1,1.0,0,23.3,11.4,35.6,34.214285714285715,14.8,136.57142857142858,0,0,0,0,1,0.1549,1.039,42.0
ORD_50623,W_0bcb7f8dc0134fd1,ZONE_MAA_01,2026-09-14,40,3,3398.63,3023.71,374.92,196.9,0.15,Chennai,Metro,Food_Delivery,Scooter,1.0,494,Part-Time,30.2,13,3398.63,4.47,1,1.0,0,27.4,22.7,36.0,33.525,13.4,152.75,0,1,1,0,1,0.2595,1.046,46.11
ORD_50624,W_efb187f43ff6fab9,ZONE_MAA_01,2026-06-22,20,1,1563.93,1533.16,30.77,89.6,0.0,Chennai,Metro,Food_Delivery,Scooter,1.0,105,Part-Time,15.0,14,1563.93,4.34,1,1.0,0,33.7,24.5,37.6,36.225,17.3,159.25,0,0,0,1,1,0.1953,1.056,44.18
ORD_50625,W_efb187f43ff6fab9,ZONE_MAA_01,2026-06-29,19,0,1563.93,1496.12,67.81,117.3,0.0,Chennai,Metro,Food_Delivery,Scooter,1.0,105,Part-Time,15.0,14,1563.93,4.34,1,1.0,0,11.8,5.8,38.4,35.55714285714286,23.0,123.0,0,0,0,0,1,0.1188,1.02,39.94
ORD_50626,W_efb187f43ff6fab9,ZONE_MAA_01,2026-07-06,16,1,1563.93,1268.1,295.83,84.3,0.15,Chennai,Metro,Food_Delivery,Scooter,1.0,105,Part-Time,15.0,14,1563.93,4.34,1,1.0,0,9.3,5.2,39.2,37.55714285714286,26.3,163.28571428571428,1,0,1,0,1,0.2267,1.016,43.62
ORD_50627,W_efb187f43ff6fab9,ZONE_MAA_01,2026-07-13,20,1,1563.93,1554.97,8.96,121.2,0.0,Chennai,Metro,Food_Delivery,Scooter,1.0,105,Part-Time,15.0,14,1563.93,4.34,1,1.0,0,11.3,4.9,38.7,36.51428571428571,19.1,141.57142857142858,0,0,0,0,1,0.1316,1.019,40.36
ORD_50628,W_efb187f43ff6fab9,ZONE_MAA_01,2026-07-20,17,1,1563.93,1341.3,222.63,83.9,0.12,Chennai,Metro,Food_Delivery,Scooter,1.0,105,Part-Time,15.0,14,1563.93,4.34,1,1.0,0,35.6,10.7,36.4,34.714285714285715,17.5,131.57142857142858,0,0,0,0,1,0.1788,1.059,43.69
ORD_50629,W_efb187f43ff6fab9,ZONE_MAA_01,2026-07-27,20,1,1563.93,1561.17,2.76,108.0,0.0,Chennai,Metro,Food_Delivery,Scooter,1.0,105,Part-Time,15.0,14,1563.93,4.34,1,1.0,0,26.0,8.2,37.6,36.48571428571429,23.1,145.14285714285714,0,0,0,0,1,0.1674,1.043,42.62
ORD_50630,W_efb187f43ff6fab9,ZONE_MAA_01,2026-08-03,19,0,1563.93,1496.37,67.56,76.4,0.0,Chennai,Metro,Food_Delivery,Scooter,1.0,105,Part-Time,15.0,14,1563.93,4.34,1,1.0,0,38.5,6.7,34.8,33.94285714285714,19.7,150.71428571428572,0,0,0,0,1,0.1997,1.064,44.68
ORD_50631,W_efb187f43ff6fab9,ZONE_MAA_01,2026-08-10,20,1,1563.93,1519.29,44.64,109.9,0.0,Chennai,Metro,Food_Delivery,Scooter,1.0,105,Part-Time,15.0,14,1563.93,4.34,1,1.0,0,15.6,9.3,35.5,35.08571428571428,18.4,153.57142857142858,1,0,1,1,1,0.2336,1.026,44.3
ORD_50632,W_efb187f43ff6fab9,ZONE_MAA_01,2026-08-17,20,1,1563.93,1515.31,48.62,101.0,0.0,Chennai,Metro,Food_Delivery,Scooter,1.0,105,Part-Time,15.0,14,1563.93,4.34,1,1.0,0,29.4,12.9,36.3,35.75714285714285,20.7,143.71428571428572,0,0,0,0,1,0.1739,1.049,43.1
ORD_50633,W_efb187f43ff6fab9,ZONE_MAA_01,2026-08-24,20,1,1563.93,1519.4,44.53,116.5,0.0,Chennai,Metro,Food_Delivery,Scooter,1.0,105,Part-Time,15.0,14,1563.93,4.34,1,1.0,0,15.1,7.6,36.6,34.77142857142857,18.4,144.14285714285714,1,0,1,1,1,0.2254,1.025,43.96
ORD_50634,W_efb187f43ff6fab9,ZONE_MAA_01,2026-08-31,21,1,1563.93,1633.08,0.0,102.9,0.0,Chennai,Metro,Food_Delivery,Scooter,1.0,105,Part-Time,15.0,14,1563.93,4.34,1,1.0,0,13.1,3.6,35.6,34.41428571428571,16.9,156.85714285714286,1,0,1,1,1,0.2305,1.022,44.01
ORD_50635,W_efb187f43ff6fab9,ZONE_MAA_01,2026-09-07,20,1,1563.93,1540.83,23.1,82.6,0.0,Chennai,Metro,Food_Delivery,Scooter,1.0,105,Part-Time,15.0,14,1563.93,4.34,1,1.0,0,23.3,11.4,35.6,34.214285714285715,14.8,136.57142857142858,0,0,0,0,1,0.1549,1.039,42.0
ORD_50636,W_efb187f43ff6fab9,ZONE_MAA_01,2026-09-14,16,1,1563.93,1269.49,294.44,67.6,0.15,Chennai,Metro,Food_Delivery,Scooter,1.0,105,Part-Time,15.0,14,1563.93,4.34,1,1.0,0,27.4,22.7,36.0,33.525,13.4,152.75,0,1,1,0,1,0.2595,1.046,46.11
ORD_50637,W_c9343b30f4467310,ZONE_DEL_01,2026-06-22,34,1,2527.19,2566.17,0.0,168.0,0.0,Delhi_NCR,Metro,Food_Delivery,Bike,1.2,109,Part-Time,25.4,21,2527.19,4.74,1,1.05,0,4.0,1.2,41.9,40.425,14.3,188.25,0,0,0,1,1,0.1502,1.007,42.57
ORD_50638,W_c9343b30f4467310,ZONE_DEL_01,2026-06-29,29,2,2527.19,2230.3,296.89,132.5,0.155,Delhi_NCR,Metro,Food_Delivery,Bike,1.2,109,Part-Time,25.4,21,2527.19,4.74,1,1.05,0,20.0,6.8,41.7,35.84285714285714,14.4,157.71428571428572,0,0,0,0,1,0.1633,1.033,44.16
ORD_50639,W_c9343b30f4467310,ZONE_DEL_01,2026-07-06,5,1,2527.19,378.67,2148.52,24.4,0.85,Delhi_NCR,Metro,Food_Delivery,Bike,1.2,109,Part-Time,25.4,21,2527.19,4.74,1,1.05,0,122.9,99.8,36.7,32.9,18.9,156.0,1,0,2,0,1,0.5602,1.205,69.09
ORD_50640,W_c9343b30f4467310,ZONE_DEL_01,2026-07-13,32,1,2527.19,2468.5,58.69,151.3,0.0,Delhi_NCR,Metro,Food_Delivery,Bike,1.2,109,Part-Time,25.4,21,2527.19,4.74,1,1.05,0,9.8,3.7,37.4,36.55714285714286,19.6,129.42857142857142,0,0,0,0,1,0.1191,1.016,41.78
ORD_50641,W_c9343b30f4467310,ZONE_DEL_01,2026-07-20,25,3,2527.19,1896.54,630.65,151.0,0.265,Delhi_NCR,Metro,Food_Delivery,Bike,1.2,109,Part-Time,25.4,21,2527.19,4.74,1,1.05,0,74.3,31.9,33.7,31.8,16.5,132.71428571428572,0,0,0,0,1,0.2667,1.124,52.32
ORD_50642,W_c9343b30f4467310,ZONE_DEL_01,2026-07-27,33,1,2527.19,2484.06,43.13,119.3,0.0,Delhi_NCR,Metro,Food_Delivery,Bike,1.2,109,Part-Time,25.4,21,2527.19,4.74,1,1.05,0,51.900000000000006,19.5,35.3,32.94285714285714,14.4,172.57142857142858,0,0,0,0,1,0.2462,1.086,49.74
ORD_50643,W_c9343b30f4467310,ZONE_DEL_01,2026-08-03,10,2,2527.19,789.17,1738.02,39.5,0.689,Delhi_NCR,Metro,Food_Delivery,Bike,1.2,109,Part-Time,25.4,21,2527.19,4.74,1,1.05,0,132.8,58.3,33.8,31.17142857142857,15.8,126.57142857142856,0,0,1,0,1,0.4771,1.221,66.28
ORD_50644,W_c9343b30f4467310,ZONE_DEL_01,2026-08-10,34,1,2527.19,2593.01,0.0,209.4,0.0,Delhi_NCR,Metro,Food_Delivery,Bike,1.2,109,Part-Time,25.4,21,2527.19,4.74,1,1.05,0,45.8,12.5,34.4,32.614285714285714,11.1,170.42857142857142,0,0,0,1,1,0.2309,1.076,48.67
ORD_50645,W_c9343b30f4467310,ZONE_DEL_01,2026-08-17,29,2,2527.19,2243.87,283.32,116.9,0.15,Delhi_NCR,Metro,Food_Delivery,Bike,1.2,109,Part-Time,25.4,21,2527.19,4.74,1,1.05,0,34.3,8.2,33.6,33.15714285714286,11.7,140.0,1,0,1,0,1,0.2655,1.057,49.16
ORD_50646,W_c9343b30f4467310,ZONE_DEL_01,2026-08-24,34,1,2527.19,2622.05,0.0,183.7,0.0,Delhi_NCR,Metro,Food_Delivery,Bike,1.2,109,Part-Time,25.4,21,2527.19,4.74,1,1.05,0,24.5,13.5,34.9,33.44285714285714,13.9,168.0,0,0,0,1,1,0.1811,1.041,45.19
ORD_50647,W_c9343b30f4467310,ZONE_DEL_01,2026-08-31,31,2,2527.19,2380.91,146.28,179.6,0.062,Delhi_NCR,Metro,Food_Delivery,Bike,1.2,109,Part-Time,25.4,21,2527.19,4.74,1,1.05,0,76.6,23.5,34.4,31.24285714285714,13.1,145.57142857142858,0,0,0,1,1,0.2815,1.128,53.12
ORD_50648,W_c9343b30f4467310,ZONE_DEL_01,2026-09-07,33,1,2527.19,2522.17,5.02,148.8,0.0,Delhi_NCR,Metro,Food_Delivery,Bike,1.2,109,Part-Time,25.4,21,2527.19,4.74,1,1.05,0,19.1,8.7,34.4,32.471428571428575,14.1,142.0,0,0,0,0,1,0.1495,1.032,43.6
ORD_50649,W_c9343b30f4467310,ZONE_DEL_01,2026-09-14,33,1,2527.19,2525.48,1.71,167.1,0.0,Delhi_NCR,Metro,Food_Delivery,Bike,1.2,109,Part-Time,25.4,21,2527.19,4.74,1,1.05,0,7.6,3.7,35.0,33.05,14.4,149.0,0,0,0,0,1,0.1288,1.013,42.02
ORD_50650,W_d7c92b49ddff2b6b,ZONE_DEL_01,2026-06-22,62,3,4829.52,4679.36,150.16,367.8,0.0,Delhi_NCR,Metro,Food_Delivery,Bike,1.2,69,Full-Time,46.3,27,4829.52,4.4,1,1.05,1,4.0,1.2,41.9,40.425,14.3,188.25,0,0,0,1,1,0.1502,1.007,42.57
ORD_50651,W_d7c92b49ddff2b6b,ZONE_DEL_01,2026-06-29,55,5,4829.52,4152.03,677.49,286.5,0.155,Delhi_NCR,Metro,Food_Delivery,Bike,1.2,69,Full-Time,46.3,27,4829.52,4.4,1,1.05,1,20.0,6.8,41.7,35.84285714285714,14.4,157.71428571428572,0,0,0,0,1,0.1633,1.033,44.16
ORD_50652,W_d7c92b49ddff2b6b,ZONE_DEL_01,2026-07-06,16,4,4829.52,1249.83,3579.69,61.2,0.744,Delhi_NCR,Metro,Food_Delivery,Bike,1.2,69,Full-Time,46.3,27,4829.52,4.4,1,1.05,1,122.9,99.8,36.7,32.9,18.9,156.0,1,0,2,0,1,0.5602,1.205,69.09
ORD_50653,W_d7c92b49ddff2b6b,ZONE_DEL_01,2026-07-13,61,3,4829.52,4626.05,203.47,300.3,0.0,Delhi_NCR,Metro,Food_Delivery,Bike,1.2,69,Full-Time,46.3,27,4829.52,4.4,1,1.05,1,9.8,3.7,37.4,36.55714285714286,19.6,129.42857142857142,0,0,0,0,1,0.1191,1.016,41.78
ORD_50654,W_d7c92b49ddff2b6b,ZONE_DEL_01,2026-07-20,48,6,4829.52,3642.12,1187.4,179.6,0.253,Delhi_NCR,Metro,Food_Delivery,Bike,1.2,69,Full-Time,46.3,27,4829.52,4.4,1,1.05,1,74.3,31.9,33.7,31.8,16.5,132.71428571428572,0,0,0,0,1,0.2667,1.124,52.32
ORD_50655,W_d7c92b49ddff2b6b,ZONE_DEL_01,2026-07-27,63,3,4829.52,4796.19,33.33,250.2,0.0,Delhi_NCR,Metro,Food_Delivery,Bike,1.2,69,Full-Time,46.3,27,4829.52,4.4,1,1.05,1,51.900000000000006,19.5,35.3,32.94285714285714,14.4,172.57142857142858,0,0,0,0,1,0.2462,1.086,49.74
ORD_50656,W_d7c92b49ddff2b6b,ZONE_DEL_01,2026-08-03,12,3,4829.52,938.26,3891.26,64.3,0.807,Delhi_NCR,Metro,Food_Delivery,Bike,1.2,69,Full-Time,46.3,27,4829.52,4.4,1,1.05,1,132.8,58.3,33.8,31.17142857142857,15.8,126.57142857142856,0,0,1,0,1,0.4771,1.221,66.28
ORD_50657,W_d7c92b49ddff2b6b,ZONE_DEL_01,2026-08-10,63,3,4829.52,4745.21,84.31,236.6,0.0,Delhi_NCR,Metro,Food_Delivery,Bike,1.2,69,Full-Time,46.3,27,4829.52,4.4,1,1.05,1,45.8,12.5,34.4,32.614285714285714,11.1,170.42857142857142,0,0,0,1,1,0.2309,1.076,48.67
ORD_50658,W_d7c92b49ddff2b6b,ZONE_DEL_01,2026-08-17,57,5,4829.52,4300.44,529.08,243.6,0.15,Delhi_NCR,Metro,Food_Delivery,Bike,1.2,69,Full-Time,46.3,27,4829.52,4.4,1,1.05,1,34.3,8.2,33.6,33.15714285714286,11.7,140.0,1,0,1,0,1,0.2655,1.057,49.16
ORD_50659,W_d7c92b49ddff2b6b,ZONE_DEL_01,2026-08-24,63,3,4829.52,4792.72,36.8,331.0,0.0,Delhi_NCR,Metro,Food_Delivery,Bike,1.2,69,Full-Time,46.3,27,4829.52,4.4,1,1.05,1,24.5,13.5,34.9,33.44285714285714,13.9,168.0,0,0,0,1,1,0.1811,1.041,45.19
ORD_50660,W_d7c92b49ddff2b6b,ZONE_DEL_01,2026-08-31,66,3,4829.52,4979.36,0.0,326.6,0.0,Delhi_NCR,Metro,Food_Delivery,Bike,1.2,69,Full-Time,46.3,27,4829.52,4.4,1,1.05,1,76.6,23.5,34.4,31.24285714285714,13.1,145.57142857142858,0,0,0,1,1,0.2815,1.128,53.12
ORD_50661,W_d7c92b49ddff2b6b,ZONE_DEL_01,2026-09-07,62,3,4829.52,4722.41,107.11,227.3,0.0,Delhi_NCR,Metro,Food_Delivery,Bike,1.2,69,Full-Time,46.3,27,4829.52,4.4,1,1.05,1,19.1,8.7,34.4,32.471428571428575,14.1,142.0,0,0,0,0,1,0.1495,1.032,43.6
ORD_50662,W_d7c92b49ddff2b6b,ZONE_DEL_01,2026-09-14,62,3,4829.52,4666.52,163.0,366.8,0.0,Delhi_NCR,Metro,Food_Delivery,Bike,1.2,69,Full-Time,46.3,27,4829.52,4.4,1,1.05,1,7.6,3.7,35.0,33.05,14.4,149.0,0,0,0,0,1,0.1288,1.013,42.02
ORD_50663,W_19ad745c3995d6f0,ZONE_BOM_01,2026-06-22,29,1,2207.51,2248.58,0.0,121.1,0.0,Mumbai,Metro,Q_Commerce,Scooter,1.0,23,Part-Time,22.0,16,2207.51,4.37,1,1.0,0,24.8,11.5,31.1,30.425,15.3,184.0,0,0,0,1,1,0.1938,1.041,43.5
ORD_50664,W_19ad745c3995d6f0,ZONE_BOM_01,2026-06-29,4,1,2207.51,337.44,1870.07,20.2,0.85,Mumbai,Metro,Q_Commerce,Scooter,1.0,23,Part-Time,22.0,16,2207.51,4.37,1,1.0,0,493.0,136.9,28.6,27.642857142857142,30.3,147.0,0,0,6,0,1,1.0,1.822,79.0
ORD_50665,W_19ad745c3995d6f0,ZONE_BOM_01,2026-07-06,7,1,2207.51,585.93,1621.58,28.6,0.731,Mumbai,Metro,Q_Commerce,Scooter,1.0,23,Part-Time,22.0,16,2207.51,4.37,1,1.0,0,235.5,131.8,30.2,29.142857142857142,34.6,143.85714285714286,0,0,2,0,1,0.8044,1.392,79.0
ORD_50666,W_19ad745c3995d6f0,ZONE_BOM_01,2026-07-13,18,3,2207.51,1385.83,821.68,71.5,0.4,Mumbai,Metro,Q_Commerce,Scooter,1.0,23,Part-Time,22.0,16,2207.51,4.37,1,1.0,0,92.5,33.1,30.6,29.82857142857143,21.8,156.42857142857142,1,0,1,0,1,0.4088,1.154,56.9
ORD_50667,W_19ad745c3995d6f0,ZONE_BOM_01,2026-07-20,4,1,2207.51,328.62,1878.89,18.8,0.85,Mumbai,Metro,Q_Commerce,Scooter,1.0,23,Part-Time,22.0,16,2207.51,4.37,1,1.0,0,354.8,107.0,29.6,28.74285714285714,34.0,158.42857142857142,0,0,4,0,1,1.0,1.591,79.0
ORD_50668,W_19ad745c3995d6f0,ZONE_BOM_01,2026-07-27,18,3,2207.51,1365.68,841.83,86.6,0.401,Mumbai,Metro,Q_Commerce,Scooter,1.0,23,Part-Time,22.0,16,2207.51,4.37,1,1.0,0,120.9,42.9,29.6,28.957142857142856,25.3,151.42857142857142,0,0,0,0,1,0.3856,1.202,58.29
ORD_50669,W_19ad745c3995d6f0,ZONE_BOM_01,2026-08-03,17,2,2207.51,1349.49,858.02,67.8,0.377,Mumbai,Metro,Q_Commerce,Scooter,1.0,23,Part-Time,22.0,16,2207.51,4.37,1,1.0,0,76.8,18.7,29.7,29.285714285714285,21.2,139.0,0,0,0,0,1,0.277,1.128,50.42
ORD_50670,W_19ad745c3995d6f0,ZONE_BOM_01,2026-08-10,25,2,2207.51,1877.82,329.69,100.7,0.167,Mumbai,Metro,Q_Commerce,Scooter,1.0,23,Part-Time,22.0,16,2207.51,4.37,1,1.0,0,96.6,30.6,29.7,28.61428571428572,19.0,142.57142857142858,0,0,0,1,1,0.3243,1.161,53.81
ORD_50671,W_19ad745c3995d6f0,ZONE_BOM_01,2026-08-17,13,2,2207.51,996.66,1210.85,60.1,0.544,Mumbai,Metro,Q_Commerce,Scooter,1.0,23,Part-Time,22.0,16,2207.51,4.37,1,1.0,0,61.0,16.7,29.7,29.228571428571428,20.6,146.28571428571428,1,0,1,0,1,0.3303,1.102,51.31
ORD_50672,W_19ad745c3995d6f0,ZONE_BOM_01,2026-08-24,29,1,2207.51,2200.71,6.8,130.3,0.0,Mumbai,Metro,Q_Commerce,Scooter,1.0,23,Part-Time,22.0,16,2207.51,4.37,1,1.0,0,36.4,7.6,29.6,29.25714285714286,21.1,134.0,1,0,1,1,1,0.2657,1.061,47.0
ORD_50673,W_19ad745c3995d6f0,ZONE_BOM_01,2026-08-31,28,1,2207.51,2165.49,42.02,148.2,0.0,Mumbai,Metro,Q_Commerce,Scooter,1.0,23,Part-Time,22.0,16,2207.51,4.37,1,1.0,0,61.0,16.1,29.6,29.042857142857144,18.4,158.28571428571428,0,0,0,1,1,0.256,1.102,48.44
ORD_50674,W_19ad745c3995d6f0,ZONE_BOM_01,2026-09-07,29,1,2207.51,2244.11,0.0,123.9,0.0,Mumbai,Metro,Q_Commerce,Scooter,1.0,23,Part-Time,22.0,16,2207.51,4.37,1,1.0,0,52.9,25.5,30.0,29.071428571428573,15.3,169.57142857142858,0,0,0,0,1,0.2462,1.088,47.46
ORD_50675,W_19ad745c3995d6f0,ZONE_BOM_01,2026-09-14,29,1,2207.51,2198.7,8.81,116.6,0.0,Mumbai,Metro,Q_Commerce,Scooter,1.0,23,Part-Time,22.0,16,2207.51,4.37,1,1.0,0,23.3,10.3,30.0,29.625,20.1,162.0,0,0,0,0,1,0.1739,1.039,42.69
ORD_50676,W_e4d6b1a96865b125,ZONE_BOM_01,2026-06-22,84,4,6507.64,6319.16,188.48,299.2,0.0,Mumbai,Metro,Food_Delivery,Scooter,1.0,76,Full-Time,57.4,29,6507.64,5.0,1,1.0,1,24.8,11.5,31.1,30.425,15.3,184.0,0,0,0,1,1,0.1938,1.041,43.5
ORD_50677,W_e4d6b1a96865b125,ZONE_BOM_01,2026-06-29,12,3,6507.64,947.91,5559.73,49.4,0.85,Mumbai,Metro,Food_Delivery,Scooter,1.0,76,Full-Time,57.4,29,6507.64,5.0,1,1.0,1,493.0,136.9,28.6,27.642857142857142,30.3,147.0,0,0,6,0,1,1.0,1.822,79.0
ORD_50678,W_e4d6b1a96865b125,ZONE_BOM_01,2026-07-06,24,6,6507.64,1842.46,4665.18,125.4,0.706,Mumbai,Metro,Food_Delivery,Scooter,1.0,76,Full-Time,57.4,29,6507.64,5.0,1,1.0,1,235.5,131.8,30.2,29.142857142857142,34.6,143.85714285714286,0,0,2,0,1,0.8044,1.392,79.0
ORD_50679,W_e4d6b1a96865b125,ZONE_BOM_01,2026-07-13,57,8,6507.64,4318.05,2189.59,298.7,0.311,Mumbai,Metro,Food_Delivery,Scooter,1.0,76,Full-Time,57.4,29,6507.64,5.0,1,1.0,1,92.5,33.1,30.6,29.82857142857143,21.8,156.42857142857142,1,0,1,0,1,0.4088,1.154,56.9
ORD_50680,W_e4d6b1a96865b125,ZONE_BOM_01,2026-07-20,13,3,6507.64,996.44,5511.2,65.1,0.85,Mumbai,Metro,Food_Delivery,Scooter,1.0,76,Full-Time,57.4,29,6507.64,5.0,1,1.0,1,354.8,107.0,29.6,28.74285714285714,34.0,158.42857142857142,0,0,4,0,1,1.0,1.591,79.0
ORD_50681,W_e4d6b1a96865b125,ZONE_BOM_01,2026-07-27,52,8,6507.64,3955.52,2552.12,198.3,0.401,Mumbai,Metro,Food_Delivery,Scooter,1.0,76,Full-Time,57.4,29,6507.64,5.0,1,1.0,1,120.9,42.9,29.6,28.957142857142856,25.3,151.42857142857142,0,0,0,0,1,0.3856,1.202,58.29
ORD_50682,W_e4d6b1a96865b125,ZONE_BOM_01,2026-08-03,53,8,6507.64,4038.73,2468.91,223.8,0.375,Mumbai,Metro,Food_Delivery,Scooter,1.0,76,Full-Time,57.4,29,6507.64,5.0,1,1.0,1,76.8,18.7,29.7,29.285714285714285,21.2,139.0,0,0,0,0,1,0.277,1.128,50.42
ORD_50683,W_e4d6b1a96865b125,ZONE_BOM_01,2026-08-10,65,8,6507.64,4921.58,1586.06,402.8,0.271,Mumbai,Metro,Food_Delivery,Scooter,1.0,76,Full-Time,57.4,29,6507.64,5.0,1,1.0,1,96.6,30.6,29.7,28.61428571428572,19.0,142.57142857142858,0,0,0,1,1,0.3243,1.161,53.81
ORD_50684,W_e4d6b1a96865b125,ZONE_BOM_01,2026-08-17,40,8,6507.64,3021.94,3485.7,164.3,0.531,Mumbai,Metro,Food_Delivery,Scooter,1.0,76,Full-Time,57.4,29,6507.64,5.0,1,1.0,1,61.0,16.7,29.7,29.228571428571428,20.6,146.28571428571428,1,0,1,0,1,0.3303,1.102,51.31
ORD_50685,W_e4d6b1a96865b125,ZONE_BOM_01,2026-08-24,84,4,6507.64,6349.57,158.07,402.7,0.0,Mumbai,Metro,Food_Delivery,Scooter,1.0,76,Full-Time,57.4,29,6507.64,5.0,1,1.0,1,36.4,7.6,29.6,29.25714285714286,21.1,134.0,1,0,1,1,1,0.2657,1.061,47.0
ORD_50686,W_e4d6b1a96865b125,ZONE_BOM_01,2026-08-31,89,4,6507.64,6742.43,0.0,400.0,0.005,Mumbai,Metro,Food_Delivery,Scooter,1.0,76,Full-Time,57.4,29,6507.64,5.0,1,1.0,1,61.0,16.1,29.6,29.042857142857144,18.4,158.28571428571428,0,0,0,1,1,0.256,1.102,48.44
ORD_50687,W_e4d6b1a96865b125,ZONE_BOM_01,2026-09-07,85,4,6507.64,6425.28,82.36,385.5,0.0,Mumbai,Metro,Food_Delivery,Scooter,1.0,76,Full-Time,57.4,29,6507.64,5.0,1,1.0,1,52.9,25.5,30.0,29.071428571428573,15.3,169.57142857142858,0,0,0,0,1,0.2462,1.088,47.46
ORD_50688,W_e4d6b1a96865b125,ZONE_BOM_01,2026-09-14,89,4,6507.64,6726.7,0.0,467.9,0.0,Mumbai,Metro,Food_Delivery,Scooter,1.0,76,Full-Time,57.4,29,6507.64,5.0,1,1.0,1,23.3,10.3,30.0,29.625,20.1,162.0,0,0,0,0,1,0.1739,1.039,42.69
ORD_50689,W_0be024ebb1180e4f,ZONE_MAA_01,2026-06-22,64,3,4778.57,4833.13,0.0,281.7,0.0,Chennai,Metro,Food_Delivery,Scooter,1.0,116,Full-Time,48.3,30,4778.57,4.65,1,1.0,1,33.7,24.5,37.6,36.225,17.3,159.25,0,0,0,1,1,0.1953,1.056,44.18
ORD_50690,W_0be024ebb1180e4f,ZONE_MAA_01,2026-06-29,65,3,4778.57,4930.48,0.0,234.2,0.0,Chennai,Metro,Food_Delivery,Scooter,1.0,116,Full-Time,48.3,30,4778.57,4.65,1,1.0,1,11.8,5.8,38.4,35.55714285714286,23.0,123.0,0,0,0,0,1,0.1188,1.02,39.94
ORD_50691,W_0be024ebb1180e4f,ZONE_MAA_01,2026-07-06,56,5,4778.57,4212.39,566.18,273.5,0.15,Chennai,Metro,Food_Delivery,Scooter,1.0,116,Full-Time,48.3,30,4778.57,4.65,1,1.0,1,9.3,5.2,39.2,37.55714285714286,26.3,163.28571428571428,1,0,1,0,1,0.2267,1.016,43.62
ORD_50692,W_0be024ebb1180e4f,ZONE_MAA_01,2026-07-13,63,3,4778.57,4729.95,48.62,305.1,0.0,Chennai,Metro,Food_Delivery,Scooter,1.0,116,Full-Time,48.3,30,4778.57,4.65,1,1.0,1,11.3,4.9,38.7,36.51428571428571,19.1,141.57142857142858,0,0,0,0,1,0.1316,1.019,40.36
ORD_50693,W_0be024ebb1180e4f,ZONE_MAA_01,2026-07-20,57,4,4778.57,4275.54,503.03,201.5,0.12,Chennai,Metro,Food_Delivery,Scooter,1.0,116,Full-Time,48.3,30,4778.57,4.65,1,1.0,1,35.6,10.7,36.4,34.714285714285715,17.5,131.57142857142858,0,0,0,0,1,0.1788,1.059,43.69
ORD_50694,W_0be024ebb1180e4f,ZONE_MAA_01,2026-07-27,66,3,4778.57,4956.12,0.0,310.6,0.0,Chennai,Metro,Food_Delivery,Scooter,1.0,116,Full-Time,48.3,30,4778.57,4.65,1,1.0,1,26.0,8.2,37.6,36.48571428571429,23.1,145.14285714285714,0,0,0,0,1,0.1674,1.043,42.62
ORD_50695,W_0be024ebb1180e4f,ZONE_MAA_01,2026-08-03,62,3,4778.57,4703.53,75.04,240.1,0.0,Chennai,Metro,Food_Delivery,Scooter,1.0,116,Full-Time,48.3,30,4778.57,4.65,1,1.0,1,38.5,6.7,34.8,33.94285714285714,19.7,150.71428571428572,0,0,0,0,1,0.1997,1.064,44.68
ORD_50696,W_0be024ebb1180e4f,ZONE_MAA_01,2026-08-10,63,3,4778.57,4749.64,28.93,304.9,0.0,Chennai,Metro,Food_Delivery,Scooter,1.0,116,Full-Time,48.3,30,4778.57,4.65,1,1.0,1,15.6,9.3,35.5,35.08571428571428,18.4,153.57142857142858,1,0,1,1,1,0.2336,1.026,44.3
ORD_50697,W_0be024ebb1180e4f,ZONE_MAA_01,2026-08-17,63,3,4778.57,4732.53,46.04,335.9,0.0,Chennai,Metro,Food_Delivery,Scooter,1.0,116,Full-Time,48.3,30,4778.57,4.65,1,1.0,1,29.4,12.9,36.3,35.75714285714285,20.7,143.71428571428572,0,0,0,0,1,0.1739,1.049,43.1
ORD_50698,W_0be024ebb1180e4f,ZONE_MAA_01,2026-08-24,63,3,4778.57,4740.77,37.8,384.0,0.0,Chennai,Metro,Food_Delivery,Scooter,1.0,116,Full-Time,48.3,30,4778.57,4.65,1,1.0,1,15.1,7.6,36.6,34.77142857142857,18.4,144.14285714285714,1,0,1,1,1,0.2254,1.025,43.96
ORD_50699,W_0be024ebb1180e4f,ZONE_MAA_01,2026-08-31,64,3,4778.57,4826.01,0.0,363.5,0.0,Chennai,Metro,Food_Delivery,Scooter,1.0,116,Full-Time,48.3,30,4778.57,4.65,1,1.0,1,13.1,3.6,35.6,34.41428571428571,16.9,156.85714285714286,1,0,1,1,1,0.2305,1.022,44.01
ORD_50700,W_0be024ebb1180e4f,ZONE_MAA_01,2026-09-07,61,3,4778.57,4591.9,186.67,278.9,0.0,Chennai,Metro,Food_Delivery,Scooter,1.0,116,Full-Time,48.3,30,4778.57,4.65,1,1.0,1,23.3,11.4,35.6,34.214285714285715,14.8,136.57142857142858,0,0,0,0,1,0.1549,1.039,42.0
ORD_50701,W_0be024ebb1180e4f,ZONE_MAA_01,2026-09-14,53,5,4778.57,3995.52,783.05,267.0,0.15,Chennai,Metro,Food_Delivery,Scooter,1.0,116,Full-Time,48.3,30,4778.57,4.65,1,1.0,1,27.4,22.7,36.0,33.525,13.4,152.75,0,1,1,0,1,0.2595,1.046,46.11
ORD_50702,W_7409fa98753c15e8,ZONE_BLR_01,2026-06-22,58,2,4264.09,4418.07,0.0,215.3,0.0,Bangalore,Metro,Food_Delivery,Bike,1.2,136,Full-Time,42.0,26,4264.09,4.79,1,1.05,1,16.3,5.3,30.1,29.475,20.2,135.25,0,0,0,1,1,0.1381,1.027,42.95
ORD_50703,W_7409fa98753c15e8,ZONE_BLR_01,2026-06-29,46,4,4264.09,3469.56,794.53,266.6,0.15,Bangalore,Metro,Food_Delivery,Bike,1.2,136,Full-Time,42.0,26,4264.09,4.79,1,1.05,1,20.1,8.4,29.2,27.985714285714288,29.9,153.85714285714286,1,0,1,0,1,0.244,1.034,47.27
ORD_50704,W_7409fa98753c15e8,ZONE_BLR_01,2026-07-06,55,2,4264.09,4141.65,122.44,291.8,0.0,Bangalore,Metro,Food_Delivery,Bike,1.2,136,Full-Time,42.0,26,4264.09,4.79,1,1.05,1,8.399999999999999,3.3,31.8,29.77142857142857,29.7,172.71428571428572,0,0,0,0,1,0.1484,1.014,42.79
ORD_50705,W_7409fa98753c15e8,ZONE_BLR_01,2026-07-13,57,2,4264.09,4282.37,0.0,327.7,0.0,Bangalore,Metro,Food_Delivery,Bike,1.2,136,Full-Time,42.0,26,4264.09,4.79,1,1.05,1,16.8,9.8,32.1,29.785714285714285,20.5,124.57142857142856,0,0,0,0,1,0.1312,1.028,42.74
ORD_50706,W_7409fa98753c15e8,ZONE_BLR_01,2026-07-20,46,4,4264.09,3488.59,775.5,177.1,0.15,Bangalore,Metro,Food_Delivery,Bike,1.2,136,Full-Time,42.0,26,4264.09,4.79,1,1.05,1,33.4,8.9,29.5,28.414285714285715,21.1,162.85714285714286,1,0,1,0,1,0.2806,1.056,49.7
ORD_50707,W_7409fa98753c15e8,ZONE_BLR_01,2026-07-27,57,2,4264.09,4288.32,0.0,345.1,0.0,Bangalore,Metro,Food_Delivery,Bike,1.2,136,Full-Time,42.0,26,4264.09,4.79,1,1.05,1,28.8,17.0,29.7,28.685714285714287,25.0,169.42857142857142,0,0,0,0,1,0.1919,1.048,45.9
ORD_50708,W_7409fa98753c15e8,ZONE_BLR_01,2026-08-03,41,5,4264.09,3123.03,1141.06,210.7,0.255,Bangalore,Metro,Food_Delivery,Bike,1.2,136,Full-Time,42.0,26,4264.09,4.79,1,1.05,1,76.3,18.5,28.3,27.285714285714285,21.1,143.0,0,0,0,0,1,0.2789,1.127,52.97
ORD_50709,W_7409fa98753c15e8,ZONE_BLR_01,2026-08-10,59,2,4264.09,4447.64,0.0,339.8,0.0,Bangalore,Metro,Food_Delivery,Bike,1.2,136,Full-Time,42.0,26,4264.09,4.79,1,1.05,1,19.9,5.6,30.7,29.17142857142857,21.8,129.0,0,0,0,1,1,0.1415,1.033,43.33
ORD_50710,W_7409fa98753c15e8,ZONE_BLR_01,2026-08-17,50,4,4264.09,3804.06,460.03,178.0,0.15,Bangalore,Metro,Food_Delivery,Bike,1.2,136,Full-Time,42.0,26,4264.09,4.79,1,1.05,1,31.4,9.8,29.9,28.4,22.2,146.57142857142858,1,0,1,0,1,0.2639,1.052,48.86
ORD_50711,W_7409fa98753c15e8,ZONE_BLR_01,2026-08-24,54,2,4264.09,4099.01,165.08,277.9,0.0,Bangalore,Metro,Food_Delivery,Bike,1.2,136,Full-Time,42.0,26,4264.09,4.79,1,1.05,1,35.7,18.2,28.8,28.014285714285712,22.3,167.14285714285714,0,0,0,1,1,0.2057,1.06,46.97
ORD_50712,W_7409fa98753c15e8,ZONE_BLR_01,2026-08-31,58,2,4264.09,4400.79,0.0,247.7,0.0,Bangalore,Metro,Food_Delivery,Bike,1.2,136,Full-Time,42.0,26,4264.09,4.79,1,1.05,1,13.2,3.6,30.8,29.542857142857144,19.3,142.71428571428572,1,0,1,1,1,0.2201,1.022,45.83
ORD_50713,W_7409fa98753c15e8,ZONE_BLR_01,2026-09-07,55,2,4264.09,4152.89,111.2,309.4,0.0,Bangalore,Metro,Food_Delivery,Bike,1.2,136,Full-Time,42.0,26,4264.09,4.79,1,1.05,1,8.5,5.1,31.0,30.62857142857143,14.9,128.28571428571428,0,0,0,0,1,0.1153,1.014,41.56
ORD_50714,W_7409fa98753c15e8,ZONE_BLR_01,2026-09-14,54,2,4264.09,4074.93,189.16,242.9,0.0,Bangalore,Metro,Food_Delivery,Bike,1.2,136,Full-Time,42.0,26,4264.09,4.79,1,1.05,1,33.1,9.6,30.8,30.425,13.6,137.5,0,0,0,0,1,0.1776,1.055,45.66
ORD_50715,W_e9981c8467200278,ZONE_HYD_01,2026-06-22,28,1,2160.53,2161.79,0.0,140.4,0.0,Hyderabad,Metro,Q_Commerce,Bike,1.2,177,Part-Time,20.6,14,2160.53,4.87,1,1.05,0,21.8,14.6,32.6,30.65,17.3,156.25,1,0,1,1,1,0.2496,1.036,47.58
ORD_50716,W_e9981c8467200278,ZONE_HYD_01,2026-06-29,29,1,2160.53,2209.92,0.0,129.3,0.0,Hyderabad,Metro,Q_Commerce,Bike,1.2,177,Part-Time,20.6,14,2160.53,4.87,1,1.05,0,35.9,10.7,29.8,28.357142857142858,25.4,132.14285714285714,0,0,0,0,1,0.1799,1.06,45.96
ORD_50717,W_e9981c8467200278,ZONE_HYD_01,2026-07-06,29,1,2160.53,2184.88,0.0,147.3,0.0,Hyderabad,Metro,Q_Commerce,Bike,1.2,177,Part-Time,20.6,14,2160.53,4.87,1,1.05,0,6.2,2.2,33.3,32.27142857142857,25.7,165.28571428571428,0,0,0,0,1,0.1379,1.01,42.24
ORD_50718,W_e9981c8467200278,ZONE_HYD_01,2026-07-13,24,2,2160.53,1845.19,315.34,125.5,0.15,Hyderabad,Metro,Q_Commerce,Bike,1.2,177,Part-Time,20.6,14,2160.53,4.87,1,1.05,0,26.8,13.6,33.9,31.52857142857143,19.0,155.14285714285714,0,1,1,0,1,0.26,1.045,48.39
ORD_50719,W_e9981c8467200278,ZONE_HYD_01,2026-07-20,28,1,2160.53,2108.56,51.97,104.4,0.0,Hyderabad,Metro,Q_Commerce,Bike,1.2,177,Part-Time,20.6,14,2160.53,4.87,1,1.05,0,38.8,13.9,30.0,28.61428571428572,25.3,132.85714285714286,0,0,0,0,1,0.1869,1.065,46.45
ORD_50720,W_e9981c8467200278,ZONE_HYD_01,2026-07-27,22,2,2160.53,1677.73,482.8,106.7,0.201,Hyderabad,Metro,Q_Commerce,Bike,1.2,177,Part-Time,20.6,14,2160.53,4.87,1,1.05,0,70.5,24.9,30.6,28.585714285714285,24.3,137.0,0,0,0,0,1,0.2614,1.118,51.83
ORD_50721,W_e9981c8467200278,ZONE_HYD_01,2026-08-03,29,1,2160.53,2234.08,0.0,156.4,0.0,Hyderabad,Metro,Q_Commerce,Bike,1.2,177,Part-Time,20.6,14,2160.53,4.87,1,1.05,0,20.5,9.0,30.6,29.442857142857143,20.0,136.28571428571428,0,0,0,0,1,0.1483,1.034,43.63
ORD_50722,W_e9981c8467200278,ZONE_HYD_01,2026-08-10,29,1,2160.53,2222.98,0.0,129.0,0.0,Hyderabad,Metro,Q_Commerce,Bike,1.2,177,Part-Time,20.6,14,2160.53,4.87,1,1.05,0,12.6,3.6,30.8,29.82857142857143,19.8,137.42857142857142,0,0,0,1,1,0.1314,1.021,42.45
ORD_50723,W_e9981c8467200278,ZONE_HYD_01,2026-08-17,22,2,2160.53,1690.54,469.99,100.4,0.21,Hyderabad,Metro,Q_Commerce,Bike,1.2,177,Part-Time,20.6,14,2160.53,4.87,1,1.05,0,18.2,11.0,31.5,30.228571428571428,19.4,148.85714285714286,0,1,1,0,1,0.2359,1.03,46.78
ORD_50724,W_e9981c8467200278,ZONE_HYD_01,2026-08-24,27,1,2160.53,2093.96,66.57,99.0,0.0,Hyderabad,Metro,Q_Commerce,Bike,1.2,177,Part-Time,20.6,14,2160.53,4.87,1,1.05,0,10.4,3.2,30.4,29.17142857142857,21.5,140.14285714285714,0,0,0,1,1,0.1285,1.017,42.18
ORD_50725,W_e9981c8467200278,ZONE_HYD_01,2026-08-31,29,1,2160.53,2180.17,0.0,179.0,0.0,Hyderabad,Metro,Q_Commerce,Bike,1.2,177,Part-Time,20.6,14,2160.53,4.87,1,1.05,0,8.8,5.3,32.0,30.228571428571428,19.7,159.14285714285714,0,0,0,1,1,0.1392,1.015,42.49
ORD_50726,W_e9981c8467200278,ZONE_HYD_01,2026-09-07,23,2,2160.53,1775.27,385.26,83.4,0.15,Hyderabad,Metro,Q_Commerce,Bike,1.2,177,Part-Time,20.6,14,2160.53,4.87,1,1.05,0,26.3,11.7,32.2,31.057142857142857,15.3,156.57142857142858,1,0,1,0,1,0.2599,1.044,48.34
ORD_50727,W_e9981c8467200278,ZONE_HYD_01,2026-09-14,29,1,2160.53,2220.92,0.0,121.3,0.0,Hyderabad,Metro,Q_Commerce,Bike,1.2,177,Part-Time,20.6,14,2160.53,4.87,1,1.05,0,12.7,5.5,33.4,31.525,10.7,147.5,0,0,0,0,1,0.1392,1.021,42.74
ORD_50728,W_fa55d937b339bd13,ZONE_DEL_01,2026-06-22,59,2,4330.44,4473.19,0.0,318.6,0.0,Delhi_NCR,Metro,Q_Commerce,Bike,1.2,127,Full-Time,46.0,25,4330.44,4.61,1,1.05,1,4.0,1.2,41.9,40.425,14.3,188.25,0,0,0,1,1,0.1502,1.007,42.57
ORD_50729,W_fa55d937b339bd13,ZONE_DEL_01,2026-06-29,50,4,4330.44,3822.3,508.14,230.2,0.155,Delhi_NCR,Metro,Q_Commerce,Bike,1.2,127,Full-Time,46.0,25,4330.44,4.61,1,1.05,1,20.0,6.8,41.7,35.84285714285714,14.4,157.71428571428572,0,0,0,0,1,0.1633,1.033,44.16
ORD_50730,W_fa55d937b339bd13,ZONE_DEL_01,2026-07-06,8,2,4330.44,647.28,3683.16,41.6,0.85,Delhi_NCR,Metro,Q_Commerce,Bike,1.2,127,Full-Time,46.0,25,4330.44,4.61,1,1.05,1,122.9,99.8,36.7,32.9,18.9,156.0,1,0,2,0,1,0.5602,1.205,69.09
ORD_50731,W_fa55d937b339bd13,ZONE_DEL_01,2026-07-13,57,2,4330.44,4308.61,21.83,228.5,0.0,Delhi_NCR,Metro,Q_Commerce,Bike,1.2,127,Full-Time,46.0,25,4330.44,4.61,1,1.05,1,9.8,3.7,37.4,36.55714285714286,19.6,129.42857142857142,0,0,0,0,1,0.1191,1.016,41.78
ORD_50732,W_fa55d937b339bd13,ZONE_DEL_01,2026-07-20,42,5,4330.44,3164.08,1166.36,238.9,0.271,Delhi_NCR,Metro,Q_Commerce,Bike,1.2,127,Full-Time,46.0,25,4330.44,4.61,1,1.05,1,74.3,31.9,33.7,31.8,16.5,132.71428571428572,0,0,0,0,1,0.2667,1.124,52.32
ORD_50733,W_fa55d937b339bd13,ZONE_DEL_01,2026-07-27,59,2,4330.44,4432.43,0.0,312.2,0.0,Delhi_NCR,Metro,Q_Commerce,Bike,1.2,127,Full-Time,46.0,25,4330.44,4.61,1,1.05,1,51.900000000000006,19.5,35.3,32.94285714285714,14.4,172.57142857142858,0,0,0,0,1,0.2462,1.086,49.74
ORD_50734,W_fa55d937b339bd13,ZONE_DEL_01,2026-08-03,23,5,4330.44,1782.73,2547.71,111.6,0.597,Delhi_NCR,Metro,Q_Commerce,Bike,1.2,127,Full-Time,46.0,25,4330.44,4.61,1,1.05,1,132.8,58.3,33.8,31.17142857142857,15.8,126.57142857142856,0,0,1,0,1,0.4771,1.221,66.28
ORD_50735,W_fa55d937b339bd13,ZONE_DEL_01,2026-08-10,60,3,4330.44,4501.1,0.0,359.0,0.0,Delhi_NCR,Metro,Q_Commerce,Bike,1.2,127,Full-Time,46.0,25,4330.44,4.61,1,1.05,1,45.8,12.5,34.4,32.614285714285714,11.1,170.42857142857142,0,0,0,1,1,0.2309,1.076,48.67
ORD_50736,W_fa55d937b339bd13,ZONE_DEL_01,2026-08-17,46,4,4330.44,3517.13,813.31,262.9,0.15,Delhi_NCR,Metro,Q_Commerce,Bike,1.2,127,Full-Time,46.0,25,4330.44,4.61,1,1.05,1,34.3,8.2,33.6,33.15714285714286,11.7,140.0,1,0,1,0,1,0.2655,1.057,49.16
ORD_50737,W_fa55d937b339bd13,ZONE_DEL_01,2026-08-24,55,2,4330.44,4130.24,200.2,247.0,0.0,Delhi_NCR,Metro,Q_Commerce,Bike,1.2,127,Full-Time,46.0,25,4330.44,4.61,1,1.05,1,24.5,13.5,34.9,33.44285714285714,13.9,168.0,0,0,0,1,1,0.1811,1.041,45.19
ORD_50738,W_fa55d937b339bd13,ZONE_DEL_01,2026-08-31,51,3,4330.44,3853.78,476.66,281.3,0.078,Delhi_NCR,Metro,Q_Commerce,Bike,1.2,127,Full-Time,46.0,25,4330.44,4.61,1,1.05,1,76.6,23.5,34.4,31.24285714285714,13.1,145.57142857142858,0,0,0,1,1,0.2815,1.128,53.12
ORD_50739,W_fa55d937b339bd13,ZONE_DEL_01,2026-09-07,54,2,4330.44,4117.54,212.9,213.6,0.0,Delhi_NCR,Metro,Q_Commerce,Bike,1.2,127,Full-Time,46.0,25,4330.44,4.61,1,1.05,1,19.1,8.7,34.4,32.471428571428575,14.1,142.0,0,0,0,0,1,0.1495,1.032,43.6
ORD_50740,W_fa55d937b339bd13,ZONE_DEL_01,2026-09-14,58,2,4330.44,4365.43,0.0,314.9,0.0,Delhi_NCR,Metro,Q_Commerce,Bike,1.2,127,Full-Time,46.0,25,4330.44,4.61,1,1.05,1,7.6,3.7,35.0,33.05,14.4,149.0,0,0,0,0,1,0.1288,1.013,42.02
ORD_50741,W_e02e72a23df33b08,ZONE_BLR_01,2026-06-22,79,3,5727.59,5966.23,0.0,427.0,0.0,Bangalore,Metro,Q_Commerce,Bike,1.2,36,Full-Time,54.4,25,5727.59,4.58,1,1.05,1,16.3,5.3,30.1,29.475,20.2,135.25,0,0,0,1,1,0.1381,1.027,42.95
ORD_50742,W_e02e72a23df33b08,ZONE_BLR_01,2026-06-29,66,6,5727.59,4952.08,775.51,301.3,0.15,Bangalore,Metro,Q_Commerce,Bike,1.2,36,Full-Time,54.4,25,5727.59,4.58,1,1.05,1,20.1,8.4,29.2,27.985714285714288,29.9,153.85714285714286,1,0,1,0,1,0.244,1.034,47.27
ORD_50743,W_e02e72a23df33b08,ZONE_BLR_01,2026-07-06,72,3,5727.59,5441.95,285.64,275.4,0.0,Bangalore,Metro,Q_Commerce,Bike,1.2,36,Full-Time,54.4,25,5727.59,4.58,1,1.05,1,8.399999999999999,3.3,31.8,29.77142857142857,29.7,172.71428571428572,0,0,0,0,1,0.1484,1.014,42.79
ORD_50744,W_e02e72a23df33b08,ZONE_BLR_01,2026-07-13,76,3,5727.59,5747.38,0.0,404.5,0.0,Bangalore,Metro,Q_Commerce,Bike,1.2,36,Full-Time,54.4,25,5727.59,4.58,1,1.05,1,16.8,9.8,32.1,29.785714285714285,20.5,124.57142857142856,0,0,0,0,1,0.1312,1.028,42.74
ORD_50745,W_e02e72a23df33b08,ZONE_BLR_01,2026-07-20,64,6,5727.59,4828.26,899.33,350.3,0.15,Bangalore,Metro,Q_Commerce,Bike,1.2,36,Full-Time,54.4,25,5727.59,4.58,1,1.05,1,33.4,8.9,29.5,28.414285714285715,21.1,162.85714285714286,1,0,1,0,1,0.2806,1.056,49.7
ORD_50746,W_e02e72a23df33b08,ZONE_BLR_01,2026-07-27,76,3,5727.59,5740.11,0.0,281.2,0.0,Bangalore,Metro,Q_Commerce,Bike,1.2,36,Full-Time,54.4,25,5727.59,4.58,1,1.05,1,28.8,17.0,29.7,28.685714285714287,25.0,169.42857142857142,0,0,0,0,1,0.1919,1.048,45.9
ORD_50747,W_e02e72a23df33b08,ZONE_BLR_01,2026-08-03,62,7,5727.59,4651.62,1075.97,338.4,0.215,Bangalore,Metro,Q_Commerce,Bike,1.2,36,Full-Time,54.4,25,5727.59,4.58,1,1.05,1,76.3,18.5,28.3,27.285714285714285,21.1,143.0,0,0,0,0,1,0.2789,1.127,52.97
ORD_50748,W_e02e72a23df33b08,ZONE_BLR_01,2026-08-10,79,3,5727.59,5953.69,0.0,301.6,0.0,Bangalore,Metro,Q_Commerce,Bike,1.2,36,Full-Time,54.4,25,5727.59,4.58,1,1.05,1,19.9,5.6,30.7,29.17142857142857,21.8,129.0,0,0,0,1,1,0.1415,1.033,43.33
ORD_50749,W_e02e72a23df33b08,ZONE_BLR_01,2026-08-17,68,6,5727.59,5107.11,620.48,276.4,0.15,Bangalore,Metro,Q_Commerce,Bike,1.2,36,Full-Time,54.4,25,5727.59,4.58,1,1.05,1,31.4,9.8,29.9,28.4,22.2,146.57142857142858,1,0,1,0,1,0.2639,1.052,48.86
ORD_50750,W_e02e72a23df33b08,ZONE_BLR_01,2026-08-24,72,3,5727.59,5447.96,279.63,445.9,0.0,Bangalore,Metro,Q_Commerce,Bike,1.2,36,Full-Time,54.4,25,5727.59,4.58,1,1.05,1,35.7,18.2,28.8,28.014285714285712,22.3,167.14285714285714,0,0,0,1,1,0.2057,1.06,46.97
ORD_50751,W_e02e72a23df33b08,ZONE_BLR_01,2026-08-31,74,3,5727.59,5602.2,125.39,392.5,0.0,Bangalore,Metro,Q_Commerce,Bike,1.2,36,Full-Time,54.4,25,5727.59,4.58,1,1.05,1,13.2,3.6,30.8,29.542857142857144,19.3,142.71428571428572,1,0,1,1,1,0.2201,1.022,45.83
ORD_50752,W_e02e72a23df33b08,ZONE_BLR_01,2026-09-07,73,3,5727.59,5542.41,185.18,369.9,0.0,Bangalore,Metro,Q_Commerce,Bike,1.2,36,Full-Time,54.4,25,5727.59,4.58,1,1.05,1,8.5,5.1,31.0,30.62857142857143,14.9,128.28571428571428,0,0,0,0,1,0.1153,1.014,41.56
ORD_50753,W_e02e72a23df33b08,ZONE_BLR_01,2026-09-14,79,3,5727.59,5959.0,0.0,344.8,0.0,Bangalore,Metro,Q_Commerce,Bike,1.2,36,Full-Time,54.4,25,5727.59,4.58,1,1.05,1,33.1,9.6,30.8,30.425,13.6,137.5,0,0,0,0,1,0.1776,1.055,45.66
ORD_50754,W_69390287654665b0,ZONE_DEL_01,2026-06-22,90,4,6687.28,6801.13,0.0,360.7,0.0,Delhi_NCR,Metro,Food_Delivery,Scooter,1.0,133,Full-Time,59.2,26,6687.28,4.82,1,1.0,1,4.0,1.2,41.9,40.425,14.3,188.25,0,0,0,1,1,0.1502,1.007,40.54
ORD_50755,W_69390287654665b0,ZONE_DEL_01,2026-06-29,76,7,6687.28,5721.27,966.01,335.0,0.155,Delhi_NCR,Metro,Food_Delivery,Scooter,1.0,133,Full-Time,59.2,26,6687.28,4.82,1,1.0,1,20.0,6.8,41.7,35.84285714285714,14.4,157.71428571428572,0,0,0,0,1,0.1633,1.033,42.06
ORD_50756,W_69390287654665b0,ZONE_DEL_01,2026-07-06,26,6,6687.28,2019.62,4667.66,103.6,0.692,Delhi_NCR,Metro,Food_Delivery,Scooter,1.0,133,Full-Time,59.2,26,6687.28,4.82,1,1.0,1,122.9,99.8,36.7,32.9,18.9,156.0,1,0,2,0,1,0.5602,1.205,65.8
ORD_50757,W_69390287654665b0,ZONE_DEL_01,2026-07-13,92,4,6687.28,6956.05,0.0,420.7,0.0,Delhi_NCR,Metro,Food_Delivery,Scooter,1.0,133,Full-Time,59.2,26,6687.28,4.82,1,1.0,1,9.8,3.7,37.4,36.55714285714286,19.6,129.42857142857142,0,0,0,0,1,0.1191,1.016,39.8
ORD_50758,W_69390287654665b0,ZONE_DEL_01,2026-07-20,72,7,6687.28,5410.09,1277.19,314.3,0.187,Delhi_NCR,Metro,Food_Delivery,Scooter,1.0,133,Full-Time,59.2,26,6687.28,4.82,1,1.0,1,74.3,31.9,33.7,31.8,16.5,132.71428571428572,0,0,0,0,1,0.2667,1.124,49.83
ORD_50759,W_69390287654665b0,ZONE_DEL_01,2026-07-27,91,4,6687.28,6850.73,0.0,557.1,0.0,Delhi_NCR,Metro,Food_Delivery,Scooter,1.0,133,Full-Time,59.2,26,6687.28,4.82,1,1.0,1,51.900000000000006,19.5,35.3,32.94285714285714,14.4,172.57142857142858,0,0,0,0,1,0.2462,1.086,47.37
ORD_50760,W_69390287654665b0,ZONE_DEL_01,2026-08-03,38,8,6687.28,2857.35,3829.93,191.1,0.588,Delhi_NCR,Metro,Food_Delivery,Scooter,1.0,133,Full-Time,59.2,26,6687.28,4.82,1,1.0,1,132.8,58.3,33.8,31.17142857142857,15.8,126.57142857142856,0,0,1,0,1,0.4771,1.221,63.12
ORD_50761,W_69390287654665b0,ZONE_DEL_01,2026-08-10,86,4,6687.28,6458.06,229.22,461.4,0.0,Delhi_NCR,Metro,Food_Delivery,Scooter,1.0,133,Full-Time,59.2,26,6687.28,4.82,1,1.0,1,45.8,12.5,34.4,32.614285714285714,11.1,170.42857142857142,0,0,0,1,1,0.2309,1.076,46.36
ORD_50762,W_69390287654665b0,ZONE_DEL_01,2026-08-17,75,7,6687.28,5691.82,995.46,394.2,0.15,Delhi_NCR,Metro,Food_Delivery,Scooter,1.0,133,Full-Time,59.2,26,6687.28,4.82,1,1.0,1,34.3,8.2,33.6,33.15714285714286,11.7,140.0,1,0,1,0,1,0.2655,1.057,46.82
ORD_50763,W_69390287654665b0,ZONE_DEL_01,2026-08-24,92,4,6687.28,6947.87,0.0,431.4,0.0,Delhi_NCR,Metro,Food_Delivery,Scooter,1.0,133,Full-Time,59.2,26,6687.28,4.82,1,1.0,1,24.5,13.5,34.9,33.44285714285714,13.9,168.0,0,0,0,1,1,0.1811,1.041,43.03
ORD_50764,W_69390287654665b0,ZONE_DEL_01,2026-08-31,83,6,6687.28,6271.03,416.25,400.0,0.085,Delhi_NCR,Metro,Food_Delivery,Scooter,1.0,133,Full-Time,59.2,26,6687.28,4.82,1,1.0,1,76.6,23.5,34.4,31.24285714285714,13.1,145.57142857142858,0,0,0,1,1,0.2815,1.128,50.59
ORD_50765,W_69390287654665b0,ZONE_DEL_01,2026-09-07,90,4,6687.28,6756.31,0.0,394.1,0.0,Delhi_NCR,Metro,Food_Delivery,Scooter,1.0,133,Full-Time,59.2,26,6687.28,4.82,1,1.0,1,19.1,8.7,34.4,32.471428571428575,14.1,142.0,0,0,0,0,1,0.1495,1.032,41.52
ORD_50766,W_69390287654665b0,ZONE_DEL_01,2026-09-14,93,4,6687.28,7010.68,0.0,493.1,0.0,Delhi_NCR,Metro,Food_Delivery,Scooter,1.0,133,Full-Time,59.2,26,6687.28,4.82,1,1.0,1,7.6,3.7,35.0,33.05,14.4,149.0,0,0,0,0,1,0.1288,1.013,40.02
ORD_50767,W_3eedf2345c580b41,ZONE_MAA_01,2026-06-22,76,3,6038.33,5762.89,275.44,333.0,0.0,Chennai,Metro,Food_Delivery,Bike,1.2,139,Full-Time,58.6,26,6038.33,4.88,1,1.05,1,33.7,24.5,37.6,36.225,17.3,159.25,0,0,0,1,1,0.1953,1.056,46.39
ORD_50768,W_3eedf2345c580b41,ZONE_MAA_01,2026-06-29,81,4,6038.33,6112.79,0.0,295.8,0.0,Chennai,Metro,Food_Delivery,Bike,1.2,139,Full-Time,58.6,26,6038.33,4.88,1,1.05,1,11.8,5.8,38.4,35.55714285714286,23.0,123.0,0,0,0,0,1,0.1188,1.02,41.94
ORD_50769,W_3eedf2345c580b41,ZONE_MAA_01,2026-07-06,65,6,6038.33,4888.21,1150.12,306.5,0.15,Chennai,Metro,Food_Delivery,Bike,1.2,139,Full-Time,58.6,26,6038.33,4.88,1,1.05,1,9.3,5.2,39.2,37.55714285714286,26.3,163.28571428571428,1,0,1,0,1,0.2267,1.016,45.8
ORD_50770,W_3eedf2345c580b41,ZONE_MAA_01,2026-07-13,79,3,6038.33,5937.3,101.03,370.0,0.0,Chennai,Metro,Food_Delivery,Bike,1.2,139,Full-Time,58.6,26,6038.33,4.88,1,1.05,1,11.3,4.9,38.7,36.51428571428571,19.1,141.57142857142858,0,0,0,0,1,0.1316,1.019,42.38
ORD_50771,W_3eedf2345c580b41,ZONE_MAA_01,2026-07-20,69,5,6038.33,5187.63,850.7,272.2,0.12,Chennai,Metro,Food_Delivery,Bike,1.2,139,Full-Time,58.6,26,6038.33,4.88,1,1.05,1,35.6,10.7,36.4,34.714285714285715,17.5,131.57142857142858,0,0,0,0,1,0.1788,1.059,45.88
ORD_50772,W_3eedf2345c580b41,ZONE_MAA_01,2026-07-27,82,4,6038.33,6152.54,0.0,400.9,0.0,Chennai,Metro,Food_Delivery,Bike,1.2,139,Full-Time,58.6,26,6038.33,4.88,1,1.05,1,26.0,8.2,37.6,36.48571428571429,23.1,145.14285714285714,0,0,0,0,1,0.1674,1.043,44.75
ORD_50773,W_3eedf2345c580b41,ZONE_MAA_01,2026-08-03,78,3,6038.33,5857.27,181.06,340.3,0.0,Chennai,Metro,Food_Delivery,Bike,1.2,139,Full-Time,58.6,26,6038.33,4.88,1,1.05,1,38.5,6.7,34.8,33.94285714285714,19.7,150.71428571428572,0,0,0,0,1,0.1997,1.064,46.91
ORD_50774,W_3eedf2345c580b41,ZONE_MAA_01,2026-08-10,81,4,6038.33,6093.77,0.0,299.3,0.0,Chennai,Metro,Food_Delivery,Bike,1.2,139,Full-Time,58.6,26,6038.33,4.88,1,1.05,1,15.6,9.3,35.5,35.08571428571428,18.4,153.57142857142858,1,0,1,1,1,0.2336,1.026,46.51
ORD_50775,W_3eedf2345c580b41,ZONE_MAA_01,2026-08-17,77,3,6038.33,5825.45,212.88,284.7,0.0,Chennai,Metro,Food_Delivery,Bike,1.2,139,Full-Time,58.6,26,6038.33,4.88,1,1.05,1,29.4,12.9,36.3,35.75714285714285,20.7,143.71428571428572,0,0,0,0,1,0.1739,1.049,45.25
ORD_50776,W_3eedf2345c580b41,ZONE_MAA_01,2026-08-24,83,4,6038.33,6226.92,0.0,459.1,0.0,Chennai,Metro,Food_Delivery,Bike,1.2,139,Full-Time,58.6,26,6038.33,4.88,1,1.05,1,15.1,7.6,36.6,34.77142857142857,18.4,144.14285714285714,1,0,1,1,1,0.2254,1.025,46.16
ORD_50777,W_3eedf2345c580b41,ZONE_MAA_01,2026-08-31,82,4,6038.33,6191.29,0.0,445.6,0.0,Chennai,Metro,Food_Delivery,Bike,1.2,139,Full-Time,58.6,26,6038.33,4.88,1,1.05,1,13.1,3.6,35.6,34.41428571428571,16.9,156.85714285714286,1,0,1,1,1,0.2305,1.022,46.22
ORD_50778,W_3eedf2345c580b41,ZONE_MAA_01,2026-09-07,81,4,6038.33,6140.61,0.0,387.8,0.0,Chennai,Metro,Food_Delivery,Bike,1.2,139,Full-Time,58.6,26,6038.33,4.88,1,1.05,1,23.3,11.4,35.6,34.214285714285715,14.8,136.57142857142858,0,0,0,0,1,0.1549,1.039,44.1
ORD_50779,W_3eedf2345c580b41,ZONE_MAA_01,2026-09-14,69,6,6038.33,5205.61,832.72,248.6,0.15,Chennai,Metro,Food_Delivery,Bike,1.2,139,Full-Time,58.6,26,6038.33,4.88,1,1.05,1,27.4,22.7,36.0,33.525,13.4,152.75,0,1,1,0,1,0.2595,1.046,48.42
ORD_50780,W_427b5c492ddd6098,ZONE_DEL_01,2026-06-22,74,3,5490.5,5557.19,0.0,414.4,0.0,Delhi_NCR,Metro,Food_Delivery,Scooter,1.0,358,Full-Time,54.3,26,5490.5,4.25,1,1.0,1,4.0,1.2,41.9,40.425,14.3,188.25,0,0,0,1,1,0.1502,1.007,40.54
ORD_50781,W_427b5c492ddd6098,ZONE_DEL_01,2026-06-29,61,5,5490.5,4639.64,850.86,272.4,0.155,Delhi_NCR,Metro,Food_Delivery,Scooter,1.0,358,Full-Time,54.3,26,5490.5,4.25,1,1.0,1,20.0,6.8,41.7,35.84285714285714,14.4,157.71428571428572,0,0,0,0,1,0.1633,1.033,42.06
ORD_50782,W_427b5c492ddd6098,ZONE_DEL_01,2026-07-06,21,5,5490.5,1640.12,3850.38,112.8,0.705,Delhi_NCR,Metro,Food_Delivery,Scooter,1.0,358,Full-Time,54.3,26,5490.5,4.25,1,1.0,1,122.9,99.8,36.7,32.9,18.9,156.0,1,0,2,0,1,0.5602,1.205,65.8
ORD_50783,W_427b5c492ddd6098,ZONE_DEL_01,2026-07-13,75,3,5490.5,5694.18,0.0,331.8,0.0,Delhi_NCR,Metro,Food_Delivery,Scooter,1.0,358,Full-Time,54.3,26,5490.5,4.25,1,1.0,1,9.8,3.7,37.4,36.55714285714286,19.6,129.42857142857142,0,0,0,0,1,0.1191,1.016,39.8
ORD_50784,W_427b5c492ddd6098,ZONE_DEL_01,2026-07-20,54,7,5490.5,4057.7,1432.8,317.7,0.265,Delhi_NCR,Metro,Food_Delivery,Scooter,1.0,358,Full-Time,54.3,26,5490.5,4.25,1,1.0,1,74.3,31.9,33.7,31.8,16.5,132.71428571428572,0,0,0,0,1,0.2667,1.124,49.83
ORD_50785,W_427b5c492ddd6098,ZONE_DEL_01,2026-07-27,73,3,5490.5,5505.77,0.0,357.5,0.0,Delhi_NCR,Metro,Food_Delivery,Scooter,1.0,358,Full-Time,54.3,26,5490.5,4.25,1,1.0,1,51.900000000000006,19.5,35.3,32.94285714285714,14.4,172.57142857142858,0,0,0,0,1,0.2462,1.086,47.37
ORD_50786,W_427b5c492ddd6098,ZONE_DEL_01,2026-08-03,28,6,5490.5,2163.31,3327.19,170.9,0.616,Delhi_NCR,Metro,Food_Delivery,Scooter,1.0,358,Full-Time,54.3,26,5490.5,4.25,1,1.0,1,132.8,58.3,33.8,31.17142857142857,15.8,126.57142857142856,0,0,1,0,1,0.4771,1.221,63.12
ORD_50787,W_427b5c492ddd6098,ZONE_DEL_01,2026-08-10,70,3,5490.5,5256.36,234.14,255.1,0.0,Delhi_NCR,Metro,Food_Delivery,Scooter,1.0,358,Full-Time,54.3,26,5490.5,4.25,1,1.0,1,45.8,12.5,34.4,32.614285714285714,11.1,170.42857142857142,0,0,0,1,1,0.2309,1.076,46.36
ORD_50788,W_427b5c492ddd6098,ZONE_DEL_01,2026-08-17,64,6,5490.5,4871.13,619.37,315.6,0.15,Delhi_NCR,Metro,Food_Delivery,Scooter,1.0,358,Full-Time,54.3,26,5490.5,4.25,1,1.0,1,34.3,8.2,33.6,33.15714285714286,11.7,140.0,1,0,1,0,1,0.2655,1.057,46.82
ORD_50789,W_427b5c492ddd6098,ZONE_DEL_01,2026-08-24,74,3,5490.5,5553.59,0.0,355.4,0.0,Delhi_NCR,Metro,Food_Delivery,Scooter,1.0,358,Full-Time,54.3,26,5490.5,4.25,1,1.0,1,24.5,13.5,34.9,33.44285714285714,13.9,168.0,0,0,0,1,1,0.1811,1.041,43.03
ORD_50790,W_427b5c492ddd6098,ZONE_DEL_01,2026-08-31,75,3,5490.5,5637.69,0.0,413.8,0.0,Delhi_NCR,Metro,Food_Delivery,Scooter,1.0,358,Full-Time,54.3,26,5490.5,4.25,1,1.0,1,76.6,23.5,34.4,31.24285714285714,13.1,145.57142857142858,0,0,0,1,1,0.2815,1.128,50.59
ORD_50791,W_427b5c492ddd6098,ZONE_DEL_01,2026-09-07,71,3,5490.5,5387.12,103.38,307.2,0.0,Delhi_NCR,Metro,Food_Delivery,Scooter,1.0,358,Full-Time,54.3,26,5490.5,4.25,1,1.0,1,19.1,8.7,34.4,32.471428571428575,14.1,142.0,0,0,0,0,1,0.1495,1.032,41.52
ORD_50792,W_427b5c492ddd6098,ZONE_DEL_01,2026-09-14,75,3,5490.5,5675.99,0.0,277.2,0.0,Delhi_NCR,Metro,Food_Delivery,Scooter,1.0,358,Full-Time,54.3,26,5490.5,4.25,1,1.0,1,7.6,3.7,35.0,33.05,14.4,149.0,0,0,0,0,1,0.1288,1.013,40.02
ORD_50793,W_704ed00ce5f65bc7,ZONE_HYD_01,2026-06-22,74,3,5363.3,5567.7,0.0,310.3,0.0,Hyderabad,Metro,Q_Commerce,Bicycle,1.8,177,Full-Time,57.2,27,5363.3,4.37,1,1.2,1,21.8,14.6,32.6,30.65,17.3,156.25,1,0,1,1,1,0.2496,1.036,54.37
ORD_50794,W_704ed00ce5f65bc7,ZONE_HYD_01,2026-06-29,72,3,5363.3,5413.17,0.0,434.0,0.0,Hyderabad,Metro,Q_Commerce,Bicycle,1.8,177,Full-Time,57.2,27,5363.3,4.37,1,1.2,1,35.9,10.7,29.8,28.357142857142858,25.4,132.14285714285714,0,0,0,0,1,0.1799,1.06,52.53
ORD_50795,W_704ed00ce5f65bc7,ZONE_HYD_01,2026-07-06,72,3,5363.3,5458.83,0.0,332.6,0.0,Hyderabad,Metro,Q_Commerce,Bicycle,1.8,177,Full-Time,57.2,27,5363.3,4.37,1,1.2,1,6.2,2.2,33.3,32.27142857142857,25.7,165.28571428571428,0,0,0,0,1,0.1379,1.01,48.27
ORD_50796,W_704ed00ce5f65bc7,ZONE_HYD_01,2026-07-13,61,5,5363.3,4645.21,718.09,270.2,0.15,Hyderabad,Metro,Q_Commerce,Bicycle,1.8,177,Full-Time,57.2,27,5363.3,4.37,1,1.2,1,26.8,13.6,33.9,31.52857142857143,19.0,155.14285714285714,0,1,1,0,1,0.26,1.045,55.3
ORD_50797,W_704ed00ce5f65bc7,ZONE_HYD_01,2026-07-20,69,3,5363.3,5243.84,119.46,427.2,0.0,Hyderabad,Metro,Q_Commerce,Bicycle,1.8,177,Full-Time,57.2,27,5363.3,4.37,1,1.2,1,38.8,13.9,30.0,28.61428571428572,25.3,132.85714285714286,0,0,0,0,1,0.1869,1.065,53.09
ORD_50798,W_704ed00ce5f65bc7,ZONE_HYD_01,2026-07-27,38,7,5363.3,2868.92,2494.38,169.5,0.473,Hyderabad,Metro,Q_Commerce,Bicycle,1.8,177,Full-Time,57.2,27,5363.3,4.37,1,1.2,1,70.5,24.9,30.6,28.585714285714285,24.3,137.0,0,0,0,0,1,0.2614,1.118,59.23
ORD_50799,W_704ed00ce5f65bc7,ZONE_HYD_01,2026-08-03,68,3,5363.3,5121.5,241.8,243.7,0.0,Hyderabad,Metro,Q_Commerce,Bicycle,1.8,177,Full-Time,57.2,27,5363.3,4.37,1,1.2,1,20.5,9.0,30.6,29.442857142857143,20.0,136.28571428571428,0,0,0,0,1,0.1483,1.034,49.87
ORD_50800,W_704ed00ce5f65bc7,ZONE_HYD_01,2026-08-10,71,3,5363.3,5392.36,0.0,394.6,0.0,Hyderabad,Metro,Q_Commerce,Bicycle,1.8,177,Full-Time,57.2,27,5363.3,4.37,1,1.2,1,12.6,3.6,30.8,29.82857142857143,19.8,137.42857142857142,0,0,0,1,1,0.1314,1.021,48.52
ORD_50801,W_704ed00ce5f65bc7,ZONE_HYD_01,2026-08-17,56,6,5363.3,4252.84,1110.46,323.1,0.21,Hyderabad,Metro,Q_Commerce,Bicycle,1.8,177,Full-Time,57.2,27,5363.3,4.37,1,1.2,1,18.2,11.0,31.5,30.228571428571428,19.4,148.85714285714286,0,1,1,0,1,0.2359,1.03,53.47
ORD_50802,W_704ed00ce5f65bc7,ZONE_HYD_01,2026-08-24,68,3,5363.3,5113.06,250.24,305.3,0.0,Hyderabad,Metro,Q_Commerce,Bicycle,1.8,177,Full-Time,57.2,27,5363.3,4.37,1,1.2,1,10.4,3.2,30.4,29.17142857142857,21.5,140.14285714285714,0,0,0,1,1,0.1285,1.017,48.2
ORD_50803,W_704ed00ce5f65bc7,ZONE_HYD_01,2026-08-31,69,3,5363.3,5222.28,141.02,324.8,0.0,Hyderabad,Metro,Q_Commerce,Bicycle,1.8,177,Full-Time,57.2,27,5363.3,4.37,1,1.2,1,8.8,5.3,32.0,30.228571428571428,19.7,159.14285714285714,0,0,0,1,1,0.1392,1.015,48.56
ORD_50804,W_704ed00ce5f65bc7,ZONE_HYD_01,2026-09-07,58,5,5363.3,4363.86,999.44,352.4,0.15,Hyderabad,Metro,Q_Commerce,Bicycle,1.8,177,Full-Time,57.2,27,5363.3,4.37,1,1.2,1,26.3,11.7,32.2,31.057142857142857,15.3,156.57142857142858,1,0,1,0,1,0.2599,1.044,55.24
ORD_50805,W_704ed00ce5f65bc7,ZONE_HYD_01,2026-09-14,69,3,5363.3,5214.87,148.43,413.3,0.0,Hyderabad,Metro,Q_Commerce,Bicycle,1.8,177,Full-Time,57.2,27,5363.3,4.37,1,1.2,1,12.7,5.5,33.4,31.525,10.7,147.5,0,0,0,0,1,0.1392,1.021,48.85
ORD_50806,W_36ef6d1e1def4cde,ZONE_MAA_01,2026-06-22,61,3,4677.0,4642.34,34.66,375.8,0.0,Chennai,Metro,Food_Delivery,Scooter,1.0,335,Full-Time,46.7,25,4677.0,4.71,1,1.0,1,33.7,24.5,37.6,36.225,17.3,159.25,0,0,0,1,1,0.1953,1.056,44.18
ORD_50807,W_36ef6d1e1def4cde,ZONE_MAA_01,2026-06-29,62,3,4677.0,4702.28,0.0,372.8,0.0,Chennai,Metro,Food_Delivery,Scooter,1.0,335,Full-Time,46.7,25,4677.0,4.71,1,1.0,1,11.8,5.8,38.4,35.55714285714286,23.0,123.0,0,0,0,0,1,0.1188,1.02,39.94
ORD_50808,W_36ef6d1e1def4cde,ZONE_MAA_01,2026-07-06,50,4,4677.0,3778.8,898.2,276.0,0.15,Chennai,Metro,Food_Delivery,Scooter,1.0,335,Full-Time,46.7,25,4677.0,4.71,1,1.0,1,9.3,5.2,39.2,37.55714285714286,26.3,163.28571428571428,1,0,1,0,1,0.2267,1.016,43.62
ORD_50809,W_36ef6d1e1def4cde,ZONE_MAA_01,2026-07-13,64,3,4677.0,4865.51,0.0,248.1,0.0,Chennai,Metro,Food_Delivery,Scooter,1.0,335,Full-Time,46.7,25,4677.0,4.71,1,1.0,1,11.3,4.9,38.7,36.51428571428571,19.1,141.57142857142858,0,0,0,0,1,0.1316,1.019,40.36
ORD_50810,W_36ef6d1e1def4cde,ZONE_MAA_01,2026-07-20,52,4,4677.0,3949.54,727.46,241.6,0.12,Chennai,Metro,Food_Delivery,Scooter,1.0,335,Full-Time,46.7,25,4677.0,4.71,1,1.0,1,35.6,10.7,36.4,34.714285714285715,17.5,131.57142857142858,0,0,0,0,1,0.1788,1.059,43.69
ORD_50811,W_36ef6d1e1def4cde,ZONE_MAA_01,2026-07-27,65,3,4677.0,4879.83,0.0,322.7,0.0,Chennai,Metro,Food_Delivery,Scooter,1.0,335,Full-Time,46.7,25,4677.0,4.71,1,1.0,1,26.0,8.2,37.6,36.48571428571429,23.1,145.14285714285714,0,0,0,0,1,0.1674,1.043,42.62
ORD_50812,W_36ef6d1e1def4cde,ZONE_MAA_01,2026-08-03,62,3,4677.0,4689.84,0.0,240.6,0.0,Chennai,Metro,Food_Delivery,Scooter,1.0,335,Full-Time,46.7,25,4677.0,4.71,1,1.0,1,38.5,6.7,34.8,33.94285714285714,19.7,150.71428571428572,0,0,0,0,1,0.1997,1.064,44.68
ORD_50813,W_36ef6d1e1def4cde,ZONE_MAA_01,2026-08-10,59,2,4677.0,4443.52,233.48,335.6,0.0,Chennai,Metro,Food_Delivery,Scooter,1.0,335,Full-Time,46.7,25,4677.0,4.71,1,1.0,1,15.6,9.3,35.5,35.08571428571428,18.4,153.57142857142858,1,0,1,1,1,0.2336,1.026,44.3
ORD_50814,W_36ef6d1e1def4cde,ZONE_MAA_01,2026-08-17,59,2,4677.0,4484.11,192.89,307.5,0.0,Chennai,Metro,Food_Delivery,Scooter,1.0,335,Full-Time,46.7,25,4677.0,4.71,1,1.0,1,29.4,12.9,36.3,35.75714285714285,20.7,143.71428571428572,0,0,0,0,1,0.1739,1.049,43.1
ORD_50815,W_36ef6d1e1def4cde,ZONE_MAA_01,2026-08-24,64,3,4677.0,4870.92,0.0,260.1,0.0,Chennai,Metro,Food_Delivery,Scooter,1.0,335,Full-Time,46.7,25,4677.0,4.71,1,1.0,1,15.1,7.6,36.6,34.77142857142857,18.4,144.14285714285714,1,0,1,1,1,0.2254,1.025,43.96
ORD_50816,W_36ef6d1e1def4cde,ZONE_MAA_01,2026-08-31,63,3,4677.0,4754.3,0.0,233.9,0.0,Chennai,Metro,Food_Delivery,Scooter,1.0,335,Full-Time,46.7,25,4677.0,4.71,1,1.0,1,13.1,3.6,35.6,34.41428571428571,16.9,156.85714285714286,1,0,1,1,1,0.2305,1.022,44.01
ORD_50817,W_36ef6d1e1def4cde,ZONE_MAA_01,2026-09-07,63,3,4677.0,4725.53,0.0,248.4,0.0,Chennai,Metro,Food_Delivery,Scooter,1.0,335,Full-Time,46.7,25,4677.0,4.71,1,1.0,1,23.3,11.4,35.6,34.214285714285715,14.8,136.57142857142858,0,0,0,0,1,0.1549,1.039,42.0
ORD_50818,W_36ef6d1e1def4cde,ZONE_MAA_01,2026-09-14,54,5,4677.0,4069.25,607.75,232.9,0.15,Chennai,Metro,Food_Delivery,Scooter,1.0,335,Full-Time,46.7,25,4677.0,4.71,1,1.0,1,27.4,22.7,36.0,33.525,13.4,152.75,0,1,1,0,1,0.2595,1.046,46.11
ORD_50819,W_d7d3177e85e4dccd,ZONE_HYD_01,2026-06-22,73,3,5521.0,5500.79,20.21,373.6,0.0,Hyderabad,Metro,E_Commerce,Scooter,1.0,85,Full-Time,55.9,27,5521.0,4.57,1,1.0,1,21.8,14.6,32.6,30.65,17.3,156.25,1,0,1,1,1,0.2496,1.036,45.31
ORD_50820,W_d7d3177e85e4dccd,ZONE_HYD_01,2026-06-29,71,3,5521.0,5339.51,181.49,390.7,0.0,Hyderabad,Metro,E_Commerce,Scooter,1.0,85,Full-Time,55.9,27,5521.0,4.57,1,1.0,1,35.9,10.7,29.8,28.357142857142858,25.4,132.14285714285714,0,0,0,0,1,0.1799,1.06,43.77
ORD_50821,W_d7d3177e85e4dccd,ZONE_HYD_01,2026-07-06,72,3,5521.0,5412.04,108.96,380.8,0.0,Hyderabad,Metro,E_Commerce,Scooter,1.0,85,Full-Time,55.9,27,5521.0,4.57,1,1.0,1,6.2,2.2,33.3,32.27142857142857,25.7,165.28571428571428,0,0,0,0,1,0.1379,1.01,40.22
ORD_50822,W_d7d3177e85e4dccd,ZONE_HYD_01,2026-07-13,60,5,5521.0,4532.49,988.51,321.5,0.15,Hyderabad,Metro,E_Commerce,Scooter,1.0,85,Full-Time,55.9,27,5521.0,4.57,1,1.0,1,26.8,13.6,33.9,31.52857142857143,19.0,155.14285714285714,0,1,1,0,1,0.26,1.045,46.08
ORD_50823,W_d7d3177e85e4dccd,ZONE_HYD_01,2026-07-20,70,3,5521.0,5315.72,205.28,325.4,0.0,Hyderabad,Metro,E_Commerce,Scooter,1.0,85,Full-Time,55.9,27,5521.0,4.57,1,1.0,1,38.8,13.9,30.0,28.61428571428572,25.3,132.85714285714286,0,0,0,0,1,0.1869,1.065,44.24
ORD_50824,W_d7d3177e85e4dccd,ZONE_HYD_01,2026-07-27,61,6,5521.0,4599.6,921.4,256.7,0.187,Hyderabad,Metro,E_Commerce,Scooter,1.0,85,Full-Time,55.9,27,5521.0,4.57,1,1.0,1,70.5,24.9,30.6,28.585714285714285,24.3,137.0,0,0,0,0,1,0.2614,1.118,49.36
ORD_50825,W_d7d3177e85e4dccd,ZONE_HYD_01,2026-08-03,76,3,5521.0,5731.75,0.0,449.0,0.0,Hyderabad,Metro,E_Commerce,Scooter,1.0,85,Full-Time,55.9,27,5521.0,4.57,1,1.0,1,20.5,9.0,30.6,29.442857142857143,20.0,136.28571428571428,0,0,0,0,1,0.1483,1.034,41.56
ORD_50826,W_d7d3177e85e4dccd,ZONE_HYD_01,2026-08-10,71,3,5521.0,5353.41,167.59,366.2,0.0,Hyderabad,Metro,E_Commerce,Scooter,1.0,85,Full-Time,55.9,27,5521.0,4.57,1,1.0,1,12.6,3.6,30.8,29.82857142857143,19.8,137.42857142857142,0,0,0,1,1,0.1314,1.021,40.43
ORD_50827,W_d7d3177e85e4dccd,ZONE_HYD_01,2026-08-17,55,6,5521.0,4181.77,1339.23,250.6,0.21,Hyderabad,Metro,E_Commerce,Scooter,1.0,85,Full-Time,55.9,27,5521.0,4.57,1,1.0,1,18.2,11.0,31.5,30.228571428571428,19.4,148.85714285714286,0,1,1,0,1,0.2359,1.03,44.55
ORD_50828,W_d7d3177e85e4dccd,ZONE_HYD_01,2026-08-24,75,3,5521.0,5638.77,0.0,396.0,0.0,Hyderabad,Metro,E_Commerce,Scooter,1.0,85,Full-Time,55.9,27,5521.0,4.57,1,1.0,1,10.4,3.2,30.4,29.17142857142857,21.5,140.14285714285714,0,0,0,1,1,0.1285,1.017,40.17
ORD_50829,W_d7d3177e85e4dccd,ZONE_HYD_01,2026-08-31,74,3,5521.0,5589.85,0.0,315.5,0.0,Hyderabad,Metro,E_Commerce,Scooter,1.0,85,Full-Time,55.9,27,5521.0,4.57,1,1.0,1,8.8,5.3,32.0,30.228571428571428,19.7,159.14285714285714,0,0,0,1,1,0.1392,1.015,40.47
ORD_50830,W_d7d3177e85e4dccd,ZONE_HYD_01,2026-09-07,61,5,5521.0,4635.61,885.39,230.5,0.15,Hyderabad,Metro,E_Commerce,Scooter,1.0,85,Full-Time,55.9,27,5521.0,4.57,1,1.0,1,26.3,11.7,32.2,31.057142857142857,15.3,156.57142857142858,1,0,1,0,1,0.2599,1.044,46.04
ORD_50831,W_d7d3177e85e4dccd,ZONE_HYD_01,2026-09-14,75,3,5521.0,5641.92,0.0,364.5,0.0,Hyderabad,Metro,E_Commerce,Scooter,1.0,85,Full-Time,55.9,27,5521.0,4.57,1,1.0,1,12.7,5.5,33.4,31.525,10.7,147.5,0,0,0,0,1,0.1392,1.021,40.71
ORD_50832,W_83dfd05e11e962e8,ZONE_MAA_01,2026-06-22,72,3,5304.21,5414.94,0.0,300.4,0.0,Chennai,Metro,Food_Delivery,Bike,1.2,158,Full-Time,55.7,30,5304.21,5.0,1,1.05,1,33.7,24.5,37.6,36.225,17.3,159.25,0,0,0,1,1,0.1953,1.056,46.39
ORD_50833,W_83dfd05e11e962e8,ZONE_MAA_01,2026-06-29,69,3,5304.21,5211.09,93.12,303.8,0.0,Chennai,Metro,Food_Delivery,Bike,1.2,158,Full-Time,55.7,30,5304.21,5.0,1,1.05,1,11.8,5.8,38.4,35.55714285714286,23.0,123.0,0,0,0,0,1,0.1188,1.02,41.94
ORD_50834,W_83dfd05e11e962e8,ZONE_MAA_01,2026-07-06,57,5,5304.21,4294.76,1009.45,252.0,0.15,Chennai,Metro,Food_Delivery,Bike,1.2,158,Full-Time,55.7,30,5304.21,5.0,1,1.05,1,9.3,5.2,39.2,37.55714285714286,26.3,163.28571428571428,1,0,1,0,1,0.2267,1.016,45.8
ORD_50835,W_83dfd05e11e962e8,ZONE_MAA_01,2026-07-13,72,3,5304.21,5465.09,0.0,426.4,0.0,Chennai,Metro,Food_Delivery,Bike,1.2,158,Full-Time,55.7,30,5304.21,5.0,1,1.05,1,11.3,4.9,38.7,36.51428571428571,19.1,141.57142857142858,0,0,0,0,1,0.1316,1.019,42.38
ORD_50836,W_83dfd05e11e962e8,ZONE_MAA_01,2026-07-20,62,5,5304.21,4676.21,628.0,293.3,0.12,Chennai,Metro,Food_Delivery,Bike,1.2,158,Full-Time,55.7,30,5304.21,5.0,1,1.05,1,35.6,10.7,36.4,34.714285714285715,17.5,131.57142857142858,0,0,0,0,1,0.1788,1.059,45.88
ORD_50837,W_83dfd05e11e962e8,ZONE_MAA_01,2026-07-27,67,3,5304.21,5055.35,248.86,393.5,0.0,Chennai,Metro,Food_Delivery,Bike,1.2,158,Full-Time,55.7,30,5304.21,5.0,1,1.05,1,26.0,8.2,37.6,36.48571428571429,23.1,145.14285714285714,0,0,0,0,1,0.1674,1.043,44.75
ORD_50838,W_83dfd05e11e962e8,ZONE_MAA_01,2026-08-03,67,3,5304.21,5045.9,258.31,405.4,0.0,Chennai,Metro,Food_Delivery,Bike,1.2,158,Full-Time,55.7,30,5304.21,5.0,1,1.05,1,38.5,6.7,34.8,33.94285714285714,19.7,150.71428571428572,0,0,0,0,1,0.1997,1.064,46.91
ORD_50839,W_83dfd05e11e962e8,ZONE_MAA_01,2026-08-10,70,3,5304.21,5298.49,5.72,309.6,0.0,Chennai,Metro,Food_Delivery,Bike,1.2,158,Full-Time,55.7,30,5304.21,5.0,1,1.05,1,15.6,9.3,35.5,35.08571428571428,18.4,153.57142857142858,1,0,1,1,1,0.2336,1.026,46.51
ORD_50840,W_83dfd05e11e962e8,ZONE_MAA_01,2026-08-17,73,3,5304.21,5529.22,0.0,260.3,0.0,Chennai,Metro,Food_Delivery,Bike,1.2,158,Full-Time,55.7,30,5304.21,5.0,1,1.05,1,29.4,12.9,36.3,35.75714285714285,20.7,143.71428571428572,0,0,0,0,1,0.1739,1.049,45.25
ORD_50841,W_83dfd05e11e962e8,ZONE_MAA_01,2026-08-24,71,3,5304.21,5347.4,0.0,353.7,0.0,Chennai,Metro,Food_Delivery,Bike,1.2,158,Full-Time,55.7,30,5304.21,5.0,1,1.05,1,15.1,7.6,36.6,34.77142857142857,18.4,144.14285714285714,1,0,1,1,1,0.2254,1.025,46.16
ORD_50842,W_83dfd05e11e962e8,ZONE_MAA_01,2026-08-31,68,3,5304.21,5155.33,148.88,316.7,0.0,Chennai,Metro,Food_Delivery,Bike,1.2,158,Full-Time,55.7,30,5304.21,5.0,1,1.05,1,13.1,3.6,35.6,34.41428571428571,16.9,156.85714285714286,1,0,1,1,1,0.2305,1.022,46.22
ORD_50843,W_83dfd05e11e962e8,ZONE_MAA_01,2026-09-07,71,3,5304.21,5384.97,0.0,387.9,0.0,Chennai,Metro,Food_Delivery,Bike,1.2,158,Full-Time,55.7,30,5304.21,5.0,1,1.05,1,23.3,11.4,35.6,34.214285714285715,14.8,136.57142857142858,0,0,0,0,1,0.1549,1.039,44.1
ORD_50844,W_83dfd05e11e962e8,ZONE_MAA_01,2026-09-14,57,5,5304.21,4283.47,1020.74,343.7,0.15,Chennai,Metro,Food_Delivery,Bike,1.2,158,Full-Time,55.7,30,5304.21,5.0,1,1.05,1,27.4,22.7,36.0,33.525,13.4,152.75,0,1,1,0,1,0.2595,1.046,48.42
ORD_50845,W_fffc6daf42faa934,ZONE_MAA_01,2026-06-22,54,2,4235.54,4093.45,142.09,223.1,0.0,Chennai,Metro,Food_Delivery,Scooter,1.0,414,Full-Time,42.5,24,4235.54,4.6,1,1.0,1,33.7,24.5,37.6,36.225,17.3,159.25,0,0,0,1,1,0.1953,1.056,44.18
ORD_50846,W_fffc6daf42faa934,ZONE_MAA_01,2026-06-29,55,2,4235.54,4135.36,100.18,198.1,0.0,Chennai,Metro,Food_Delivery,Scooter,1.0,414,Full-Time,42.5,24,4235.54,4.6,1,1.0,1,11.8,5.8,38.4,35.55714285714286,23.0,123.0,0,0,0,0,1,0.1188,1.02,39.94
ORD_50847,W_fffc6daf42faa934,ZONE_MAA_01,2026-07-06,46,4,4235.54,3464.5,771.04,283.5,0.15,Chennai,Metro,Food_Delivery,Scooter,1.0,414,Full-Time,42.5,24,4235.54,4.6,1,1.0,1,9.3,5.2,39.2,37.55714285714286,26.3,163.28571428571428,1,0,1,0,1,0.2267,1.016,43.62
ORD_50848,W_fffc6daf42faa934,ZONE_MAA_01,2026-07-13,55,2,4235.54,4157.27,78.27,209.6,0.0,Chennai,Metro,Food_Delivery,Scooter,1.0,414,Full-Time,42.5,24,4235.54,4.6,1,1.0,1,11.3,4.9,38.7,36.51428571428571,19.1,141.57142857142858,0,0,0,0,1,0.1316,1.019,40.36
ORD_50849,W_fffc6daf42faa934,ZONE_MAA_01,2026-07-20,47,4,4235.54,3580.79,654.75,255.8,0.12,Chennai,Metro,Food_Delivery,Scooter,1.0,414,Full-Time,42.5,24,4235.54,4.6,1,1.0,1,35.6,10.7,36.4,34.714285714285715,17.5,131.57142857142858,0,0,0,0,1,0.1788,1.059,43.69
ORD_50850,W_fffc6daf42faa934,ZONE_MAA_01,2026-07-27,58,2,4235.54,4385.72,0.0,243.2,0.0,Chennai,Metro,Food_Delivery,Scooter,1.0,414,Full-Time,42.5,24,4235.54,4.6,1,1.0,1,26.0,8.2,37.6,36.48571428571429,23.1,145.14285714285714,0,0,0,0,1,0.1674,1.043,42.62
ORD_50851,W_fffc6daf42faa934,ZONE_MAA_01,2026-08-03,53,2,4235.54,4032.62,202.92,217.4,0.0,Chennai,Metro,Food_Delivery,Scooter,1.0,414,Full-Time,42.5,24,4235.54,4.6,1,1.0,1,38.5,6.7,34.8,33.94285714285714,19.7,150.71428571428572,0,0,0,0,1,0.1997,1.064,44.68
ORD_50852,W_fffc6daf42faa934,ZONE_MAA_01,2026-08-10,53,2,4235.54,4047.7,187.84,200.3,0.0,Chennai,Metro,Food_Delivery,Scooter,1.0,414,Full-Time,42.5,24,4235.54,4.6,1,1.0,1,15.6,9.3,35.5,35.08571428571428,18.4,153.57142857142858,1,0,1,1,1,0.2336,1.026,44.3
ORD_50853,W_fffc6daf42faa934,ZONE_MAA_01,2026-08-17,56,2,4235.54,4206.53,29.01,230.8,0.0,Chennai,Metro,Food_Delivery,Scooter,1.0,414,Full-Time,42.5,24,4235.54,4.6,1,1.0,1,29.4,12.9,36.3,35.75714285714285,20.7,143.71428571428572,0,0,0,0,1,0.1739,1.049,43.1
ORD_50854,W_fffc6daf42faa934,ZONE_MAA_01,2026-08-24,56,2,4235.54,4242.29,0.0,234.3,0.0,Chennai,Metro,Food_Delivery,Scooter,1.0,414,Full-Time,42.5,24,4235.54,4.6,1,1.0,1,15.1,7.6,36.6,34.77142857142857,18.4,144.14285714285714,1,0,1,1,1,0.2254,1.025,43.96
ORD_50855,W_fffc6daf42faa934,ZONE_MAA_01,2026-08-31,58,2,4235.54,4422.13,0.0,344.9,0.0,Chennai,Metro,Food_Delivery,Scooter,1.0,414,Full-Time,42.5,24,4235.54,4.6,1,1.0,1,13.1,3.6,35.6,34.41428571428571,16.9,156.85714285714286,1,0,1,1,1,0.2305,1.022,44.01
ORD_50856,W_fffc6daf42faa934,ZONE_MAA_01,2026-09-07,56,2,4235.54,4263.84,0.0,249.6,0.0,Chennai,Metro,Food_Delivery,Scooter,1.0,414,Full-Time,42.5,24,4235.54,4.6,1,1.0,1,23.3,11.4,35.6,34.214285714285715,14.8,136.57142857142858,0,0,0,0,1,0.1549,1.039,42.0
ORD_50857,W_fffc6daf42faa934,ZONE_MAA_01,2026-09-14,47,4,4235.54,3557.42,678.12,216.8,0.15,Chennai,Metro,Food_Delivery,Scooter,1.0,414,Full-Time,42.5,24,4235.54,4.6,1,1.0,1,27.4,22.7,36.0,33.525,13.4,152.75,0,1,1,0,1,0.2595,1.046,46.11
ORD_50858,W_048e554423539f57,ZONE_BOM_01,2026-06-22,93,4,6844.79,7000.56,0.0,438.9,0.0,Mumbai,Metro,Q_Commerce,Scooter,1.0,83,Full-Time,62.1,24,6844.79,4.73,1,1.0,1,24.8,11.5,31.1,30.425,15.3,184.0,0,0,0,1,1,0.1938,1.041,43.5
ORD_50859,W_048e554423539f57,ZONE_BOM_01,2026-06-29,14,4,6844.79,1072.31,5772.48,61.7,0.85,Mumbai,Metro,Q_Commerce,Scooter,1.0,83,Full-Time,62.1,24,6844.79,4.73,1,1.0,1,493.0,136.9,28.6,27.642857142857142,30.3,147.0,0,0,6,0,1,1.0,1.822,79.0
ORD_50860,W_048e554423539f57,ZONE_BOM_01,2026-07-06,20,5,6844.79,1562.18,5282.61,80.8,0.762,Mumbai,Metro,Q_Commerce,Scooter,1.0,83,Full-Time,62.1,24,6844.79,4.73,1,1.0,1,235.5,131.8,30.2,29.142857142857142,34.6,143.85714285714286,0,0,2,0,1,0.8044,1.392,79.0
ORD_50861,W_048e554423539f57,ZONE_BOM_01,2026-07-13,56,8,6844.79,4238.54,2606.25,328.5,0.362,Mumbai,Metro,Q_Commerce,Scooter,1.0,83,Full-Time,62.1,24,6844.79,4.73,1,1.0,1,92.5,33.1,30.6,29.82857142857143,21.8,156.42857142857142,1,0,1,0,1,0.4088,1.154,56.9
ORD_50862,W_048e554423539f57,ZONE_BOM_01,2026-07-20,13,3,6844.79,1022.17,5822.62,66.8,0.85,Mumbai,Metro,Q_Commerce,Scooter,1.0,83,Full-Time,62.1,24,6844.79,4.73,1,1.0,1,354.8,107.0,29.6,28.74285714285714,34.0,158.42857142857142,0,0,4,0,1,1.0,1.591,79.0
ORD_50863,W_048e554423539f57,ZONE_BOM_01,2026-07-27,46,9,6844.79,3461.03,3383.76,268.9,0.488,Mumbai,Metro,Q_Commerce,Scooter,1.0,83,Full-Time,62.1,24,6844.79,4.73,1,1.0,1,120.9,42.9,29.6,28.957142857142856,25.3,151.42857142857142,0,0,0,0,1,0.3856,1.202,58.29
ORD_50864,W_048e554423539f57,ZONE_BOM_01,2026-08-03,56,9,6844.79,4216.41,2628.38,206.2,0.38,Mumbai,Metro,Q_Commerce,Scooter,1.0,83,Full-Time,62.1,24,6844.79,4.73,1,1.0,1,76.8,18.7,29.7,29.285714285714285,21.2,139.0,0,0,0,0,1,0.277,1.128,50.42
ORD_50865,W_048e554423539f57,ZONE_BOM_01,2026-08-10,71,8,6844.79,5348.13,1496.66,366.3,0.243,Mumbai,Metro,Q_Commerce,Scooter,1.0,83,Full-Time,62.1,24,6844.79,4.73,1,1.0,1,96.6,30.6,29.7,28.61428571428572,19.0,142.57142857142858,0,0,0,1,1,0.3243,1.161,53.81
ORD_50866,W_048e554423539f57,ZONE_BOM_01,2026-08-17,39,8,6844.79,2976.9,3867.89,149.0,0.565,Mumbai,Metro,Q_Commerce,Scooter,1.0,83,Full-Time,62.1,24,6844.79,4.73,1,1.0,1,61.0,16.7,29.7,29.228571428571428,20.6,146.28571428571428,1,0,1,0,1,0.3303,1.102,51.31
ORD_50867,W_048e554423539f57,ZONE_BOM_01,2026-08-24,86,4,6844.79,6511.89,332.9,371.4,0.0,Mumbai,Metro,Q_Commerce,Scooter,1.0,83,Full-Time,62.1,24,6844.79,4.73,1,1.0,1,36.4,7.6,29.6,29.25714285714286,21.1,134.0,1,0,1,1,1,0.2657,1.061,47.0
ORD_50868,W_048e554423539f57,ZONE_BOM_01,2026-08-31,88,5,6844.79,6658.2,186.59,378.3,0.055,Mumbai,Metro,Q_Commerce,Scooter,1.0,83,Full-Time,62.1,24,6844.79,4.73,1,1.0,1,61.0,16.1,29.6,29.042857142857144,18.4,158.28571428571428,0,0,0,1,1,0.256,1.102,48.44
ORD_50869,W_048e554423539f57,ZONE_BOM_01,2026-09-07,91,4,6844.79,6841.82,2.97,422.0,0.0,Mumbai,Metro,Q_Commerce,Scooter,1.0,83,Full-Time,62.1,24,6844.79,4.73,1,1.0,1,52.9,25.5,30.0,29.071428571428573,15.3,169.57142857142858,0,0,0,0,1,0.2462,1.088,47.46
ORD_50870,W_048e554423539f57,ZONE_BOM_01,2026-09-14,90,4,6844.79,6783.54,61.25,371.2,0.0,Mumbai,Metro,Q_Commerce,Scooter,1.0,83,Full-Time,62.1,24,6844.79,4.73,1,1.0,1,23.3,10.3,30.0,29.625,20.1,162.0,0,0,0,0,1,0.1739,1.039,42.69
ORD_50871,W_a2433eb122c14254,ZONE_BOM_01,2026-06-22,60,3,4676.72,4506.66,170.06,241.9,0.0,Mumbai,Metro,Q_Commerce,Bike,1.2,957,Full-Time,46.4,27,4676.72,4.49,1,1.05,1,24.8,11.5,31.1,30.425,15.3,184.0,0,0,0,1,1,0.1938,1.041,45.67
ORD_50872,W_a2433eb122c14254,ZONE_BOM_01,2026-06-29,9,2,4676.72,680.33,3996.39,31.7,0.85,Mumbai,Metro,Q_Commerce,Bike,1.2,957,Full-Time,46.4,27,4676.72,4.49,1,1.05,1,493.0,136.9,28.6,27.642857142857142,30.3,147.0,0,0,6,0,1,1.0,1.822,79.0
ORD_50873,W_a2433eb122c14254,ZONE_BOM_01,2026-07-06,9,2,4676.72,688.63,3988.09,55.1,0.85,Mumbai,Metro,Q_Commerce,Bike,1.2,957,Full-Time,46.4,27,4676.72,4.49,1,1.05,1,235.5,131.8,30.2,29.142857142857142,34.6,143.85714285714286,0,0,2,0,1,0.8044,1.392,79.0
ORD_50874,W_a2433eb122c14254,ZONE_BOM_01,2026-07-13,38,6,4676.72,2924.54,1752.18,169.7,0.365,Mumbai,Metro,Q_Commerce,Bike,1.2,957,Full-Time,46.4,27,4676.72,4.49,1,1.05,1,92.5,33.1,30.6,29.82857142857143,21.8,156.42857142857142,1,0,1,0,1,0.4088,1.154,59.75
ORD_50875,W_a2433eb122c14254,ZONE_BOM_01,2026-07-20,9,2,4676.72,725.3,3951.42,32.3,0.85,Mumbai,Metro,Q_Commerce,Bike,1.2,957,Full-Time,46.4,27,4676.72,4.49,1,1.05,1,354.8,107.0,29.6,28.74285714285714,34.0,158.42857142857142,0,0,4,0,1,1.0,1.591,79.0
ORD_50876,W_a2433eb122c14254,ZONE_BOM_01,2026-07-27,22,5,4676.72,1722.2,2954.52,108.8,0.646,Mumbai,Metro,Q_Commerce,Bike,1.2,957,Full-Time,46.4,27,4676.72,4.49,1,1.05,1,120.9,42.9,29.6,28.957142857142856,25.3,151.42857142857142,0,0,0,0,1,0.3856,1.202,61.21
ORD_50877,W_a2433eb122c14254,ZONE_BOM_01,2026-08-03,36,6,4676.72,2740.69,1936.03,163.6,0.423,Mumbai,Metro,Q_Commerce,Bike,1.2,957,Full-Time,46.4,27,4676.72,4.49,1,1.05,1,76.8,18.7,29.7,29.285714285714285,21.2,139.0,0,0,0,0,1,0.277,1.128,52.94
ORD_50878,W_a2433eb122c14254,ZONE_BOM_01,2026-08-10,37,6,4676.72,2788.4,1888.32,134.9,0.375,Mumbai,Metro,Q_Commerce,Bike,1.2,957,Full-Time,46.4,27,4676.72,4.49,1,1.05,1,96.6,30.6,29.7,28.61428571428572,19.0,142.57142857142858,0,0,0,1,1,0.3243,1.161,56.5
ORD_50879,W_a2433eb122c14254,ZONE_BOM_01,2026-08-17,28,6,4676.72,2104.15,2572.57,165.1,0.552,Mumbai,Metro,Q_Commerce,Bike,1.2,957,Full-Time,46.4,27,4676.72,4.49,1,1.05,1,61.0,16.7,29.7,29.228571428571428,20.6,146.28571428571428,1,0,1,0,1,0.3303,1.102,53.88
ORD_50880,W_a2433eb122c14254,ZONE_BOM_01,2026-08-24,59,2,4676.72,4491.83,184.89,337.5,0.0,Mumbai,Metro,Q_Commerce,Bike,1.2,957,Full-Time,46.4,27,4676.72,4.49,1,1.05,1,36.4,7.6,29.6,29.25714285714286,21.1,134.0,1,0,1,1,1,0.2657,1.061,49.35
ORD_50881,W_a2433eb122c14254,ZONE_BOM_01,2026-08-31,60,3,4676.72,4544.78,131.94,261.3,0.018,Mumbai,Metro,Q_Commerce,Bike,1.2,957,Full-Time,46.4,27,4676.72,4.49,1,1.05,1,61.0,16.1,29.6,29.042857142857144,18.4,158.28571428571428,0,0,0,1,1,0.256,1.102,50.87
ORD_50882,W_a2433eb122c14254,ZONE_BOM_01,2026-09-07,61,3,4676.72,4630.03,46.69,238.3,0.0,Mumbai,Metro,Q_Commerce,Bike,1.2,957,Full-Time,46.4,27,4676.72,4.49,1,1.05,1,52.9,25.5,30.0,29.071428571428573,15.3,169.57142857142858,0,0,0,0,1,0.2462,1.088,49.83
ORD_50883,W_a2433eb122c14254,ZONE_BOM_01,2026-09-14,62,3,4676.72,4678.39,0.0,351.2,0.0,Mumbai,Metro,Q_Commerce,Bike,1.2,957,Full-Time,46.4,27,4676.72,4.49,1,1.05,1,23.3,10.3,30.0,29.625,20.1,162.0,0,0,0,0,1,0.1739,1.039,44.82
ORD_50884,W_0b08262ea0d9ba65,ZONE_BOM_01,2026-06-22,67,3,5112.43,5082.54,29.89,323.3,0.0,Mumbai,Metro,Q_Commerce,Bike,1.2,356,Full-Time,49.2,22,5112.43,4.58,1,1.05,1,24.8,11.5,31.1,30.425,15.3,184.0,0,0,0,1,1,0.1938,1.041,45.67
ORD_50885,W_0b08262ea0d9ba65,ZONE_BOM_01,2026-06-29,10,3,5112.43,782.67,4329.76,48.2,0.85,Mumbai,Metro,Q_Commerce,Bike,1.2,356,Full-Time,49.2,22,5112.43,4.58,1,1.05,1,493.0,136.9,28.6,27.642857142857142,30.3,147.0,0,0,6,0,1,1.0,1.822,79.0
ORD_50886,W_0b08262ea0d9ba65,ZONE_BOM_01,2026-07-06,15,4,5112.43,1158.22,3954.21,75.9,0.782,Mumbai,Metro,Q_Commerce,Bike,1.2,356,Full-Time,49.2,22,5112.43,4.58,1,1.05,1,235.5,131.8,30.2,29.142857142857142,34.6,143.85714285714286,0,0,2,0,1,0.8044,1.392,79.0
ORD_50887,W_0b08262ea0d9ba65,ZONE_BOM_01,2026-07-13,41,6,5112.43,3147.43,1965.0,232.4,0.37,Mumbai,Metro,Q_Commerce,Bike,1.2,356,Full-Time,49.2,22,5112.43,4.58,1,1.05,1,92.5,33.1,30.6,29.82857142857143,21.8,156.42857142857142,1,0,1,0,1,0.4088,1.154,59.75
ORD_50888,W_0b08262ea0d9ba65,ZONE_BOM_01,2026-07-20,10,3,5112.43,804.6,4307.83,38.5,0.85,Mumbai,Metro,Q_Commerce,Bike,1.2,356,Full-Time,49.2,22,5112.43,4.58,1,1.05,1,354.8,107.0,29.6,28.74285714285714,34.0,158.42857142857142,0,0,4,0,1,1.0,1.591,79.0
ORD_50889,W_0b08262ea0d9ba65,ZONE_BOM_01,2026-07-27,26,6,5112.43,1967.52,3144.91,125.6,0.611,Mumbai,Metro,Q_Commerce,Bike,1.2,356,Full-Time,49.2,22,5112.43,4.58,1,1.05,1,120.9,42.9,29.6,28.957142857142856,25.3,151.42857142857142,0,0,0,0,1,0.3856,1.202,61.21
ORD_50890,W_0b08262ea0d9ba65,ZONE_BOM_01,2026-08-03,34,6,5112.43,2617.49,2494.94,168.3,0.484,Mumbai,Metro,Q_Commerce,Bike,1.2,356,Full-Time,49.2,22,5112.43,4.58,1,1.05,1,76.8,18.7,29.7,29.285714285714285,21.2,139.0,0,0,0,0,1,0.277,1.128,52.94
ORD_50891,W_0b08262ea0d9ba65,ZONE_BOM_01,2026-08-10,49,5,5112.43,3731.77,1380.66,203.9,0.232,Mumbai,Metro,Q_Commerce,Bike,1.2,356,Full-Time,49.2,22,5112.43,4.58,1,1.05,1,96.6,30.6,29.7,28.61428571428572,19.0,142.57142857142858,0,0,0,1,1,0.3243,1.161,56.5
ORD_50892,W_0b08262ea0d9ba65,ZONE_BOM_01,2026-08-17,26,5,5112.43,2004.39,3108.04,99.0,0.593,Mumbai,Metro,Q_Commerce,Bike,1.2,356,Full-Time,49.2,22,5112.43,4.58,1,1.05,1,61.0,16.7,29.7,29.228571428571428,20.6,146.28571428571428,1,0,1,0,1,0.3303,1.102,53.88
ORD_50893,W_0b08262ea0d9ba65,ZONE_BOM_01,2026-08-24,67,3,5112.43,5066.91,45.52,351.7,0.0,Mumbai,Metro,Q_Commerce,Bike,1.2,356,Full-Time,49.2,22,5112.43,4.58,1,1.05,1,36.4,7.6,29.6,29.25714285714286,21.1,134.0,1,0,1,1,1,0.2657,1.061,49.35
ORD_50894,W_0b08262ea0d9ba65,ZONE_BOM_01,2026-08-31,58,4,5112.43,4412.8,699.63,215.5,0.108,Mumbai,Metro,Q_Commerce,Bike,1.2,356,Full-Time,49.2,22,5112.43,4.58,1,1.05,1,61.0,16.1,29.6,29.042857142857144,18.4,158.28571428571428,0,0,0,1,1,0.256,1.102,50.87
ORD_50895,W_0b08262ea0d9ba65,ZONE_BOM_01,2026-09-07,71,3,5112.43,5337.58,0.0,298.5,0.0,Mumbai,Metro,Q_Commerce,Bike,1.2,356,Full-Time,49.2,22,5112.43,4.58,1,1.05,1,52.9,25.5,30.0,29.071428571428573,15.3,169.57142857142858,0,0,0,0,1,0.2462,1.088,49.83
ORD_50896,W_0b08262ea0d9ba65,ZONE_BOM_01,2026-09-14,70,3,5112.43,5293.08,0.0,408.2,0.0,Mumbai,Metro,Q_Commerce,Bike,1.2,356,Full-Time,49.2,22,5112.43,4.58,1,1.05,1,23.3,10.3,30.0,29.625,20.1,162.0,0,0,0,0,1,0.1739,1.039,44.82
ORD_50897,W_a7088775dee01a79,ZONE_DEL_01,2026-06-22,72,3,5286.64,5430.71,0.0,284.8,0.0,Delhi_NCR,Metro,Food_Delivery,Bike,1.2,336,Full-Time,50.6,27,5286.64,4.46,1,1.05,1,4.0,1.2,41.9,40.425,14.3,188.25,0,0,0,1,1,0.1502,1.007,42.57
ORD_50898,W_a7088775dee01a79,ZONE_DEL_01,2026-06-29,61,5,5286.64,4610.97,675.67,340.2,0.155,Delhi_NCR,Metro,Food_Delivery,Bike,1.2,336,Full-Time,50.6,27,5286.64,4.46,1,1.05,1,20.0,6.8,41.7,35.84285714285714,14.4,157.71428571428572,0,0,0,0,1,0.1633,1.033,44.16
ORD_50899,W_a7088775dee01a79,ZONE_DEL_01,2026-07-06,10,3,5286.64,780.09,4506.55,42.1,0.85,Delhi_NCR,Metro,Food_Delivery,Bike,1.2,336,Full-Time,50.6,27,5286.64,4.46,1,1.05,1,122.9,99.8,36.7,32.9,18.9,156.0,1,0,2,0,1,0.5602,1.205,69.09
ORD_50900,W_a7088775dee01a79,ZONE_DEL_01,2026-07-13,67,3,5286.64,5086.75,199.89,326.7,0.0,Delhi_NCR,Metro,Food_Delivery,Bike,1.2,336,Full-Time,50.6,27,5286.64,4.46,1,1.05,1,9.8,3.7,37.4,36.55714285714286,19.6,129.42857142857142,0,0,0,0,1,0.1191,1.016,41.78
ORD_50901,W_a7088775dee01a79,ZONE_DEL_01,2026-07-20,49,6,5286.64,3724.97,1561.67,234.4,0.285,Delhi_NCR,Metro,Food_Delivery,Bike,1.2,336,Full-Time,50.6,27,5286.64,4.46,1,1.05,1,74.3,31.9,33.7,31.8,16.5,132.71428571428572,0,0,0,0,1,0.2667,1.124,52.32
ORD_50902,W_a7088775dee01a79,ZONE_DEL_01,2026-07-27,69,3,5286.64,5214.49,72.15,360.9,0.0,Delhi_NCR,Metro,Food_Delivery,Bike,1.2,336,Full-Time,50.6,27,5286.64,4.46,1,1.05,1,51.900000000000006,19.5,35.3,32.94285714285714,14.4,172.57142857142858,0,0,0,0,1,0.2462,1.086,49.74
ORD_50903,W_a7088775dee01a79,ZONE_DEL_01,2026-08-03,14,4,5286.64,1091.77,4194.87,63.4,0.786,Delhi_NCR,Metro,Food_Delivery,Bike,1.2,336,Full-Time,50.6,27,5286.64,4.46,1,1.05,1,132.8,58.3,33.8,31.17142857142857,15.8,126.57142857142856,0,0,1,0,1,0.4771,1.221,66.28
ORD_50904,W_a7088775dee01a79,ZONE_DEL_01,2026-08-10,67,3,5286.64,5096.78,189.86,347.6,0.0,Delhi_NCR,Metro,Food_Delivery,Bike,1.2,336,Full-Time,50.6,27,5286.64,4.46,1,1.05,1,45.8,12.5,34.4,32.614285714285714,11.1,170.42857142857142,0,0,0,1,1,0.2309,1.076,48.67
ORD_50905,W_a7088775dee01a79,ZONE_DEL_01,2026-08-17,61,5,5286.64,4596.49,690.15,367.0,0.15,Delhi_NCR,Metro,Food_Delivery,Bike,1.2,336,Full-Time,50.6,27,5286.64,4.46,1,1.05,1,34.3,8.2,33.6,33.15714285714286,11.7,140.0,1,0,1,0,1,0.2655,1.057,49.16
ORD_50906,W_a7088775dee01a79,ZONE_DEL_01,2026-08-24,68,3,5286.64,5169.74,116.9,412.5,0.0,Delhi_NCR,Metro,Food_Delivery,Bike,1.2,336,Full-Time,50.6,27,5286.64,4.46,1,1.05,1,24.5,13.5,34.9,33.44285714285714,13.9,168.0,0,0,0,1,1,0.1811,1.041,45.19
ORD_50907,W_a7088775dee01a79,ZONE_DEL_01,2026-08-31,71,3,5286.64,5341.1,0.0,259.5,0.0,Delhi_NCR,Metro,Food_Delivery,Bike,1.2,336,Full-Time,50.6,27,5286.64,4.46,1,1.05,1,76.6,23.5,34.4,31.24285714285714,13.1,145.57142857142858,0,0,0,1,1,0.2815,1.128,53.12
ORD_50908,W_a7088775dee01a79,ZONE_DEL_01,2026-09-07,73,3,5286.64,5494.81,0.0,359.9,0.0,Delhi_NCR,Metro,Food_Delivery,Bike,1.2,336,Full-Time,50.6,27,5286.64,4.46,1,1.05,1,19.1,8.7,34.4,32.471428571428575,14.1,142.0,0,0,0,0,1,0.1495,1.032,43.6
ORD_50909,W_a7088775dee01a79,ZONE_DEL_01,2026-09-14,71,3,5286.64,5376.17,0.0,407.9,0.0,Delhi_NCR,Metro,Food_Delivery,Bike,1.2,336,Full-Time,50.6,27,5286.64,4.46,1,1.05,1,7.6,3.7,35.0,33.05,14.4,149.0,0,0,0,0,1,0.1288,1.013,42.02
ORD_50910,W_b5465b8ea3e6c59b,ZONE_BOM_01,2026-06-22,74,3,5815.73,5612.36,203.37,266.7,0.0,Mumbai,Metro,Food_Delivery,Scooter,1.0,139,Full-Time,58.6,26,5815.73,4.38,1,1.0,1,24.8,11.5,31.1,30.425,15.3,184.0,0,0,0,1,1,0.1938,1.041,43.5
ORD_50911,W_b5465b8ea3e6c59b,ZONE_BOM_01,2026-06-29,11,3,5815.73,856.22,4959.51,42.3,0.85,Mumbai,Metro,Food_Delivery,Scooter,1.0,139,Full-Time,58.6,26,5815.73,4.38,1,1.0,1,493.0,136.9,28.6,27.642857142857142,30.3,147.0,0,0,6,0,1,1.0,1.822,79.0
ORD_50912,W_b5465b8ea3e6c59b,ZONE_BOM_01,2026-07-06,20,5,5815.73,1505.27,4310.46,71.7,0.744,Mumbai,Metro,Food_Delivery,Scooter,1.0,139,Full-Time,58.6,26,5815.73,4.38,1,1.0,1,235.5,131.8,30.2,29.142857142857142,34.6,143.85714285714286,0,0,2,0,1,0.8044,1.392,79.0
ORD_50913,W_b5465b8ea3e6c59b,ZONE_BOM_01,2026-07-13,48,7,5815.73,3652.21,2163.52,222.5,0.341,Mumbai,Metro,Food_Delivery,Scooter,1.0,139,Full-Time,58.6,26,5815.73,4.38,1,1.0,1,92.5,33.1,30.6,29.82857142857143,21.8,156.42857142857142,1,0,1,0,1,0.4088,1.154,56.9
ORD_50914,W_b5465b8ea3e6c59b,ZONE_BOM_01,2026-07-20,12,3,5815.73,914.46,4901.27,62.6,0.85,Mumbai,Metro,Food_Delivery,Scooter,1.0,139,Full-Time,58.6,26,5815.73,4.38,1,1.0,1,354.8,107.0,29.6,28.74285714285714,34.0,158.42857142857142,0,0,4,0,1,1.0,1.591,79.0
ORD_50915,W_b5465b8ea3e6c59b,ZONE_BOM_01,2026-07-27,49,8,5815.73,3738.01,2077.72,239.8,0.382,Mumbai,Metro,Food_Delivery,Scooter,1.0,139,Full-Time,58.6,26,5815.73,4.38,1,1.0,1,120.9,42.9,29.6,28.957142857142856,25.3,151.42857142857142,0,0,0,0,1,0.3856,1.202,58.29
ORD_50916,W_b5465b8ea3e6c59b,ZONE_BOM_01,2026-08-03,55,7,5815.73,4133.22,1682.51,305.0,0.318,Mumbai,Metro,Food_Delivery,Scooter,1.0,139,Full-Time,58.6,26,5815.73,4.38,1,1.0,1,76.8,18.7,29.7,29.285714285714285,21.2,139.0,0,0,0,0,1,0.277,1.128,50.42
ORD_50917,W_b5465b8ea3e6c59b,ZONE_BOM_01,2026-08-10,55,7,5815.73,4177.89,1637.84,222.3,0.296,Mumbai,Metro,Food_Delivery,Scooter,1.0,139,Full-Time,58.6,26,5815.73,4.38,1,1.0,1,96.6,30.6,29.7,28.61428571428572,19.0,142.57142857142858,0,0,0,1,1,0.3243,1.161,53.81
ORD_50918,W_b5465b8ea3e6c59b,ZONE_BOM_01,2026-08-17,41,7,5815.73,3130.59,2685.14,167.8,0.472,Mumbai,Metro,Food_Delivery,Scooter,1.0,139,Full-Time,58.6,26,5815.73,4.38,1,1.0,1,61.0,16.7,29.7,29.228571428571428,20.6,146.28571428571428,1,0,1,0,1,0.3303,1.102,51.31
ORD_50919,W_b5465b8ea3e6c59b,ZONE_BOM_01,2026-08-24,77,3,5815.73,5780.06,35.67,432.1,0.0,Mumbai,Metro,Food_Delivery,Scooter,1.0,139,Full-Time,58.6,26,5815.73,4.38,1,1.0,1,36.4,7.6,29.6,29.25714285714286,21.1,134.0,1,0,1,1,1,0.2657,1.061,47.0
ORD_50920,W_b5465b8ea3e6c59b,ZONE_BOM_01,2026-08-31,71,4,5815.73,5397.28,418.45,400.4,0.068,Mumbai,Metro,Food_Delivery,Scooter,1.0,139,Full-Time,58.6,26,5815.73,4.38,1,1.0,1,61.0,16.1,29.6,29.042857142857144,18.4,158.28571428571428,0,0,0,1,1,0.256,1.102,48.44
ORD_50921,W_b5465b8ea3e6c59b,ZONE_BOM_01,2026-09-07,80,4,5815.73,6012.66,0.0,421.4,0.0,Mumbai,Metro,Food_Delivery,Scooter,1.0,139,Full-Time,58.6,26,5815.73,4.38,1,1.0,1,52.9,25.5,30.0,29.071428571428573,15.3,169.57142857142858,0,0,0,0,1,0.2462,1.088,47.46
ORD_50922,W_b5465b8ea3e6c59b,ZONE_BOM_01,2026-09-14,75,3,5815.73,5657.79,157.94,318.0,0.0,Mumbai,Metro,Food_Delivery,Scooter,1.0,139,Full-Time,58.6,26,5815.73,4.38,1,1.0,1,23.3,10.3,30.0,29.625,20.1,162.0,0,0,0,0,1,0.1739,1.039,42.69
ORD_50923,W_14b3cf65a0556b53,ZONE_BLR_01,2026-06-22,38,1,2965.38,2910.47,54.91,145.0,0.0,Bangalore,Metro,Q_Commerce,Scooter,1.0,199,Part-Time,28.3,20,2965.38,4.79,1,1.0,0,16.3,5.3,30.1,29.475,20.2,135.25,0,0,0,1,1,0.1381,1.027,40.91
ORD_50924,W_14b3cf65a0556b53,ZONE_BLR_01,2026-06-29,32,3,2965.38,2463.4,501.98,130.1,0.15,Bangalore,Metro,Q_Commerce,Scooter,1.0,199,Part-Time,28.3,20,2965.38,4.79,1,1.0,0,20.1,8.4,29.2,27.985714285714288,29.9,153.85714285714286,1,0,1,0,1,0.244,1.034,45.02
ORD_50925,W_14b3cf65a0556b53,ZONE_BLR_01,2026-07-06,39,1,2965.38,2952.13,13.25,232.2,0.0,Bangalore,Metro,Q_Commerce,Scooter,1.0,199,Part-Time,28.3,20,2965.38,4.79,1,1.0,0,8.399999999999999,3.3,31.8,29.77142857142857,29.7,172.71428571428572,0,0,0,0,1,0.1484,1.014,40.76
ORD_50926,W_14b3cf65a0556b53,ZONE_BLR_01,2026-07-13,37,1,2965.38,2848.09,117.29,201.5,0.0,Bangalore,Metro,Q_Commerce,Scooter,1.0,199,Part-Time,28.3,20,2965.38,4.79,1,1.0,0,16.8,9.8,32.1,29.785714285714285,20.5,124.57142857142856,0,0,0,0,1,0.1312,1.028,40.7
ORD_50927,W_14b3cf65a0556b53,ZONE_BLR_01,2026-07-20,34,3,2965.38,2567.78,397.6,127.8,0.15,Bangalore,Metro,Q_Commerce,Scooter,1.0,199,Part-Time,28.3,20,2965.38,4.79,1,1.0,0,33.4,8.9,29.5,28.414285714285715,21.1,162.85714285714286,1,0,1,0,1,0.2806,1.056,47.33
ORD_50928,W_14b3cf65a0556b53,ZONE_BLR_01,2026-07-27,41,2,2965.38,3090.69,0.0,206.4,0.0,Bangalore,Metro,Q_Commerce,Scooter,1.0,199,Part-Time,28.3,20,2965.38,4.79,1,1.0,0,28.8,17.0,29.7,28.685714285714287,25.0,169.42857142857142,0,0,0,0,1,0.1919,1.048,43.72
ORD_50929,W_14b3cf65a0556b53,ZONE_BLR_01,2026-08-03,32,3,2965.38,2419.3,546.08,134.2,0.205,Bangalore,Metro,Q_Commerce,Scooter,1.0,199,Part-Time,28.3,20,2965.38,4.79,1,1.0,0,76.3,18.5,28.3,27.285714285714285,21.1,143.0,0,0,0,0,1,0.2789,1.127,50.45
ORD_50930,W_14b3cf65a0556b53,ZONE_BLR_01,2026-08-10,40,2,2965.38,3022.76,0.0,144.3,0.0,Bangalore,Metro,Q_Commerce,Scooter,1.0,199,Part-Time,28.3,20,2965.38,4.79,1,1.0,0,19.9,5.6,30.7,29.17142857142857,21.8,129.0,0,0,0,1,1,0.1415,1.033,41.27
ORD_50931,W_14b3cf65a0556b53,ZONE_BLR_01,2026-08-17,34,3,2965.38,2606.12,359.26,160.1,0.15,Bangalore,Metro,Q_Commerce,Scooter,1.0,199,Part-Time,28.3,20,2965.38,4.79,1,1.0,0,31.4,9.8,29.9,28.4,22.2,146.57142857142858,1,0,1,0,1,0.2639,1.052,46.54
ORD_50932,W_14b3cf65a0556b53,ZONE_BLR_01,2026-08-24,40,2,2965.38,3005.91,0.0,163.9,0.0,Bangalore,Metro,Q_Commerce,Scooter,1.0,199,Part-Time,28.3,20,2965.38,4.79,1,1.0,0,35.7,18.2,28.8,28.014285714285712,22.3,167.14285714285714,0,0,0,1,1,0.2057,1.06,44.73
ORD_50933,W_14b3cf65a0556b53,ZONE_BLR_01,2026-08-31,40,2,2965.38,3017.89,0.0,223.4,0.0,Bangalore,Metro,Q_Commerce,Scooter,1.0,199,Part-Time,28.3,20,2965.38,4.79,1,1.0,0,13.2,3.6,30.8,29.542857142857144,19.3,142.71428571428572,1,0,1,1,1,0.2201,1.022,43.64
ORD_50934,W_14b3cf65a0556b53,ZONE_BLR_01,2026-09-07,39,1,2965.38,2957.44,7.94,201.5,0.0,Bangalore,Metro,Q_Commerce,Scooter,1.0,199,Part-Time,28.3,20,2965.38,4.79,1,1.0,0,8.5,5.1,31.0,30.62857142857143,14.9,128.28571428571428,0,0,0,0,1,0.1153,1.014,39.58
ORD_50935,W_14b3cf65a0556b53,ZONE_BLR_01,2026-09-14,39,1,2965.38,2952.43,12.95,230.6,0.0,Bangalore,Metro,Q_Commerce,Scooter,1.0,199,Part-Time,28.3,20,2965.38,4.79,1,1.0,0,33.1,9.6,30.8,30.425,13.6,137.5,0,0,0,0,1,0.1776,1.055,43.48
ORD_50936,W_fa42c58b8e9f42f3,ZONE_HYD_01,2026-06-22,38,1,2883.93,2883.32,0.61,219.4,0.0,Hyderabad,Metro,E_Commerce,Scooter,1.0,252,Part-Time,26.8,15,2883.93,4.52,1,1.0,0,21.8,14.6,32.6,30.65,17.3,156.25,1,0,1,1,1,0.2496,1.036,45.31
ORD_50937,W_fa42c58b8e9f42f3,ZONE_HYD_01,2026-06-29,39,1,2883.93,2970.84,0.0,179.7,0.0,Hyderabad,Metro,E_Commerce,Scooter,1.0,252,Part-Time,26.8,15,2883.93,4.52,1,1.0,0,35.9,10.7,29.8,28.357142857142858,25.4,132.14285714285714,0,0,0,0,1,0.1799,1.06,43.77
ORD_50938,W_fa42c58b8e9f42f3,ZONE_HYD_01,2026-07-06,37,1,2883.93,2806.09,77.84,170.1,0.0,Hyderabad,Metro,E_Commerce,Scooter,1.0,252,Part-Time,26.8,15,2883.93,4.52,1,1.0,0,6.2,2.2,33.3,32.27142857142857,25.7,165.28571428571428,0,0,0,0,1,0.1379,1.01,40.22
ORD_50939,W_fa42c58b8e9f42f3,ZONE_HYD_01,2026-07-13,33,3,2883.93,2531.31,352.62,135.8,0.15,Hyderabad,Metro,E_Commerce,Scooter,1.0,252,Part-Time,26.8,15,2883.93,4.52,1,1.0,0,26.8,13.6,33.9,31.52857142857143,19.0,155.14285714285714,0,1,1,0,1,0.26,1.045,46.08
ORD_50940,W_fa42c58b8e9f42f3,ZONE_HYD_01,2026-07-20,38,1,2883.93,2890.98,0.0,215.7,0.0,Hyderabad,Metro,E_Commerce,Scooter,1.0,252,Part-Time,26.8,15,2883.93,4.52,1,1.0,0,38.8,13.9,30.0,28.61428571428572,25.3,132.85714285714286,0,0,0,0,1,0.1869,1.065,44.24
ORD_50941,W_fa42c58b8e9f42f3,ZONE_HYD_01,2026-07-27,31,3,2883.93,2331.12,552.81,129.1,0.203,Hyderabad,Metro,E_Commerce,Scooter,1.0,252,Part-Time,26.8,15,2883.93,4.52,1,1.0,0,70.5,24.9,30.6,28.585714285714285,24.3,137.0,0,0,0,0,1,0.2614,1.118,49.36
ORD_50942,W_fa42c58b8e9f42f3,ZONE_HYD_01,2026-08-03,36,1,2883.93,2771.25,112.68,203.2,0.0,Hyderabad,Metro,E_Commerce,Scooter,1.0,252,Part-Time,26.8,15,2883.93,4.52,1,1.0,0,20.5,9.0,30.6,29.442857142857143,20.0,136.28571428571428,0,0,0,0,1,0.1483,1.034,41.56
ORD_50943,W_fa42c58b8e9f42f3,ZONE_HYD_01,2026-08-10,36,1,2883.93,2768.28,115.65,152.4,0.0,Hyderabad,Metro,E_Commerce,Scooter,1.0,252,Part-Time,26.8,15,2883.93,4.52,1,1.0,0,12.6,3.6,30.8,29.82857142857143,19.8,137.42857142857142,0,0,0,1,1,0.1314,1.021,40.43
ORD_50944,W_fa42c58b8e9f42f3,ZONE_HYD_01,2026-08-17,31,3,2883.93,2359.21,524.72,137.5,0.21,Hyderabad,Metro,E_Commerce,Scooter,1.0,252,Part-Time,26.8,15,2883.93,4.52,1,1.0,0,18.2,11.0,31.5,30.228571428571428,19.4,148.85714285714286,0,1,1,0,1,0.2359,1.03,44.55
ORD_50945,W_fa42c58b8e9f42f3,ZONE_HYD_01,2026-08-24,40,2,2883.93,3020.35,0.0,245.8,0.0,Hyderabad,Metro,E_Commerce,Scooter,1.0,252,Part-Time,26.8,15,2883.93,4.52,1,1.0,0,10.4,3.2,30.4,29.17142857142857,21.5,140.14285714285714,0,0,0,1,1,0.1285,1.017,40.17
ORD_50946,W_fa42c58b8e9f42f3,ZONE_HYD_01,2026-08-31,37,1,2883.93,2817.1,66.83,133.6,0.0,Hyderabad,Metro,E_Commerce,Scooter,1.0,252,Part-Time,26.8,15,2883.93,4.52,1,1.0,0,8.8,5.3,32.0,30.228571428571428,19.7,159.14285714285714,0,0,0,1,1,0.1392,1.015,40.47
ORD_50947,W_fa42c58b8e9f42f3,ZONE_HYD_01,2026-09-07,33,3,2883.93,2501.61,382.32,155.7,0.15,Hyderabad,Metro,E_Commerce,Scooter,1.0,252,Part-Time,26.8,15,2883.93,4.52,1,1.0,0,26.3,11.7,32.2,31.057142857142857,15.3,156.57142857142858,1,0,1,0,1,0.2599,1.044,46.04
ORD_50948,W_fa42c58b8e9f42f3,ZONE_HYD_01,2026-09-14,36,1,2883.93,2768.79,115.14,194.8,0.0,Hyderabad,Metro,E_Commerce,Scooter,1.0,252,Part-Time,26.8,15,2883.93,4.52,1,1.0,0,12.7,5.5,33.4,31.525,10.7,147.5,0,0,0,0,1,0.1392,1.021,40.71
ORD_50949,W_01624169e6774b8c,ZONE_MAA_01,2026-06-22,41,2,3264.66,3111.6,153.06,239.8,0.0,Chennai,Metro,Q_Commerce,Scooter,1.0,66,Part-Time,28.5,10,3264.66,4.36,1,1.0,0,33.7,24.5,37.6,36.225,17.3,159.25,0,0,0,1,1,0.1953,1.056,44.18
ORD_50950,W_01624169e6774b8c,ZONE_MAA_01,2026-06-29,41,2,3264.66,3146.69,117.97,157.6,0.0,Chennai,Metro,Q_Commerce,Scooter,1.0,66,Part-Time,28.5,10,3264.66,4.36,1,1.0,0,11.8,5.8,38.4,35.55714285714286,23.0,123.0,0,0,0,0,1,0.1188,1.02,39.94
ORD_50951,W_01624169e6774b8c,ZONE_MAA_01,2026-07-06,35,3,3264.66,2684.96,579.7,213.2,0.15,Chennai,Metro,Q_Commerce,Scooter,1.0,66,Part-Time,28.5,10,3264.66,4.36,1,1.0,0,9.3,5.2,39.2,37.55714285714286,26.3,163.28571428571428,1,0,1,0,1,0.2267,1.016,43.62
ORD_50952,W_01624169e6774b8c,ZONE_MAA_01,2026-07-13,44,2,3264.66,3327.72,0.0,249.2,0.0,Chennai,Metro,Q_Commerce,Scooter,1.0,66,Part-Time,28.5,10,3264.66,4.36,1,1.0,0,11.3,4.9,38.7,36.51428571428571,19.1,141.57142857142858,0,0,0,0,1,0.1316,1.019,40.36
ORD_50953,W_01624169e6774b8c,ZONE_MAA_01,2026-07-20,37,3,3264.66,2843.49,421.17,163.1,0.12,Chennai,Metro,Q_Commerce,Scooter,1.0,66,Part-Time,28.5,10,3264.66,4.36,1,1.0,0,35.6,10.7,36.4,34.714285714285715,17.5,131.57142857142858,0,0,0,0,1,0.1788,1.059,43.69
ORD_50954,W_01624169e6774b8c,ZONE_MAA_01,2026-07-27,42,2,3264.66,3177.98,86.68,201.5,0.0,Chennai,Metro,Q_Commerce,Scooter,1.0,66,Part-Time,28.5,10,3264.66,4.36,1,1.0,0,26.0,8.2,37.6,36.48571428571429,23.1,145.14285714285714,0,0,0,0,1,0.1674,1.043,42.62
ORD_50955,W_01624169e6774b8c,ZONE_MAA_01,2026-08-03,43,2,3264.66,3281.58,0.0,223.8,0.0,Chennai,Metro,Q_Commerce,Scooter,1.0,66,Part-Time,28.5,10,3264.66,4.36,1,1.0,0,38.5,6.7,34.8,33.94285714285714,19.7,150.71428571428572,0,0,0,0,1,0.1997,1.064,44.68
ORD_50956,W_01624169e6774b8c,ZONE_MAA_01,2026-08-10,42,2,3264.66,3185.37,79.29,254.6,0.0,Chennai,Metro,Q_Commerce,Scooter,1.0,66,Part-Time,28.5,10,3264.66,4.36,1,1.0,0,15.6,9.3,35.5,35.08571428571428,18.4,153.57142857142858,1,0,1,1,1,0.2336,1.026,44.3
ORD_50957,W_01624169e6774b8c,ZONE_MAA_01,2026-08-17,42,2,3264.66,3156.85,107.81,256.5,0.0,Chennai,Metro,Q_Commerce,Scooter,1.0,66,Part-Time,28.5,10,3264.66,4.36,1,1.0,0,29.4,12.9,36.3,35.75714285714285,20.7,143.71428571428572,0,0,0,0,1,0.1739,1.049,43.1
ORD_50958,W_01624169e6774b8c,ZONE_MAA_01,2026-08-24,41,2,3264.66,3106.28,158.38,196.8,0.0,Chennai,Metro,Q_Commerce,Scooter,1.0,66,Part-Time,28.5,10,3264.66,4.36,1,1.0,0,15.1,7.6,36.6,34.77142857142857,18.4,144.14285714285714,1,0,1,1,1,0.2254,1.025,43.96
ORD_50959,W_01624169e6774b8c,ZONE_MAA_01,2026-08-31,42,2,3264.66,3210.26,54.4,197.9,0.0,Chennai,Metro,Q_Commerce,Scooter,1.0,66,Part-Time,28.5,10,3264.66,4.36,1,1.0,0,13.1,3.6,35.6,34.41428571428571,16.9,156.85714285714286,1,0,1,1,1,0.2305,1.022,44.01
ORD_50960,W_01624169e6774b8c,ZONE_MAA_01,2026-09-07,43,2,3264.66,3287.73,0.0,201.1,0.0,Chennai,Metro,Q_Commerce,Scooter,1.0,66,Part-Time,28.5,10,3264.66,4.36,1,1.0,0,23.3,11.4,35.6,34.214285714285715,14.8,136.57142857142858,0,0,0,0,1,0.1549,1.039,42.0
ORD_50961,W_01624169e6774b8c,ZONE_MAA_01,2026-09-14,36,3,3264.66,2751.33,513.33,197.2,0.15,Chennai,Metro,Q_Commerce,Scooter,1.0,66,Part-Time,28.5,10,3264.66,4.36,1,1.0,0,27.4,22.7,36.0,33.525,13.4,152.75,0,1,1,0,1,0.2595,1.046,46.11
ORD_50962,W_25440c2551afb2ba,ZONE_DEL_01,2026-06-22,63,3,4677.05,4763.99,0.0,362.2,0.0,Delhi_NCR,Metro,Food_Delivery,Bicycle,1.8,46,Full-Time,50.9,25,4677.05,4.13,1,1.2,1,4.0,1.2,41.9,40.425,14.3,188.25,0,0,0,1,1,0.1502,1.007,48.65
ORD_50963,W_25440c2551afb2ba,ZONE_DEL_01,2026-06-29,51,4,4677.05,3853.29,823.76,262.4,0.155,Delhi_NCR,Metro,Food_Delivery,Bicycle,1.8,46,Full-Time,50.9,25,4677.05,4.13,1,1.2,1,20.0,6.8,41.7,35.84285714285714,14.4,157.71428571428572,0,0,0,0,1,0.1633,1.033,50.47
ORD_50964,W_25440c2551afb2ba,ZONE_DEL_01,2026-07-06,9,2,4677.05,692.42,3984.63,43.3,0.85,Delhi_NCR,Metro,Food_Delivery,Bicycle,1.8,46,Full-Time,50.9,25,4677.05,4.13,1,1.2,1,122.9,99.8,36.7,32.9,18.9,156.0,1,0,2,0,1,0.5602,1.205,78.96
ORD_50965,W_25440c2551afb2ba,ZONE_DEL_01,2026-07-13,61,3,4677.05,4589.95,87.1,236.9,0.0,Delhi_NCR,Metro,Food_Delivery,Bicycle,1.8,46,Full-Time,50.9,25,4677.05,4.13,1,1.2,1,9.8,3.7,37.4,36.55714285714286,19.6,129.42857142857142,0,0,0,0,1,0.1191,1.016,47.75
ORD_50966,W_25440c2551afb2ba,ZONE_DEL_01,2026-07-20,40,5,4677.05,3020.22,1656.83,213.8,0.328,Delhi_NCR,Metro,Food_Delivery,Bicycle,1.8,46,Full-Time,50.9,25,4677.05,4.13,1,1.2,1,74.3,31.9,33.7,31.8,16.5,132.71428571428572,0,0,0,0,1,0.2667,1.124,59.8
ORD_50967,W_25440c2551afb2ba,ZONE_DEL_01,2026-07-27,63,3,4677.05,4752.22,0.0,382.2,0.0,Delhi_NCR,Metro,Food_Delivery,Bicycle,1.8,46,Full-Time,50.9,25,4677.05,4.13,1,1.2,1,51.900000000000006,19.5,35.3,32.94285714285714,14.4,172.57142857142858,0,0,0,0,1,0.2462,1.086,56.84
ORD_50968,W_25440c2551afb2ba,ZONE_DEL_01,2026-08-03,8,2,4677.05,670.13,4006.92,47.1,0.85,Delhi_NCR,Metro,Food_Delivery,Bicycle,1.8,46,Full-Time,50.9,25,4677.05,4.13,1,1.2,1,132.8,58.3,33.8,31.17142857142857,15.8,126.57142857142856,0,0,1,0,1,0.4771,1.221,75.75
ORD_50969,W_25440c2551afb2ba,ZONE_DEL_01,2026-08-10,64,3,4677.05,4846.67,0.0,300.6,0.0,Delhi_NCR,Metro,Food_Delivery,Bicycle,1.8,46,Full-Time,50.9,25,4677.05,4.13,1,1.2,1,45.8,12.5,34.4,32.614285714285714,11.1,170.42857142857142,0,0,0,1,1,0.2309,1.076,55.63
ORD_50970,W_25440c2551afb2ba,ZONE_DEL_01,2026-08-17,53,5,4677.05,4009.63,667.42,325.2,0.15,Delhi_NCR,Metro,Food_Delivery,Bicycle,1.8,46,Full-Time,50.9,25,4677.05,4.13,1,1.2,1,34.3,8.2,33.6,33.15714285714286,11.7,140.0,1,0,1,0,1,0.2655,1.057,56.18
ORD_50971,W_25440c2551afb2ba,ZONE_DEL_01,2026-08-24,62,3,4677.05,4692.16,0.0,368.6,0.0,Delhi_NCR,Metro,Food_Delivery,Bicycle,1.8,46,Full-Time,50.9,25,4677.05,4.13,1,1.2,1,24.5,13.5,34.9,33.44285714285714,13.9,168.0,0,0,0,1,1,0.1811,1.041,51.64
ORD_50972,W_25440c2551afb2ba,ZONE_DEL_01,2026-08-31,54,4,4677.05,4113.65,563.4,253.3,0.092,Delhi_NCR,Metro,Food_Delivery,Bicycle,1.8,46,Full-Time,50.9,25,4677.05,4.13,1,1.2,1,76.6,23.5,34.4,31.24285714285714,13.1,145.57142857142858,0,0,0,1,1,0.2815,1.128,60.71
ORD_50973,W_25440c2551afb2ba,ZONE_DEL_01,2026-09-07,62,3,4677.05,4716.69,0.0,353.6,0.0,Delhi_NCR,Metro,Food_Delivery,Bicycle,1.8,46,Full-Time,50.9,25,4677.05,4.13,1,1.2,1,19.1,8.7,34.4,32.471428571428575,14.1,142.0,0,0,0,0,1,0.1495,1.032,49.82
ORD_50974,W_25440c2551afb2ba,ZONE_DEL_01,2026-09-14,65,3,4677.05,4905.41,0.0,295.7,0.0,Delhi_NCR,Metro,Food_Delivery,Bicycle,1.8,46,Full-Time,50.9,25,4677.05,4.13,1,1.2,1,7.6,3.7,35.0,33.05,14.4,149.0,0,0,0,0,1,0.1288,1.013,48.03
ORD_50975,W_a67e67df3e474a61,ZONE_HYD_01,2026-06-22,29,1,2348.95,2242.64,106.31,164.2,0.0,Hyderabad,Metro,E_Commerce,Scooter,1.0,124,Part-Time,22.3,13,2348.95,5.0,1,1.0,0,21.8,14.6,32.6,30.65,17.3,156.25,1,0,1,1,1,0.2496,1.036,45.31
ORD_50976,W_a67e67df3e474a61,ZONE_HYD_01,2026-06-29,31,1,2348.95,2373.47,0.0,125.1,0.0,Hyderabad,Metro,E_Commerce,Scooter,1.0,124,Part-Time,22.3,13,2348.95,5.0,1,1.0,0,35.9,10.7,29.8,28.357142857142858,25.4,132.14285714285714,0,0,0,0,1,0.1799,1.06,43.77
ORD_50977,W_a67e67df3e474a61,ZONE_HYD_01,2026-07-06,31,1,2348.95,2347.74,1.21,170.6,0.0,Hyderabad,Metro,E_Commerce,Scooter,1.0,124,Part-Time,22.3,13,2348.95,5.0,1,1.0,0,6.2,2.2,33.3,32.27142857142857,25.7,165.28571428571428,0,0,0,0,1,0.1379,1.01,40.22
ORD_50978,W_a67e67df3e474a61,ZONE_HYD_01,2026-07-13,27,2,2348.95,2050.6,298.35,130.9,0.15,Hyderabad,Metro,E_Commerce,Scooter,1.0,124,Part-Time,22.3,13,2348.95,5.0,1,1.0,0,26.8,13.6,33.9,31.52857142857143,19.0,155.14285714285714,0,1,1,0,1,0.26,1.045,46.08
ORD_50979,W_a67e67df3e474a61,ZONE_HYD_01,2026-07-20,30,1,2348.95,2303.2,45.75,183.9,0.0,Hyderabad,Metro,E_Commerce,Scooter,1.0,124,Part-Time,22.3,13,2348.95,5.0,1,1.0,0,38.8,13.9,30.0,28.61428571428572,25.3,132.85714285714286,0,0,0,0,1,0.1869,1.065,44.24
ORD_50980,W_a67e67df3e474a61,ZONE_HYD_01,2026-07-27,23,2,2348.95,1746.7,602.25,97.9,0.25,Hyderabad,Metro,E_Commerce,Scooter,1.0,124,Part-Time,22.3,13,2348.95,5.0,1,1.0,0,70.5,24.9,30.6,28.585714285714285,24.3,137.0,0,0,0,0,1,0.2614,1.118,49.36
ORD_50981,W_a67e67df3e474a61,ZONE_HYD_01,2026-08-03,32,1,2348.95,2403.23,0.0,132.9,0.0,Hyderabad,Metro,E_Commerce,Scooter,1.0,124,Part-Time,22.3,13,2348.95,5.0,1,1.0,0,20.5,9.0,30.6,29.442857142857143,20.0,136.28571428571428,0,0,0,0,1,0.1483,1.034,41.56
ORD_50982,W_a67e67df3e474a61,ZONE_HYD_01,2026-08-10,30,1,2348.95,2271.84,77.11,147.9,0.0,Hyderabad,Metro,E_Commerce,Scooter,1.0,124,Part-Time,22.3,13,2348.95,5.0,1,1.0,0,12.6,3.6,30.8,29.82857142857143,19.8,137.42857142857142,0,0,0,1,1,0.1314,1.021,40.43
ORD_50983,W_a67e67df3e474a61,ZONE_HYD_01,2026-08-17,24,2,2348.95,1816.7,532.25,124.8,0.21,Hyderabad,Metro,E_Commerce,Scooter,1.0,124,Part-Time,22.3,13,2348.95,5.0,1,1.0,0,18.2,11.0,31.5,30.228571428571428,19.4,148.85714285714286,0,1,1,0,1,0.2359,1.03,44.55
ORD_50984,W_a67e67df3e474a61,ZONE_HYD_01,2026-08-24,30,1,2348.95,2259.21,89.74,158.1,0.0,Hyderabad,Metro,E_Commerce,Scooter,1.0,124,Part-Time,22.3,13,2348.95,5.0,1,1.0,0,10.4,3.2,30.4,29.17142857142857,21.5,140.14285714285714,0,0,0,1,1,0.1285,1.017,40.17
ORD_50985,W_a67e67df3e474a61,ZONE_HYD_01,2026-08-31,30,1,2348.95,2298.05,50.9,105.0,0.0,Hyderabad,Metro,E_Commerce,Scooter,1.0,124,Part-Time,22.3,13,2348.95,5.0,1,1.0,0,8.8,5.3,32.0,30.228571428571428,19.7,159.14285714285714,0,0,0,1,1,0.1392,1.015,40.47
ORD_50986,W_a67e67df3e474a61,ZONE_HYD_01,2026-09-07,25,2,2348.95,1922.12,426.83,150.5,0.15,Hyderabad,Metro,E_Commerce,Scooter,1.0,124,Part-Time,22.3,13,2348.95,5.0,1,1.0,0,26.3,11.7,32.2,31.057142857142857,15.3,156.57142857142858,1,0,1,0,1,0.2599,1.044,46.04
ORD_50987,W_a67e67df3e474a61,ZONE_HYD_01,2026-09-14,32,1,2348.95,2435.24,0.0,132.2,0.0,Hyderabad,Metro,E_Commerce,Scooter,1.0,124,Part-Time,22.3,13,2348.95,5.0,1,1.0,0,12.7,5.5,33.4,31.525,10.7,147.5,0,0,0,0,1,0.1392,1.021,40.71
ORD_50988,W_74c5dc4729a717f3,ZONE_BLR_01,2026-06-22,36,1,2688.46,2763.3,0.0,185.2,0.0,Bangalore,Metro,E_Commerce,Scooter,1.0,171,Part-Time,24.7,12,2688.46,4.23,1,1.0,0,16.3,5.3,30.1,29.475,20.2,135.25,0,0,0,1,1,0.1381,1.027,40.91
ORD_50989,W_74c5dc4729a717f3,ZONE_BLR_01,2026-06-29,31,2,2688.46,2392.8,295.66,139.8,0.15,Bangalore,Metro,E_Commerce,Scooter,1.0,171,Part-Time,24.7,12,2688.46,4.23,1,1.0,0,20.1,8.4,29.2,27.985714285714288,29.9,153.85714285714286,1,0,1,0,1,0.244,1.034,45.02
ORD_50990,W_74c5dc4729a717f3,ZONE_BLR_01,2026-07-06,36,1,2688.46,2737.24,0.0,132.2,0.0,Bangalore,Metro,E_Commerce,Scooter,1.0,171,Part-Time,24.7,12,2688.46,4.23,1,1.0,0,8.399999999999999,3.3,31.8,29.77142857142857,29.7,172.71428571428572,0,0,0,0,1,0.1484,1.014,40.76
ORD_50991,W_74c5dc4729a717f3,ZONE_BLR_01,2026-07-13,35,1,2688.46,2660.57,27.89,213.6,0.0,Bangalore,Metro,E_Commerce,Scooter,1.0,171,Part-Time,24.7,12,2688.46,4.23,1,1.0,0,16.8,9.8,32.1,29.785714285714285,20.5,124.57142857142856,0,0,0,0,1,0.1312,1.028,40.7
ORD_50992,W_74c5dc4729a717f3,ZONE_BLR_01,2026-07-20,30,2,2688.46,2294.1,394.36,128.3,0.15,Bangalore,Metro,E_Commerce,Scooter,1.0,171,Part-Time,24.7,12,2688.46,4.23,1,1.0,0,33.4,8.9,29.5,28.414285714285715,21.1,162.85714285714286,1,0,1,0,1,0.2806,1.056,47.33
ORD_50993,W_74c5dc4729a717f3,ZONE_BLR_01,2026-07-27,34,1,2688.46,2586.37,102.09,183.6,0.0,Bangalore,Metro,E_Commerce,Scooter,1.0,171,Part-Time,24.7,12,2688.46,4.23,1,1.0,0,28.8,17.0,29.7,28.685714285714287,25.0,169.42857142857142,0,0,0,0,1,0.1919,1.048,43.72
ORD_50994,W_74c5dc4729a717f3,ZONE_BLR_01,2026-08-03,26,3,2688.46,1999.61,688.85,157.8,0.247,Bangalore,Metro,E_Commerce,Scooter,1.0,171,Part-Time,24.7,12,2688.46,4.23,1,1.0,0,76.3,18.5,28.3,27.285714285714285,21.1,143.0,0,0,0,0,1,0.2789,1.127,50.45
ORD_50995,W_74c5dc4729a717f3,ZONE_BLR_01,2026-08-10,34,1,2688.46,2560.01,128.45,146.9,0.0,Bangalore,Metro,E_Commerce,Scooter,1.0,171,Part-Time,24.7,12,2688.46,4.23,1,1.0,0,19.9,5.6,30.7,29.17142857142857,21.8,129.0,0,0,0,1,1,0.1415,1.033,41.27
ORD_50996,W_74c5dc4729a717f3,ZONE_BLR_01,2026-08-17,31,2,2688.46,2381.41,307.05,135.4,0.15,Bangalore,Metro,E_Commerce,Scooter,1.0,171,Part-Time,24.7,12,2688.46,4.23,1,1.0,0,31.4,9.8,29.9,28.4,22.2,146.57142857142858,1,0,1,0,1,0.2639,1.052,46.54
ORD_50997,W_74c5dc4729a717f3,ZONE_BLR_01,2026-08-24,34,1,2688.46,2621.85,66.61,168.0,0.0,Bangalore,Metro,E_Commerce,Scooter,1.0,171,Part-Time,24.7,12,2688.46,4.23,1,1.0,0,35.7,18.2,28.8,28.014285714285712,22.3,167.14285714285714,0,0,0,1,1,0.2057,1.06,44.73
ORD_50998,W_74c5dc4729a717f3,ZONE_BLR_01,2026-08-31,37,1,2688.46,2775.51,0.0,139.8,0.0,Bangalore,Metro,E_Commerce,Scooter,1.0,171,Part-Time,24.7,12,2688.46,4.23,1,1.0,0,13.2,3.6,30.8,29.542857142857144,19.3,142.71428571428572,1,0,1,1,1,0.2201,1.022,43.64
ORD_50999,W_74c5dc4729a717f3,ZONE_BLR_01,2026-09-07,37,1,2688.46,2807.56,0.0,208.9,0.0,Bangalore,Metro,E_Commerce,Scooter,1.0,171,Part-Time,24.7,12,2688.46,4.23,1,1.0,0,8.5,5.1,31.0,30.62857142857143,14.9,128.28571428571428,0,0,0,0,1,0.1153,1.014,39.58
ORD_51000,W_74c5dc4729a717f3,ZONE_BLR_01,2026-09-14,34,1,2688.46,2602.77,85.69,184.4,0.0,Bangalore,Metro,E_Commerce,Scooter,1.0,171,Part-Time,24.7,12,2688.46,4.23,1,1.0,0,33.1,9.6,30.8,30.425,13.6,137.5,0,0,0,0,1,0.1776,1.055,43.48
ORD_51001,W_4122300498fcabb0,ZONE_BLR_01,2026-06-22,61,3,4691.66,4637.69,53.97,279.8,0.0,Bangalore,Metro,Food_Delivery,Scooter,1.0,22,Full-Time,45.9,29,4691.66,4.88,1,1.0,1,16.3,5.3,30.1,29.475,20.2,135.25,0,0,0,1,1,0.1381,1.027,40.91
ORD_51002,W_4122300498fcabb0,ZONE_BLR_01,2026-06-29,54,5,4691.66,4100.88,590.78,329.4,0.15,Bangalore,Metro,Food_Delivery,Scooter,1.0,22,Full-Time,45.9,29,4691.66,4.88,1,1.0,1,20.1,8.4,29.2,27.985714285714288,29.9,153.85714285714286,1,0,1,0,1,0.244,1.034,45.02
ORD_51003,W_4122300498fcabb0,ZONE_BLR_01,2026-07-06,60,3,4691.66,4516.5,175.16,278.1,0.0,Bangalore,Metro,Food_Delivery,Scooter,1.0,22,Full-Time,45.9,29,4691.66,4.88,1,1.0,1,8.399999999999999,3.3,31.8,29.77142857142857,29.7,172.71428571428572,0,0,0,0,1,0.1484,1.014,40.76
ORD_51004,W_4122300498fcabb0,ZONE_BLR_01,2026-07-13,62,3,4691.66,4682.72,8.94,280.0,0.0,Bangalore,Metro,Food_Delivery,Scooter,1.0,22,Full-Time,45.9,29,4691.66,4.88,1,1.0,1,16.8,9.8,32.1,29.785714285714285,20.5,124.57142857142856,0,0,0,0,1,0.1312,1.028,40.7
ORD_51005,W_4122300498fcabb0,ZONE_BLR_01,2026-07-20,52,4,4691.66,3933.35,758.31,189.3,0.15,Bangalore,Metro,Food_Delivery,Scooter,1.0,22,Full-Time,45.9,29,4691.66,4.88,1,1.0,1,33.4,8.9,29.5,28.414285714285715,21.1,162.85714285714286,1,0,1,0,1,0.2806,1.056,47.33
ORD_51006,W_4122300498fcabb0,ZONE_BLR_01,2026-07-27,63,3,4691.66,4778.71,0.0,294.7,0.0,Bangalore,Metro,Food_Delivery,Scooter,1.0,22,Full-Time,45.9,29,4691.66,4.88,1,1.0,1,28.8,17.0,29.7,28.685714285714287,25.0,169.42857142857142,0,0,0,0,1,0.1919,1.048,43.72
ORD_51007,W_4122300498fcabb0,ZONE_BLR_01,2026-08-03,52,5,4691.66,3972.52,719.14,294.7,0.179,Bangalore,Metro,Food_Delivery,Scooter,1.0,22,Full-Time,45.9,29,4691.66,4.88,1,1.0,1,76.3,18.5,28.3,27.285714285714285,21.1,143.0,0,0,0,0,1,0.2789,1.127,50.45
ORD_51008,W_4122300498fcabb0,ZONE_BLR_01,2026-08-10,62,3,4691.66,4685.28,6.38,267.0,0.0,Bangalore,Metro,Food_Delivery,Scooter,1.0,22,Full-Time,45.9,29,4691.66,4.88,1,1.0,1,19.9,5.6,30.7,29.17142857142857,21.8,129.0,0,0,0,1,1,0.1415,1.033,41.27
ORD_51009,W_4122300498fcabb0,ZONE_BLR_01,2026-08-17,53,5,4691.66,4042.98,648.68,226.7,0.15,Bangalore,Metro,Food_Delivery,Scooter,1.0,22,Full-Time,45.9,29,4691.66,4.88,1,1.0,1,31.4,9.8,29.9,28.4,22.2,146.57142857142858,1,0,1,0,1,0.2639,1.052,46.54
ORD_51010,W_4122300498fcabb0,ZONE_BLR_01,2026-08-24,60,3,4691.66,4567.8,123.86,328.3,0.0,Bangalore,Metro,Food_Delivery,Scooter,1.0,22,Full-Time,45.9,29,4691.66,4.88,1,1.0,1,35.7,18.2,28.8,28.014285714285712,22.3,167.14285714285714,0,0,0,1,1,0.2057,1.06,44.73
ORD_51011,W_4122300498fcabb0,ZONE_BLR_01,2026-08-31,59,2,4691.66,4476.0,215.66,221.6,0.0,Bangalore,Metro,Food_Delivery,Scooter,1.0,22,Full-Time,45.9,29,4691.66,4.88,1,1.0,1,13.2,3.6,30.8,29.542857142857144,19.3,142.71428571428572,1,0,1,1,1,0.2201,1.022,43.64
ORD_51012,W_4122300498fcabb0,ZONE_BLR_01,2026-09-07,59,2,4691.66,4460.26,231.4,230.9,0.0,Bangalore,Metro,Food_Delivery,Scooter,1.0,22,Full-Time,45.9,29,4691.66,4.88,1,1.0,1,8.5,5.1,31.0,30.62857142857143,14.9,128.28571428571428,0,0,0,0,1,0.1153,1.014,39.58
ORD_51013,W_4122300498fcabb0,ZONE_BLR_01,2026-09-14,59,2,4691.66,4489.44,202.22,365.1,0.0,Bangalore,Metro,Food_Delivery,Scooter,1.0,22,Full-Time,45.9,29,4691.66,4.88,1,1.0,1,33.1,9.6,30.8,30.425,13.6,137.5,0,0,0,0,1,0.1776,1.055,43.48
ORD_51014,W_4caaa9b9adefcce3,ZONE_DEL_01,2026-06-22,69,3,5304.19,5192.17,112.02,269.3,0.0,Delhi_NCR,Metro,E_Commerce,Scooter,1.0,165,Full-Time,53.1,28,5304.19,4.6,1,1.0,1,4.0,1.2,41.9,40.425,14.3,188.25,0,0,0,1,1,0.1502,1.007,40.54
ORD_51015,W_4caaa9b9adefcce3,ZONE_DEL_01,2026-06-29,58,5,5304.19,4365.95,938.24,349.6,0.155,Delhi_NCR,Metro,E_Commerce,Scooter,1.0,165,Full-Time,53.1,28,5304.19,4.6,1,1.0,1,20.0,6.8,41.7,35.84285714285714,14.4,157.71428571428572,0,0,0,0,1,0.1633,1.033,42.06
ORD_51016,W_4caaa9b9adefcce3,ZONE_DEL_01,2026-07-06,17,4,5304.19,1287.02,4017.17,99.6,0.754,Delhi_NCR,Metro,E_Commerce,Scooter,1.0,165,Full-Time,53.1,28,5304.19,4.6,1,1.0,1,122.9,99.8,36.7,32.9,18.9,156.0,1,0,2,0,1,0.5602,1.205,65.8
ORD_51017,W_4caaa9b9adefcce3,ZONE_DEL_01,2026-07-13,69,3,5304.19,5248.49,55.7,303.9,0.0,Delhi_NCR,Metro,E_Commerce,Scooter,1.0,165,Full-Time,53.1,28,5304.19,4.6,1,1.0,1,9.8,3.7,37.4,36.55714285714286,19.6,129.42857142857142,0,0,0,0,1,0.1191,1.016,39.8
ORD_51018,W_4caaa9b9adefcce3,ZONE_DEL_01,2026-07-20,57,5,5304.19,4290.56,1013.63,248.2,0.181,Delhi_NCR,Metro,E_Commerce,Scooter,1.0,165,Full-Time,53.1,28,5304.19,4.6,1,1.0,1,74.3,31.9,33.7,31.8,16.5,132.71428571428572,0,0,0,0,1,0.2667,1.124,49.83
ORD_51019,W_4caaa9b9adefcce3,ZONE_DEL_01,2026-07-27,71,3,5304.19,5398.24,0.0,304.0,0.0,Delhi_NCR,Metro,E_Commerce,Scooter,1.0,165,Full-Time,53.1,28,5304.19,4.6,1,1.0,1,51.900000000000006,19.5,35.3,32.94285714285714,14.4,172.57142857142858,0,0,0,0,1,0.2462,1.086,47.37
ORD_51020,W_4caaa9b9adefcce3,ZONE_DEL_01,2026-08-03,26,6,5304.19,1951.23,3352.96,104.4,0.615,Delhi_NCR,Metro,E_Commerce,Scooter,1.0,165,Full-Time,53.1,28,5304.19,4.6,1,1.0,1,132.8,58.3,33.8,31.17142857142857,15.8,126.57142857142856,0,0,1,0,1,0.4771,1.221,63.12
ORD_51021,W_4caaa9b9adefcce3,ZONE_DEL_01,2026-08-10,70,3,5304.19,5255.08,49.11,422.1,0.0,Delhi_NCR,Metro,E_Commerce,Scooter,1.0,165,Full-Time,53.1,28,5304.19,4.6,1,1.0,1,45.8,12.5,34.4,32.614285714285714,11.1,170.42857142857142,0,0,0,1,1,0.2309,1.076,46.36
ORD_51022,W_4caaa9b9adefcce3,ZONE_DEL_01,2026-08-17,59,5,5304.19,4453.22,850.97,312.3,0.15,Delhi_NCR,Metro,E_Commerce,Scooter,1.0,165,Full-Time,53.1,28,5304.19,4.6,1,1.0,1,34.3,8.2,33.6,33.15714285714286,11.7,140.0,1,0,1,0,1,0.2655,1.057,46.82
ORD_51023,W_4caaa9b9adefcce3,ZONE_DEL_01,2026-08-24,68,3,5304.19,5174.28,129.91,261.3,0.0,Delhi_NCR,Metro,E_Commerce,Scooter,1.0,165,Full-Time,53.1,28,5304.19,4.6,1,1.0,1,24.5,13.5,34.9,33.44285714285714,13.9,168.0,0,0,0,1,1,0.1811,1.041,43.03
ORD_51024,W_4caaa9b9adefcce3,ZONE_DEL_01,2026-08-31,69,3,5304.19,5200.98,103.21,270.9,0.0,Delhi_NCR,Metro,E_Commerce,Scooter,1.0,165,Full-Time,53.1,28,5304.19,4.6,1,1.0,1,76.6,23.5,34.4,31.24285714285714,13.1,145.57142857142858,0,0,0,1,1,0.2815,1.128,50.59
ORD_51025,W_4caaa9b9adefcce3,ZONE_DEL_01,2026-09-07,68,3,5304.19,5131.28,172.91,377.7,0.0,Delhi_NCR,Metro,E_Commerce,Scooter,1.0,165,Full-Time,53.1,28,5304.19,4.6,1,1.0,1,19.1,8.7,34.4,32.471428571428575,14.1,142.0,0,0,0,0,1,0.1495,1.032,41.52
ORD_51026,W_4caaa9b9adefcce3,ZONE_DEL_01,2026-09-14,67,3,5304.19,5047.38,256.81,335.4,0.0,Delhi_NCR,Metro,E_Commerce,Scooter,1.0,165,Full-Time,53.1,28,5304.19,4.6,1,1.0,1,7.6,3.7,35.0,33.05,14.4,149.0,0,0,0,0,1,0.1288,1.013,40.02
ORD_51027,W_288eecdb59811787,ZONE_MAA_01,2026-06-22,39,1,3031.65,2995.11,36.54,189.8,0.0,Chennai,Metro,E_Commerce,Scooter,1.0,84,Part-Time,28.2,20,3031.65,4.26,1,1.0,0,33.7,24.5,37.6,36.225,17.3,159.25,0,0,0,1,1,0.1953,1.056,44.18
ORD_51028,W_288eecdb59811787,ZONE_MAA_01,2026-06-29,40,2,3031.65,3050.7,0.0,173.8,0.0,Chennai,Metro,E_Commerce,Scooter,1.0,84,Part-Time,28.2,20,3031.65,4.26,1,1.0,0,11.8,5.8,38.4,35.55714285714286,23.0,123.0,0,0,0,0,1,0.1188,1.02,39.94
ORD_51029,W_288eecdb59811787,ZONE_MAA_01,2026-07-06,33,3,3031.65,2524.1,507.55,180.8,0.15,Chennai,Metro,E_Commerce,Scooter,1.0,84,Part-Time,28.2,20,3031.65,4.26,1,1.0,0,9.3,5.2,39.2,37.55714285714286,26.3,163.28571428571428,1,0,1,0,1,0.2267,1.016,43.62
ORD_51030,W_288eecdb59811787,ZONE_MAA_01,2026-07-13,41,2,3031.65,3144.21,0.0,164.8,0.0,Chennai,Metro,E_Commerce,Scooter,1.0,84,Part-Time,28.2,20,3031.65,4.26,1,1.0,0,11.3,4.9,38.7,36.51428571428571,19.1,141.57142857142858,0,0,0,0,1,0.1316,1.019,40.36
ORD_51031,W_288eecdb59811787,ZONE_MAA_01,2026-07-20,34,2,3031.65,2560.5,471.15,201.4,0.12,Chennai,Metro,E_Commerce,Scooter,1.0,84,Part-Time,28.2,20,3031.65,4.26,1,1.0,0,35.6,10.7,36.4,34.714285714285715,17.5,131.57142857142858,0,0,0,0,1,0.1788,1.059,43.69
ORD_51032,W_288eecdb59811787,ZONE_MAA_01,2026-07-27,39,1,3031.65,2986.14,45.51,194.6,0.0,Chennai,Metro,E_Commerce,Scooter,1.0,84,Part-Time,28.2,20,3031.65,4.26,1,1.0,0,26.0,8.2,37.6,36.48571428571429,23.1,145.14285714285714,0,0,0,0,1,0.1674,1.043,42.62
ORD_51033,W_288eecdb59811787,ZONE_MAA_01,2026-08-03,39,1,3031.65,2989.07,42.58,149.7,0.0,Chennai,Metro,E_Commerce,Scooter,1.0,84,Part-Time,28.2,20,3031.65,4.26,1,1.0,0,38.5,6.7,34.8,33.94285714285714,19.7,150.71428571428572,0,0,0,0,1,0.1997,1.064,44.68
ORD_51034,W_288eecdb59811787,ZONE_MAA_01,2026-08-10,40,2,3031.65,3058.73,0.0,196.7,0.0,Chennai,Metro,E_Commerce,Scooter,1.0,84,Part-Time,28.2,20,3031.65,4.26,1,1.0,0,15.6,9.3,35.5,35.08571428571428,18.4,153.57142857142858,1,0,1,1,1,0.2336,1.026,44.3
ORD_51035,W_288eecdb59811787,ZONE_MAA_01,2026-08-17,39,1,3031.65,2941.61,90.04,184.1,0.0,Chennai,Metro,E_Commerce,Scooter,1.0,84,Part-Time,28.2,20,3031.65,4.26,1,1.0,0,29.4,12.9,36.3,35.75714285714285,20.7,143.71428571428572,0,0,0,0,1,0.1739,1.049,43.1
ORD_51036,W_288eecdb59811787,ZONE_MAA_01,2026-08-24,41,2,3031.65,3121.67,0.0,208.9,0.0,Chennai,Metro,E_Commerce,Scooter,1.0,84,Part-Time,28.2,20,3031.65,4.26,1,1.0,0,15.1,7.6,36.6,34.77142857142857,18.4,144.14285714285714,1,0,1,1,1,0.2254,1.025,43.96
ORD_51037,W_288eecdb59811787,ZONE_MAA_01,2026-08-31,38,1,3031.65,2909.45,122.2,189.2,0.0,Chennai,Metro,E_Commerce,Scooter,1.0,84,Part-Time,28.2,20,3031.65,4.26,1,1.0,0,13.1,3.6,35.6,34.41428571428571,16.9,156.85714285714286,1,0,1,1,1,0.2305,1.022,44.01
ORD_51038,W_288eecdb59811787,ZONE_MAA_01,2026-09-07,41,2,3031.65,3093.11,0.0,231.3,0.0,Chennai,Metro,E_Commerce,Scooter,1.0,84,Part-Time,28.2,20,3031.65,4.26,1,1.0,0,23.3,11.4,35.6,34.214285714285715,14.8,136.57142857142858,0,0,0,0,1,0.1549,1.039,42.0
ORD_51039,W_288eecdb59811787,ZONE_MAA_01,2026-09-14,34,3,3031.65,2610.17,421.48,133.0,0.15,Chennai,Metro,E_Commerce,Scooter,1.0,84,Part-Time,28.2,20,3031.65,4.26,1,1.0,0,27.4,22.7,36.0,33.525,13.4,152.75,0,1,1,0,1,0.2595,1.046,46.11
ORD_51040,W_30c19def9adcb74f,ZONE_BLR_01,2026-06-22,85,4,6248.3,6379.62,0.0,452.9,0.0,Bangalore,Metro,Q_Commerce,Bike,1.2,73,Full-Time,58.6,26,6248.3,4.79,1,1.05,1,16.3,5.3,30.1,29.475,20.2,135.25,0,0,0,1,1,0.1381,1.027,42.95
ORD_51041,W_30c19def9adcb74f,ZONE_BLR_01,2026-06-29,67,6,6248.3,5058.48,1189.82,309.0,0.15,Bangalore,Metro,Q_Commerce,Bike,1.2,73,Full-Time,58.6,26,6248.3,4.79,1,1.05,1,20.1,8.4,29.2,27.985714285714288,29.9,153.85714285714286,1,0,1,0,1,0.244,1.034,47.27
ORD_51042,W_30c19def9adcb74f,ZONE_BLR_01,2026-07-06,81,4,6248.3,6143.92,104.38,429.9,0.0,Bangalore,Metro,Q_Commerce,Bike,1.2,73,Full-Time,58.6,26,6248.3,4.79,1,1.05,1,8.399999999999999,3.3,31.8,29.77142857142857,29.7,172.71428571428572,0,0,0,0,1,0.1484,1.014,42.79
ORD_51043,W_30c19def9adcb74f,ZONE_BLR_01,2026-07-13,80,4,6248.3,6070.93,177.37,407.6,0.0,Bangalore,Metro,Q_Commerce,Bike,1.2,73,Full-Time,58.6,26,6248.3,4.79,1,1.05,1,16.8,9.8,32.1,29.785714285714285,20.5,124.57142857142856,0,0,0,0,1,0.1312,1.028,42.74
ORD_51044,W_30c19def9adcb74f,ZONE_BLR_01,2026-07-20,73,6,6248.3,5530.51,717.79,412.7,0.15,Bangalore,Metro,Q_Commerce,Bike,1.2,73,Full-Time,58.6,26,6248.3,4.79,1,1.05,1,33.4,8.9,29.5,28.414285714285715,21.1,162.85714285714286,1,0,1,0,1,0.2806,1.056,49.7
ORD_51045,W_30c19def9adcb74f,ZONE_BLR_01,2026-07-27,86,4,6248.3,6511.64,0.0,528.2,0.0,Bangalore,Metro,Q_Commerce,Bike,1.2,73,Full-Time,58.6,26,6248.3,4.79,1,1.05,1,28.8,17.0,29.7,28.685714285714287,25.0,169.42857142857142,0,0,0,0,1,0.1919,1.048,45.9
ORD_51046,W_30c19def9adcb74f,ZONE_BLR_01,2026-08-03,68,7,6248.3,5174.35,1073.95,313.8,0.182,Bangalore,Metro,Q_Commerce,Bike,1.2,73,Full-Time,58.6,26,6248.3,4.79,1,1.05,1,76.3,18.5,28.3,27.285714285714285,21.1,143.0,0,0,0,0,1,0.2789,1.127,52.97
ORD_51047,W_30c19def9adcb74f,ZONE_BLR_01,2026-08-10,86,4,6248.3,6473.15,0.0,359.5,0.0,Bangalore,Metro,Q_Commerce,Bike,1.2,73,Full-Time,58.6,26,6248.3,4.79,1,1.05,1,19.9,5.6,30.7,29.17142857142857,21.8,129.0,0,0,0,1,1,0.1415,1.033,43.33
ORD_51048,W_30c19def9adcb74f,ZONE_BLR_01,2026-08-17,74,7,6248.3,5566.53,681.77,381.6,0.15,Bangalore,Metro,Q_Commerce,Bike,1.2,73,Full-Time,58.6,26,6248.3,4.79,1,1.05,1,31.4,9.8,29.9,28.4,22.2,146.57142857142858,1,0,1,0,1,0.2639,1.052,48.86
ORD_51049,W_30c19def9adcb74f,ZONE_BLR_01,2026-08-24,85,4,6248.3,6431.71,0.0,317.1,0.0,Bangalore,Metro,Q_Commerce,Bike,1.2,73,Full-Time,58.6,26,6248.3,4.79,1,1.05,1,35.7,18.2,28.8,28.014285714285712,22.3,167.14285714285714,0,0,0,1,1,0.2057,1.06,46.97
ORD_51050,W_30c19def9adcb74f,ZONE_BLR_01,2026-08-31,80,4,6248.3,6050.51,197.79,443.8,0.0,Bangalore,Metro,Q_Commerce,Bike,1.2,73,Full-Time,58.6,26,6248.3,4.79,1,1.05,1,13.2,3.6,30.8,29.542857142857144,19.3,142.71428571428572,1,0,1,1,1,0.2201,1.022,45.83
ORD_51051,W_30c19def9adcb74f,ZONE_BLR_01,2026-09-07,79,3,6248.3,5949.62,298.68,450.7,0.0,Bangalore,Metro,Q_Commerce,Bike,1.2,73,Full-Time,58.6,26,6248.3,4.79,1,1.05,1,8.5,5.1,31.0,30.62857142857143,14.9,128.28571428571428,0,0,0,0,1,0.1153,1.014,41.56
ORD_51052,W_30c19def9adcb74f,ZONE_BLR_01,2026-09-14,79,3,6248.3,5944.6,303.7,416.7,0.0,Bangalore,Metro,Q_Commerce,Bike,1.2,73,Full-Time,58.6,26,6248.3,4.79,1,1.05,1,33.1,9.6,30.8,30.425,13.6,137.5,0,0,0,0,1,0.1776,1.055,45.66
ORD_51053,W_2ab23fbe3087d5c4,ZONE_BOM_01,2026-06-22,32,1,2439.22,2406.31,32.91,164.8,0.0,Mumbai,Metro,Food_Delivery,Scooter,1.0,556,Part-Time,21.7,15,2439.22,5.0,1,1.0,0,24.8,11.5,31.1,30.425,15.3,184.0,0,0,0,1,1,0.1938,1.041,43.5
ORD_51054,W_2ab23fbe3087d5c4,ZONE_BOM_01,2026-06-29,4,1,2439.22,360.12,2079.1,15.2,0.85,Mumbai,Metro,Food_Delivery,Scooter,1.0,556,Part-Time,21.7,15,2439.22,5.0,1,1.0,0,493.0,136.9,28.6,27.642857142857142,30.3,147.0,0,0,6,0,1,1.0,1.822,79.0
ORD_51055,W_2ab23fbe3087d5c4,ZONE_BOM_01,2026-07-06,11,2,2439.22,827.04,1612.18,54.0,0.664,Mumbai,Metro,Food_Delivery,Scooter,1.0,556,Part-Time,21.7,15,2439.22,5.0,1,1.0,0,235.5,131.8,30.2,29.142857142857142,34.6,143.85714285714286,0,0,2,0,1,0.8044,1.392,79.0
ORD_51056,W_2ab23fbe3087d5c4,ZONE_BOM_01,2026-07-13,19,3,2439.22,1437.29,1001.93,88.2,0.411,Mumbai,Metro,Food_Delivery,Scooter,1.0,556,Part-Time,21.7,15,2439.22,5.0,1,1.0,0,92.5,33.1,30.6,29.82857142857143,21.8,156.42857142857142,1,0,1,0,1,0.4088,1.154,56.9
ORD_51057,W_2ab23fbe3087d5c4,ZONE_BOM_01,2026-07-20,4,1,2439.22,348.56,2090.66,17.6,0.85,Mumbai,Metro,Food_Delivery,Scooter,1.0,556,Part-Time,21.7,15,2439.22,5.0,1,1.0,0,354.8,107.0,29.6,28.74285714285714,34.0,158.42857142857142,0,0,4,0,1,1.0,1.591,79.0
ORD_51058,W_2ab23fbe3087d5c4,ZONE_BOM_01,2026-07-27,15,3,2439.22,1150.79,1288.43,65.8,0.545,Mumbai,Metro,Food_Delivery,Scooter,1.0,556,Part-Time,21.7,15,2439.22,5.0,1,1.0,0,120.9,42.9,29.6,28.957142857142856,25.3,151.42857142857142,0,0,0,0,1,0.3856,1.202,58.29
ORD_51059,W_2ab23fbe3087d5c4,ZONE_BOM_01,2026-08-03,20,3,2439.22,1556.84,882.38,93.8,0.383,Mumbai,Metro,Food_Delivery,Scooter,1.0,556,Part-Time,21.7,15,2439.22,5.0,1,1.0,0,76.8,18.7,29.7,29.285714285714285,21.2,139.0,0,0,0,0,1,0.277,1.128,50.42
ORD_51060,W_2ab23fbe3087d5c4,ZONE_BOM_01,2026-08-10,26,2,2439.22,1976.73,462.49,126.8,0.154,Mumbai,Metro,Food_Delivery,Scooter,1.0,556,Part-Time,21.7,15,2439.22,5.0,1,1.0,0,96.6,30.6,29.7,28.61428571428572,19.0,142.57142857142858,0,0,0,1,1,0.3243,1.161,53.81
ORD_51061,W_2ab23fbe3087d5c4,ZONE_BOM_01,2026-08-17,13,2,2439.22,1030.8,1408.42,48.0,0.585,Mumbai,Metro,Food_Delivery,Scooter,1.0,556,Part-Time,21.7,15,2439.22,5.0,1,1.0,0,61.0,16.7,29.7,29.228571428571428,20.6,146.28571428571428,1,0,1,0,1,0.3303,1.102,51.31
ORD_51062,W_2ab23fbe3087d5c4,ZONE_BOM_01,2026-08-24,31,1,2439.22,2363.45,75.77,173.1,0.0,Mumbai,Metro,Food_Delivery,Scooter,1.0,556,Part-Time,21.7,15,2439.22,5.0,1,1.0,0,36.4,7.6,29.6,29.25714285714286,21.1,134.0,1,0,1,1,1,0.2657,1.061,47.0
ORD_51063,W_2ab23fbe3087d5c4,ZONE_BOM_01,2026-08-31,30,2,2439.22,2279.83,159.39,157.2,0.076,Mumbai,Metro,Food_Delivery,Scooter,1.0,556,Part-Time,21.7,15,2439.22,5.0,1,1.0,0,61.0,16.1,29.6,29.042857142857144,18.4,158.28571428571428,0,0,0,1,1,0.256,1.102,48.44
ORD_51064,W_2ab23fbe3087d5c4,ZONE_BOM_01,2026-09-07,30,1,2439.22,2324.17,115.05,172.1,0.0,Mumbai,Metro,Food_Delivery,Scooter,1.0,556,Part-Time,21.7,15,2439.22,5.0,1,1.0,0,52.9,25.5,30.0,29.071428571428573,15.3,169.57142857142858,0,0,0,0,1,0.2462,1.088,47.46
ORD_51065,W_2ab23fbe3087d5c4,ZONE_BOM_01,2026-09-14,33,1,2439.22,2509.54,0.0,138.6,0.0,Mumbai,Metro,Food_Delivery,Scooter,1.0,556,Part-Time,21.7,15,2439.22,5.0,1,1.0,0,23.3,10.3,30.0,29.625,20.1,162.0,0,0,0,0,1,0.1739,1.039,42.69
ORD_51066,W_debaf724a7b4b70e,ZONE_BOM_01,2026-06-22,77,3,5666.94,5785.2,0.0,314.2,0.0,Mumbai,Metro,Food_Delivery,Scooter,1.0,184,Full-Time,54.2,23,5666.94,4.59,1,1.0,1,24.8,11.5,31.1,30.425,15.3,184.0,0,0,0,1,1,0.1938,1.041,43.5
ORD_51067,W_debaf724a7b4b70e,ZONE_BOM_01,2026-06-29,10,3,5666.94,824.64,4842.3,39.8,0.85,Mumbai,Metro,Food_Delivery,Scooter,1.0,184,Full-Time,54.2,23,5666.94,4.59,1,1.0,1,493.0,136.9,28.6,27.642857142857142,30.3,147.0,0,0,6,0,1,1.0,1.822,79.0
ORD_51068,W_debaf724a7b4b70e,ZONE_BOM_01,2026-07-06,21,5,5666.94,1587.58,4079.36,102.3,0.718,Mumbai,Metro,Food_Delivery,Scooter,1.0,184,Full-Time,54.2,23,5666.94,4.59,1,1.0,1,235.5,131.8,30.2,29.142857142857142,34.6,143.85714285714286,0,0,2,0,1,0.8044,1.392,79.0
ORD_51069,W_debaf724a7b4b70e,ZONE_BOM_01,2026-07-13,46,7,5666.94,3479.92,2187.02,164.6,0.372,Mumbai,Metro,Food_Delivery,Scooter,1.0,184,Full-Time,54.2,23,5666.94,4.59,1,1.0,1,92.5,33.1,30.6,29.82857142857143,21.8,156.42857142857142,1,0,1,0,1,0.4088,1.154,56.9
ORD_51070,W_debaf724a7b4b70e,ZONE_BOM_01,2026-07-20,11,3,5666.94,841.18,4825.76,47.4,0.85,Mumbai,Metro,Food_Delivery,Scooter,1.0,184,Full-Time,54.2,23,5666.94,4.59,1,1.0,1,354.8,107.0,29.6,28.74285714285714,34.0,158.42857142857142,0,0,4,0,1,1.0,1.591,79.0
ORD_51071,W_debaf724a7b4b70e,ZONE_BOM_01,2026-07-27,36,7,5666.94,2767.57,2899.37,209.4,0.523,Mumbai,Metro,Food_Delivery,Scooter,1.0,184,Full-Time,54.2,23,5666.94,4.59,1,1.0,1,120.9,42.9,29.6,28.957142857142856,25.3,151.42857142857142,0,0,0,0,1,0.3856,1.202,58.29
ORD_51072,W_debaf724a7b4b70e,ZONE_BOM_01,2026-08-03,45,7,5666.94,3442.52,2224.42,242.1,0.369,Mumbai,Metro,Food_Delivery,Scooter,1.0,184,Full-Time,54.2,23,5666.94,4.59,1,1.0,1,76.8,18.7,29.7,29.285714285714285,21.2,139.0,0,0,0,0,1,0.277,1.128,50.42
ORD_51073,W_debaf724a7b4b70e,ZONE_BOM_01,2026-08-10,60,6,5666.94,4556.4,1110.54,220.5,0.191,Mumbai,Metro,Food_Delivery,Scooter,1.0,184,Full-Time,54.2,23,5666.94,4.59,1,1.0,1,96.6,30.6,29.7,28.61428571428572,19.0,142.57142857142858,0,0,0,1,1,0.3243,1.161,53.81
ORD_51074,W_debaf724a7b4b70e,ZONE_BOM_01,2026-08-17,31,6,5666.94,2379.48,3287.46,184.1,0.564,Mumbai,Metro,Food_Delivery,Scooter,1.0,184,Full-Time,54.2,23,5666.94,4.59,1,1.0,1,61.0,16.7,29.7,29.228571428571428,20.6,146.28571428571428,1,0,1,0,1,0.3303,1.102,51.31
ORD_51075,W_debaf724a7b4b70e,ZONE_BOM_01,2026-08-24,78,3,5666.94,5873.35,0.0,370.8,0.0,Mumbai,Metro,Food_Delivery,Scooter,1.0,184,Full-Time,54.2,23,5666.94,4.59,1,1.0,1,36.4,7.6,29.6,29.25714285714286,21.1,134.0,1,0,1,1,1,0.2657,1.061,47.0
ORD_51076,W_debaf724a7b4b70e,ZONE_BOM_01,2026-08-31,71,4,5666.94,5381.06,285.88,402.4,0.062,Mumbai,Metro,Food_Delivery,Scooter,1.0,184,Full-Time,54.2,23,5666.94,4.59,1,1.0,1,61.0,16.1,29.6,29.042857142857144,18.4,158.28571428571428,0,0,0,1,1,0.256,1.102,48.44
ORD_51077,W_debaf724a7b4b70e,ZONE_BOM_01,2026-09-07,75,3,5666.94,5628.29,38.65,421.6,0.0,Mumbai,Metro,Food_Delivery,Scooter,1.0,184,Full-Time,54.2,23,5666.94,4.59,1,1.0,1,52.9,25.5,30.0,29.071428571428573,15.3,169.57142857142858,0,0,0,0,1,0.2462,1.088,47.46
ORD_51078,W_debaf724a7b4b70e,ZONE_BOM_01,2026-09-14,75,3,5666.94,5645.66,21.28,453.0,0.0,Mumbai,Metro,Food_Delivery,Scooter,1.0,184,Full-Time,54.2,23,5666.94,4.59,1,1.0,1,23.3,10.3,30.0,29.625,20.1,162.0,0,0,0,0,1,0.1739,1.039,42.69
ORD_51079,W_f3201ecf78f39792,ZONE_DEL_01,2026-06-22,66,3,5019.97,5013.13,6.84,313.4,0.0,Delhi_NCR,Metro,Food_Delivery,Bike,1.2,304,Full-Time,50.4,26,5019.97,4.95,1,1.05,1,4.0,1.2,41.9,40.425,14.3,188.25,0,0,0,1,1,0.1502,1.007,42.57
ORD_51080,W_f3201ecf78f39792,ZONE_DEL_01,2026-06-29,58,5,5019.97,4362.8,657.17,331.7,0.155,Delhi_NCR,Metro,Food_Delivery,Bike,1.2,304,Full-Time,50.4,26,5019.97,4.95,1,1.05,1,20.0,6.8,41.7,35.84285714285714,14.4,157.71428571428572,0,0,0,0,1,0.1633,1.033,44.16
ORD_51081,W_f3201ecf78f39792,ZONE_DEL_01,2026-07-06,9,2,5019.97,728.88,4291.09,42.9,0.85,Delhi_NCR,Metro,Food_Delivery,Bike,1.2,304,Full-Time,50.4,26,5019.97,4.95,1,1.05,1,122.9,99.8,36.7,32.9,18.9,156.0,1,0,2,0,1,0.5602,1.205,69.09
ORD_51082,W_f3201ecf78f39792,ZONE_DEL_01,2026-07-13,70,3,5019.97,5254.94,0.0,387.3,0.0,Delhi_NCR,Metro,Food_Delivery,Bike,1.2,304,Full-Time,50.4,26,5019.97,4.95,1,1.05,1,9.8,3.7,37.4,36.55714285714286,19.6,129.42857142857142,0,0,0,0,1,0.1191,1.016,41.78
ORD_51083,W_f3201ecf78f39792,ZONE_DEL_01,2026-07-20,43,6,5019.97,3225.35,1794.62,204.8,0.326,Delhi_NCR,Metro,Food_Delivery,Bike,1.2,304,Full-Time,50.4,26,5019.97,4.95,1,1.05,1,74.3,31.9,33.7,31.8,16.5,132.71428571428572,0,0,0,0,1,0.2667,1.124,52.32
ORD_51084,W_f3201ecf78f39792,ZONE_DEL_01,2026-07-27,67,3,5019.97,5093.57,0.0,384.7,0.0,Delhi_NCR,Metro,Food_Delivery,Bike,1.2,304,Full-Time,50.4,26,5019.97,4.95,1,1.05,1,51.900000000000006,19.5,35.3,32.94285714285714,14.4,172.57142857142858,0,0,0,0,1,0.2462,1.086,49.74
ORD_51085,W_f3201ecf78f39792,ZONE_DEL_01,2026-08-03,28,6,5019.97,2173.21,2846.76,139.5,0.582,Delhi_NCR,Metro,Food_Delivery,Bike,1.2,304,Full-Time,50.4,26,5019.97,4.95,1,1.05,1,132.8,58.3,33.8,31.17142857142857,15.8,126.57142857142856,0,0,1,0,1,0.4771,1.221,66.28
ORD_51086,W_f3201ecf78f39792,ZONE_DEL_01,2026-08-10,64,3,5019.97,4868.02,151.95,278.8,0.0,Delhi_NCR,Metro,Food_Delivery,Bike,1.2,304,Full-Time,50.4,26,5019.97,4.95,1,1.05,1,45.8,12.5,34.4,32.614285714285714,11.1,170.42857142857142,0,0,0,1,1,0.2309,1.076,48.67
ORD_51087,W_f3201ecf78f39792,ZONE_DEL_01,2026-08-17,55,5,5019.97,4173.92,846.05,271.3,0.15,Delhi_NCR,Metro,Food_Delivery,Bike,1.2,304,Full-Time,50.4,26,5019.97,4.95,1,1.05,1,34.3,8.2,33.6,33.15714285714286,11.7,140.0,1,0,1,0,1,0.2655,1.057,49.16
ORD_51088,W_f3201ecf78f39792,ZONE_DEL_01,2026-08-24,63,3,5019.97,4794.92,225.05,247.5,0.0,Delhi_NCR,Metro,Food_Delivery,Bike,1.2,304,Full-Time,50.4,26,5019.97,4.95,1,1.05,1,24.5,13.5,34.9,33.44285714285714,13.9,168.0,0,0,0,1,1,0.1811,1.041,45.19
ORD_51089,W_f3201ecf78f39792,ZONE_DEL_01,2026-08-31,56,4,5019.97,4224.88,795.09,231.3,0.126,Delhi_NCR,Metro,Food_Delivery,Bike,1.2,304,Full-Time,50.4,26,5019.97,4.95,1,1.05,1,76.6,23.5,34.4,31.24285714285714,13.1,145.57142857142858,0,0,0,1,1,0.2815,1.128,53.12
ORD_51090,W_f3201ecf78f39792,ZONE_DEL_01,2026-09-07,66,3,5019.97,4996.56,23.41,323.2,0.0,Delhi_NCR,Metro,Food_Delivery,Bike,1.2,304,Full-Time,50.4,26,5019.97,4.95,1,1.05,1,19.1,8.7,34.4,32.471428571428575,14.1,142.0,0,0,0,0,1,0.1495,1.032,43.6
ORD_51091,W_f3201ecf78f39792,ZONE_DEL_01,2026-09-14,68,3,5019.97,5152.3,0.0,320.1,0.0,Delhi_NCR,Metro,Food_Delivery,Bike,1.2,304,Full-Time,50.4,26,5019.97,4.95,1,1.05,1,7.6,3.7,35.0,33.05,14.4,149.0,0,0,0,0,1,0.1288,1.013,42.02
ORD_51092,W_df7d87fe5dbc220a,ZONE_DEL_01,2026-06-22,29,1,2172.51,2235.48,0.0,149.9,0.0,Delhi_NCR,Metro,Q_Commerce,Scooter,1.0,155,Part-Time,18.9,21,2172.51,4.31,1,1.0,0,4.0,1.2,41.9,40.425,14.3,188.25,0,0,0,1,1,0.1502,1.007,40.54
ORD_51093,W_df7d87fe5dbc220a,ZONE_DEL_01,2026-06-29,23,2,2172.51,1764.74,407.77,90.2,0.155,Delhi_NCR,Metro,Q_Commerce,Scooter,1.0,155,Part-Time,18.9,21,2172.51,4.31,1,1.0,0,20.0,6.8,41.7,35.84285714285714,14.4,157.71428571428572,0,0,0,0,1,0.1633,1.033,42.06
ORD_51094,W_df7d87fe5dbc220a,ZONE_DEL_01,2026-07-06,7,1,2172.51,564.6,1607.91,38.6,0.737,Delhi_NCR,Metro,Q_Commerce,Scooter,1.0,155,Part-Time,18.9,21,2172.51,4.31,1,1.0,0,122.9,99.8,36.7,32.9,18.9,156.0,1,0,2,0,1,0.5602,1.205,65.8
ORD_51095,W_df7d87fe5dbc220a,ZONE_DEL_01,2026-07-13,29,1,2172.51,2190.05,0.0,131.9,0.0,Delhi_NCR,Metro,Q_Commerce,Scooter,1.0,155,Part-Time,18.9,21,2172.51,4.31,1,1.0,0,9.8,3.7,37.4,36.55714285714286,19.6,129.42857142857142,0,0,0,0,1,0.1191,1.016,39.8
ORD_51096,W_df7d87fe5dbc220a,ZONE_DEL_01,2026-07-20,23,2,2172.51,1742.06,430.45,116.2,0.176,Delhi_NCR,Metro,Q_Commerce,Scooter,1.0,155,Part-Time,18.9,21,2172.51,4.31,1,1.0,0,74.3,31.9,33.7,31.8,16.5,132.71428571428572,0,0,0,0,1,0.2667,1.124,49.83
ORD_51097,W_df7d87fe5dbc220a,ZONE_DEL_01,2026-07-27,28,1,2172.51,2155.88,16.63,136.9,0.0,Delhi_NCR,Metro,Q_Commerce,Scooter,1.0,155,Part-Time,18.9,21,2172.51,4.31,1,1.0,0,51.900000000000006,19.5,35.3,32.94285714285714,14.4,172.57142857142858,0,0,0,0,1,0.2462,1.086,47.37
ORD_51098,W_df7d87fe5dbc220a,ZONE_DEL_01,2026-08-03,13,2,2172.51,1028.58,1143.93,75.4,0.534,Delhi_NCR,Metro,Q_Commerce,Scooter,1.0,155,Part-Time,18.9,21,2172.51,4.31,1,1.0,0,132.8,58.3,33.8,31.17142857142857,15.8,126.57142857142856,0,0,1,0,1,0.4771,1.221,63.12
ORD_51099,W_df7d87fe5dbc220a,ZONE_DEL_01,2026-08-10,28,1,2172.51,2119.92,52.59,135.2,0.0,Delhi_NCR,Metro,Q_Commerce,Scooter,1.0,155,Part-Time,18.9,21,2172.51,4.31,1,1.0,0,45.8,12.5,34.4,32.614285714285714,11.1,170.42857142857142,0,0,0,1,1,0.2309,1.076,46.36
ORD_51100,W_df7d87fe5dbc220a,ZONE_DEL_01,2026-08-17,25,2,2172.51,1934.45,238.06,110.0,0.15,Delhi_NCR,Metro,Q_Commerce,Scooter,1.0,155,Part-Time,18.9,21,2172.51,4.31,1,1.0,0,34.3,8.2,33.6,33.15714285714286,11.7,140.0,1,0,1,0,1,0.2655,1.057,46.82
ORD_51101,W_df7d87fe5dbc220a,ZONE_DEL_01,2026-08-24,29,1,2172.51,2193.16,0.0,108.6,0.0,Delhi_NCR,Metro,Q_Commerce,Scooter,1.0,155,Part-Time,18.9,21,2172.51,4.31,1,1.0,0,24.5,13.5,34.9,33.44285714285714,13.9,168.0,0,0,0,1,1,0.1811,1.041,43.03
ORD_51102,W_df7d87fe5dbc220a,ZONE_DEL_01,2026-08-31,26,1,2172.51,1998.14,174.37,158.3,0.041,Delhi_NCR,Metro,Q_Commerce,Scooter,1.0,155,Part-Time,18.9,21,2172.51,4.31,1,1.0,0,76.6,23.5,34.4,31.24285714285714,13.1,145.57142857142858,0,0,0,1,1,0.2815,1.128,50.59
ORD_51103,W_df7d87fe5dbc220a,ZONE_DEL_01,2026-09-07,29,1,2172.51,2219.36,0.0,163.2,0.0,Delhi_NCR,Metro,Q_Commerce,Scooter,1.0,155,Part-Time,18.9,21,2172.51,4.31,1,1.0,0,19.1,8.7,34.4,32.471428571428575,14.1,142.0,0,0,0,0,1,0.1495,1.032,41.52
ORD_51104,W_df7d87fe5dbc220a,ZONE_DEL_01,2026-09-14,29,1,2172.51,2216.85,0.0,147.7,0.0,Delhi_NCR,Metro,Q_Commerce,Scooter,1.0,155,Part-Time,18.9,21,2172.51,4.31,1,1.0,0,7.6,3.7,35.0,33.05,14.4,149.0,0,0,0,0,1,0.1288,1.013,40.02
ORD_51105,W_a5b732a3ca5b34b8,ZONE_BLR_01,2026-06-22,74,3,5631.01,5602.81,28.2,430.5,0.0,Bangalore,Metro,Food_Delivery,Bike,1.2,61,Full-Time,55.0,28,5631.01,4.79,1,1.05,1,16.3,5.3,30.1,29.475,20.2,135.25,0,0,0,1,1,0.1381,1.027,42.95
ORD_51106,W_a5b732a3ca5b34b8,ZONE_BLR_01,2026-06-29,66,6,5631.01,5005.02,625.99,319.9,0.15,Bangalore,Metro,Food_Delivery,Bike,1.2,61,Full-Time,55.0,28,5631.01,4.79,1,1.05,1,20.1,8.4,29.2,27.985714285714288,29.9,153.85714285714286,1,0,1,0,1,0.244,1.034,47.27
ORD_51107,W_a5b732a3ca5b34b8,ZONE_BLR_01,2026-07-06,78,3,5631.01,5874.01,0.0,395.8,0.0,Bangalore,Metro,Food_Delivery,Bike,1.2,61,Full-Time,55.0,28,5631.01,4.79,1,1.05,1,8.399999999999999,3.3,31.8,29.77142857142857,29.7,172.71428571428572,0,0,0,0,1,0.1484,1.014,42.79
ORD_51108,W_a5b732a3ca5b34b8,ZONE_BLR_01,2026-07-13,75,3,5631.01,5652.62,0.0,354.5,0.0,Bangalore,Metro,Food_Delivery,Bike,1.2,61,Full-Time,55.0,28,5631.01,4.79,1,1.05,1,16.8,9.8,32.1,29.785714285714285,20.5,124.57142857142856,0,0,0,0,1,0.1312,1.028,42.74
ORD_51109,W_a5b732a3ca5b34b8,ZONE_BLR_01,2026-07-20,61,5,5631.01,4647.21,983.8,214.1,0.15,Bangalore,Metro,Food_Delivery,Bike,1.2,61,Full-Time,55.0,28,5631.01,4.79,1,1.05,1,33.4,8.9,29.5,28.414285714285715,21.1,162.85714285714286,1,0,1,0,1,0.2806,1.056,49.7
ORD_51110,W_a5b732a3ca5b34b8,ZONE_BLR_01,2026-07-27,73,3,5631.01,5485.45,145.56,356.0,0.0,Bangalore,Metro,Food_Delivery,Bike,1.2,61,Full-Time,55.0,28,5631.01,4.79,1,1.05,1,28.8,17.0,29.7,28.685714285714287,25.0,169.42857142857142,0,0,0,0,1,0.1919,1.048,45.9
ORD_51111,W_a5b732a3ca5b34b8,ZONE_BLR_01,2026-08-03,56,6,5631.01,4210.51,1420.5,344.3,0.248,Bangalore,Metro,Food_Delivery,Bike,1.2,61,Full-Time,55.0,28,5631.01,4.79,1,1.05,1,76.3,18.5,28.3,27.285714285714285,21.1,143.0,0,0,0,0,1,0.2789,1.127,52.97
ORD_51112,W_a5b732a3ca5b34b8,ZONE_BLR_01,2026-08-10,73,3,5631.01,5546.7,84.31,344.6,0.0,Bangalore,Metro,Food_Delivery,Bike,1.2,61,Full-Time,55.0,28,5631.01,4.79,1,1.05,1,19.9,5.6,30.7,29.17142857142857,21.8,129.0,0,0,0,1,1,0.1415,1.033,43.33
ORD_51113,W_a5b732a3ca5b34b8,ZONE_BLR_01,2026-08-17,61,5,5631.01,4610.95,1020.06,221.4,0.15,Bangalore,Metro,Food_Delivery,Bike,1.2,61,Full-Time,55.0,28,5631.01,4.79,1,1.05,1,31.4,9.8,29.9,28.4,22.2,146.57142857142858,1,0,1,0,1,0.2639,1.052,48.86
ORD_51114,W_a5b732a3ca5b34b8,ZONE_BLR_01,2026-08-24,77,3,5631.01,5786.09,0.0,388.1,0.0,Bangalore,Metro,Food_Delivery,Bike,1.2,61,Full-Time,55.0,28,5631.01,4.79,1,1.05,1,35.7,18.2,28.8,28.014285714285712,22.3,167.14285714285714,0,0,0,1,1,0.2057,1.06,46.97
ORD_51115,W_a5b732a3ca5b34b8,ZONE_BLR_01,2026-08-31,77,3,5631.01,5777.81,0.0,300.7,0.0,Bangalore,Metro,Food_Delivery,Bike,1.2,61,Full-Time,55.0,28,5631.01,4.79,1,1.05,1,13.2,3.6,30.8,29.542857142857144,19.3,142.71428571428572,1,0,1,1,1,0.2201,1.022,45.83
ORD_51116,W_a5b732a3ca5b34b8,ZONE_BLR_01,2026-09-07,75,3,5631.01,5671.46,0.0,313.9,0.0,Bangalore,Metro,Food_Delivery,Bike,1.2,61,Full-Time,55.0,28,5631.01,4.79,1,1.05,1,8.5,5.1,31.0,30.62857142857143,14.9,128.28571428571428,0,0,0,0,1,0.1153,1.014,41.56
ORD_51117,W_a5b732a3ca5b34b8,ZONE_BLR_01,2026-09-14,73,3,5631.01,5477.88,153.13,257.8,0.0,Bangalore,Metro,Food_Delivery,Bike,1.2,61,Full-Time,55.0,28,5631.01,4.79,1,1.05,1,33.1,9.6,30.8,30.425,13.6,137.5,0,0,0,0,1,0.1776,1.055,45.66
ORD_51118,W_f498084b6dd51eef,ZONE_DEL_01,2026-06-22,66,3,5142.26,4952.17,190.09,286.1,0.0,Delhi_NCR,Metro,Food_Delivery,Scooter,1.0,24,Full-Time,48.9,24,5142.26,4.72,1,1.0,1,4.0,1.2,41.9,40.425,14.3,188.25,0,0,0,1,1,0.1502,1.007,40.54
ORD_51119,W_f498084b6dd51eef,ZONE_DEL_01,2026-06-29,55,5,5142.26,4178.74,963.52,338.9,0.155,Delhi_NCR,Metro,Food_Delivery,Scooter,1.0,24,Full-Time,48.9,24,5142.26,4.72,1,1.0,1,20.0,6.8,41.7,35.84285714285714,14.4,157.71428571428572,0,0,0,0,1,0.1633,1.033,42.06
ORD_51120,W_f498084b6dd51eef,ZONE_DEL_01,2026-07-06,19,5,5142.26,1427.58,3714.68,76.7,0.712,Delhi_NCR,Metro,Food_Delivery,Scooter,1.0,24,Full-Time,48.9,24,5142.26,4.72,1,1.0,1,122.9,99.8,36.7,32.9,18.9,156.0,1,0,2,0,1,0.5602,1.205,65.8
ORD_51121,W_f498084b6dd51eef,ZONE_DEL_01,2026-07-13,69,3,5142.26,5187.36,0.0,253.4,0.0,Delhi_NCR,Metro,Food_Delivery,Scooter,1.0,24,Full-Time,48.9,24,5142.26,4.72,1,1.0,1,9.8,3.7,37.4,36.55714285714286,19.6,129.42857142857142,0,0,0,0,1,0.1191,1.016,39.8
ORD_51122,W_f498084b6dd51eef,ZONE_DEL_01,2026-07-20,51,6,5142.26,3876.71,1265.55,212.5,0.279,Delhi_NCR,Metro,Food_Delivery,Scooter,1.0,24,Full-Time,48.9,24,5142.26,4.72,1,1.0,1,74.3,31.9,33.7,31.8,16.5,132.71428571428572,0,0,0,0,1,0.2667,1.124,49.83
ORD_51123,W_f498084b6dd51eef,ZONE_DEL_01,2026-07-27,68,3,5142.26,5116.6,25.66,242.1,0.0,Delhi_NCR,Metro,Food_Delivery,Scooter,1.0,24,Full-Time,48.9,24,5142.26,4.72,1,1.0,1,51.900000000000006,19.5,35.3,32.94285714285714,14.4,172.57142857142858,0,0,0,0,1,0.2462,1.086,47.37
ORD_51124,W_f498084b6dd51eef,ZONE_DEL_01,2026-08-03,25,5,5142.26,1895.73,3246.53,105.7,0.628,Delhi_NCR,Metro,Food_Delivery,Scooter,1.0,24,Full-Time,48.9,24,5142.26,4.72,1,1.0,1,132.8,58.3,33.8,31.17142857142857,15.8,126.57142857142856,0,0,1,0,1,0.4771,1.221,63.12
ORD_51125,W_f498084b6dd51eef,ZONE_DEL_01,2026-08-10,66,3,5142.26,4991.51,150.75,347.5,0.0,Delhi_NCR,Metro,Food_Delivery,Scooter,1.0,24,Full-Time,48.9,24,5142.26,4.72,1,1.0,1,45.8,12.5,34.4,32.614285714285714,11.1,170.42857142857142,0,0,0,1,1,0.2309,1.076,46.36
ORD_51126,W_f498084b6dd51eef,ZONE_DEL_01,2026-08-17,57,5,5142.26,4334.3,807.96,227.1,0.15,Delhi_NCR,Metro,Food_Delivery,Scooter,1.0,24,Full-Time,48.9,24,5142.26,4.72,1,1.0,1,34.3,8.2,33.6,33.15714285714286,11.7,140.0,1,0,1,0,1,0.2655,1.057,46.82
ORD_51127,W_f498084b6dd51eef,ZONE_DEL_01,2026-08-24,69,3,5142.26,5239.5,0.0,346.8,0.0,Delhi_NCR,Metro,Food_Delivery,Scooter,1.0,24,Full-Time,48.9,24,5142.26,4.72,1,1.0,1,24.5,13.5,34.9,33.44285714285714,13.9,168.0,0,0,0,1,1,0.1811,1.041,43.03
ORD_51128,W_f498084b6dd51eef,ZONE_DEL_01,2026-08-31,60,4,5142.26,4555.84,586.42,337.3,0.079,Delhi_NCR,Metro,Food_Delivery,Scooter,1.0,24,Full-Time,48.9,24,5142.26,4.72,1,1.0,1,76.6,23.5,34.4,31.24285714285714,13.1,145.57142857142858,0,0,0,1,1,0.2815,1.128,50.59
ORD_51129,W_f498084b6dd51eef,ZONE_DEL_01,2026-09-07,69,3,5142.26,5231.49,0.0,262.9,0.0,Delhi_NCR,Metro,Food_Delivery,Scooter,1.0,24,Full-Time,48.9,24,5142.26,4.72,1,1.0,1,19.1,8.7,34.4,32.471428571428575,14.1,142.0,0,0,0,0,1,0.1495,1.032,41.52
ORD_51130,W_f498084b6dd51eef,ZONE_DEL_01,2026-09-14,69,3,5142.26,5242.44,0.0,323.8,0.0,Delhi_NCR,Metro,Food_Delivery,Scooter,1.0,24,Full-Time,48.9,24,5142.26,4.72,1,1.0,1,7.6,3.7,35.0,33.05,14.4,149.0,0,0,0,0,1,0.1288,1.013,40.02
ORD_51131,W_0da839274534be02,ZONE_BOM_01,2026-06-22,48,2,3487.66,3642.86,0.0,186.4,0.0,Mumbai,Metro,E_Commerce,Bike,1.2,160,Full-Time,37.0,25,3487.66,4.65,1,1.05,1,24.8,11.5,31.1,30.425,15.3,184.0,0,0,0,1,1,0.1938,1.041,45.67
ORD_51132,W_0da839274534be02,ZONE_BOM_01,2026-06-29,6,1,3487.66,516.97,2970.69,36.5,0.85,Mumbai,Metro,E_Commerce,Bike,1.2,160,Full-Time,37.0,25,3487.66,4.65,1,1.05,1,493.0,136.9,28.6,27.642857142857142,30.3,147.0,0,0,6,0,1,1.0,1.822,79.0
ORD_51133,W_0da839274534be02,ZONE_BOM_01,2026-07-06,9,2,3487.66,732.71,2754.95,53.4,0.799,Mumbai,Metro,E_Commerce,Bike,1.2,160,Full-Time,37.0,25,3487.66,4.65,1,1.05,1,235.5,131.8,30.2,29.142857142857142,34.6,143.85714285714286,0,0,2,0,1,0.8044,1.392,79.0
ORD_51134,W_0da839274534be02,ZONE_BOM_01,2026-07-13,29,4,3487.66,2232.77,1254.89,179.5,0.379,Mumbai,Metro,E_Commerce,Bike,1.2,160,Full-Time,37.0,25,3487.66,4.65,1,1.05,1,92.5,33.1,30.6,29.82857142857143,21.8,156.42857142857142,1,0,1,0,1,0.4088,1.154,59.75
ORD_51135,W_0da839274534be02,ZONE_BOM_01,2026-07-20,6,1,3487.66,519.84,2967.82,29.4,0.85,Mumbai,Metro,E_Commerce,Bike,1.2,160,Full-Time,37.0,25,3487.66,4.65,1,1.05,1,354.8,107.0,29.6,28.74285714285714,34.0,158.42857142857142,0,0,4,0,1,1.0,1.591,79.0
ORD_51136,W_0da839274534be02,ZONE_BOM_01,2026-07-27,22,4,3487.66,1689.89,1797.77,90.1,0.491,Mumbai,Metro,E_Commerce,Bike,1.2,160,Full-Time,37.0,25,3487.66,4.65,1,1.05,1,120.9,42.9,29.6,28.957142857142856,25.3,151.42857142857142,0,0,0,0,1,0.3856,1.202,61.21
ORD_51137,W_0da839274534be02,ZONE_BOM_01,2026-08-03,28,4,3487.66,2164.9,1322.76,110.9,0.376,Mumbai,Metro,E_Commerce,Bike,1.2,160,Full-Time,37.0,25,3487.66,4.65,1,1.05,1,76.8,18.7,29.7,29.285714285714285,21.2,139.0,0,0,0,0,1,0.277,1.128,52.94
ORD_51138,W_0da839274534be02,ZONE_BOM_01,2026-08-10,27,4,3487.66,2030.19,1457.47,100.7,0.43,Mumbai,Metro,E_Commerce,Bike,1.2,160,Full-Time,37.0,25,3487.66,4.65,1,1.05,1,96.6,30.6,29.7,28.61428571428572,19.0,142.57142857142858,0,0,0,1,1,0.3243,1.161,56.5
ORD_51139,W_0da839274534be02,ZONE_BOM_01,2026-08-17,19,4,3487.66,1462.48,2025.18,115.6,0.587,Mumbai,Metro,E_Commerce,Bike,1.2,160,Full-Time,37.0,25,3487.66,4.65,1,1.05,1,61.0,16.7,29.7,29.228571428571428,20.6,146.28571428571428,1,0,1,0,1,0.3303,1.102,53.88
ORD_51140,W_0da839274534be02,ZONE_BOM_01,2026-08-24,44,2,3487.66,3314.33,173.33,183.5,0.0,Mumbai,Metro,E_Commerce,Bike,1.2,160,Full-Time,37.0,25,3487.66,4.65,1,1.05,1,36.4,7.6,29.6,29.25714285714286,21.1,134.0,1,0,1,1,1,0.2657,1.061,49.35
ORD_51141,W_0da839274534be02,ZONE_BOM_01,2026-08-31,41,3,3487.66,3103.52,384.14,223.3,0.147,Mumbai,Metro,E_Commerce,Bike,1.2,160,Full-Time,37.0,25,3487.66,4.65,1,1.05,1,61.0,16.1,29.6,29.042857142857144,18.4,158.28571428571428,0,0,0,1,1,0.256,1.102,50.87
ORD_51142,W_0da839274534be02,ZONE_BOM_01,2026-09-07,47,2,3487.66,3580.35,0.0,176.1,0.0,Mumbai,Metro,E_Commerce,Bike,1.2,160,Full-Time,37.0,25,3487.66,4.65,1,1.05,1,52.9,25.5,30.0,29.071428571428573,15.3,169.57142857142858,0,0,0,0,1,0.2462,1.088,49.83
ORD_51143,W_0da839274534be02,ZONE_BOM_01,2026-09-14,46,2,3487.66,3492.5,0.0,189.8,0.0,Mumbai,Metro,E_Commerce,Bike,1.2,160,Full-Time,37.0,25,3487.66,4.65,1,1.05,1,23.3,10.3,30.0,29.625,20.1,162.0,0,0,0,0,1,0.1739,1.039,44.82
ORD_51144,W_5155baf7916a96d6,ZONE_HYD_01,2026-06-22,78,3,6047.52,5854.74,192.78,443.6,0.0,Hyderabad,Metro,E_Commerce,Bike,1.2,148,Full-Time,55.7,27,6047.52,4.16,1,1.05,1,21.8,14.6,32.6,30.65,17.3,156.25,1,0,1,1,1,0.2496,1.036,47.58
ORD_51145,W_5155baf7916a96d6,ZONE_HYD_01,2026-06-29,77,3,6047.52,5826.81,220.71,366.9,0.0,Hyderabad,Metro,E_Commerce,Bike,1.2,148,Full-Time,55.7,27,6047.52,4.16,1,1.05,1,35.9,10.7,29.8,28.357142857142858,25.4,132.14285714285714,0,0,0,0,1,0.1799,1.06,45.96
ORD_51146,W_5155baf7916a96d6,ZONE_HYD_01,2026-07-06,84,4,6047.52,6312.75,0.0,336.1,0.0,Hyderabad,Metro,E_Commerce,Bike,1.2,148,Full-Time,55.7,27,6047.52,4.16,1,1.05,1,6.2,2.2,33.3,32.27142857142857,25.7,165.28571428571428,0,0,0,0,1,0.1379,1.01,42.24
ORD_51147,W_5155baf7916a96d6,ZONE_HYD_01,2026-07-13,71,6,6047.52,5386.1,661.42,439.1,0.15,Hyderabad,Metro,E_Commerce,Bike,1.2,148,Full-Time,55.7,27,6047.52,4.16,1,1.05,1,26.8,13.6,33.9,31.52857142857143,19.0,155.14285714285714,0,1,1,0,1,0.26,1.045,48.39
ORD_51148,W_5155baf7916a96d6,ZONE_HYD_01,2026-07-20,81,4,6047.52,6081.15,0.0,320.7,0.0,Hyderabad,Metro,E_Commerce,Bike,1.2,148,Full-Time,55.7,27,6047.52,4.16,1,1.05,1,38.8,13.9,30.0,28.61428571428572,25.3,132.85714285714286,0,0,0,0,1,0.1869,1.065,46.45
ORD_51149,W_5155baf7916a96d6,ZONE_HYD_01,2026-07-27,61,7,6047.52,4580.02,1467.5,264.4,0.237,Hyderabad,Metro,E_Commerce,Bike,1.2,148,Full-Time,55.7,27,6047.52,4.16,1,1.05,1,70.5,24.9,30.6,28.585714285714285,24.3,137.0,0,0,0,0,1,0.2614,1.118,51.83
ORD_51150,W_5155baf7916a96d6,ZONE_HYD_01,2026-08-03,78,3,6047.52,5914.86,132.66,477.8,0.0,Hyderabad,Metro,E_Commerce,Bike,1.2,148,Full-Time,55.7,27,6047.52,4.16,1,1.05,1,20.5,9.0,30.6,29.442857142857143,20.0,136.28571428571428,0,0,0,0,1,0.1483,1.034,43.63
ORD_51151,W_5155baf7916a96d6,ZONE_HYD_01,2026-08-10,77,3,6047.52,5837.89,209.63,422.0,0.0,Hyderabad,Metro,E_Commerce,Bike,1.2,148,Full-Time,55.7,27,6047.52,4.16,1,1.05,1,12.6,3.6,30.8,29.82857142857143,19.8,137.42857142857142,0,0,0,1,1,0.1314,1.021,42.45
ORD_51152,W_5155baf7916a96d6,ZONE_HYD_01,2026-08-17,60,6,6047.52,4538.86,1508.66,306.6,0.21,Hyderabad,Metro,E_Commerce,Bike,1.2,148,Full-Time,55.7,27,6047.52,4.16,1,1.05,1,18.2,11.0,31.5,30.228571428571428,19.4,148.85714285714286,0,1,1,0,1,0.2359,1.03,46.78
ORD_51153,W_5155baf7916a96d6,ZONE_HYD_01,2026-08-24,83,4,6047.52,6299.06,0.0,355.0,0.0,Hyderabad,Metro,E_Commerce,Bike,1.2,148,Full-Time,55.7,27,6047.52,4.16,1,1.05,1,10.4,3.2,30.4,29.17142857142857,21.5,140.14285714285714,0,0,0,1,1,0.1285,1.017,42.18
ORD_51154,W_5155baf7916a96d6,ZONE_HYD_01,2026-08-31,78,3,6047.52,5857.34,190.18,410.2,0.0,Hyderabad,Metro,E_Commerce,Bike,1.2,148,Full-Time,55.7,27,6047.52,4.16,1,1.05,1,8.8,5.3,32.0,30.228571428571428,19.7,159.14285714285714,0,0,0,1,1,0.1392,1.015,42.49
ORD_51155,W_5155baf7916a96d6,ZONE_HYD_01,2026-09-07,69,6,6047.52,5249.68,797.84,369.7,0.15,Hyderabad,Metro,E_Commerce,Bike,1.2,148,Full-Time,55.7,27,6047.52,4.16,1,1.05,1,26.3,11.7,32.2,31.057142857142857,15.3,156.57142857142858,1,0,1,0,1,0.2599,1.044,48.34
ORD_51156,W_5155baf7916a96d6,ZONE_HYD_01,2026-09-14,79,3,6047.52,5938.25,109.27,330.3,0.0,Hyderabad,Metro,E_Commerce,Bike,1.2,148,Full-Time,55.7,27,6047.52,4.16,1,1.05,1,12.7,5.5,33.4,31.525,10.7,147.5,0,0,0,0,1,0.1392,1.021,42.74
ORD_51157,W_6c840b2074eb7f1e,ZONE_BLR_01,2026-06-22,66,3,4755.62,4972.44,0.0,395.5,0.0,Bangalore,Metro,Food_Delivery,Bike,1.2,94,Full-Time,48.6,26,4755.62,4.38,1,1.05,1,16.3,5.3,30.1,29.475,20.2,135.25,0,0,0,1,1,0.1381,1.027,42.95
ORD_51158,W_6c840b2074eb7f1e,ZONE_BLR_01,2026-06-29,53,5,4755.62,4025.02,730.6,306.6,0.15,Bangalore,Metro,Food_Delivery,Bike,1.2,94,Full-Time,48.6,26,4755.62,4.38,1,1.05,1,20.1,8.4,29.2,27.985714285714288,29.9,153.85714285714286,1,0,1,0,1,0.244,1.034,47.27
ORD_51159,W_6c840b2074eb7f1e,ZONE_BLR_01,2026-07-06,63,3,4755.62,4732.95,22.67,292.7,0.0,Bangalore,Metro,Food_Delivery,Bike,1.2,94,Full-Time,48.6,26,4755.62,4.38,1,1.05,1,8.399999999999999,3.3,31.8,29.77142857142857,29.7,172.71428571428572,0,0,0,0,1,0.1484,1.014,42.79
ORD_51160,W_6c840b2074eb7f1e,ZONE_BLR_01,2026-07-13,61,3,4755.62,4592.39,163.23,283.7,0.0,Bangalore,Metro,Food_Delivery,Bike,1.2,94,Full-Time,48.6,26,4755.62,4.38,1,1.05,1,16.8,9.8,32.1,29.785714285714285,20.5,124.57142857142856,0,0,0,0,1,0.1312,1.028,42.74
ORD_51161,W_6c840b2074eb7f1e,ZONE_BLR_01,2026-07-20,54,5,4755.62,4057.4,698.22,192.3,0.15,Bangalore,Metro,Food_Delivery,Bike,1.2,94,Full-Time,48.6,26,4755.62,4.38,1,1.05,1,33.4,8.9,29.5,28.414285714285715,21.1,162.85714285714286,1,0,1,0,1,0.2806,1.056,49.7
ORD_51162,W_6c840b2074eb7f1e,ZONE_BLR_01,2026-07-27,63,3,4755.62,4729.04,26.58,353.4,0.0,Bangalore,Metro,Food_Delivery,Bike,1.2,94,Full-Time,48.6,26,4755.62,4.38,1,1.05,1,28.8,17.0,29.7,28.685714285714287,25.0,169.42857142857142,0,0,0,0,1,0.1919,1.048,45.9
ORD_51163,W_6c840b2074eb7f1e,ZONE_BLR_01,2026-08-03,44,6,4755.62,3362.32,1393.3,262.1,0.302,Bangalore,Metro,Food_Delivery,Bike,1.2,94,Full-Time,48.6,26,4755.62,4.38,1,1.05,1,76.3,18.5,28.3,27.285714285714285,21.1,143.0,0,0,0,0,1,0.2789,1.127,52.97
ORD_51164,W_6c840b2074eb7f1e,ZONE_BLR_01,2026-08-10,60,3,4755.62,4526.41,229.21,300.2,0.0,Bangalore,Metro,Food_Delivery,Bike,1.2,94,Full-Time,48.6,26,4755.62,4.38,1,1.05,1,19.9,5.6,30.7,29.17142857142857,21.8,129.0,0,0,0,1,1,0.1415,1.033,43.33
ORD_51165,W_6c840b2074eb7f1e,ZONE_BLR_01,2026-08-17,55,5,4755.62,4158.43,597.19,272.9,0.15,Bangalore,Metro,Food_Delivery,Bike,1.2,94,Full-Time,48.6,26,4755.62,4.38,1,1.05,1,31.4,9.8,29.9,28.4,22.2,146.57142857142858,1,0,1,0,1,0.2639,1.052,48.86
ORD_51166,W_6c840b2074eb7f1e,ZONE_BLR_01,2026-08-24,62,3,4755.62,4671.87,83.75,239.8,0.0,Bangalore,Metro,Food_Delivery,Bike,1.2,94,Full-Time,48.6,26,4755.62,4.38,1,1.05,1,35.7,18.2,28.8,28.014285714285712,22.3,167.14285714285714,0,0,0,1,1,0.2057,1.06,46.97
ORD_51167,W_6c840b2074eb7f1e,ZONE_BLR_01,2026-08-31,65,3,4755.62,4939.93,0.0,310.1,0.0,Bangalore,Metro,Food_Delivery,Bike,1.2,94,Full-Time,48.6,26,4755.62,4.38,1,1.05,1,13.2,3.6,30.8,29.542857142857144,19.3,142.71428571428572,1,0,1,1,1,0.2201,1.022,45.83
ORD_51168,W_6c840b2074eb7f1e,ZONE_BLR_01,2026-09-07,65,3,4755.62,4935.44,0.0,330.3,0.0,Bangalore,Metro,Food_Delivery,Bike,1.2,94,Full-Time,48.6,26,4755.62,4.38,1,1.05,1,8.5,5.1,31.0,30.62857142857143,14.9,128.28571428571428,0,0,0,0,1,0.1153,1.014,41.56
ORD_51169,W_6c840b2074eb7f1e,ZONE_BLR_01,2026-09-14,64,3,4755.62,4838.46,0.0,363.0,0.0,Bangalore,Metro,Food_Delivery,Bike,1.2,94,Full-Time,48.6,26,4755.62,4.38,1,1.05,1,33.1,9.6,30.8,30.425,13.6,137.5,0,0,0,0,1,0.1776,1.055,45.66
ORD_51170,W_8ca9d997fc2e6f36,ZONE_BOM_01,2026-06-22,79,3,5863.4,5956.72,0.0,361.4,0.0,Mumbai,Metro,Q_Commerce,Scooter,1.0,25,Full-Time,57.8,23,5863.4,4.94,1,1.0,1,24.8,11.5,31.1,30.425,15.3,184.0,0,0,0,1,1,0.1938,1.041,43.5
ORD_51171,W_8ca9d997fc2e6f36,ZONE_BOM_01,2026-06-29,12,3,5863.4,906.16,4957.24,54.1,0.85,Mumbai,Metro,Q_Commerce,Scooter,1.0,25,Full-Time,57.8,23,5863.4,4.94,1,1.0,1,493.0,136.9,28.6,27.642857142857142,30.3,147.0,0,0,6,0,1,1.0,1.822,79.0
ORD_51172,W_8ca9d997fc2e6f36,ZONE_BOM_01,2026-07-06,20,5,5863.4,1532.48,4330.92,119.4,0.728,Mumbai,Metro,Q_Commerce,Scooter,1.0,25,Full-Time,57.8,23,5863.4,4.94,1,1.0,1,235.5,131.8,30.2,29.142857142857142,34.6,143.85714285714286,0,0,2,0,1,0.8044,1.392,79.0
ORD_51173,W_8ca9d997fc2e6f36,ZONE_BOM_01,2026-07-13,54,7,5863.4,4083.96,1779.44,249.2,0.314,Mumbai,Metro,Q_Commerce,Scooter,1.0,25,Full-Time,57.8,23,5863.4,4.94,1,1.0,1,92.5,33.1,30.6,29.82857142857143,21.8,156.42857142857142,1,0,1,0,1,0.4088,1.154,56.9
ORD_51174,W_8ca9d997fc2e6f36,ZONE_BOM_01,2026-07-20,11,3,5863.4,895.3,4968.1,40.5,0.85,Mumbai,Metro,Q_Commerce,Scooter,1.0,25,Full-Time,57.8,23,5863.4,4.94,1,1.0,1,354.8,107.0,29.6,28.74285714285714,34.0,158.42857142857142,0,0,4,0,1,1.0,1.591,79.0
ORD_51175,W_8ca9d997fc2e6f36,ZONE_BOM_01,2026-07-27,42,8,5863.4,3199.72,2663.68,240.9,0.469,Mumbai,Metro,Q_Commerce,Scooter,1.0,25,Full-Time,57.8,23,5863.4,4.94,1,1.0,1,120.9,42.9,29.6,28.957142857142856,25.3,151.42857142857142,0,0,0,0,1,0.3856,1.202,58.29
ORD_51176,W_8ca9d997fc2e6f36,ZONE_BOM_01,2026-08-03,55,8,5863.4,4142.03,1721.37,289.9,0.321,Mumbai,Metro,Q_Commerce,Scooter,1.0,25,Full-Time,57.8,23,5863.4,4.94,1,1.0,1,76.8,18.7,29.7,29.285714285714285,21.2,139.0,0,0,0,0,1,0.277,1.128,50.42
ORD_51177,W_8ca9d997fc2e6f36,ZONE_BOM_01,2026-08-10,52,7,5863.4,3943.94,1919.46,258.1,0.326,Mumbai,Metro,Q_Commerce,Scooter,1.0,25,Full-Time,57.8,23,5863.4,4.94,1,1.0,1,96.6,30.6,29.7,28.61428571428572,19.0,142.57142857142858,0,0,0,1,1,0.3243,1.161,53.81
ORD_51178,W_8ca9d997fc2e6f36,ZONE_BOM_01,2026-08-17,34,7,5863.4,2574.19,3289.21,160.1,0.578,Mumbai,Metro,Q_Commerce,Scooter,1.0,25,Full-Time,57.8,23,5863.4,4.94,1,1.0,1,61.0,16.7,29.7,29.228571428571428,20.6,146.28571428571428,1,0,1,0,1,0.3303,1.102,51.31
ORD_51179,W_8ca9d997fc2e6f36,ZONE_BOM_01,2026-08-24,76,3,5863.4,5731.13,132.27,346.7,0.0,Mumbai,Metro,Q_Commerce,Scooter,1.0,25,Full-Time,57.8,23,5863.4,4.94,1,1.0,1,36.4,7.6,29.6,29.25714285714286,21.1,134.0,1,0,1,1,1,0.2657,1.061,47.0
ORD_51180,W_8ca9d997fc2e6f36,ZONE_BOM_01,2026-08-31,75,3,5863.4,5691.58,171.82,316.9,0.008,Mumbai,Metro,Q_Commerce,Scooter,1.0,25,Full-Time,57.8,23,5863.4,4.94,1,1.0,1,61.0,16.1,29.6,29.042857142857144,18.4,158.28571428571428,0,0,0,1,1,0.256,1.102,48.44
ORD_51181,W_8ca9d997fc2e6f36,ZONE_BOM_01,2026-09-07,81,4,5863.4,6075.11,0.0,298.8,0.0,Mumbai,Metro,Q_Commerce,Scooter,1.0,25,Full-Time,57.8,23,5863.4,4.94,1,1.0,1,52.9,25.5,30.0,29.071428571428573,15.3,169.57142857142858,0,0,0,0,1,0.2462,1.088,47.46
ORD_51182,W_8ca9d997fc2e6f36,ZONE_BOM_01,2026-09-14,79,3,5863.4,5967.54,0.0,313.4,0.0,Mumbai,Metro,Q_Commerce,Scooter,1.0,25,Full-Time,57.8,23,5863.4,4.94,1,1.0,1,23.3,10.3,30.0,29.625,20.1,162.0,0,0,0,0,1,0.1739,1.039,42.69
ORD_51183,W_774a75f4dd081a7b,ZONE_BLR_01,2026-06-22,66,3,5032.83,4954.57,78.26,242.0,0.0,Bangalore,Metro,Food_Delivery,Bike,1.2,83,Full-Time,47.6,26,5032.83,4.78,1,1.05,1,16.3,5.3,30.1,29.475,20.2,135.25,0,0,0,1,1,0.1381,1.027,42.95
ORD_51184,W_774a75f4dd081a7b,ZONE_BLR_01,2026-06-29,55,5,5032.83,4179.5,853.33,306.6,0.15,Bangalore,Metro,Food_Delivery,Bike,1.2,83,Full-Time,47.6,26,5032.83,4.78,1,1.05,1,20.1,8.4,29.2,27.985714285714288,29.9,153.85714285714286,1,0,1,0,1,0.244,1.034,47.27
ORD_51185,W_774a75f4dd081a7b,ZONE_BLR_01,2026-07-06,69,3,5032.83,5226.6,0.0,282.8,0.0,Bangalore,Metro,Food_Delivery,Bike,1.2,83,Full-Time,47.6,26,5032.83,4.78,1,1.05,1,8.399999999999999,3.3,31.8,29.77142857142857,29.7,172.71428571428572,0,0,0,0,1,0.1484,1.014,42.79
ORD_51186,W_774a75f4dd081a7b,ZONE_BLR_01,2026-07-13,66,3,5032.83,5014.48,18.35,314.8,0.0,Bangalore,Metro,Food_Delivery,Bike,1.2,83,Full-Time,47.6,26,5032.83,4.78,1,1.05,1,16.8,9.8,32.1,29.785714285714285,20.5,124.57142857142856,0,0,0,0,1,0.1312,1.028,42.74
ORD_51187,W_774a75f4dd081a7b,ZONE_BLR_01,2026-07-20,59,5,5032.83,4437.72,595.11,328.0,0.15,Bangalore,Metro,Food_Delivery,Bike,1.2,83,Full-Time,47.6,26,5032.83,4.78,1,1.05,1,33.4,8.9,29.5,28.414285714285715,21.1,162.85714285714286,1,0,1,0,1,0.2806,1.056,49.7
ORD_51188,W_774a75f4dd081a7b,ZONE_BLR_01,2026-07-27,67,3,5032.83,5039.41,0.0,355.8,0.0,Bangalore,Metro,Food_Delivery,Bike,1.2,83,Full-Time,47.6,26,5032.83,4.78,1,1.05,1,28.8,17.0,29.7,28.685714285714287,25.0,169.42857142857142,0,0,0,0,1,0.1919,1.048,45.9
ORD_51189,W_774a75f4dd081a7b,ZONE_BLR_01,2026-08-03,42,6,5032.83,3194.53,1838.3,192.7,0.333,Bangalore,Metro,Food_Delivery,Bike,1.2,83,Full-Time,47.6,26,5032.83,4.78,1,1.05,1,76.3,18.5,28.3,27.285714285714285,21.1,143.0,0,0,0,0,1,0.2789,1.127,52.97
ORD_51190,W_774a75f4dd081a7b,ZONE_BLR_01,2026-08-10,69,3,5032.83,5237.79,0.0,379.4,0.0,Bangalore,Metro,Food_Delivery,Bike,1.2,83,Full-Time,47.6,26,5032.83,4.78,1,1.05,1,19.9,5.6,30.7,29.17142857142857,21.8,129.0,0,0,0,1,1,0.1415,1.033,43.33
ORD_51191,W_774a75f4dd081a7b,ZONE_BLR_01,2026-08-17,57,5,5032.83,4296.23,736.6,281.0,0.15,Bangalore,Metro,Food_Delivery,Bike,1.2,83,Full-Time,47.6,26,5032.83,4.78,1,1.05,1,31.4,9.8,29.9,28.4,22.2,146.57142857142858,1,0,1,0,1,0.2639,1.052,48.86
ORD_51192,W_774a75f4dd081a7b,ZONE_BLR_01,2026-08-24,66,3,5032.83,4956.22,76.61,323.8,0.0,Bangalore,Metro,Food_Delivery,Bike,1.2,83,Full-Time,47.6,26,5032.83,4.78,1,1.05,1,35.7,18.2,28.8,28.014285714285712,22.3,167.14285714285714,0,0,0,1,1,0.2057,1.06,46.97
ORD_51193,W_774a75f4dd081a7b,ZONE_BLR_01,2026-08-31,68,3,5032.83,5111.03,0.0,314.8,0.0,Bangalore,Metro,Food_Delivery,Bike,1.2,83,Full-Time,47.6,26,5032.83,4.78,1,1.05,1,13.2,3.6,30.8,29.542857142857144,19.3,142.71428571428572,1,0,1,1,1,0.2201,1.022,45.83
ORD_51194,W_774a75f4dd081a7b,ZONE_BLR_01,2026-09-07,68,3,5032.83,5140.61,0.0,396.1,0.0,Bangalore,Metro,Food_Delivery,Bike,1.2,83,Full-Time,47.6,26,5032.83,4.78,1,1.05,1,8.5,5.1,31.0,30.62857142857143,14.9,128.28571428571428,0,0,0,0,1,0.1153,1.014,41.56
ORD_51195,W_774a75f4dd081a7b,ZONE_BLR_01,2026-09-14,64,3,5032.83,4859.04,173.79,302.0,0.0,Bangalore,Metro,Food_Delivery,Bike,1.2,83,Full-Time,47.6,26,5032.83,4.78,1,1.05,1,33.1,9.6,30.8,30.425,13.6,137.5,0,0,0,0,1,0.1776,1.055,45.66
ORD_51196,W_93ca4ee16cc4ed93,ZONE_HYD_01,2026-06-22,75,3,5724.06,5671.41,52.65,401.7,0.0,Hyderabad,Metro,Food_Delivery,Bike,1.2,131,Full-Time,55.7,28,5724.06,4.43,1,1.05,1,21.8,14.6,32.6,30.65,17.3,156.25,1,0,1,1,1,0.2496,1.036,47.58
ORD_51197,W_93ca4ee16cc4ed93,ZONE_HYD_01,2026-06-29,74,3,5724.06,5580.88,143.18,386.9,0.0,Hyderabad,Metro,Food_Delivery,Bike,1.2,131,Full-Time,55.7,28,5724.06,4.43,1,1.05,1,35.9,10.7,29.8,28.357142857142858,25.4,132.14285714285714,0,0,0,0,1,0.1799,1.06,45.96
ORD_51198,W_93ca4ee16cc4ed93,ZONE_HYD_01,2026-07-06,79,3,5724.06,5940.14,0.0,365.7,0.0,Hyderabad,Metro,Food_Delivery,Bike,1.2,131,Full-Time,55.7,28,5724.06,4.43,1,1.05,1,6.2,2.2,33.3,32.27142857142857,25.7,165.28571428571428,0,0,0,0,1,0.1379,1.01,42.24
ORD_51199,W_93ca4ee16cc4ed93,ZONE_HYD_01,2026-07-13,67,6,5724.06,5065.43,658.63,414.2,0.15,Hyderabad,Metro,Food_Delivery,Bike,1.2,131,Full-Time,55.7,28,5724.06,4.43,1,1.05,1,26.8,13.6,33.9,31.52857142857143,19.0,155.14285714285714,0,1,1,0,1,0.26,1.045,48.39
ORD_51200,W_93ca4ee16cc4ed93,ZONE_HYD_01,2026-07-20,73,3,5724.06,5498.58,225.48,301.4,0.0,Hyderabad,Metro,Food_Delivery,Bike,1.2,131,Full-Time,55.7,28,5724.06,4.43,1,1.05,1,38.8,13.9,30.0,28.61428571428572,25.3,132.85714285714286,0,0,0,0,1,0.1869,1.065,46.45
ORD_51201,W_93ca4ee16cc4ed93,ZONE_HYD_01,2026-07-27,51,7,5724.06,3884.77,1839.29,192.0,0.351,Hyderabad,Metro,Food_Delivery,Bike,1.2,131,Full-Time,55.7,28,5724.06,4.43,1,1.05,1,70.5,24.9,30.6,28.585714285714285,24.3,137.0,0,0,0,0,1,0.2614,1.118,51.83
ORD_51202,W_93ca4ee16cc4ed93,ZONE_HYD_01,2026-08-03,72,3,5724.06,5446.44,277.62,283.3,0.0,Hyderabad,Metro,Food_Delivery,Bike,1.2,131,Full-Time,55.7,28,5724.06,4.43,1,1.05,1,20.5,9.0,30.6,29.442857142857143,20.0,136.28571428571428,0,0,0,0,1,0.1483,1.034,43.63
ORD_51203,W_93ca4ee16cc4ed93,ZONE_HYD_01,2026-08-10,80,4,5724.06,6007.98,0.0,318.9,0.0,Hyderabad,Metro,Food_Delivery,Bike,1.2,131,Full-Time,55.7,28,5724.06,4.43,1,1.05,1,12.6,3.6,30.8,29.82857142857143,19.8,137.42857142857142,0,0,0,1,1,0.1314,1.021,42.45
ORD_51204,W_93ca4ee16cc4ed93,ZONE_HYD_01,2026-08-17,60,6,5724.06,4523.16,1200.9,347.4,0.21,Hyderabad,Metro,Food_Delivery,Bike,1.2,131,Full-Time,55.7,28,5724.06,4.43,1,1.05,1,18.2,11.0,31.5,30.228571428571428,19.4,148.85714285714286,0,1,1,0,1,0.2359,1.03,46.78
ORD_51205,W_93ca4ee16cc4ed93,ZONE_HYD_01,2026-08-24,72,3,5724.06,5449.54,274.52,369.5,0.0,Hyderabad,Metro,Food_Delivery,Bike,1.2,131,Full-Time,55.7,28,5724.06,4.43,1,1.05,1,10.4,3.2,30.4,29.17142857142857,21.5,140.14285714285714,0,0,0,1,1,0.1285,1.017,42.18
ORD_51206,W_93ca4ee16cc4ed93,ZONE_HYD_01,2026-08-31,74,3,5724.06,5596.43,127.63,431.3,0.0,Hyderabad,Metro,Food_Delivery,Bike,1.2,131,Full-Time,55.7,28,5724.06,4.43,1,1.05,1,8.8,5.3,32.0,30.228571428571428,19.7,159.14285714285714,0,0,0,1,1,0.1392,1.015,42.49
ORD_51207,W_93ca4ee16cc4ed93,ZONE_HYD_01,2026-09-07,63,5,5724.06,4760.1,963.96,337.3,0.15,Hyderabad,Metro,Food_Delivery,Bike,1.2,131,Full-Time,55.7,28,5724.06,4.43,1,1.05,1,26.3,11.7,32.2,31.057142857142857,15.3,156.57142857142858,1,0,1,0,1,0.2599,1.044,48.34
ORD_51208,W_93ca4ee16cc4ed93,ZONE_HYD_01,2026-09-14,77,3,5724.06,5823.78,0.0,315.5,0.0,Hyderabad,Metro,Food_Delivery,Bike,1.2,131,Full-Time,55.7,28,5724.06,4.43,1,1.05,1,12.7,5.5,33.4,31.525,10.7,147.5,0,0,0,0,1,0.1392,1.021,42.74
ORD_51209,W_440cfcfb6438fefd,ZONE_BOM_01,2026-06-22,62,3,4904.24,4676.09,228.15,285.5,0.0,Mumbai,Metro,Q_Commerce,Scooter,1.0,185,Full-Time,44.1,30,4904.24,4.61,1,1.0,1,24.8,11.5,31.1,30.425,15.3,184.0,0,0,0,1,1,0.1938,1.041,43.5
ORD_51210,W_440cfcfb6438fefd,ZONE_BOM_01,2026-06-29,10,3,4904.24,758.37,4145.87,56.6,0.85,Mumbai,Metro,Q_Commerce,Scooter,1.0,185,Full-Time,44.1,30,4904.24,4.61,1,1.0,1,493.0,136.9,28.6,27.642857142857142,30.3,147.0,0,0,6,0,1,1.0,1.822,79.0
ORD_51211,W_440cfcfb6438fefd,ZONE_BOM_01,2026-07-06,17,4,4904.24,1281.72,3622.52,87.2,0.741,Mumbai,Metro,Q_Commerce,Scooter,1.0,185,Full-Time,44.1,30,4904.24,4.61,1,1.0,1,235.5,131.8,30.2,29.142857142857142,34.6,143.85714285714286,0,0,2,0,1,0.8044,1.392,79.0
ORD_51212,W_440cfcfb6438fefd,ZONE_BOM_01,2026-07-13,37,6,4904.24,2803.3,2100.94,157.0,0.424,Mumbai,Metro,Q_Commerce,Scooter,1.0,185,Full-Time,44.1,30,4904.24,4.61,1,1.0,1,92.5,33.1,30.6,29.82857142857143,21.8,156.42857142857142,1,0,1,0,1,0.4088,1.154,56.9
ORD_51213,W_440cfcfb6438fefd,ZONE_BOM_01,2026-07-20,9,2,4904.24,738.3,4165.94,42.4,0.85,Mumbai,Metro,Q_Commerce,Scooter,1.0,185,Full-Time,44.1,30,4904.24,4.61,1,1.0,1,354.8,107.0,29.6,28.74285714285714,34.0,158.42857142857142,0,0,4,0,1,1.0,1.591,79.0
ORD_51214,W_440cfcfb6438fefd,ZONE_BOM_01,2026-07-27,35,6,4904.24,2643.38,2260.86,190.4,0.438,Mumbai,Metro,Q_Commerce,Scooter,1.0,185,Full-Time,44.1,30,4904.24,4.61,1,1.0,1,120.9,42.9,29.6,28.957142857142856,25.3,151.42857142857142,0,0,0,0,1,0.3856,1.202,58.29
ORD_51215,W_440cfcfb6438fefd,ZONE_BOM_01,2026-08-03,42,6,4904.24,3200.24,1704.0,193.8,0.327,Mumbai,Metro,Q_Commerce,Scooter,1.0,185,Full-Time,44.1,30,4904.24,4.61,1,1.0,1,76.8,18.7,29.7,29.285714285714285,21.2,139.0,0,0,0,0,1,0.277,1.128,50.42
ORD_51216,W_440cfcfb6438fefd,ZONE_BOM_01,2026-08-10,53,5,4904.24,3978.27,925.97,238.7,0.196,Mumbai,Metro,Q_Commerce,Scooter,1.0,185,Full-Time,44.1,30,4904.24,4.61,1,1.0,1,96.6,30.6,29.7,28.61428571428572,19.0,142.57142857142858,0,0,0,1,1,0.3243,1.161,53.81
ORD_51217,W_440cfcfb6438fefd,ZONE_BOM_01,2026-08-17,32,6,4904.24,2425.12,2479.12,129.6,0.507,Mumbai,Metro,Q_Commerce,Scooter,1.0,185,Full-Time,44.1,30,4904.24,4.61,1,1.0,1,61.0,16.7,29.7,29.228571428571428,20.6,146.28571428571428,1,0,1,0,1,0.3303,1.102,51.31
ORD_51218,W_440cfcfb6438fefd,ZONE_BOM_01,2026-08-24,63,3,4904.24,4735.41,168.83,370.3,0.0,Mumbai,Metro,Q_Commerce,Scooter,1.0,185,Full-Time,44.1,30,4904.24,4.61,1,1.0,1,36.4,7.6,29.6,29.25714285714286,21.1,134.0,1,0,1,1,1,0.2657,1.061,47.0
ORD_51219,W_440cfcfb6438fefd,ZONE_BOM_01,2026-08-31,63,3,4904.24,4787.93,116.31,226.6,0.015,Mumbai,Metro,Q_Commerce,Scooter,1.0,185,Full-Time,44.1,30,4904.24,4.61,1,1.0,1,61.0,16.1,29.6,29.042857142857144,18.4,158.28571428571428,0,0,0,1,1,0.256,1.102,48.44
ORD_51220,W_440cfcfb6438fefd,ZONE_BOM_01,2026-09-07,65,3,4904.24,4903.25,0.99,324.8,0.0,Mumbai,Metro,Q_Commerce,Scooter,1.0,185,Full-Time,44.1,30,4904.24,4.61,1,1.0,1,52.9,25.5,30.0,29.071428571428573,15.3,169.57142857142858,0,0,0,0,1,0.2462,1.088,47.46
ORD_51221,W_440cfcfb6438fefd,ZONE_BOM_01,2026-09-14,65,3,4904.24,4933.1,0.0,351.6,0.0,Mumbai,Metro,Q_Commerce,Scooter,1.0,185,Full-Time,44.1,30,4904.24,4.61,1,1.0,1,23.3,10.3,30.0,29.625,20.1,162.0,0,0,0,0,1,0.1739,1.039,42.69
ORD_51222,W_17578dcbfaff6983,ZONE_BOM_01,2026-06-22,85,4,6648.88,6434.44,214.44,355.4,0.0,Mumbai,Metro,Food_Delivery,Scooter,1.0,377,Full-Time,59.2,26,6648.88,4.69,1,1.0,1,24.8,11.5,31.1,30.425,15.3,184.0,0,0,0,1,1,0.1938,1.041,43.5
ORD_51223,W_17578dcbfaff6983,ZONE_BOM_01,2026-06-29,13,3,6648.88,1041.93,5606.95,50.3,0.85,Mumbai,Metro,Food_Delivery,Scooter,1.0,377,Full-Time,59.2,26,6648.88,4.69,1,1.0,1,493.0,136.9,28.6,27.642857142857142,30.3,147.0,0,0,6,0,1,1.0,1.822,79.0
ORD_51224,W_17578dcbfaff6983,ZONE_BOM_01,2026-07-06,21,5,6648.88,1617.75,5031.13,76.9,0.75,Mumbai,Metro,Food_Delivery,Scooter,1.0,377,Full-Time,59.2,26,6648.88,4.69,1,1.0,1,235.5,131.8,30.2,29.142857142857142,34.6,143.85714285714286,0,0,2,0,1,0.8044,1.392,79.0
ORD_51225,W_17578dcbfaff6983,ZONE_BOM_01,2026-07-13,55,8,6648.88,4175.31,2473.57,297.9,0.349,Mumbai,Metro,Food_Delivery,Scooter,1.0,377,Full-Time,59.2,26,6648.88,4.69,1,1.0,1,92.5,33.1,30.6,29.82857142857143,21.8,156.42857142857142,1,0,1,0,1,0.4088,1.154,56.9
ORD_51226,W_17578dcbfaff6983,ZONE_BOM_01,2026-07-20,12,3,6648.88,961.81,5687.07,42.3,0.85,Mumbai,Metro,Food_Delivery,Scooter,1.0,377,Full-Time,59.2,26,6648.88,4.69,1,1.0,1,354.8,107.0,29.6,28.74285714285714,34.0,158.42857142857142,0,0,4,0,1,1.0,1.591,79.0
ORD_51227,W_17578dcbfaff6983,ZONE_BOM_01,2026-07-27,41,8,6648.88,3141.96,3506.92,210.6,0.512,Mumbai,Metro,Food_Delivery,Scooter,1.0,377,Full-Time,59.2,26,6648.88,4.69,1,1.0,1,120.9,42.9,29.6,28.957142857142856,25.3,151.42857142857142,0,0,0,0,1,0.3856,1.202,58.29
ORD_51228,W_17578dcbfaff6983,ZONE_BOM_01,2026-08-03,58,8,6648.88,4388.64,2260.24,252.4,0.346,Mumbai,Metro,Food_Delivery,Scooter,1.0,377,Full-Time,59.2,26,6648.88,4.69,1,1.0,1,76.8,18.7,29.7,29.285714285714285,21.2,139.0,0,0,0,0,1,0.277,1.128,50.42
ORD_51229,W_17578dcbfaff6983,ZONE_BOM_01,2026-08-10,71,7,6648.88,5382.56,1266.32,284.6,0.167,Mumbai,Metro,Food_Delivery,Scooter,1.0,377,Full-Time,59.2,26,6648.88,4.69,1,1.0,1,96.6,30.6,29.7,28.61428571428572,19.0,142.57142857142858,0,0,0,1,1,0.3243,1.161,53.81
ORD_51230,W_17578dcbfaff6983,ZONE_BOM_01,2026-08-17,44,8,6648.88,3348.67,3300.21,185.3,0.504,Mumbai,Metro,Food_Delivery,Scooter,1.0,377,Full-Time,59.2,26,6648.88,4.69,1,1.0,1,61.0,16.7,29.7,29.228571428571428,20.6,146.28571428571428,1,0,1,0,1,0.3303,1.102,51.31
ORD_51231,W_17578dcbfaff6983,ZONE_BOM_01,2026-08-24,84,4,6648.88,6324.46,324.42,411.7,0.0,Mumbai,Metro,Food_Delivery,Scooter,1.0,377,Full-Time,59.2,26,6648.88,4.69,1,1.0,1,36.4,7.6,29.6,29.25714285714286,21.1,134.0,1,0,1,1,1,0.2657,1.061,47.0
ORD_51232,W_17578dcbfaff6983,ZONE_BOM_01,2026-08-31,88,5,6648.88,6672.36,0.0,448.1,0.041,Mumbai,Metro,Food_Delivery,Scooter,1.0,377,Full-Time,59.2,26,6648.88,4.69,1,1.0,1,61.0,16.1,29.6,29.042857142857144,18.4,158.28571428571428,0,0,0,1,1,0.256,1.102,48.44
ORD_51233,W_17578dcbfaff6983,ZONE_BOM_01,2026-09-07,88,4,6648.88,6629.71,19.17,444.2,0.0,Mumbai,Metro,Food_Delivery,Scooter,1.0,377,Full-Time,59.2,26,6648.88,4.69,1,1.0,1,52.9,25.5,30.0,29.071428571428573,15.3,169.57142857142858,0,0,0,0,1,0.2462,1.088,47.46
ORD_51234,W_17578dcbfaff6983,ZONE_BOM_01,2026-09-14,92,4,6648.88,6933.39,0.0,527.8,0.0,Mumbai,Metro,Food_Delivery,Scooter,1.0,377,Full-Time,59.2,26,6648.88,4.69,1,1.0,1,23.3,10.3,30.0,29.625,20.1,162.0,0,0,0,0,1,0.1739,1.039,42.69
ORD_51235,W_ff23389b3dc2235a,ZONE_DEL_01,2026-06-22,64,3,4957.39,4869.63,87.76,265.0,0.0,Delhi_NCR,Metro,Q_Commerce,Scooter,1.0,195,Full-Time,49.8,28,4957.39,5.0,1,1.0,1,4.0,1.2,41.9,40.425,14.3,188.25,0,0,0,1,1,0.1502,1.007,40.54
ORD_51236,W_ff23389b3dc2235a,ZONE_DEL_01,2026-06-29,54,5,4957.39,4089.56,867.83,262.5,0.155,Delhi_NCR,Metro,Q_Commerce,Scooter,1.0,195,Full-Time,49.8,28,4957.39,5.0,1,1.0,1,20.0,6.8,41.7,35.84285714285714,14.4,157.71428571428572,0,0,0,0,1,0.1633,1.033,42.06
ORD_51237,W_ff23389b3dc2235a,ZONE_DEL_01,2026-07-06,13,3,4957.39,997.7,3959.69,47.9,0.799,Delhi_NCR,Metro,Q_Commerce,Scooter,1.0,195,Full-Time,49.8,28,4957.39,5.0,1,1.0,1,122.9,99.8,36.7,32.9,18.9,156.0,1,0,2,0,1,0.5602,1.205,65.8
ORD_51238,W_ff23389b3dc2235a,ZONE_DEL_01,2026-07-13,67,3,4957.39,5068.23,0.0,380.3,0.0,Delhi_NCR,Metro,Q_Commerce,Scooter,1.0,195,Full-Time,49.8,28,4957.39,5.0,1,1.0,1,9.8,3.7,37.4,36.55714285714286,19.6,129.42857142857142,0,0,0,0,1,0.1191,1.016,39.8
ORD_51239,W_ff23389b3dc2235a,ZONE_DEL_01,2026-07-20,54,5,4957.39,4064.13,893.26,251.2,0.193,Delhi_NCR,Metro,Q_Commerce,Scooter,1.0,195,Full-Time,49.8,28,4957.39,5.0,1,1.0,1,74.3,31.9,33.7,31.8,16.5,132.71428571428572,0,0,0,0,1,0.2667,1.124,49.83
ORD_51240,W_ff23389b3dc2235a,ZONE_DEL_01,2026-07-27,68,3,4957.39,5150.29,0.0,393.2,0.0,Delhi_NCR,Metro,Q_Commerce,Scooter,1.0,195,Full-Time,49.8,28,4957.39,5.0,1,1.0,1,51.900000000000006,19.5,35.3,32.94285714285714,14.4,172.57142857142858,0,0,0,0,1,0.2462,1.086,47.37
ORD_51241,W_ff23389b3dc2235a,ZONE_DEL_01,2026-08-03,26,6,4957.39,1995.23,2962.16,153.0,0.605,Delhi_NCR,Metro,Q_Commerce,Scooter,1.0,195,Full-Time,49.8,28,4957.39,5.0,1,1.0,1,132.8,58.3,33.8,31.17142857142857,15.8,126.57142857142856,0,0,1,0,1,0.4771,1.221,63.12
ORD_51242,W_ff23389b3dc2235a,ZONE_DEL_01,2026-08-10,66,3,4957.39,4955.27,2.12,286.8,0.0,Delhi_NCR,Metro,Q_Commerce,Scooter,1.0,195,Full-Time,49.8,28,4957.39,5.0,1,1.0,1,45.8,12.5,34.4,32.614285714285714,11.1,170.42857142857142,0,0,0,1,1,0.2309,1.076,46.36
ORD_51243,W_ff23389b3dc2235a,ZONE_DEL_01,2026-08-17,57,5,4957.39,4320.67,636.72,233.4,0.15,Delhi_NCR,Metro,Q_Commerce,Scooter,1.0,195,Full-Time,49.8,28,4957.39,5.0,1,1.0,1,34.3,8.2,33.6,33.15714285714286,11.7,140.0,1,0,1,0,1,0.2655,1.057,46.82
ORD_51244,W_ff23389b3dc2235a,ZONE_DEL_01,2026-08-24,65,3,4957.39,4902.13,55.26,379.4,0.0,Delhi_NCR,Metro,Q_Commerce,Scooter,1.0,195,Full-Time,49.8,28,4957.39,5.0,1,1.0,1,24.5,13.5,34.9,33.44285714285714,13.9,168.0,0,0,0,1,1,0.1811,1.041,43.03
ORD_51245,W_ff23389b3dc2235a,ZONE_DEL_01,2026-08-31,61,4,4957.39,4621.69,335.7,248.9,0.059,Delhi_NCR,Metro,Q_Commerce,Scooter,1.0,195,Full-Time,49.8,28,4957.39,5.0,1,1.0,1,76.6,23.5,34.4,31.24285714285714,13.1,145.57142857142858,0,0,0,1,1,0.2815,1.128,50.59
ORD_51246,W_ff23389b3dc2235a,ZONE_DEL_01,2026-09-07,65,3,4957.39,4885.99,71.4,277.4,0.0,Delhi_NCR,Metro,Q_Commerce,Scooter,1.0,195,Full-Time,49.8,28,4957.39,5.0,1,1.0,1,19.1,8.7,34.4,32.471428571428575,14.1,142.0,0,0,0,0,1,0.1495,1.032,41.52
ORD_51247,W_ff23389b3dc2235a,ZONE_DEL_01,2026-09-14,63,3,4957.39,4796.81,160.58,346.9,0.0,Delhi_NCR,Metro,Q_Commerce,Scooter,1.0,195,Full-Time,49.8,28,4957.39,5.0,1,1.0,1,7.6,3.7,35.0,33.05,14.4,149.0,0,0,0,0,1,0.1288,1.013,40.02
ORD_51248,W_9e054c0902affdde,ZONE_BOM_01,2026-06-22,66,3,5080.94,4954.97,125.97,311.9,0.0,Mumbai,Metro,Food_Delivery,Bike,1.2,134,Full-Time,48.5,23,5080.94,4.19,1,1.05,1,24.8,11.5,31.1,30.425,15.3,184.0,0,0,0,1,1,0.1938,1.041,45.67
ORD_51249,W_9e054c0902affdde,ZONE_BOM_01,2026-06-29,10,3,5080.94,798.88,4282.06,45.6,0.85,Mumbai,Metro,Food_Delivery,Bike,1.2,134,Full-Time,48.5,23,5080.94,4.19,1,1.05,1,493.0,136.9,28.6,27.642857142857142,30.3,147.0,0,0,6,0,1,1.0,1.822,79.0
ORD_51250,W_9e054c0902affdde,ZONE_BOM_01,2026-07-06,16,4,5080.94,1270.78,3810.16,81.5,0.739,Mumbai,Metro,Food_Delivery,Bike,1.2,134,Full-Time,48.5,23,5080.94,4.19,1,1.05,1,235.5,131.8,30.2,29.142857142857142,34.6,143.85714285714286,0,0,2,0,1,0.8044,1.392,79.0
ORD_51251,W_9e054c0902affdde,ZONE_BOM_01,2026-07-13,37,6,5080.94,2832.87,2248.07,172.6,0.438,Mumbai,Metro,Food_Delivery,Bike,1.2,134,Full-Time,48.5,23,5080.94,4.19,1,1.05,1,92.5,33.1,30.6,29.82857142857143,21.8,156.42857142857142,1,0,1,0,1,0.4088,1.154,59.75
ORD_51252,W_9e054c0902affdde,ZONE_BOM_01,2026-07-20,10,3,5080.94,763.4,4317.54,48.6,0.85,Mumbai,Metro,Food_Delivery,Bike,1.2,134,Full-Time,48.5,23,5080.94,4.19,1,1.05,1,354.8,107.0,29.6,28.74285714285714,34.0,158.42857142857142,0,0,4,0,1,1.0,1.591,79.0
ORD_51253,W_9e054c0902affdde,ZONE_BOM_01,2026-07-27,35,6,5080.94,2655.06,2425.88,134.2,0.456,Mumbai,Metro,Food_Delivery,Bike,1.2,134,Full-Time,48.5,23,5080.94,4.19,1,1.05,1,120.9,42.9,29.6,28.957142857142856,25.3,151.42857142857142,0,0,0,0,1,0.3856,1.202,61.21
ORD_51254,W_9e054c0902affdde,ZONE_BOM_01,2026-08-03,44,6,5080.94,3373.85,1707.09,177.3,0.343,Mumbai,Metro,Food_Delivery,Bike,1.2,134,Full-Time,48.5,23,5080.94,4.19,1,1.05,1,76.8,18.7,29.7,29.285714285714285,21.2,139.0,0,0,0,0,1,0.277,1.128,52.94
ORD_51255,W_9e054c0902affdde,ZONE_BOM_01,2026-08-10,47,6,5080.94,3537.17,1543.77,286.0,0.28,Mumbai,Metro,Food_Delivery,Bike,1.2,134,Full-Time,48.5,23,5080.94,4.19,1,1.05,1,96.6,30.6,29.7,28.61428571428572,19.0,142.57142857142858,0,0,0,1,1,0.3243,1.161,56.5
ORD_51256,W_9e054c0902affdde,ZONE_BOM_01,2026-08-17,24,5,5080.94,1859.78,3221.16,105.2,0.624,Mumbai,Metro,Food_Delivery,Bike,1.2,134,Full-Time,48.5,23,5080.94,4.19,1,1.05,1,61.0,16.7,29.7,29.228571428571428,20.6,146.28571428571428,1,0,1,0,1,0.3303,1.102,53.88
ORD_51257,W_9e054c0902affdde,ZONE_BOM_01,2026-08-24,65,3,5080.94,4933.54,147.4,313.8,0.0,Mumbai,Metro,Food_Delivery,Bike,1.2,134,Full-Time,48.5,23,5080.94,4.19,1,1.05,1,36.4,7.6,29.6,29.25714285714286,21.1,134.0,1,0,1,1,1,0.2657,1.061,49.35
ORD_51258,W_9e054c0902affdde,ZONE_BOM_01,2026-08-31,68,3,5080.94,5168.01,0.0,334.1,0.0,Mumbai,Metro,Food_Delivery,Bike,1.2,134,Full-Time,48.5,23,5080.94,4.19,1,1.05,1,61.0,16.1,29.6,29.042857142857144,18.4,158.28571428571428,0,0,0,1,1,0.256,1.102,50.87
ORD_51259,W_9e054c0902affdde,ZONE_BOM_01,2026-09-07,70,3,5080.94,5283.49,0.0,276.1,0.0,Mumbai,Metro,Food_Delivery,Bike,1.2,134,Full-Time,48.5,23,5080.94,4.19,1,1.05,1,52.9,25.5,30.0,29.071428571428573,15.3,169.57142857142858,0,0,0,0,1,0.2462,1.088,49.83
ORD_51260,W_9e054c0902affdde,ZONE_BOM_01,2026-09-14,69,3,5080.94,5235.46,0.0,389.0,0.0,Mumbai,Metro,Food_Delivery,Bike,1.2,134,Full-Time,48.5,23,5080.94,4.19,1,1.05,1,23.3,10.3,30.0,29.625,20.1,162.0,0,0,0,0,1,0.1739,1.039,44.82
ORD_51261,W_87764060b92ef109,ZONE_BOM_01,2026-06-22,57,2,4456.0,4289.87,166.13,260.8,0.0,Mumbai,Metro,Food_Delivery,Bike,1.2,27,Full-Time,45.7,24,4456.0,4.4,1,1.05,1,24.8,11.5,31.1,30.425,15.3,184.0,0,0,0,1,1,0.1938,1.041,45.67
ORD_51262,W_87764060b92ef109,ZONE_BOM_01,2026-06-29,8,2,4456.0,652.01,3803.99,33.7,0.85,Mumbai,Metro,Food_Delivery,Bike,1.2,27,Full-Time,45.7,24,4456.0,4.4,1,1.05,1,493.0,136.9,28.6,27.642857142857142,30.3,147.0,0,0,6,0,1,1.0,1.822,79.0
ORD_51263,W_87764060b92ef109,ZONE_BOM_01,2026-07-06,8,2,4456.0,662.48,3793.52,48.5,0.85,Mumbai,Metro,Food_Delivery,Bike,1.2,27,Full-Time,45.7,24,4456.0,4.4,1,1.05,1,235.5,131.8,30.2,29.142857142857142,34.6,143.85714285714286,0,0,2,0,1,0.8044,1.392,79.0
ORD_51264,W_87764060b92ef109,ZONE_BOM_01,2026-07-13,40,6,4456.0,3020.78,1435.22,164.9,0.353,Mumbai,Metro,Food_Delivery,Bike,1.2,27,Full-Time,45.7,24,4456.0,4.4,1,1.05,1,92.5,33.1,30.6,29.82857142857143,21.8,156.42857142857142,1,0,1,0,1,0.4088,1.154,59.75
ORD_51265,W_87764060b92ef109,ZONE_BOM_01,2026-07-20,8,2,4456.0,657.64,3798.36,31.1,0.85,Mumbai,Metro,Food_Delivery,Bike,1.2,27,Full-Time,45.7,24,4456.0,4.4,1,1.05,1,354.8,107.0,29.6,28.74285714285714,34.0,158.42857142857142,0,0,4,0,1,1.0,1.591,79.0
ORD_51266,W_87764060b92ef109,ZONE_BOM_01,2026-07-27,21,4,4456.0,1635.16,2820.84,110.9,0.626,Mumbai,Metro,Food_Delivery,Bike,1.2,27,Full-Time,45.7,24,4456.0,4.4,1,1.05,1,120.9,42.9,29.6,28.957142857142856,25.3,151.42857142857142,0,0,0,0,1,0.3856,1.202,61.21
ORD_51267,W_87764060b92ef109,ZONE_BOM_01,2026-08-03,33,5,4456.0,2546.25,1909.75,159.7,0.427,Mumbai,Metro,Food_Delivery,Bike,1.2,27,Full-Time,45.7,24,4456.0,4.4,1,1.05,1,76.8,18.7,29.7,29.285714285714285,21.2,139.0,0,0,0,0,1,0.277,1.128,52.94
ORD_51268,W_87764060b92ef109,ZONE_BOM_01,2026-08-10,34,5,4456.0,2581.6,1874.4,180.3,0.396,Mumbai,Metro,Food_Delivery,Bike,1.2,27,Full-Time,45.7,24,4456.0,4.4,1,1.05,1,96.6,30.6,29.7,28.61428571428572,19.0,142.57142857142858,0,0,0,1,1,0.3243,1.161,56.5
ORD_51269,W_87764060b92ef109,ZONE_BOM_01,2026-08-17,20,4,4456.0,1570.5,2885.5,77.6,0.631,Mumbai,Metro,Food_Delivery,Bike,1.2,27,Full-Time,45.7,24,4456.0,4.4,1,1.05,1,61.0,16.7,29.7,29.228571428571428,20.6,146.28571428571428,1,0,1,0,1,0.3303,1.102,53.88
ORD_51270,W_87764060b92ef109,ZONE_BOM_01,2026-08-24,60,3,4456.0,4552.53,0.0,280.8,0.0,Mumbai,Metro,Food_Delivery,Bike,1.2,27,Full-Time,45.7,24,4456.0,4.4,1,1.05,1,36.4,7.6,29.6,29.25714285714286,21.1,134.0,1,0,1,1,1,0.2657,1.061,49.35
ORD_51271,W_87764060b92ef109,ZONE_BOM_01,2026-08-31,54,3,4456.0,4068.19,387.81,262.9,0.053,Mumbai,Metro,Food_Delivery,Bike,1.2,27,Full-Time,45.7,24,4456.0,4.4,1,1.05,1,61.0,16.1,29.6,29.042857142857144,18.4,158.28571428571428,0,0,0,1,1,0.256,1.102,50.87
ORD_51272,W_87764060b92ef109,ZONE_BOM_01,2026-09-07,57,2,4456.0,4289.59,166.41,272.9,0.0,Mumbai,Metro,Food_Delivery,Bike,1.2,27,Full-Time,45.7,24,4456.0,4.4,1,1.05,1,52.9,25.5,30.0,29.071428571428573,15.3,169.57142857142858,0,0,0,0,1,0.2462,1.088,49.83
ORD_51273,W_87764060b92ef109,ZONE_BOM_01,2026-09-14,60,3,4456.0,4573.47,0.0,251.8,0.0,Mumbai,Metro,Food_Delivery,Bike,1.2,27,Full-Time,45.7,24,4456.0,4.4,1,1.05,1,23.3,10.3,30.0,29.625,20.1,162.0,0,0,0,0,1,0.1739,1.039,44.82
ORD_51274,W_9e7aaf116f1edf69,ZONE_BOM_01,2026-06-22,82,4,6203.0,6191.08,11.92,506.6,0.0,Mumbai,Metro,Food_Delivery,Scooter,1.0,301,Full-Time,57.3,23,6203.0,4.82,1,1.0,1,24.8,11.5,31.1,30.425,15.3,184.0,0,0,0,1,1,0.1938,1.041,43.5
ORD_51275,W_9e7aaf116f1edf69,ZONE_BOM_01,2026-06-29,12,3,6203.0,962.21,5240.79,55.4,0.85,Mumbai,Metro,Food_Delivery,Scooter,1.0,301,Full-Time,57.3,23,6203.0,4.82,1,1.0,1,493.0,136.9,28.6,27.642857142857142,30.3,147.0,0,0,6,0,1,1.0,1.822,79.0
ORD_51276,W_9e7aaf116f1edf69,ZONE_BOM_01,2026-07-06,15,4,6203.0,1162.46,5040.54,57.5,0.804,Mumbai,Metro,Food_Delivery,Scooter,1.0,301,Full-Time,57.3,23,6203.0,4.82,1,1.0,1,235.5,131.8,30.2,29.142857142857142,34.6,143.85714285714286,0,0,2,0,1,0.8044,1.392,79.0
ORD_51277,W_9e7aaf116f1edf69,ZONE_BOM_01,2026-07-13,54,8,6203.0,4112.43,2090.57,312.3,0.33,Mumbai,Metro,Food_Delivery,Scooter,1.0,301,Full-Time,57.3,23,6203.0,4.82,1,1.0,1,92.5,33.1,30.6,29.82857142857143,21.8,156.42857142857142,1,0,1,0,1,0.4088,1.154,56.9
ORD_51278,W_9e7aaf116f1edf69,ZONE_BOM_01,2026-07-20,12,3,6203.0,944.84,5258.16,65.0,0.85,Mumbai,Metro,Food_Delivery,Scooter,1.0,301,Full-Time,57.3,23,6203.0,4.82,1,1.0,1,354.8,107.0,29.6,28.74285714285714,34.0,158.42857142857142,0,0,4,0,1,1.0,1.591,79.0
ORD_51279,W_9e7aaf116f1edf69,ZONE_BOM_01,2026-07-27,43,8,6203.0,3257.55,2945.45,217.5,0.467,Mumbai,Metro,Food_Delivery,Scooter,1.0,301,Full-Time,57.3,23,6203.0,4.82,1,1.0,1,120.9,42.9,29.6,28.957142857142856,25.3,151.42857142857142,0,0,0,0,1,0.3856,1.202,58.29
ORD_51280,W_9e7aaf116f1edf69,ZONE_BOM_01,2026-08-03,51,7,6203.0,3885.93,2317.07,315.2,0.346,Mumbai,Metro,Food_Delivery,Scooter,1.0,301,Full-Time,57.3,23,6203.0,4.82,1,1.0,1,76.8,18.7,29.7,29.285714285714285,21.2,139.0,0,0,0,0,1,0.277,1.128,50.42
ORD_51281,W_9e7aaf116f1edf69,ZONE_BOM_01,2026-08-10,65,6,6203.0,4896.03,1306.97,381.7,0.175,Mumbai,Metro,Food_Delivery,Scooter,1.0,301,Full-Time,57.3,23,6203.0,4.82,1,1.0,1,96.6,30.6,29.7,28.61428571428572,19.0,142.57142857142858,0,0,0,1,1,0.3243,1.161,53.81
ORD_51282,W_9e7aaf116f1edf69,ZONE_BOM_01,2026-08-17,43,8,6203.0,3240.83,2962.17,188.7,0.485,Mumbai,Metro,Food_Delivery,Scooter,1.0,301,Full-Time,57.3,23,6203.0,4.82,1,1.0,1,61.0,16.7,29.7,29.228571428571428,20.6,146.28571428571428,1,0,1,0,1,0.3303,1.102,51.31
ORD_51283,W_9e7aaf116f1edf69,ZONE_BOM_01,2026-08-24,81,4,6203.0,6135.67,67.33,340.8,0.0,Mumbai,Metro,Food_Delivery,Scooter,1.0,301,Full-Time,57.3,23,6203.0,4.82,1,1.0,1,36.4,7.6,29.6,29.25714285714286,21.1,134.0,1,0,1,1,1,0.2657,1.061,47.0
ORD_51284,W_9e7aaf116f1edf69,ZONE_BOM_01,2026-08-31,81,4,6203.0,6138.65,64.35,441.1,0.001,Mumbai,Metro,Food_Delivery,Scooter,1.0,301,Full-Time,57.3,23,6203.0,4.82,1,1.0,1,61.0,16.1,29.6,29.042857142857144,18.4,158.28571428571428,0,0,0,1,1,0.256,1.102,48.44
ORD_51285,W_9e7aaf116f1edf69,ZONE_BOM_01,2026-09-07,82,4,6203.0,6210.16,0.0,495.9,0.0,Mumbai,Metro,Food_Delivery,Scooter,1.0,301,Full-Time,57.3,23,6203.0,4.82,1,1.0,1,52.9,25.5,30.0,29.071428571428573,15.3,169.57142857142858,0,0,0,0,1,0.2462,1.088,47.46
ORD_51286,W_9e7aaf116f1edf69,ZONE_BOM_01,2026-09-14,78,3,6203.0,5918.83,284.17,378.9,0.0,Mumbai,Metro,Food_Delivery,Scooter,1.0,301,Full-Time,57.3,23,6203.0,4.82,1,1.0,1,23.3,10.3,30.0,29.625,20.1,162.0,0,0,0,0,1,0.1739,1.039,42.69
ORD_51287,W_e039f49e8855a50d,ZONE_HYD_01,2026-06-22,42,2,3141.41,3167.87,0.0,251.4,0.0,Hyderabad,Metro,Food_Delivery,Scooter,1.0,84,Part-Time,30.9,16,3141.41,4.56,1,1.0,0,21.8,14.6,32.6,30.65,17.3,156.25,1,0,1,1,1,0.2496,1.036,45.31
ORD_51288,W_e039f49e8855a50d,ZONE_HYD_01,2026-06-29,39,1,3141.41,2999.78,141.63,196.9,0.0,Hyderabad,Metro,Food_Delivery,Scooter,1.0,84,Part-Time,30.9,16,3141.41,4.56,1,1.0,0,35.9,10.7,29.8,28.357142857142858,25.4,132.14285714285714,0,0,0,0,1,0.1799,1.06,43.77
ORD_51289,W_e039f49e8855a50d,ZONE_HYD_01,2026-07-06,43,2,3141.41,3252.5,0.0,178.6,0.0,Hyderabad,Metro,Food_Delivery,Scooter,1.0,84,Part-Time,30.9,16,3141.41,4.56,1,1.0,0,6.2,2.2,33.3,32.27142857142857,25.7,165.28571428571428,0,0,0,0,1,0.1379,1.01,40.22
ORD_51290,W_e039f49e8855a50d,ZONE_HYD_01,2026-07-13,36,3,3141.41,2770.68,370.73,127.9,0.15,Hyderabad,Metro,Food_Delivery,Scooter,1.0,84,Part-Time,30.9,16,3141.41,4.56,1,1.0,0,26.8,13.6,33.9,31.52857142857143,19.0,155.14285714285714,0,1,1,0,1,0.26,1.045,46.08
ORD_51291,W_e039f49e8855a50d,ZONE_HYD_01,2026-07-20,42,2,3141.41,3214.43,0.0,252.8,0.0,Hyderabad,Metro,Food_Delivery,Scooter,1.0,84,Part-Time,30.9,16,3141.41,4.56,1,1.0,0,38.8,13.9,30.0,28.61428571428572,25.3,132.85714285714286,0,0,0,0,1,0.1869,1.065,44.24
ORD_51292,W_e039f49e8855a50d,ZONE_HYD_01,2026-07-27,31,3,3141.41,2346.13,795.28,112.3,0.249,Hyderabad,Metro,Food_Delivery,Scooter,1.0,84,Part-Time,30.9,16,3141.41,4.56,1,1.0,0,70.5,24.9,30.6,28.585714285714285,24.3,137.0,0,0,0,0,1,0.2614,1.118,49.36
ORD_51293,W_e039f49e8855a50d,ZONE_HYD_01,2026-08-03,43,2,3141.41,3273.38,0.0,205.1,0.0,Hyderabad,Metro,Food_Delivery,Scooter,1.0,84,Part-Time,30.9,16,3141.41,4.56,1,1.0,0,20.5,9.0,30.6,29.442857142857143,20.0,136.28571428571428,0,0,0,0,1,0.1483,1.034,41.56
ORD_51294,W_e039f49e8855a50d,ZONE_HYD_01,2026-08-10,39,1,3141.41,2993.45,147.96,209.1,0.0,Hyderabad,Metro,Food_Delivery,Scooter,1.0,84,Part-Time,30.9,16,3141.41,4.56,1,1.0,0,12.6,3.6,30.8,29.82857142857143,19.8,137.42857142857142,0,0,0,1,1,0.1314,1.021,40.43
ORD_51295,W_e039f49e8855a50d,ZONE_HYD_01,2026-08-17,33,3,3141.41,2477.21,664.2,126.6,0.21,Hyderabad,Metro,Food_Delivery,Scooter,1.0,84,Part-Time,30.9,16,3141.41,4.56,1,1.0,0,18.2,11.0,31.5,30.228571428571428,19.4,148.85714285714286,0,1,1,0,1,0.2359,1.03,44.55
ORD_51296,W_e039f49e8855a50d,ZONE_HYD_01,2026-08-24,40,2,3141.41,3051.65,89.76,147.0,0.0,Hyderabad,Metro,Food_Delivery,Scooter,1.0,84,Part-Time,30.9,16,3141.41,4.56,1,1.0,0,10.4,3.2,30.4,29.17142857142857,21.5,140.14285714285714,0,0,0,1,1,0.1285,1.017,40.17
ORD_51297,W_e039f49e8855a50d,ZONE_HYD_01,2026-08-31,42,2,3141.41,3164.75,0.0,217.5,0.0,Hyderabad,Metro,Food_Delivery,Scooter,1.0,84,Part-Time,30.9,16,3141.41,4.56,1,1.0,0,8.8,5.3,32.0,30.228571428571428,19.7,159.14285714285714,0,0,0,1,1,0.1392,1.015,40.47
ORD_51298,W_e039f49e8855a50d,ZONE_HYD_01,2026-09-07,35,3,3141.41,2671.73,469.68,199.7,0.15,Hyderabad,Metro,Food_Delivery,Scooter,1.0,84,Part-Time,30.9,16,3141.41,4.56,1,1.0,0,26.3,11.7,32.2,31.057142857142857,15.3,156.57142857142858,1,0,1,0,1,0.2599,1.044,46.04
ORD_51299,W_e039f49e8855a50d,ZONE_HYD_01,2026-09-14,43,2,3141.41,3254.82,0.0,222.0,0.0,Hyderabad,Metro,Food_Delivery,Scooter,1.0,84,Part-Time,30.9,16,3141.41,4.56,1,1.0,0,12.7,5.5,33.4,31.525,10.7,147.5,0,0,0,0,1,0.1392,1.021,40.71
ORD_51300,W_c224a11bd32a2686,ZONE_BLR_01,2026-06-22,72,3,5722.33,5443.51,278.82,387.2,0.0,Bangalore,Metro,Food_Delivery,Bike,1.2,49,Full-Time,52.4,25,5722.33,4.43,1,1.05,1,16.3,5.3,30.1,29.475,20.2,135.25,0,0,0,1,1,0.1381,1.027,42.95
ORD_51301,W_c224a11bd32a2686,ZONE_BLR_01,2026-06-29,64,6,5722.33,4824.1,898.23,321.7,0.15,Bangalore,Metro,Food_Delivery,Bike,1.2,49,Full-Time,52.4,25,5722.33,4.43,1,1.05,1,20.1,8.4,29.2,27.985714285714288,29.9,153.85714285714286,1,0,1,0,1,0.244,1.034,47.27
ORD_51302,W_c224a11bd32a2686,ZONE_BLR_01,2026-07-06,77,3,5722.33,5807.64,0.0,342.3,0.0,Bangalore,Metro,Food_Delivery,Bike,1.2,49,Full-Time,52.4,25,5722.33,4.43,1,1.05,1,8.399999999999999,3.3,31.8,29.77142857142857,29.7,172.71428571428572,0,0,0,0,1,0.1484,1.014,42.79
ORD_51303,W_c224a11bd32a2686,ZONE_BLR_01,2026-07-13,79,3,5722.33,5961.01,0.0,305.1,0.0,Bangalore,Metro,Food_Delivery,Bike,1.2,49,Full-Time,52.4,25,5722.33,4.43,1,1.05,1,16.8,9.8,32.1,29.785714285714285,20.5,124.57142857142856,0,0,0,0,1,0.1312,1.028,42.74
ORD_51304,W_c224a11bd32a2686,ZONE_BLR_01,2026-07-20,65,6,5722.33,4947.4,774.93,228.3,0.15,Bangalore,Metro,Food_Delivery,Bike,1.2,49,Full-Time,52.4,25,5722.33,4.43,1,1.05,1,33.4,8.9,29.5,28.414285714285715,21.1,162.85714285714286,1,0,1,0,1,0.2806,1.056,49.7
ORD_51305,W_c224a11bd32a2686,ZONE_BLR_01,2026-07-27,79,3,5722.33,5965.33,0.0,300.5,0.0,Bangalore,Metro,Food_Delivery,Bike,1.2,49,Full-Time,52.4,25,5722.33,4.43,1,1.05,1,28.8,17.0,29.7,28.685714285714287,25.0,169.42857142857142,0,0,0,0,1,0.1919,1.048,45.9
ORD_51306,W_c224a11bd32a2686,ZONE_BLR_01,2026-08-03,60,6,5722.33,4517.85,1204.48,270.5,0.197,Bangalore,Metro,Food_Delivery,Bike,1.2,49,Full-Time,52.4,25,5722.33,4.43,1,1.05,1,76.3,18.5,28.3,27.285714285714285,21.1,143.0,0,0,0,0,1,0.2789,1.127,52.97
ORD_51307,W_c224a11bd32a2686,ZONE_BLR_01,2026-08-10,74,3,5722.33,5558.84,163.49,375.9,0.0,Bangalore,Metro,Food_Delivery,Bike,1.2,49,Full-Time,52.4,25,5722.33,4.43,1,1.05,1,19.9,5.6,30.7,29.17142857142857,21.8,129.0,0,0,0,1,1,0.1415,1.033,43.33
ORD_51308,W_c224a11bd32a2686,ZONE_BLR_01,2026-08-17,64,6,5722.33,4836.21,886.12,229.9,0.15,Bangalore,Metro,Food_Delivery,Bike,1.2,49,Full-Time,52.4,25,5722.33,4.43,1,1.05,1,31.4,9.8,29.9,28.4,22.2,146.57142857142858,1,0,1,0,1,0.2639,1.052,48.86
ORD_51309,W_c224a11bd32a2686,ZONE_BLR_01,2026-08-24,74,3,5722.33,5619.13,103.2,420.9,0.0,Bangalore,Metro,Food_Delivery,Bike,1.2,49,Full-Time,52.4,25,5722.33,4.43,1,1.05,1,35.7,18.2,28.8,28.014285714285712,22.3,167.14285714285714,0,0,0,1,1,0.2057,1.06,46.97
ORD_51310,W_c224a11bd32a2686,ZONE_BLR_01,2026-08-31,77,3,5722.33,5830.88,0.0,420.2,0.0,Bangalore,Metro,Food_Delivery,Bike,1.2,49,Full-Time,52.4,25,5722.33,4.43,1,1.05,1,13.2,3.6,30.8,29.542857142857144,19.3,142.71428571428572,1,0,1,1,1,0.2201,1.022,45.83
ORD_51311,W_c224a11bd32a2686,ZONE_BLR_01,2026-09-07,77,3,5722.33,5835.7,0.0,334.2,0.0,Bangalore,Metro,Food_Delivery,Bike,1.2,49,Full-Time,52.4,25,5722.33,4.43,1,1.05,1,8.5,5.1,31.0,30.62857142857143,14.9,128.28571428571428,0,0,0,0,1,0.1153,1.014,41.56
ORD_51312,W_c224a11bd32a2686,ZONE_BLR_01,2026-09-14,73,3,5722.33,5493.24,229.09,309.2,0.0,Bangalore,Metro,Food_Delivery,Bike,1.2,49,Full-Time,52.4,25,5722.33,4.43,1,1.05,1,33.1,9.6,30.8,30.425,13.6,137.5,0,0,0,0,1,0.1776,1.055,45.66
ORD_51313,W_61009cb4f5f0b454,ZONE_DEL_01,2026-06-22,73,3,5327.89,5504.66,0.0,448.8,0.0,Delhi_NCR,Metro,Q_Commerce,Scooter,1.0,137,Full-Time,51.6,27,5327.89,4.32,1,1.0,1,4.0,1.2,41.9,40.425,14.3,188.25,0,0,0,1,1,0.1502,1.007,40.54
ORD_51314,W_61009cb4f5f0b454,ZONE_DEL_01,2026-06-29,59,5,5327.89,4499.3,828.59,208.0,0.155,Delhi_NCR,Metro,Q_Commerce,Scooter,1.0,137,Full-Time,51.6,27,5327.89,4.32,1,1.0,1,20.0,6.8,41.7,35.84285714285714,14.4,157.71428571428572,0,0,0,0,1,0.1633,1.033,42.06
ORD_51315,W_61009cb4f5f0b454,ZONE_DEL_01,2026-07-06,22,5,5327.89,1685.01,3642.88,111.4,0.678,Delhi_NCR,Metro,Q_Commerce,Scooter,1.0,137,Full-Time,51.6,27,5327.89,4.32,1,1.0,1,122.9,99.8,36.7,32.9,18.9,156.0,1,0,2,0,1,0.5602,1.205,65.8
ORD_51316,W_61009cb4f5f0b454,ZONE_DEL_01,2026-07-13,68,3,5327.89,5101.5,226.39,411.2,0.0,Delhi_NCR,Metro,Q_Commerce,Scooter,1.0,137,Full-Time,51.6,27,5327.89,4.32,1,1.0,1,9.8,3.7,37.4,36.55714285714286,19.6,129.42857142857142,0,0,0,0,1,0.1191,1.016,39.8
ORD_51317,W_61009cb4f5f0b454,ZONE_DEL_01,2026-07-20,58,6,5327.89,4411.75,916.14,325.2,0.205,Delhi_NCR,Metro,Q_Commerce,Scooter,1.0,137,Full-Time,51.6,27,5327.89,4.32,1,1.0,1,74.3,31.9,33.7,31.8,16.5,132.71428571428572,0,0,0,0,1,0.2667,1.124,49.83
ORD_51318,W_61009cb4f5f0b454,ZONE_DEL_01,2026-07-27,72,3,5327.89,5463.98,0.0,369.9,0.0,Delhi_NCR,Metro,Q_Commerce,Scooter,1.0,137,Full-Time,51.6,27,5327.89,4.32,1,1.0,1,51.900000000000006,19.5,35.3,32.94285714285714,14.4,172.57142857142858,0,0,0,0,1,0.2462,1.086,47.37
ORD_51319,W_61009cb4f5f0b454,ZONE_DEL_01,2026-08-03,26,6,5327.89,2023.6,3304.29,135.1,0.625,Delhi_NCR,Metro,Q_Commerce,Scooter,1.0,137,Full-Time,51.6,27,5327.89,4.32,1,1.0,1,132.8,58.3,33.8,31.17142857142857,15.8,126.57142857142856,0,0,1,0,1,0.4771,1.221,63.12
ORD_51320,W_61009cb4f5f0b454,ZONE_DEL_01,2026-08-10,71,3,5327.89,5356.52,0.0,437.6,0.0,Delhi_NCR,Metro,Q_Commerce,Scooter,1.0,137,Full-Time,51.6,27,5327.89,4.32,1,1.0,1,45.8,12.5,34.4,32.614285714285714,11.1,170.42857142857142,0,0,0,1,1,0.2309,1.076,46.36
ORD_51321,W_61009cb4f5f0b454,ZONE_DEL_01,2026-08-17,61,5,5327.89,4633.9,693.99,341.5,0.15,Delhi_NCR,Metro,Q_Commerce,Scooter,1.0,137,Full-Time,51.6,27,5327.89,4.32,1,1.0,1,34.3,8.2,33.6,33.15714285714286,11.7,140.0,1,0,1,0,1,0.2655,1.057,46.82
ORD_51322,W_61009cb4f5f0b454,ZONE_DEL_01,2026-08-24,73,3,5327.89,5526.33,0.0,298.0,0.0,Delhi_NCR,Metro,Q_Commerce,Scooter,1.0,137,Full-Time,51.6,27,5327.89,4.32,1,1.0,1,24.5,13.5,34.9,33.44285714285714,13.9,168.0,0,0,0,1,1,0.1811,1.041,43.03
ORD_51323,W_61009cb4f5f0b454,ZONE_DEL_01,2026-08-31,70,3,5327.89,5318.78,9.11,342.2,0.0,Delhi_NCR,Metro,Q_Commerce,Scooter,1.0,137,Full-Time,51.6,27,5327.89,4.32,1,1.0,1,76.6,23.5,34.4,31.24285714285714,13.1,145.57142857142858,0,0,0,1,1,0.2815,1.128,50.59
ORD_51324,W_61009cb4f5f0b454,ZONE_DEL_01,2026-09-07,73,3,5327.89,5503.27,0.0,343.0,0.0,Delhi_NCR,Metro,Q_Commerce,Scooter,1.0,137,Full-Time,51.6,27,5327.89,4.32,1,1.0,1,19.1,8.7,34.4,32.471428571428575,14.1,142.0,0,0,0,0,1,0.1495,1.032,41.52
ORD_51325,W_61009cb4f5f0b454,ZONE_DEL_01,2026-09-14,71,3,5327.89,5365.64,0.0,349.5,0.0,Delhi_NCR,Metro,Q_Commerce,Scooter,1.0,137,Full-Time,51.6,27,5327.89,4.32,1,1.0,1,7.6,3.7,35.0,33.05,14.4,149.0,0,0,0,0,1,0.1288,1.013,40.02
ORD_51326,W_156ada9ef3a8f171,ZONE_BOM_01,2026-06-22,72,3,5666.92,5405.22,261.7,371.6,0.0,Mumbai,Metro,Food_Delivery,Scooter,1.0,68,Full-Time,54.7,28,5666.92,4.41,1,1.0,1,24.8,11.5,31.1,30.425,15.3,184.0,0,0,0,1,1,0.1938,1.041,43.5
ORD_51327,W_156ada9ef3a8f171,ZONE_BOM_01,2026-06-29,10,3,5666.92,820.92,4846.0,51.0,0.85,Mumbai,Metro,Food_Delivery,Scooter,1.0,68,Full-Time,54.7,28,5666.92,4.41,1,1.0,1,493.0,136.9,28.6,27.642857142857142,30.3,147.0,0,0,6,0,1,1.0,1.822,79.0
ORD_51328,W_156ada9ef3a8f171,ZONE_BOM_01,2026-07-06,16,4,5666.92,1266.62,4400.3,61.3,0.769,Mumbai,Metro,Food_Delivery,Scooter,1.0,68,Full-Time,54.7,28,5666.92,4.41,1,1.0,1,235.5,131.8,30.2,29.142857142857142,34.6,143.85714285714286,0,0,2,0,1,0.8044,1.392,79.0
ORD_51329,W_156ada9ef3a8f171,ZONE_BOM_01,2026-07-13,41,7,5666.92,3100.46,2566.46,168.7,0.447,Mumbai,Metro,Food_Delivery,Scooter,1.0,68,Full-Time,54.7,28,5666.92,4.41,1,1.0,1,92.5,33.1,30.6,29.82857142857143,21.8,156.42857142857142,1,0,1,0,1,0.4088,1.154,56.9
ORD_51330,W_156ada9ef3a8f171,ZONE_BOM_01,2026-07-20,11,3,5666.92,864.28,4802.64,56.6,0.85,Mumbai,Metro,Food_Delivery,Scooter,1.0,68,Full-Time,54.7,28,5666.92,4.41,1,1.0,1,354.8,107.0,29.6,28.74285714285714,34.0,158.42857142857142,0,0,4,0,1,1.0,1.591,79.0
ORD_51331,W_156ada9ef3a8f171,ZONE_BOM_01,2026-07-27,37,7,5666.92,2832.4,2834.52,218.8,0.479,Mumbai,Metro,Food_Delivery,Scooter,1.0,68,Full-Time,54.7,28,5666.92,4.41,1,1.0,1,120.9,42.9,29.6,28.957142857142856,25.3,151.42857142857142,0,0,0,0,1,0.3856,1.202,58.29
ORD_51332,W_156ada9ef3a8f171,ZONE_BOM_01,2026-08-03,47,7,5666.92,3595.9,2071.02,223.2,0.353,Mumbai,Metro,Food_Delivery,Scooter,1.0,68,Full-Time,54.7,28,5666.92,4.41,1,1.0,1,76.8,18.7,29.7,29.285714285714285,21.2,139.0,0,0,0,0,1,0.277,1.128,50.42
ORD_51333,W_156ada9ef3a8f171,ZONE_BOM_01,2026-08-10,60,7,5666.92,4533.84,1133.08,360.5,0.228,Mumbai,Metro,Food_Delivery,Scooter,1.0,68,Full-Time,54.7,28,5666.92,4.41,1,1.0,1,96.6,30.6,29.7,28.61428571428572,19.0,142.57142857142858,0,0,0,1,1,0.3243,1.161,53.81
ORD_51334,W_156ada9ef3a8f171,ZONE_BOM_01,2026-08-17,40,7,5666.92,3021.63,2645.29,224.4,0.486,Mumbai,Metro,Food_Delivery,Scooter,1.0,68,Full-Time,54.7,28,5666.92,4.41,1,1.0,1,61.0,16.7,29.7,29.228571428571428,20.6,146.28571428571428,1,0,1,0,1,0.3303,1.102,51.31
ORD_51335,W_156ada9ef3a8f171,ZONE_BOM_01,2026-08-24,78,3,5666.92,5911.06,0.0,324.8,0.0,Mumbai,Metro,Food_Delivery,Scooter,1.0,68,Full-Time,54.7,28,5666.92,4.41,1,1.0,1,36.4,7.6,29.6,29.25714285714286,21.1,134.0,1,0,1,1,1,0.2657,1.061,47.0
ORD_51336,W_156ada9ef3a8f171,ZONE_BOM_01,2026-08-31,71,4,5666.92,5336.73,330.19,406.5,0.037,Mumbai,Metro,Food_Delivery,Scooter,1.0,68,Full-Time,54.7,28,5666.92,4.41,1,1.0,1,61.0,16.1,29.6,29.042857142857144,18.4,158.28571428571428,0,0,0,1,1,0.256,1.102,48.44
ORD_51337,W_156ada9ef3a8f171,ZONE_BOM_01,2026-09-07,71,3,5666.92,5386.59,280.33,356.8,0.0,Mumbai,Metro,Food_Delivery,Scooter,1.0,68,Full-Time,54.7,28,5666.92,4.41,1,1.0,1,52.9,25.5,30.0,29.071428571428573,15.3,169.57142857142858,0,0,0,0,1,0.2462,1.088,47.46
ORD_51338,W_156ada9ef3a8f171,ZONE_BOM_01,2026-09-14,74,3,5666.92,5575.8,91.12,323.5,0.0,Mumbai,Metro,Food_Delivery,Scooter,1.0,68,Full-Time,54.7,28,5666.92,4.41,1,1.0,1,23.3,10.3,30.0,29.625,20.1,162.0,0,0,0,0,1,0.1739,1.039,42.69
ORD_51339,W_b8449e41f752198a,ZONE_MAA_01,2026-06-22,66,3,4894.61,4965.54,0.0,382.7,0.0,Chennai,Metro,Q_Commerce,Scooter,1.0,335,Full-Time,49.1,29,4894.61,5.0,1,1.0,1,33.7,24.5,37.6,36.225,17.3,159.25,0,0,0,1,1,0.1953,1.056,44.18
ORD_51340,W_b8449e41f752198a,ZONE_MAA_01,2026-06-29,65,3,4894.61,4948.06,0.0,377.2,0.0,Chennai,Metro,Q_Commerce,Scooter,1.0,335,Full-Time,49.1,29,4894.61,5.0,1,1.0,1,11.8,5.8,38.4,35.55714285714286,23.0,123.0,0,0,0,0,1,0.1188,1.02,39.94
ORD_51341,W_b8449e41f752198a,ZONE_MAA_01,2026-07-06,54,5,4894.61,4062.48,832.13,264.7,0.15,Chennai,Metro,Q_Commerce,Scooter,1.0,335,Full-Time,49.1,29,4894.61,5.0,1,1.0,1,9.3,5.2,39.2,37.55714285714286,26.3,163.28571428571428,1,0,1,0,1,0.2267,1.016,43.62
ORD_51342,W_b8449e41f752198a,ZONE_MAA_01,2026-07-13,64,3,4894.61,4870.4,24.21,226.0,0.0,Chennai,Metro,Q_Commerce,Scooter,1.0,335,Full-Time,49.1,29,4894.61,5.0,1,1.0,1,11.3,4.9,38.7,36.51428571428571,19.1,141.57142857142858,0,0,0,0,1,0.1316,1.019,40.36
ORD_51343,W_b8449e41f752198a,ZONE_MAA_01,2026-07-20,57,4,4894.61,4331.73,562.88,301.3,0.12,Chennai,Metro,Q_Commerce,Scooter,1.0,335,Full-Time,49.1,29,4894.61,5.0,1,1.0,1,35.6,10.7,36.4,34.714285714285715,17.5,131.57142857142858,0,0,0,0,1,0.1788,1.059,43.69
ORD_51344,W_b8449e41f752198a,ZONE_MAA_01,2026-07-27,65,3,4894.61,4939.6,0.0,356.7,0.0,Chennai,Metro,Q_Commerce,Scooter,1.0,335,Full-Time,49.1,29,4894.61,5.0,1,1.0,1,26.0,8.2,37.6,36.48571428571429,23.1,145.14285714285714,0,0,0,0,1,0.1674,1.043,42.62
ORD_51345,W_b8449e41f752198a,ZONE_MAA_01,2026-08-03,65,3,4894.61,4929.53,0.0,239.2,0.0,Chennai,Metro,Q_Commerce,Scooter,1.0,335,Full-Time,49.1,29,4894.61,5.0,1,1.0,1,38.5,6.7,34.8,33.94285714285714,19.7,150.71428571428572,0,0,0,0,1,0.1997,1.064,44.68
ORD_51346,W_b8449e41f752198a,ZONE_MAA_01,2026-08-10,62,3,4894.61,4706.88,187.73,316.8,0.0,Chennai,Metro,Q_Commerce,Scooter,1.0,335,Full-Time,49.1,29,4894.61,5.0,1,1.0,1,15.6,9.3,35.5,35.08571428571428,18.4,153.57142857142858,1,0,1,1,1,0.2336,1.026,44.3
ORD_51347,W_b8449e41f752198a,ZONE_MAA_01,2026-08-17,63,3,4894.61,4784.47,110.14,234.0,0.0,Chennai,Metro,Q_Commerce,Scooter,1.0,335,Full-Time,49.1,29,4894.61,5.0,1,1.0,1,29.4,12.9,36.3,35.75714285714285,20.7,143.71428571428572,0,0,0,0,1,0.1739,1.049,43.1
ORD_51348,W_b8449e41f752198a,ZONE_MAA_01,2026-08-24,64,3,4894.61,4860.15,34.46,319.8,0.0,Chennai,Metro,Q_Commerce,Scooter,1.0,335,Full-Time,49.1,29,4894.61,5.0,1,1.0,1,15.1,7.6,36.6,34.77142857142857,18.4,144.14285714285714,1,0,1,1,1,0.2254,1.025,43.96
ORD_51349,W_b8449e41f752198a,ZONE_MAA_01,2026-08-31,64,3,4894.61,4810.79,83.82,348.5,0.0,Chennai,Metro,Q_Commerce,Scooter,1.0,335,Full-Time,49.1,29,4894.61,5.0,1,1.0,1,13.1,3.6,35.6,34.41428571428571,16.9,156.85714285714286,1,0,1,1,1,0.2305,1.022,44.01
ORD_51350,W_b8449e41f752198a,ZONE_MAA_01,2026-09-07,66,3,4894.61,4964.98,0.0,290.3,0.0,Chennai,Metro,Q_Commerce,Scooter,1.0,335,Full-Time,49.1,29,4894.61,5.0,1,1.0,1,23.3,11.4,35.6,34.214285714285715,14.8,136.57142857142858,0,0,0,0,1,0.1549,1.039,42.0
ORD_51351,W_b8449e41f752198a,ZONE_MAA_01,2026-09-14,56,5,4894.61,4266.46,628.15,294.1,0.15,Chennai,Metro,Q_Commerce,Scooter,1.0,335,Full-Time,49.1,29,4894.61,5.0,1,1.0,1,27.4,22.7,36.0,33.525,13.4,152.75,0,1,1,0,1,0.2595,1.046,46.11
ORD_51352,W_467b1d9222c0c2d0,ZONE_BOM_01,2026-06-22,64,3,4797.83,4863.77,0.0,319.6,0.0,Mumbai,Metro,Food_Delivery,Bike,1.2,315,Full-Time,47.8,24,4797.83,4.92,1,1.05,1,24.8,11.5,31.1,30.425,15.3,184.0,0,0,0,1,1,0.1938,1.041,45.67
ORD_51353,W_467b1d9222c0c2d0,ZONE_BOM_01,2026-06-29,9,2,4797.83,733.82,4064.01,40.6,0.85,Mumbai,Metro,Food_Delivery,Bike,1.2,315,Full-Time,47.8,24,4797.83,4.92,1,1.05,1,493.0,136.9,28.6,27.642857142857142,30.3,147.0,0,0,6,0,1,1.0,1.822,79.0
ORD_51354,W_467b1d9222c0c2d0,ZONE_BOM_01,2026-07-06,9,2,4797.83,742.56,4055.27,45.8,0.85,Mumbai,Metro,Food_Delivery,Bike,1.2,315,Full-Time,47.8,24,4797.83,4.92,1,1.05,1,235.5,131.8,30.2,29.142857142857142,34.6,143.85714285714286,0,0,2,0,1,0.8044,1.392,79.0
ORD_51355,W_467b1d9222c0c2d0,ZONE_BOM_01,2026-07-13,38,6,4797.83,2907.97,1889.86,167.9,0.375,Mumbai,Metro,Food_Delivery,Bike,1.2,315,Full-Time,47.8,24,4797.83,4.92,1,1.05,1,92.5,33.1,30.6,29.82857142857143,21.8,156.42857142857142,1,0,1,0,1,0.4088,1.154,59.75
ORD_51356,W_467b1d9222c0c2d0,ZONE_BOM_01,2026-07-20,9,2,4797.83,705.0,4092.83,44.0,0.85,Mumbai,Metro,Food_Delivery,Bike,1.2,315,Full-Time,47.8,24,4797.83,4.92,1,1.05,1,354.8,107.0,29.6,28.74285714285714,34.0,158.42857142857142,0,0,4,0,1,1.0,1.591,79.0
ORD_51357,W_467b1d9222c0c2d0,ZONE_BOM_01,2026-07-27,36,6,4797.83,2716.16,2081.67,136.5,0.46,Mumbai,Metro,Food_Delivery,Bike,1.2,315,Full-Time,47.8,24,4797.83,4.92,1,1.05,1,120.9,42.9,29.6,28.957142857142856,25.3,151.42857142857142,0,0,0,0,1,0.3856,1.202,61.21
ORD_51358,W_467b1d9222c0c2d0,ZONE_BOM_01,2026-08-03,33,6,4797.83,2534.35,2263.48,162.3,0.493,Mumbai,Metro,Food_Delivery,Bike,1.2,315,Full-Time,47.8,24,4797.83,4.92,1,1.05,1,76.8,18.7,29.7,29.285714285714285,21.2,139.0,0,0,0,0,1,0.277,1.128,52.94
ORD_51359,W_467b1d9222c0c2d0,ZONE_BOM_01,2026-08-10,38,6,4797.83,2888.99,1908.84,197.6,0.394,Mumbai,Metro,Food_Delivery,Bike,1.2,315,Full-Time,47.8,24,4797.83,4.92,1,1.05,1,96.6,30.6,29.7,28.61428571428572,19.0,142.57142857142858,0,0,0,1,1,0.3243,1.161,56.5
ORD_51360,W_467b1d9222c0c2d0,ZONE_BOM_01,2026-08-17,29,6,4797.83,2204.01,2593.82,146.8,0.531,Mumbai,Metro,Food_Delivery,Bike,1.2,315,Full-Time,47.8,24,4797.83,4.92,1,1.05,1,61.0,16.7,29.7,29.228571428571428,20.6,146.28571428571428,1,0,1,0,1,0.3303,1.102,53.88
ORD_51361,W_467b1d9222c0c2d0,ZONE_BOM_01,2026-08-24,63,3,4797.83,4796.93,0.9,319.1,0.0,Mumbai,Metro,Food_Delivery,Bike,1.2,315,Full-Time,47.8,24,4797.83,4.92,1,1.05,1,36.4,7.6,29.6,29.25714285714286,21.1,134.0,1,0,1,1,1,0.2657,1.061,49.35
ORD_51362,W_467b1d9222c0c2d0,ZONE_BOM_01,2026-08-31,61,3,4797.83,4584.41,213.42,227.3,0.032,Mumbai,Metro,Food_Delivery,Bike,1.2,315,Full-Time,47.8,24,4797.83,4.92,1,1.05,1,61.0,16.1,29.6,29.042857142857144,18.4,158.28571428571428,0,0,0,1,1,0.256,1.102,50.87
ORD_51363,W_467b1d9222c0c2d0,ZONE_BOM_01,2026-09-07,61,3,4797.83,4583.02,214.81,255.2,0.0,Mumbai,Metro,Food_Delivery,Bike,1.2,315,Full-Time,47.8,24,4797.83,4.92,1,1.05,1,52.9,25.5,30.0,29.071428571428573,15.3,169.57142857142858,0,0,0,0,1,0.2462,1.088,49.83
ORD_51364,W_467b1d9222c0c2d0,ZONE_BOM_01,2026-09-14,61,3,4797.83,4593.56,204.27,230.6,0.0,Mumbai,Metro,Food_Delivery,Bike,1.2,315,Full-Time,47.8,24,4797.83,4.92,1,1.05,1,23.3,10.3,30.0,29.625,20.1,162.0,0,0,0,0,1,0.1739,1.039,44.82
ORD_51365,W_97586ce0c6f201d7,ZONE_MAA_01,2026-06-22,85,4,6247.94,6443.46,0.0,306.4,0.0,Chennai,Metro,Food_Delivery,Scooter,1.0,405,Full-Time,55.6,27,6247.94,4.96,1,1.0,1,33.7,24.5,37.6,36.225,17.3,159.25,0,0,0,1,1,0.1953,1.056,44.18
ORD_51366,W_97586ce0c6f201d7,ZONE_MAA_01,2026-06-29,84,4,6247.94,6347.25,0.0,355.8,0.0,Chennai,Metro,Food_Delivery,Scooter,1.0,405,Full-Time,55.6,27,6247.94,4.96,1,1.0,1,11.8,5.8,38.4,35.55714285714286,23.0,123.0,0,0,0,0,1,0.1188,1.02,39.94
ORD_51367,W_97586ce0c6f201d7,ZONE_MAA_01,2026-07-06,73,6,6247.94,5508.07,739.87,351.1,0.15,Chennai,Metro,Food_Delivery,Scooter,1.0,405,Full-Time,55.6,27,6247.94,4.96,1,1.0,1,9.3,5.2,39.2,37.55714285714286,26.3,163.28571428571428,1,0,1,0,1,0.2267,1.016,43.62
ORD_51368,W_97586ce0c6f201d7,ZONE_MAA_01,2026-07-13,81,4,6247.94,6126.47,121.47,396.7,0.0,Chennai,Metro,Food_Delivery,Scooter,1.0,405,Full-Time,55.6,27,6247.94,4.96,1,1.0,1,11.3,4.9,38.7,36.51428571428571,19.1,141.57142857142858,0,0,0,0,1,0.1316,1.019,40.36
ORD_51369,W_97586ce0c6f201d7,ZONE_MAA_01,2026-07-20,72,6,6247.94,5433.29,814.65,361.7,0.12,Chennai,Metro,Food_Delivery,Scooter,1.0,405,Full-Time,55.6,27,6247.94,4.96,1,1.0,1,35.6,10.7,36.4,34.714285714285715,17.5,131.57142857142858,0,0,0,0,1,0.1788,1.059,43.69
ORD_51370,W_97586ce0c6f201d7,ZONE_MAA_01,2026-07-27,80,4,6247.94,6007.1,240.84,495.3,0.0,Chennai,Metro,Food_Delivery,Scooter,1.0,405,Full-Time,55.6,27,6247.94,4.96,1,1.0,1,26.0,8.2,37.6,36.48571428571429,23.1,145.14285714285714,0,0,0,0,1,0.1674,1.043,42.62
ORD_51371,W_97586ce0c6f201d7,ZONE_MAA_01,2026-08-03,82,4,6247.94,6201.43,46.51,364.1,0.0,Chennai,Metro,Food_Delivery,Scooter,1.0,405,Full-Time,55.6,27,6247.94,4.96,1,1.0,1,38.5,6.7,34.8,33.94285714285714,19.7,150.71428571428572,0,0,0,0,1,0.1997,1.064,44.68
ORD_51372,W_97586ce0c6f201d7,ZONE_MAA_01,2026-08-10,85,4,6247.94,6379.28,0.0,381.0,0.0,Chennai,Metro,Food_Delivery,Scooter,1.0,405,Full-Time,55.6,27,6247.94,4.96,1,1.0,1,15.6,9.3,35.5,35.08571428571428,18.4,153.57142857142858,1,0,1,1,1,0.2336,1.026,44.3
ORD_51373,W_97586ce0c6f201d7,ZONE_MAA_01,2026-08-17,86,4,6247.94,6456.17,0.0,406.5,0.0,Chennai,Metro,Food_Delivery,Scooter,1.0,405,Full-Time,55.6,27,6247.94,4.96,1,1.0,1,29.4,12.9,36.3,35.75714285714285,20.7,143.71428571428572,0,0,0,0,1,0.1739,1.049,43.1
ORD_51374,W_97586ce0c6f201d7,ZONE_MAA_01,2026-08-24,85,4,6247.94,6385.12,0.0,322.2,0.0,Chennai,Metro,Food_Delivery,Scooter,1.0,405,Full-Time,55.6,27,6247.94,4.96,1,1.0,1,15.1,7.6,36.6,34.77142857142857,18.4,144.14285714285714,1,0,1,1,1,0.2254,1.025,43.96
ORD_51375,W_97586ce0c6f201d7,ZONE_MAA_01,2026-08-31,86,4,6247.94,6464.19,0.0,471.8,0.0,Chennai,Metro,Food_Delivery,Scooter,1.0,405,Full-Time,55.6,27,6247.94,4.96,1,1.0,1,13.1,3.6,35.6,34.41428571428571,16.9,156.85714285714286,1,0,1,1,1,0.2305,1.022,44.01
ORD_51376,W_97586ce0c6f201d7,ZONE_MAA_01,2026-09-07,80,4,6247.94,6067.82,180.12,311.4,0.0,Chennai,Metro,Food_Delivery,Scooter,1.0,405,Full-Time,55.6,27,6247.94,4.96,1,1.0,1,23.3,11.4,35.6,34.214285714285715,14.8,136.57142857142858,0,0,0,0,1,0.1549,1.039,42.0
ORD_51377,W_97586ce0c6f201d7,ZONE_MAA_01,2026-09-14,69,6,6247.94,5213.19,1034.75,423.3,0.15,Chennai,Metro,Food_Delivery,Scooter,1.0,405,Full-Time,55.6,27,6247.94,4.96,1,1.0,1,27.4,22.7,36.0,33.525,13.4,152.75,0,1,1,0,1,0.2595,1.046,46.11
ORD_51378,W_26d612d35978c5cf,ZONE_HYD_01,2026-06-22,61,3,4761.5,4645.72,115.78,288.6,0.0,Hyderabad,Metro,E_Commerce,Bicycle,1.8,62,Full-Time,55.9,25,4761.5,4.58,1,1.2,1,21.8,14.6,32.6,30.65,17.3,156.25,1,0,1,1,1,0.2496,1.036,54.37
ORD_51379,W_26d612d35978c5cf,ZONE_HYD_01,2026-06-29,60,3,4761.5,4537.72,223.78,274.4,0.0,Hyderabad,Metro,E_Commerce,Bicycle,1.8,62,Full-Time,55.9,25,4761.5,4.58,1,1.2,1,35.9,10.7,29.8,28.357142857142858,25.4,132.14285714285714,0,0,0,0,1,0.1799,1.06,52.53
ORD_51380,W_26d612d35978c5cf,ZONE_HYD_01,2026-07-06,63,3,4761.5,4795.46,0.0,382.6,0.0,Hyderabad,Metro,E_Commerce,Bicycle,1.8,62,Full-Time,55.9,25,4761.5,4.58,1,1.2,1,6.2,2.2,33.3,32.27142857142857,25.7,165.28571428571428,0,0,0,0,1,0.1379,1.01,48.27
ORD_51381,W_26d612d35978c5cf,ZONE_HYD_01,2026-07-13,54,5,4761.5,4054.05,707.45,308.4,0.15,Hyderabad,Metro,E_Commerce,Bicycle,1.8,62,Full-Time,55.9,25,4761.5,4.58,1,1.2,1,26.8,13.6,33.9,31.52857142857143,19.0,155.14285714285714,0,1,1,0,1,0.26,1.045,55.3
ORD_51382,W_26d612d35978c5cf,ZONE_HYD_01,2026-07-20,63,3,4761.5,4783.94,0.0,227.4,0.0,Hyderabad,Metro,E_Commerce,Bicycle,1.8,62,Full-Time,55.9,25,4761.5,4.58,1,1.2,1,38.8,13.9,30.0,28.61428571428572,25.3,132.85714285714286,0,0,0,0,1,0.1869,1.065,53.09
ORD_51383,W_26d612d35978c5cf,ZONE_HYD_01,2026-07-27,41,6,4761.5,3094.12,1667.38,248.7,0.355,Hyderabad,Metro,E_Commerce,Bicycle,1.8,62,Full-Time,55.9,25,4761.5,4.58,1,1.2,1,70.5,24.9,30.6,28.585714285714285,24.3,137.0,0,0,0,0,1,0.2614,1.118,59.23
ORD_51384,W_26d612d35978c5cf,ZONE_HYD_01,2026-08-03,65,3,4761.5,4932.5,0.0,267.6,0.0,Hyderabad,Metro,E_Commerce,Bicycle,1.8,62,Full-Time,55.9,25,4761.5,4.58,1,1.2,1,20.5,9.0,30.6,29.442857142857143,20.0,136.28571428571428,0,0,0,0,1,0.1483,1.034,49.87
ORD_51385,W_26d612d35978c5cf,ZONE_HYD_01,2026-08-10,61,3,4761.5,4628.23,133.27,246.6,0.0,Hyderabad,Metro,E_Commerce,Bicycle,1.8,62,Full-Time,55.9,25,4761.5,4.58,1,1.2,1,12.6,3.6,30.8,29.82857142857143,19.8,137.42857142857142,0,0,0,1,1,0.1314,1.021,48.52
ORD_51386,W_26d612d35978c5cf,ZONE_HYD_01,2026-08-17,52,5,4761.5,3920.51,840.99,301.7,0.21,Hyderabad,Metro,E_Commerce,Bicycle,1.8,62,Full-Time,55.9,25,4761.5,4.58,1,1.2,1,18.2,11.0,31.5,30.228571428571428,19.4,148.85714285714286,0,1,1,0,1,0.2359,1.03,53.47
ORD_51387,W_26d612d35978c5cf,ZONE_HYD_01,2026-08-24,65,3,4761.5,4892.39,0.0,296.4,0.0,Hyderabad,Metro,E_Commerce,Bicycle,1.8,62,Full-Time,55.9,25,4761.5,4.58,1,1.2,1,10.4,3.2,30.4,29.17142857142857,21.5,140.14285714285714,0,0,0,1,1,0.1285,1.017,48.2
ORD_51388,W_26d612d35978c5cf,ZONE_HYD_01,2026-08-31,63,3,4761.5,4763.59,0.0,299.5,0.0,Hyderabad,Metro,E_Commerce,Bicycle,1.8,62,Full-Time,55.9,25,4761.5,4.58,1,1.2,1,8.8,5.3,32.0,30.228571428571428,19.7,159.14285714285714,0,0,0,1,1,0.1392,1.015,48.56
ORD_51389,W_26d612d35978c5cf,ZONE_HYD_01,2026-09-07,52,4,4761.5,3947.47,814.03,252.9,0.15,Hyderabad,Metro,E_Commerce,Bicycle,1.8,62,Full-Time,55.9,25,4761.5,4.58,1,1.2,1,26.3,11.7,32.2,31.057142857142857,15.3,156.57142857142858,1,0,1,0,1,0.2599,1.044,55.24
ORD_51390,W_26d612d35978c5cf,ZONE_HYD_01,2026-09-14,60,3,4761.5,4537.95,223.55,231.4,0.0,Hyderabad,Metro,E_Commerce,Bicycle,1.8,62,Full-Time,55.9,25,4761.5,4.58,1,1.2,1,12.7,5.5,33.4,31.525,10.7,147.5,0,0,0,0,1,0.1392,1.021,48.85
ORD_51391,W_bbb8a07d30866190,ZONE_BOM_01,2026-06-22,82,4,5946.95,6176.85,0.0,453.4,0.0,Mumbai,Metro,E_Commerce,Bike,1.2,22,Full-Time,54.7,22,5946.95,4.39,1,1.05,1,24.8,11.5,31.1,30.425,15.3,184.0,0,0,0,1,1,0.1938,1.041,45.67
ORD_51392,W_bbb8a07d30866190,ZONE_BOM_01,2026-06-29,11,3,5946.95,893.57,5053.38,49.5,0.85,Mumbai,Metro,E_Commerce,Bike,1.2,22,Full-Time,54.7,22,5946.95,4.39,1,1.05,1,493.0,136.9,28.6,27.642857142857142,30.3,147.0,0,0,6,0,1,1.0,1.822,79.0
ORD_51393,W_bbb8a07d30866190,ZONE_BOM_01,2026-07-06,12,3,5946.95,917.39,5029.56,66.7,0.85,Mumbai,Metro,E_Commerce,Bike,1.2,22,Full-Time,54.7,22,5946.95,4.39,1,1.05,1,235.5,131.8,30.2,29.142857142857142,34.6,143.85714285714286,0,0,2,0,1,0.8044,1.392,79.0
ORD_51394,W_bbb8a07d30866190,ZONE_BOM_01,2026-07-13,41,7,5946.95,3116.05,2830.9,180.9,0.46,Mumbai,Metro,E_Commerce,Bike,1.2,22,Full-Time,54.7,22,5946.95,4.39,1,1.05,1,92.5,33.1,30.6,29.82857142857143,21.8,156.42857142857142,1,0,1,0,1,0.4088,1.154,59.75
ORD_51395,W_bbb8a07d30866190,ZONE_BOM_01,2026-07-20,11,3,5946.95,876.95,5070.0,60.9,0.85,Mumbai,Metro,E_Commerce,Bike,1.2,22,Full-Time,54.7,22,5946.95,4.39,1,1.05,1,354.8,107.0,29.6,28.74285714285714,34.0,158.42857142857142,0,0,4,0,1,1.0,1.591,79.0
ORD_51396,W_bbb8a07d30866190,ZONE_BOM_01,2026-07-27,38,7,5946.95,2871.38,3075.57,173.9,0.499,Mumbai,Metro,E_Commerce,Bike,1.2,22,Full-Time,54.7,22,5946.95,4.39,1,1.05,1,120.9,42.9,29.6,28.957142857142856,25.3,151.42857142857142,0,0,0,0,1,0.3856,1.202,61.21
ORD_51397,W_bbb8a07d30866190,ZONE_BOM_01,2026-08-03,38,7,5946.95,2883.96,3062.99,195.8,0.501,Mumbai,Metro,E_Commerce,Bike,1.2,22,Full-Time,54.7,22,5946.95,4.39,1,1.05,1,76.8,18.7,29.7,29.285714285714285,21.2,139.0,0,0,0,0,1,0.277,1.128,52.94
ORD_51398,W_bbb8a07d30866190,ZONE_BOM_01,2026-08-10,51,7,5946.95,3848.18,2098.77,245.7,0.324,Mumbai,Metro,E_Commerce,Bike,1.2,22,Full-Time,54.7,22,5946.95,4.39,1,1.05,1,96.6,30.6,29.7,28.61428571428572,19.0,142.57142857142858,0,0,0,1,1,0.3243,1.161,56.5
ORD_51399,W_bbb8a07d30866190,ZONE_BOM_01,2026-08-17,32,7,5946.95,2403.42,3543.53,187.3,0.596,Mumbai,Metro,E_Commerce,Bike,1.2,22,Full-Time,54.7,22,5946.95,4.39,1,1.05,1,61.0,16.7,29.7,29.228571428571428,20.6,146.28571428571428,1,0,1,0,1,0.3303,1.102,53.88
ORD_51400,W_bbb8a07d30866190,ZONE_BOM_01,2026-08-24,77,3,5946.95,5821.43,125.52,287.4,0.0,Mumbai,Metro,E_Commerce,Bike,1.2,22,Full-Time,54.7,22,5946.95,4.39,1,1.05,1,36.4,7.6,29.6,29.25714285714286,21.1,134.0,1,0,1,1,1,0.2657,1.061,49.35
ORD_51401,W_bbb8a07d30866190,ZONE_BOM_01,2026-08-31,66,6,5946.95,5001.67,945.28,333.7,0.149,Mumbai,Metro,E_Commerce,Bike,1.2,22,Full-Time,54.7,22,5946.95,4.39,1,1.05,1,61.0,16.1,29.6,29.042857142857144,18.4,158.28571428571428,0,0,0,1,1,0.256,1.102,50.87
ORD_51402,W_bbb8a07d30866190,ZONE_BOM_01,2026-09-07,81,4,5946.95,6120.6,0.0,354.4,0.0,Mumbai,Metro,E_Commerce,Bike,1.2,22,Full-Time,54.7,22,5946.95,4.39,1,1.05,1,52.9,25.5,30.0,29.071428571428573,15.3,169.57142857142858,0,0,0,0,1,0.2462,1.088,49.83
ORD_51403,W_bbb8a07d30866190,ZONE_BOM_01,2026-09-14,81,4,5946.95,6075.5,0.0,313.1,0.0,Mumbai,Metro,E_Commerce,Bike,1.2,22,Full-Time,54.7,22,5946.95,4.39,1,1.05,1,23.3,10.3,30.0,29.625,20.1,162.0,0,0,0,0,1,0.1739,1.039,44.82
ORD_51404,W_c8e24308d7ed987a,ZONE_DEL_01,2026-06-22,54,2,4171.88,4084.81,87.07,210.1,0.0,Delhi_NCR,Metro,Q_Commerce,Bicycle,1.8,44,Full-Time,42.8,23,4171.88,4.54,1,1.2,1,4.0,1.2,41.9,40.425,14.3,188.25,0,0,0,1,1,0.1502,1.007,48.65
ORD_51405,W_c8e24308d7ed987a,ZONE_DEL_01,2026-06-29,48,4,4171.88,3634.95,536.93,196.9,0.155,Delhi_NCR,Metro,Q_Commerce,Bicycle,1.8,44,Full-Time,42.8,23,4171.88,4.54,1,1.2,1,20.0,6.8,41.7,35.84285714285714,14.4,157.71428571428572,0,0,0,0,1,0.1633,1.033,50.47
ORD_51406,W_c8e24308d7ed987a,ZONE_DEL_01,2026-07-06,8,2,4171.88,653.52,3518.36,39.4,0.85,Delhi_NCR,Metro,Q_Commerce,Bicycle,1.8,44,Full-Time,42.8,23,4171.88,4.54,1,1.2,1,122.9,99.8,36.7,32.9,18.9,156.0,1,0,2,0,1,0.5602,1.205,78.96
ORD_51407,W_c8e24308d7ed987a,ZONE_DEL_01,2026-07-13,55,2,4171.88,4188.58,0.0,261.0,0.0,Delhi_NCR,Metro,Q_Commerce,Bicycle,1.8,44,Full-Time,42.8,23,4171.88,4.54,1,1.2,1,9.8,3.7,37.4,36.55714285714286,19.6,129.42857142857142,0,0,0,0,1,0.1191,1.016,47.75
ORD_51408,W_c8e24308d7ed987a,ZONE_DEL_01,2026-07-20,35,5,4171.88,2671.87,1500.01,179.5,0.358,Delhi_NCR,Metro,Q_Commerce,Bicycle,1.8,44,Full-Time,42.8,23,4171.88,4.54,1,1.2,1,74.3,31.9,33.7,31.8,16.5,132.71428571428572,0,0,0,0,1,0.2667,1.124,59.8
ORD_51409,W_c8e24308d7ed987a,ZONE_DEL_01,2026-07-27,58,2,4171.88,4374.63,0.0,349.9,0.0,Delhi_NCR,Metro,Q_Commerce,Bicycle,1.8,44,Full-Time,42.8,23,4171.88,4.54,1,1.2,1,51.900000000000006,19.5,35.3,32.94285714285714,14.4,172.57142857142858,0,0,0,0,1,0.2462,1.086,56.84
ORD_51410,W_c8e24308d7ed987a,ZONE_DEL_01,2026-08-03,8,2,4171.88,650.13,3521.75,38.1,0.85,Delhi_NCR,Metro,Q_Commerce,Bicycle,1.8,44,Full-Time,42.8,23,4171.88,4.54,1,1.2,1,132.8,58.3,33.8,31.17142857142857,15.8,126.57142857142856,0,0,1,0,1,0.4771,1.221,75.75
ORD_51411,W_c8e24308d7ed987a,ZONE_DEL_01,2026-08-10,56,2,4171.88,4237.56,0.0,331.3,0.0,Delhi_NCR,Metro,Q_Commerce,Bicycle,1.8,44,Full-Time,42.8,23,4171.88,4.54,1,1.2,1,45.8,12.5,34.4,32.614285714285714,11.1,170.42857142857142,0,0,0,1,1,0.2309,1.076,55.63
ORD_51412,W_c8e24308d7ed987a,ZONE_DEL_01,2026-08-17,46,4,4171.88,3508.14,663.74,280.5,0.15,Delhi_NCR,Metro,Q_Commerce,Bicycle,1.8,44,Full-Time,42.8,23,4171.88,4.54,1,1.2,1,34.3,8.2,33.6,33.15714285714286,11.7,140.0,1,0,1,0,1,0.2655,1.057,56.18
ORD_51413,W_c8e24308d7ed987a,ZONE_DEL_01,2026-08-24,55,2,4171.88,4136.75,35.13,281.8,0.0,Delhi_NCR,Metro,Q_Commerce,Bicycle,1.8,44,Full-Time,42.8,23,4171.88,4.54,1,1.2,1,24.5,13.5,34.9,33.44285714285714,13.9,168.0,0,0,0,1,1,0.1811,1.041,51.64
ORD_51414,W_c8e24308d7ed987a,ZONE_DEL_01,2026-08-31,42,5,4171.88,3219.12,952.76,174.7,0.262,Delhi_NCR,Metro,Q_Commerce,Bicycle,1.8,44,Full-Time,42.8,23,4171.88,4.54,1,1.2,1,76.6,23.5,34.4,31.24285714285714,13.1,145.57142857142858,0,0,0,1,1,0.2815,1.128,60.71
ORD_51415,W_c8e24308d7ed987a,ZONE_DEL_01,2026-09-07,56,2,4171.88,4274.56,0.0,274.7,0.0,Delhi_NCR,Metro,Q_Commerce,Bicycle,1.8,44,Full-Time,42.8,23,4171.88,4.54,1,1.2,1,19.1,8.7,34.4,32.471428571428575,14.1,142.0,0,0,0,0,1,0.1495,1.032,49.82
ORD_51416,W_c8e24308d7ed987a,ZONE_DEL_01,2026-09-14,54,2,4171.88,4075.32,96.56,302.2,0.0,Delhi_NCR,Metro,Q_Commerce,Bicycle,1.8,44,Full-Time,42.8,23,4171.88,4.54,1,1.2,1,7.6,3.7,35.0,33.05,14.4,149.0,0,0,0,0,1,0.1288,1.013,48.03
ORD_51417,W_c6885404a630931a,ZONE_BLR_01,2026-06-22,56,2,4186.82,4208.68,0.0,295.9,0.0,Bangalore,Metro,Food_Delivery,Bicycle,1.8,43,Full-Time,46.6,28,4186.82,4.85,1,1.2,1,16.3,5.3,30.1,29.475,20.2,135.25,0,0,0,1,1,0.1381,1.027,49.09
ORD_51418,W_c6885404a630931a,ZONE_BLR_01,2026-06-29,46,4,4186.82,3495.77,691.05,220.8,0.15,Bangalore,Metro,Food_Delivery,Bicycle,1.8,43,Full-Time,46.6,28,4186.82,4.85,1,1.2,1,20.1,8.4,29.2,27.985714285714288,29.9,153.85714285714286,1,0,1,0,1,0.244,1.034,54.02
ORD_51419,W_c6885404a630931a,ZONE_BLR_01,2026-07-06,56,2,4186.82,4235.95,0.0,257.2,0.0,Bangalore,Metro,Food_Delivery,Bicycle,1.8,43,Full-Time,46.6,28,4186.82,4.85,1,1.2,1,8.399999999999999,3.3,31.8,29.77142857142857,29.7,172.71428571428572,0,0,0,0,1,0.1484,1.014,48.91
ORD_51420,W_c6885404a630931a,ZONE_BLR_01,2026-07-13,54,2,4186.82,4060.53,126.29,329.2,0.0,Bangalore,Metro,Food_Delivery,Bicycle,1.8,43,Full-Time,46.6,28,4186.82,4.85,1,1.2,1,16.8,9.8,32.1,29.785714285714285,20.5,124.57142857142856,0,0,0,0,1,0.1312,1.028,48.84
ORD_51421,W_c6885404a630931a,ZONE_BLR_01,2026-07-20,47,4,4186.82,3562.88,623.94,257.6,0.15,Bangalore,Metro,Food_Delivery,Bicycle,1.8,43,Full-Time,46.6,28,4186.82,4.85,1,1.2,1,33.4,8.9,29.5,28.414285714285715,21.1,162.85714285714286,1,0,1,0,1,0.2806,1.056,56.8
ORD_51422,W_c6885404a630931a,ZONE_BLR_01,2026-07-27,55,2,4186.82,4149.58,37.24,245.2,0.0,Bangalore,Metro,Food_Delivery,Bicycle,1.8,43,Full-Time,46.6,28,4186.82,4.85,1,1.2,1,28.8,17.0,29.7,28.685714285714287,25.0,169.42857142857142,0,0,0,0,1,0.1919,1.048,52.46
ORD_51423,W_c6885404a630931a,ZONE_BLR_01,2026-08-03,34,5,4186.82,2572.53,1614.29,169.0,0.38,Bangalore,Metro,Food_Delivery,Bicycle,1.8,43,Full-Time,46.6,28,4186.82,4.85,1,1.2,1,76.3,18.5,28.3,27.285714285714285,21.1,143.0,0,0,0,0,1,0.2789,1.127,60.54
ORD_51424,W_c6885404a630931a,ZONE_BLR_01,2026-08-10,56,2,4186.82,4205.02,0.0,271.2,0.0,Bangalore,Metro,Food_Delivery,Bicycle,1.8,43,Full-Time,46.6,28,4186.82,4.85,1,1.2,1,19.9,5.6,30.7,29.17142857142857,21.8,129.0,0,0,0,1,1,0.1415,1.033,49.53
ORD_51425,W_c6885404a630931a,ZONE_BLR_01,2026-08-17,45,4,4186.82,3428.82,758.0,217.8,0.15,Bangalore,Metro,Food_Delivery,Bicycle,1.8,43,Full-Time,46.6,28,4186.82,4.85,1,1.2,1,31.4,9.8,29.9,28.4,22.2,146.57142857142858,1,0,1,0,1,0.2639,1.052,55.84
ORD_51426,W_c6885404a630931a,ZONE_BLR_01,2026-08-24,53,2,4186.82,4048.28,138.54,203.6,0.0,Bangalore,Metro,Food_Delivery,Bicycle,1.8,43,Full-Time,46.6,28,4186.82,4.85,1,1.2,1,35.7,18.2,28.8,28.014285714285712,22.3,167.14285714285714,0,0,0,1,1,0.2057,1.06,53.68
ORD_51427,W_c6885404a630931a,ZONE_BLR_01,2026-08-31,58,2,4186.82,4367.96,0.0,297.7,0.0,Bangalore,Metro,Food_Delivery,Bicycle,1.8,43,Full-Time,46.6,28,4186.82,4.85,1,1.2,1,13.2,3.6,30.8,29.542857142857144,19.3,142.71428571428572,1,0,1,1,1,0.2201,1.022,52.37
ORD_51428,W_c6885404a630931a,ZONE_BLR_01,2026-09-07,56,2,4186.82,4253.6,0.0,256.8,0.0,Bangalore,Metro,Food_Delivery,Bicycle,1.8,43,Full-Time,46.6,28,4186.82,4.85,1,1.2,1,8.5,5.1,31.0,30.62857142857143,14.9,128.28571428571428,0,0,0,0,1,0.1153,1.014,47.5
ORD_51429,W_c6885404a630931a,ZONE_BLR_01,2026-09-14,58,2,4186.82,4358.05,0.0,302.9,0.0,Bangalore,Metro,Food_Delivery,Bicycle,1.8,43,Full-Time,46.6,28,4186.82,4.85,1,1.2,1,33.1,9.6,30.8,30.425,13.6,137.5,0,0,0,0,1,0.1776,1.055,52.18
ORD_51430,W_324ffa8bbe5e7ad4,ZONE_BOM_01,2026-06-22,59,2,4352.66,4469.82,0.0,265.2,0.0,Mumbai,Metro,Q_Commerce,Scooter,1.0,290,Full-Time,42.7,24,4352.66,4.59,1,1.0,1,24.8,11.5,31.1,30.425,15.3,184.0,0,0,0,1,1,0.1938,1.041,43.5
ORD_51431,W_324ffa8bbe5e7ad4,ZONE_BOM_01,2026-06-29,8,2,4352.66,673.82,3678.84,46.4,0.85,Mumbai,Metro,Q_Commerce,Scooter,1.0,290,Full-Time,42.7,24,4352.66,4.59,1,1.0,1,493.0,136.9,28.6,27.642857142857142,30.3,147.0,0,0,6,0,1,1.0,1.822,79.0
ORD_51432,W_324ffa8bbe5e7ad4,ZONE_BOM_01,2026-07-06,17,4,4352.66,1342.07,3010.59,72.6,0.684,Mumbai,Metro,Q_Commerce,Scooter,1.0,290,Full-Time,42.7,24,4352.66,4.59,1,1.0,1,235.5,131.8,30.2,29.142857142857142,34.6,143.85714285714286,0,0,2,0,1,0.8044,1.392,79.0
ORD_51433,W_324ffa8bbe5e7ad4,ZONE_BOM_01,2026-07-13,39,5,4352.66,2971.99,1380.67,139.9,0.341,Mumbai,Metro,Q_Commerce,Scooter,1.0,290,Full-Time,42.7,24,4352.66,4.59,1,1.0,1,92.5,33.1,30.6,29.82857142857143,21.8,156.42857142857142,1,0,1,0,1,0.4088,1.154,56.9
ORD_51434,W_324ffa8bbe5e7ad4,ZONE_BOM_01,2026-07-20,8,2,4352.66,638.14,3714.52,32.3,0.85,Mumbai,Metro,Q_Commerce,Scooter,1.0,290,Full-Time,42.7,24,4352.66,4.59,1,1.0,1,354.8,107.0,29.6,28.74285714285714,34.0,158.42857142857142,0,0,4,0,1,1.0,1.591,79.0
ORD_51435,W_324ffa8bbe5e7ad4,ZONE_BOM_01,2026-07-27,36,6,4352.66,2705.67,1646.99,180.7,0.396,Mumbai,Metro,Q_Commerce,Scooter,1.0,290,Full-Time,42.7,24,4352.66,4.59,1,1.0,1,120.9,42.9,29.6,28.957142857142856,25.3,151.42857142857142,0,0,0,0,1,0.3856,1.202,58.29
ORD_51436,W_324ffa8bbe5e7ad4,ZONE_BOM_01,2026-08-03,40,5,4352.66,3043.2,1309.46,184.1,0.296,Mumbai,Metro,Q_Commerce,Scooter,1.0,290,Full-Time,42.7,24,4352.66,4.59,1,1.0,1,76.8,18.7,29.7,29.285714285714285,21.2,139.0,0,0,0,0,1,0.277,1.128,50.42
ORD_51437,W_324ffa8bbe5e7ad4,ZONE_BOM_01,2026-08-10,48,4,4352.66,3663.99,688.67,259.0,0.173,Mumbai,Metro,Q_Commerce,Scooter,1.0,290,Full-Time,42.7,24,4352.66,4.59,1,1.0,1,96.6,30.6,29.7,28.61428571428572,19.0,142.57142857142858,0,0,0,1,1,0.3243,1.161,53.81
ORD_51438,W_324ffa8bbe5e7ad4,ZONE_BOM_01,2026-08-17,26,5,4352.66,2011.76,2340.9,91.0,0.548,Mumbai,Metro,Q_Commerce,Scooter,1.0,290,Full-Time,42.7,24,4352.66,4.59,1,1.0,1,61.0,16.7,29.7,29.228571428571428,20.6,146.28571428571428,1,0,1,0,1,0.3303,1.102,51.31
ORD_51439,W_324ffa8bbe5e7ad4,ZONE_BOM_01,2026-08-24,60,3,4352.66,4550.24,0.0,341.9,0.0,Mumbai,Metro,Q_Commerce,Scooter,1.0,290,Full-Time,42.7,24,4352.66,4.59,1,1.0,1,36.4,7.6,29.6,29.25714285714286,21.1,134.0,1,0,1,1,1,0.2657,1.061,47.0
ORD_51440,W_324ffa8bbe5e7ad4,ZONE_BOM_01,2026-08-31,50,3,4352.66,3787.31,565.35,301.1,0.086,Mumbai,Metro,Q_Commerce,Scooter,1.0,290,Full-Time,42.7,24,4352.66,4.59,1,1.0,1,61.0,16.1,29.6,29.042857142857144,18.4,158.28571428571428,0,0,0,1,1,0.256,1.102,48.44
ORD_51441,W_324ffa8bbe5e7ad4,ZONE_BOM_01,2026-09-07,59,2,4352.66,4487.5,0.0,339.9,0.0,Mumbai,Metro,Q_Commerce,Scooter,1.0,290,Full-Time,42.7,24,4352.66,4.59,1,1.0,1,52.9,25.5,30.0,29.071428571428573,15.3,169.57142857142858,0,0,0,0,1,0.2462,1.088,47.46
ORD_51442,W_324ffa8bbe5e7ad4,ZONE_BOM_01,2026-09-14,55,2,4352.66,4175.63,177.03,302.2,0.0,Mumbai,Metro,Q_Commerce,Scooter,1.0,290,Full-Time,42.7,24,4352.66,4.59,1,1.0,1,23.3,10.3,30.0,29.625,20.1,162.0,0,0,0,0,1,0.1739,1.039,42.69
ORD_51443,W_bf528323a1ddf0c4,ZONE_BLR_01,2026-06-22,77,3,5591.81,5848.99,0.0,410.6,0.0,Bangalore,Metro,Food_Delivery,Scooter,1.0,294,Full-Time,56.5,28,5591.81,4.99,1,1.0,1,16.3,5.3,30.1,29.475,20.2,135.25,0,0,0,1,1,0.1381,1.027,40.91
ORD_51444,W_bf528323a1ddf0c4,ZONE_BLR_01,2026-06-29,63,5,5591.81,4786.58,805.23,381.4,0.15,Bangalore,Metro,Food_Delivery,Scooter,1.0,294,Full-Time,56.5,28,5591.81,4.99,1,1.0,1,20.1,8.4,29.2,27.985714285714288,29.9,153.85714285714286,1,0,1,0,1,0.244,1.034,45.02
ORD_51445,W_bf528323a1ddf0c4,ZONE_BLR_01,2026-07-06,74,3,5591.81,5559.9,31.91,378.7,0.0,Bangalore,Metro,Food_Delivery,Scooter,1.0,294,Full-Time,56.5,28,5591.81,4.99,1,1.0,1,8.399999999999999,3.3,31.8,29.77142857142857,29.7,172.71428571428572,0,0,0,0,1,0.1484,1.014,40.76
ORD_51446,W_bf528323a1ddf0c4,ZONE_BLR_01,2026-07-13,74,3,5591.81,5578.58,13.23,445.4,0.0,Bangalore,Metro,Food_Delivery,Scooter,1.0,294,Full-Time,56.5,28,5591.81,4.99,1,1.0,1,16.8,9.8,32.1,29.785714285714285,20.5,124.57142857142856,0,0,0,0,1,0.1312,1.028,40.7
ORD_51447,W_bf528323a1ddf0c4,ZONE_BLR_01,2026-07-20,60,5,5591.81,4551.55,1040.26,291.2,0.15,Bangalore,Metro,Food_Delivery,Scooter,1.0,294,Full-Time,56.5,28,5591.81,4.99,1,1.0,1,33.4,8.9,29.5,28.414285714285715,21.1,162.85714285714286,1,0,1,0,1,0.2806,1.056,47.33
ORD_51448,W_bf528323a1ddf0c4,ZONE_BLR_01,2026-07-27,75,3,5591.81,5696.35,0.0,422.9,0.0,Bangalore,Metro,Food_Delivery,Scooter,1.0,294,Full-Time,56.5,28,5591.81,4.99,1,1.0,1,28.8,17.0,29.7,28.685714285714287,25.0,169.42857142857142,0,0,0,0,1,0.1919,1.048,43.72
ORD_51449,W_bf528323a1ddf0c4,ZONE_BLR_01,2026-08-03,59,7,5591.81,4438.38,1153.43,356.6,0.237,Bangalore,Metro,Food_Delivery,Scooter,1.0,294,Full-Time,56.5,28,5591.81,4.99,1,1.0,1,76.3,18.5,28.3,27.285714285714285,21.1,143.0,0,0,0,0,1,0.2789,1.127,50.45
ORD_51450,W_bf528323a1ddf0c4,ZONE_BLR_01,2026-08-10,71,3,5591.81,5348.19,243.62,325.6,0.0,Bangalore,Metro,Food_Delivery,Scooter,1.0,294,Full-Time,56.5,28,5591.81,4.99,1,1.0,1,19.9,5.6,30.7,29.17142857142857,21.8,129.0,0,0,0,1,1,0.1415,1.033,41.27
ORD_51451,W_bf528323a1ddf0c4,ZONE_BLR_01,2026-08-17,60,5,5591.81,4526.54,1065.27,263.4,0.15,Bangalore,Metro,Food_Delivery,Scooter,1.0,294,Full-Time,56.5,28,5591.81,4.99,1,1.0,1,31.4,9.8,29.9,28.4,22.2,146.57142857142858,1,0,1,0,1,0.2639,1.052,46.54
ORD_51452,W_bf528323a1ddf0c4,ZONE_BLR_01,2026-08-24,74,3,5591.81,5612.43,0.0,441.0,0.0,Bangalore,Metro,Food_Delivery,Scooter,1.0,294,Full-Time,56.5,28,5591.81,4.99,1,1.0,1,35.7,18.2,28.8,28.014285714285712,22.3,167.14285714285714,0,0,0,1,1,0.2057,1.06,44.73
ORD_51453,W_bf528323a1ddf0c4,ZONE_BLR_01,2026-08-31,77,3,5591.81,5785.6,0.0,296.0,0.0,Bangalore,Metro,Food_Delivery,Scooter,1.0,294,Full-Time,56.5,28,5591.81,4.99,1,1.0,1,13.2,3.6,30.8,29.542857142857144,19.3,142.71428571428572,1,0,1,1,1,0.2201,1.022,43.64
ORD_51454,W_bf528323a1ddf0c4,ZONE_BLR_01,2026-09-07,71,3,5591.81,5364.24,227.57,361.5,0.0,Bangalore,Metro,Food_Delivery,Scooter,1.0,294,Full-Time,56.5,28,5591.81,4.99,1,1.0,1,8.5,5.1,31.0,30.62857142857143,14.9,128.28571428571428,0,0,0,0,1,0.1153,1.014,39.58
ORD_51455,W_bf528323a1ddf0c4,ZONE_BLR_01,2026-09-14,74,3,5591.81,5609.77,0.0,312.2,0.0,Bangalore,Metro,Food_Delivery,Scooter,1.0,294,Full-Time,56.5,28,5591.81,4.99,1,1.0,1,33.1,9.6,30.8,30.425,13.6,137.5,0,0,0,0,1,0.1776,1.055,43.48
ORD_51456,W_d1e323d965ebbf5b,ZONE_BOM_01,2026-06-22,36,1,2661.3,2767.61,0.0,216.1,0.0,Mumbai,Metro,Food_Delivery,Scooter,1.0,365,Part-Time,23.5,18,2661.3,4.51,1,1.0,0,24.8,11.5,31.1,30.425,15.3,184.0,0,0,0,1,1,0.1938,1.041,43.5
ORD_51457,W_d1e323d965ebbf5b,ZONE_BOM_01,2026-06-29,5,1,2661.3,414.78,2246.52,22.7,0.85,Mumbai,Metro,Food_Delivery,Scooter,1.0,365,Part-Time,23.5,18,2661.3,4.51,1,1.0,0,493.0,136.9,28.6,27.642857142857142,30.3,147.0,0,0,6,0,1,1.0,1.822,79.0
ORD_51458,W_d1e323d965ebbf5b,ZONE_BOM_01,2026-07-06,7,2,2661.3,537.98,2123.32,26.8,0.797,Mumbai,Metro,Food_Delivery,Scooter,1.0,365,Part-Time,23.5,18,2661.3,4.51,1,1.0,0,235.5,131.8,30.2,29.142857142857142,34.6,143.85714285714286,0,0,2,0,1,0.8044,1.392,79.0
ORD_51459,W_d1e323d965ebbf5b,ZONE_BOM_01,2026-07-13,19,3,2661.3,1485.63,1175.67,104.2,0.439,Mumbai,Metro,Food_Delivery,Scooter,1.0,365,Part-Time,23.5,18,2661.3,4.51,1,1.0,0,92.5,33.1,30.6,29.82857142857143,21.8,156.42857142857142,1,0,1,0,1,0.4088,1.154,56.9
ORD_51460,W_d1e323d965ebbf5b,ZONE_BOM_01,2026-07-20,5,1,2661.3,379.99,2281.31,18.9,0.85,Mumbai,Metro,Food_Delivery,Scooter,1.0,365,Part-Time,23.5,18,2661.3,4.51,1,1.0,0,354.8,107.0,29.6,28.74285714285714,34.0,158.42857142857142,0,0,4,0,1,1.0,1.591,79.0
ORD_51461,W_d1e323d965ebbf5b,ZONE_BOM_01,2026-07-27,19,3,2661.3,1493.57,1167.73,83.7,0.449,Mumbai,Metro,Food_Delivery,Scooter,1.0,365,Part-Time,23.5,18,2661.3,4.51,1,1.0,0,120.9,42.9,29.6,28.957142857142856,25.3,151.42857142857142,0,0,0,0,1,0.3856,1.202,58.29
ORD_51462,W_d1e323d965ebbf5b,ZONE_BOM_01,2026-08-03,21,3,2661.3,1630.33,1030.97,113.4,0.399,Mumbai,Metro,Food_Delivery,Scooter,1.0,365,Part-Time,23.5,18,2661.3,4.51,1,1.0,0,76.8,18.7,29.7,29.285714285714285,21.2,139.0,0,0,0,0,1,0.277,1.128,50.42
ORD_51463,W_d1e323d965ebbf5b,ZONE_BOM_01,2026-08-10,27,3,2661.3,2082.93,578.37,130.2,0.249,Mumbai,Metro,Food_Delivery,Scooter,1.0,365,Part-Time,23.5,18,2661.3,4.51,1,1.0,0,96.6,30.6,29.7,28.61428571428572,19.0,142.57142857142858,0,0,0,1,1,0.3243,1.161,53.81
ORD_51464,W_d1e323d965ebbf5b,ZONE_BOM_01,2026-08-17,16,3,2661.3,1271.19,1390.11,69.3,0.508,Mumbai,Metro,Food_Delivery,Scooter,1.0,365,Part-Time,23.5,18,2661.3,4.51,1,1.0,0,61.0,16.7,29.7,29.228571428571428,20.6,146.28571428571428,1,0,1,0,1,0.3303,1.102,51.31
ORD_51465,W_d1e323d965ebbf5b,ZONE_BOM_01,2026-08-24,33,1,2661.3,2539.5,121.8,171.9,0.0,Mumbai,Metro,Food_Delivery,Scooter,1.0,365,Part-Time,23.5,18,2661.3,4.51,1,1.0,0,36.4,7.6,29.6,29.25714285714286,21.1,134.0,1,0,1,1,1,0.2657,1.061,47.0
ORD_51466,W_d1e323d965ebbf5b,ZONE_BOM_01,2026-08-31,34,1,2661.3,2609.18,52.12,189.8,0.0,Mumbai,Metro,Food_Delivery,Scooter,1.0,365,Part-Time,23.5,18,2661.3,4.51,1,1.0,0,61.0,16.1,29.6,29.042857142857144,18.4,158.28571428571428,0,0,0,1,1,0.256,1.102,48.44
ORD_51467,W_d1e323d965ebbf5b,ZONE_BOM_01,2026-09-07,34,1,2661.3,2615.32,45.98,141.2,0.0,Mumbai,Metro,Food_Delivery,Scooter,1.0,365,Part-Time,23.5,18,2661.3,4.51,1,1.0,0,52.9,25.5,30.0,29.071428571428573,15.3,169.57142857142858,0,0,0,0,1,0.2462,1.088,47.46
ORD_51468,W_d1e323d965ebbf5b,ZONE_BOM_01,2026-09-14,34,1,2661.3,2573.23,88.07,190.1,0.0,Mumbai,Metro,Food_Delivery,Scooter,1.0,365,Part-Time,23.5,18,2661.3,4.51,1,1.0,0,23.3,10.3,30.0,29.625,20.1,162.0,0,0,0,0,1,0.1739,1.039,42.69
ORD_51469,W_f1e3f6f876e764f3,ZONE_DEL_01,2026-06-22,75,3,5846.82,5630.32,216.5,354.4,0.0,Delhi_NCR,Metro,E_Commerce,Scooter,1.0,38,Full-Time,54.5,30,5846.82,4.65,1,1.0,1,4.0,1.2,41.9,40.425,14.3,188.25,0,0,0,1,1,0.1502,1.007,40.54
ORD_51470,W_f1e3f6f876e764f3,ZONE_DEL_01,2026-06-29,65,6,5846.82,4943.99,902.83,348.1,0.155,Delhi_NCR,Metro,E_Commerce,Scooter,1.0,38,Full-Time,54.5,30,5846.82,4.65,1,1.0,1,20.0,6.8,41.7,35.84285714285714,14.4,157.71428571428572,0,0,0,0,1,0.1633,1.033,42.06
ORD_51471,W_f1e3f6f876e764f3,ZONE_DEL_01,2026-07-06,17,4,5846.82,1346.42,4500.4,61.6,0.777,Delhi_NCR,Metro,E_Commerce,Scooter,1.0,38,Full-Time,54.5,30,5846.82,4.65,1,1.0,1,122.9,99.8,36.7,32.9,18.9,156.0,1,0,2,0,1,0.5602,1.205,65.8
ORD_51472,W_f1e3f6f876e764f3,ZONE_DEL_01,2026-07-13,76,3,5846.82,5727.8,119.02,323.5,0.0,Delhi_NCR,Metro,E_Commerce,Scooter,1.0,38,Full-Time,54.5,30,5846.82,4.65,1,1.0,1,9.8,3.7,37.4,36.55714285714286,19.6,129.42857142857142,0,0,0,0,1,0.1191,1.016,39.8
ORD_51473,W_f1e3f6f876e764f3,ZONE_DEL_01,2026-07-20,63,6,5846.82,4739.66,1107.16,273.2,0.172,Delhi_NCR,Metro,E_Commerce,Scooter,1.0,38,Full-Time,54.5,30,5846.82,4.65,1,1.0,1,74.3,31.9,33.7,31.8,16.5,132.71428571428572,0,0,0,0,1,0.2667,1.124,49.83
ORD_51474,W_f1e3f6f876e764f3,ZONE_DEL_01,2026-07-27,78,3,5846.82,5859.62,0.0,412.8,0.0,Delhi_NCR,Metro,E_Commerce,Scooter,1.0,38,Full-Time,54.5,30,5846.82,4.65,1,1.0,1,51.900000000000006,19.5,35.3,32.94285714285714,14.4,172.57142857142858,0,0,0,0,1,0.2462,1.086,47.37
ORD_51475,W_f1e3f6f876e764f3,ZONE_DEL_01,2026-08-03,33,7,5846.82,2532.14,3314.68,145.5,0.576,Delhi_NCR,Metro,E_Commerce,Scooter,1.0,38,Full-Time,54.5,30,5846.82,4.65,1,1.0,1,132.8,58.3,33.8,31.17142857142857,15.8,126.57142857142856,0,0,1,0,1,0.4771,1.221,63.12
ORD_51476,W_f1e3f6f876e764f3,ZONE_DEL_01,2026-08-10,76,3,5846.82,5724.2,122.62,377.1,0.0,Delhi_NCR,Metro,E_Commerce,Scooter,1.0,38,Full-Time,54.5,30,5846.82,4.65,1,1.0,1,45.8,12.5,34.4,32.614285714285714,11.1,170.42857142857142,0,0,0,1,1,0.2309,1.076,46.36
ORD_51477,W_f1e3f6f876e764f3,ZONE_DEL_01,2026-08-17,63,5,5846.82,4733.09,1113.73,234.1,0.15,Delhi_NCR,Metro,E_Commerce,Scooter,1.0,38,Full-Time,54.5,30,5846.82,4.65,1,1.0,1,34.3,8.2,33.6,33.15714285714286,11.7,140.0,1,0,1,0,1,0.2655,1.057,46.82
ORD_51478,W_f1e3f6f876e764f3,ZONE_DEL_01,2026-08-24,77,3,5846.82,5798.86,47.96,465.5,0.0,Delhi_NCR,Metro,E_Commerce,Scooter,1.0,38,Full-Time,54.5,30,5846.82,4.65,1,1.0,1,24.5,13.5,34.9,33.44285714285714,13.9,168.0,0,0,0,1,1,0.1811,1.041,43.03
ORD_51479,W_f1e3f6f876e764f3,ZONE_DEL_01,2026-08-31,70,4,5846.82,5279.59,567.23,405.0,0.058,Delhi_NCR,Metro,E_Commerce,Scooter,1.0,38,Full-Time,54.5,30,5846.82,4.65,1,1.0,1,76.6,23.5,34.4,31.24285714285714,13.1,145.57142857142858,0,0,0,1,1,0.2815,1.128,50.59
ORD_51480,W_f1e3f6f876e764f3,ZONE_DEL_01,2026-09-07,79,3,5846.82,5982.64,0.0,406.8,0.0,Delhi_NCR,Metro,E_Commerce,Scooter,1.0,38,Full-Time,54.5,30,5846.82,4.65,1,1.0,1,19.1,8.7,34.4,32.471428571428575,14.1,142.0,0,0,0,0,1,0.1495,1.032,41.52
ORD_51481,W_f1e3f6f876e764f3,ZONE_DEL_01,2026-09-14,80,4,5846.82,6034.09,0.0,367.3,0.0,Delhi_NCR,Metro,E_Commerce,Scooter,1.0,38,Full-Time,54.5,30,5846.82,4.65,1,1.0,1,7.6,3.7,35.0,33.05,14.4,149.0,0,0,0,0,1,0.1288,1.013,40.02
ORD_51482,W_15d6fc2bd0f99831,ZONE_DEL_01,2026-06-22,63,3,4934.1,4796.69,137.41,307.6,0.0,Delhi_NCR,Metro,Food_Delivery,Bike,1.2,63,Full-Time,47.0,25,4934.1,4.89,1,1.05,1,4.0,1.2,41.9,40.425,14.3,188.25,0,0,0,1,1,0.1502,1.007,42.57
ORD_51483,W_15d6fc2bd0f99831,ZONE_DEL_01,2026-06-29,55,5,4934.1,4189.68,744.42,272.4,0.155,Delhi_NCR,Metro,Food_Delivery,Bike,1.2,63,Full-Time,47.0,25,4934.1,4.89,1,1.05,1,20.0,6.8,41.7,35.84285714285714,14.4,157.71428571428572,0,0,0,0,1,0.1633,1.033,44.16
ORD_51484,W_15d6fc2bd0f99831,ZONE_DEL_01,2026-07-06,10,3,4934.1,773.32,4160.78,59.4,0.85,Delhi_NCR,Metro,Food_Delivery,Bike,1.2,63,Full-Time,47.0,25,4934.1,4.89,1,1.05,1,122.9,99.8,36.7,32.9,18.9,156.0,1,0,2,0,1,0.5602,1.205,69.09
ORD_51485,W_15d6fc2bd0f99831,ZONE_DEL_01,2026-07-13,68,3,4934.1,5119.48,0.0,385.1,0.0,Delhi_NCR,Metro,Food_Delivery,Bike,1.2,63,Full-Time,47.0,25,4934.1,4.89,1,1.05,1,9.8,3.7,37.4,36.55714285714286,19.6,129.42857142857142,0,0,0,0,1,0.1191,1.016,41.78
ORD_51486,W_15d6fc2bd0f99831,ZONE_DEL_01,2026-07-20,41,6,4934.1,3079.26,1854.84,172.8,0.35,Delhi_NCR,Metro,Food_Delivery,Bike,1.2,63,Full-Time,47.0,25,4934.1,4.89,1,1.05,1,74.3,31.9,33.7,31.8,16.5,132.71428571428572,0,0,0,0,1,0.2667,1.124,52.32
ORD_51487,W_15d6fc2bd0f99831,ZONE_DEL_01,2026-07-27,65,3,4934.1,4931.66,2.44,376.1,0.0,Delhi_NCR,Metro,Food_Delivery,Bike,1.2,63,Full-Time,47.0,25,4934.1,4.89,1,1.05,1,51.900000000000006,19.5,35.3,32.94285714285714,14.4,172.57142857142858,0,0,0,0,1,0.2462,1.086,49.74
ORD_51488,W_15d6fc2bd0f99831,ZONE_DEL_01,2026-08-03,20,5,4934.1,1561.24,3372.86,77.5,0.691,Delhi_NCR,Metro,Food_Delivery,Bike,1.2,63,Full-Time,47.0,25,4934.1,4.89,1,1.05,1,132.8,58.3,33.8,31.17142857142857,15.8,126.57142857142856,0,0,1,0,1,0.4771,1.221,66.28
ORD_51489,W_15d6fc2bd0f99831,ZONE_DEL_01,2026-08-10,64,3,4934.1,4811.94,122.16,350.5,0.0,Delhi_NCR,Metro,Food_Delivery,Bike,1.2,63,Full-Time,47.0,25,4934.1,4.89,1,1.05,1,45.8,12.5,34.4,32.614285714285714,11.1,170.42857142857142,0,0,0,1,1,0.2309,1.076,48.67
ORD_51490,W_15d6fc2bd0f99831,ZONE_DEL_01,2026-08-17,54,5,4934.1,4053.37,880.73,240.2,0.15,Delhi_NCR,Metro,Food_Delivery,Bike,1.2,63,Full-Time,47.0,25,4934.1,4.89,1,1.05,1,34.3,8.2,33.6,33.15714285714286,11.7,140.0,1,0,1,0,1,0.2655,1.057,49.16
ORD_51491,W_15d6fc2bd0f99831,ZONE_DEL_01,2026-08-24,64,3,4934.1,4818.08,116.02,284.5,0.0,Delhi_NCR,Metro,Food_Delivery,Bike,1.2,63,Full-Time,47.0,25,4934.1,4.89,1,1.05,1,24.5,13.5,34.9,33.44285714285714,13.9,168.0,0,0,0,1,1,0.1811,1.041,45.19
ORD_51492,W_15d6fc2bd0f99831,ZONE_DEL_01,2026-08-31,57,4,4934.1,4345.5,588.6,285.0,0.107,Delhi_NCR,Metro,Food_Delivery,Bike,1.2,63,Full-Time,47.0,25,4934.1,4.89,1,1.05,1,76.6,23.5,34.4,31.24285714285714,13.1,145.57142857142858,0,0,0,1,1,0.2815,1.128,53.12
ORD_51493,W_15d6fc2bd0f99831,ZONE_DEL_01,2026-09-07,63,3,4934.1,4736.7,197.4,357.4,0.0,Delhi_NCR,Metro,Food_Delivery,Bike,1.2,63,Full-Time,47.0,25,4934.1,4.89,1,1.05,1,19.1,8.7,34.4,32.471428571428575,14.1,142.0,0,0,0,0,1,0.1495,1.032,43.6
ORD_51494,W_15d6fc2bd0f99831,ZONE_DEL_01,2026-09-14,64,3,4934.1,4869.9,64.2,336.1,0.0,Delhi_NCR,Metro,Food_Delivery,Bike,1.2,63,Full-Time,47.0,25,4934.1,4.89,1,1.05,1,7.6,3.7,35.0,33.05,14.4,149.0,0,0,0,0,1,0.1288,1.013,42.02
ORD_51495,W_45309da989e79e0b,ZONE_BLR_01,2026-06-22,71,3,5232.7,5350.64,0.0,288.7,0.0,Bangalore,Metro,E_Commerce,Scooter,1.0,81,Full-Time,47.8,28,5232.7,5.0,1,1.0,1,16.3,5.3,30.1,29.475,20.2,135.25,0,0,0,1,1,0.1381,1.027,40.91
ORD_51496,W_45309da989e79e0b,ZONE_BLR_01,2026-06-29,61,5,5232.7,4618.89,613.81,315.0,0.15,Bangalore,Metro,E_Commerce,Scooter,1.0,81,Full-Time,47.8,28,5232.7,5.0,1,1.0,1,20.1,8.4,29.2,27.985714285714288,29.9,153.85714285714286,1,0,1,0,1,0.244,1.034,45.02
ORD_51497,W_45309da989e79e0b,ZONE_BLR_01,2026-07-06,69,3,5232.7,5195.4,37.3,275.5,0.0,Bangalore,Metro,E_Commerce,Scooter,1.0,81,Full-Time,47.8,28,5232.7,5.0,1,1.0,1,8.399999999999999,3.3,31.8,29.77142857142857,29.7,172.71428571428572,0,0,0,0,1,0.1484,1.014,40.76
ORD_51498,W_45309da989e79e0b,ZONE_BLR_01,2026-07-13,72,3,5232.7,5464.14,0.0,398.8,0.0,Bangalore,Metro,E_Commerce,Scooter,1.0,81,Full-Time,47.8,28,5232.7,5.0,1,1.0,1,16.8,9.8,32.1,29.785714285714285,20.5,124.57142857142856,0,0,0,0,1,0.1312,1.028,40.7
ORD_51499,W_45309da989e79e0b,ZONE_BLR_01,2026-07-20,57,5,5232.7,4317.93,914.77,251.5,0.15,Bangalore,Metro,E_Commerce,Scooter,1.0,81,Full-Time,47.8,28,5232.7,5.0,1,1.0,1,33.4,8.9,29.5,28.414285714285715,21.1,162.85714285714286,1,0,1,0,1,0.2806,1.056,47.33
ORD_51500,W_45309da989e79e0b,ZONE_BLR_01,2026-07-27,71,3,5232.7,5394.74,0.0,381.9,0.0,Bangalore,Metro,E_Commerce,Scooter,1.0,81,Full-Time,47.8,28,5232.7,5.0,1,1.0,1,28.8,17.0,29.7,28.685714285714287,25.0,169.42857142857142,0,0,0,0,1,0.1919,1.048,43.72
ORD_51501,W_45309da989e79e0b,ZONE_BLR_01,2026-08-03,50,6,5232.7,3824.11,1408.59,271.7,0.265,Bangalore,Metro,E_Commerce,Scooter,1.0,81,Full-Time,47.8,28,5232.7,5.0,1,1.0,1,76.3,18.5,28.3,27.285714285714285,21.1,143.0,0,0,0,0,1,0.2789,1.127,50.45
ORD_51502,W_45309da989e79e0b,ZONE_BLR_01,2026-08-10,68,3,5232.7,5173.31,59.39,276.8,0.0,Bangalore,Metro,E_Commerce,Scooter,1.0,81,Full-Time,47.8,28,5232.7,5.0,1,1.0,1,19.9,5.6,30.7,29.17142857142857,21.8,129.0,0,0,0,1,1,0.1415,1.033,41.27
ORD_51503,W_45309da989e79e0b,ZONE_BLR_01,2026-08-17,60,5,5232.7,4506.81,725.89,368.1,0.15,Bangalore,Metro,E_Commerce,Scooter,1.0,81,Full-Time,47.8,28,5232.7,5.0,1,1.0,1,31.4,9.8,29.9,28.4,22.2,146.57142857142858,1,0,1,0,1,0.2639,1.052,46.54
ORD_51504,W_45309da989e79e0b,ZONE_BLR_01,2026-08-24,68,3,5232.7,5133.59,99.11,322.6,0.0,Bangalore,Metro,E_Commerce,Scooter,1.0,81,Full-Time,47.8,28,5232.7,5.0,1,1.0,1,35.7,18.2,28.8,28.014285714285712,22.3,167.14285714285714,0,0,0,1,1,0.2057,1.06,44.73
ORD_51505,W_45309da989e79e0b,ZONE_BLR_01,2026-08-31,70,3,5232.7,5323.75,0.0,347.3,0.0,Bangalore,Metro,E_Commerce,Scooter,1.0,81,Full-Time,47.8,28,5232.7,5.0,1,1.0,1,13.2,3.6,30.8,29.542857142857144,19.3,142.71428571428572,1,0,1,1,1,0.2201,1.022,43.64
ORD_51506,W_45309da989e79e0b,ZONE_BLR_01,2026-09-07,72,3,5232.7,5412.41,0.0,400.1,0.0,Bangalore,Metro,E_Commerce,Scooter,1.0,81,Full-Time,47.8,28,5232.7,5.0,1,1.0,1,8.5,5.1,31.0,30.62857142857143,14.9,128.28571428571428,0,0,0,0,1,0.1153,1.014,39.58
ORD_51507,W_45309da989e79e0b,ZONE_BLR_01,2026-09-14,66,3,5232.7,5001.57,231.13,408.9,0.0,Bangalore,Metro,E_Commerce,Scooter,1.0,81,Full-Time,47.8,28,5232.7,5.0,1,1.0,1,33.1,9.6,30.8,30.425,13.6,137.5,0,0,0,0,1,0.1776,1.055,43.48
ORD_51508,W_6f828cfa696b66e4,ZONE_BOM_01,2026-06-22,78,3,5768.56,5914.16,0.0,454.9,0.0,Mumbai,Metro,E_Commerce,Bike,1.2,196,Full-Time,55.0,25,5768.56,5.0,1,1.05,1,24.8,11.5,31.1,30.425,15.3,184.0,0,0,0,1,1,0.1938,1.041,45.67
ORD_51509,W_6f828cfa696b66e4,ZONE_BOM_01,2026-06-29,11,3,5768.56,896.11,4872.45,41.8,0.85,Mumbai,Metro,E_Commerce,Bike,1.2,196,Full-Time,55.0,25,5768.56,5.0,1,1.05,1,493.0,136.9,28.6,27.642857142857142,30.3,147.0,0,0,6,0,1,1.0,1.822,79.0
ORD_51510,W_6f828cfa696b66e4,ZONE_BOM_01,2026-07-06,15,4,5768.56,1176.45,4592.11,60.7,0.803,Mumbai,Metro,E_Commerce,Bike,1.2,196,Full-Time,55.0,25,5768.56,5.0,1,1.05,1,235.5,131.8,30.2,29.142857142857142,34.6,143.85714285714286,0,0,2,0,1,0.8044,1.392,79.0
ORD_51511,W_6f828cfa696b66e4,ZONE_BOM_01,2026-07-13,51,7,5768.56,3892.71,1875.85,293.5,0.344,Mumbai,Metro,E_Commerce,Bike,1.2,196,Full-Time,55.0,25,5768.56,5.0,1,1.05,1,92.5,33.1,30.6,29.82857142857143,21.8,156.42857142857142,1,0,1,0,1,0.4088,1.154,59.75
ORD_51512,W_6f828cfa696b66e4,ZONE_BOM_01,2026-07-20,11,3,5768.56,895.94,4872.62,58.9,0.85,Mumbai,Metro,E_Commerce,Bike,1.2,196,Full-Time,55.0,25,5768.56,5.0,1,1.05,1,354.8,107.0,29.6,28.74285714285714,34.0,158.42857142857142,0,0,4,0,1,1.0,1.591,79.0
ORD_51513,W_6f828cfa696b66e4,ZONE_BOM_01,2026-07-27,36,7,5768.56,2712.45,3056.11,166.8,0.545,Mumbai,Metro,E_Commerce,Bike,1.2,196,Full-Time,55.0,25,5768.56,5.0,1,1.05,1,120.9,42.9,29.6,28.957142857142856,25.3,151.42857142857142,0,0,0,0,1,0.3856,1.202,61.21
ORD_51514,W_6f828cfa696b66e4,ZONE_BOM_01,2026-08-03,48,7,5768.56,3612.91,2155.65,233.5,0.36,Mumbai,Metro,E_Commerce,Bike,1.2,196,Full-Time,55.0,25,5768.56,5.0,1,1.05,1,76.8,18.7,29.7,29.285714285714285,21.2,139.0,0,0,0,0,1,0.277,1.128,52.94
ORD_51515,W_6f828cfa696b66e4,ZONE_BOM_01,2026-08-10,51,7,5768.56,3878.89,1889.67,287.5,0.348,Mumbai,Metro,E_Commerce,Bike,1.2,196,Full-Time,55.0,25,5768.56,5.0,1,1.05,1,96.6,30.6,29.7,28.61428571428572,19.0,142.57142857142858,0,0,0,1,1,0.3243,1.161,56.5
ORD_51516,W_6f828cfa696b66e4,ZONE_BOM_01,2026-08-17,33,7,5768.56,2522.58,3245.98,132.6,0.575,Mumbai,Metro,E_Commerce,Bike,1.2,196,Full-Time,55.0,25,5768.56,5.0,1,1.05,1,61.0,16.7,29.7,29.228571428571428,20.6,146.28571428571428,1,0,1,0,1,0.3303,1.102,53.88
ORD_51517,W_6f828cfa696b66e4,ZONE_BOM_01,2026-08-24,73,3,5768.56,5509.01,259.55,427.7,0.0,Mumbai,Metro,E_Commerce,Bike,1.2,196,Full-Time,55.0,25,5768.56,5.0,1,1.05,1,36.4,7.6,29.6,29.25714285714286,21.1,134.0,1,0,1,1,1,0.2657,1.061,49.35
ORD_51518,W_6f828cfa696b66e4,ZONE_BOM_01,2026-08-31,74,3,5768.56,5622.44,146.12,397.9,0.0,Mumbai,Metro,E_Commerce,Bike,1.2,196,Full-Time,55.0,25,5768.56,5.0,1,1.05,1,61.0,16.1,29.6,29.042857142857144,18.4,158.28571428571428,0,0,0,1,1,0.256,1.102,50.87
ORD_51519,W_6f828cfa696b66e4,ZONE_BOM_01,2026-09-07,76,3,5768.56,5716.32,52.24,445.8,0.0,Mumbai,Metro,E_Commerce,Bike,1.2,196,Full-Time,55.0,25,5768.56,5.0,1,1.05,1,52.9,25.5,30.0,29.071428571428573,15.3,169.57142857142858,0,0,0,0,1,0.2462,1.088,49.83
ORD_51520,W_6f828cfa696b66e4,ZONE_BOM_01,2026-09-14,75,3,5768.56,5652.02,116.54,264.9,0.0,Mumbai,Metro,E_Commerce,Bike,1.2,196,Full-Time,55.0,25,5768.56,5.0,1,1.05,1,23.3,10.3,30.0,29.625,20.1,162.0,0,0,0,0,1,0.1739,1.039,44.82
ORD_51521,W_f0dfeeb5232d5b8a,ZONE_BOM_01,2026-06-22,23,1,1765.95,1730.75,35.2,116.4,0.0,Mumbai,Metro,Q_Commerce,Scooter,1.0,343,Part-Time,17.6,17,1765.95,4.86,1,1.0,0,24.8,11.5,31.1,30.425,15.3,184.0,0,0,0,1,1,0.1938,1.041,43.5
ORD_51522,W_f0dfeeb5232d5b8a,ZONE_BOM_01,2026-06-29,3,0,1765.95,265.82,1500.13,17.6,0.85,Mumbai,Metro,Q_Commerce,Scooter,1.0,343,Part-Time,17.6,17,1765.95,4.86,1,1.0,0,493.0,136.9,28.6,27.642857142857142,30.3,147.0,0,0,6,0,1,1.0,1.822,79.0
ORD_51523,W_f0dfeeb5232d5b8a,ZONE_BOM_01,2026-07-06,3,0,1765.95,288.88,1477.07,14.2,0.832,Mumbai,Metro,Q_Commerce,Scooter,1.0,343,Part-Time,17.6,17,1765.95,4.86,1,1.0,0,235.5,131.8,30.2,29.142857142857142,34.6,143.85714285714286,0,0,2,0,1,0.8044,1.392,79.0
ORD_51524,W_f0dfeeb5232d5b8a,ZONE_BOM_01,2026-07-13,15,2,1765.95,1139.69,626.26,92.9,0.382,Mumbai,Metro,Q_Commerce,Scooter,1.0,343,Part-Time,17.6,17,1765.95,4.86,1,1.0,0,92.5,33.1,30.6,29.82857142857143,21.8,156.42857142857142,1,0,1,0,1,0.4088,1.154,56.9
ORD_51525,W_f0dfeeb5232d5b8a,ZONE_BOM_01,2026-07-20,3,0,1765.95,270.91,1495.04,13.6,0.85,Mumbai,Metro,Q_Commerce,Scooter,1.0,343,Part-Time,17.6,17,1765.95,4.86,1,1.0,0,354.8,107.0,29.6,28.74285714285714,34.0,158.42857142857142,0,0,4,0,1,1.0,1.591,79.0
ORD_51526,W_f0dfeeb5232d5b8a,ZONE_BOM_01,2026-07-27,14,2,1765.95,1088.81,677.14,66.4,0.352,Mumbai,Metro,Q_Commerce,Scooter,1.0,343,Part-Time,17.6,17,1765.95,4.86,1,1.0,0,120.9,42.9,29.6,28.957142857142856,25.3,151.42857142857142,0,0,0,0,1,0.3856,1.202,58.29
ORD_51527,W_f0dfeeb5232d5b8a,ZONE_BOM_01,2026-08-03,14,2,1765.95,1062.37,703.58,75.0,0.368,Mumbai,Metro,Q_Commerce,Scooter,1.0,343,Part-Time,17.6,17,1765.95,4.86,1,1.0,0,76.8,18.7,29.7,29.285714285714285,21.2,139.0,0,0,0,0,1,0.277,1.128,50.42
ORD_51528,W_f0dfeeb5232d5b8a,ZONE_BOM_01,2026-08-10,18,2,1765.95,1405.59,360.36,77.6,0.209,Mumbai,Metro,Q_Commerce,Scooter,1.0,343,Part-Time,17.6,17,1765.95,4.86,1,1.0,0,96.6,30.6,29.7,28.61428571428572,19.0,142.57142857142858,0,0,0,1,1,0.3243,1.161,53.81
ORD_51529,W_f0dfeeb5232d5b8a,ZONE_BOM_01,2026-08-17,12,2,1765.95,935.89,830.06,49.5,0.465,Mumbai,Metro,Q_Commerce,Scooter,1.0,343,Part-Time,17.6,17,1765.95,4.86,1,1.0,0,61.0,16.7,29.7,29.228571428571428,20.6,146.28571428571428,1,0,1,0,1,0.3303,1.102,51.31
ORD_51530,W_f0dfeeb5232d5b8a,ZONE_BOM_01,2026-08-24,23,1,1765.95,1772.1,0.0,92.8,0.0,Mumbai,Metro,Q_Commerce,Scooter,1.0,343,Part-Time,17.6,17,1765.95,4.86,1,1.0,0,36.4,7.6,29.6,29.25714285714286,21.1,134.0,1,0,1,1,1,0.2657,1.061,47.0
ORD_51531,W_f0dfeeb5232d5b8a,ZONE_BOM_01,2026-08-31,22,1,1765.95,1660.66,105.29,116.9,0.026,Mumbai,Metro,Q_Commerce,Scooter,1.0,343,Part-Time,17.6,17,1765.95,4.86,1,1.0,0,61.0,16.1,29.6,29.042857142857144,18.4,158.28571428571428,0,0,0,1,1,0.256,1.102,48.44
ORD_51532,W_f0dfeeb5232d5b8a,ZONE_BOM_01,2026-09-07,24,1,1765.95,1810.79,0.0,91.2,0.0,Mumbai,Metro,Q_Commerce,Scooter,1.0,343,Part-Time,17.6,17,1765.95,4.86,1,1.0,0,52.9,25.5,30.0,29.071428571428573,15.3,169.57142857142858,0,0,0,0,1,0.2462,1.088,47.46
ORD_51533,W_f0dfeeb5232d5b8a,ZONE_BOM_01,2026-09-14,23,1,1765.95,1760.26,5.69,84.9,0.0,Mumbai,Metro,Q_Commerce,Scooter,1.0,343,Part-Time,17.6,17,1765.95,4.86,1,1.0,0,23.3,10.3,30.0,29.625,20.1,162.0,0,0,0,0,1,0.1739,1.039,42.69
ORD_51534,W_ceedd2206c87cd76,ZONE_HYD_01,2026-06-22,71,3,5327.41,5379.72,0.0,299.2,0.0,Hyderabad,Metro,E_Commerce,Bike,1.2,86,Full-Time,53.9,23,5327.41,4.6,1,1.05,1,21.8,14.6,32.6,30.65,17.3,156.25,1,0,1,1,1,0.2496,1.036,47.58
ORD_51535,W_ceedd2206c87cd76,ZONE_HYD_01,2026-06-29,71,3,5327.41,5342.13,0.0,347.7,0.0,Hyderabad,Metro,E_Commerce,Bike,1.2,86,Full-Time,53.9,23,5327.41,4.6,1,1.05,1,35.9,10.7,29.8,28.357142857142858,25.4,132.14285714285714,0,0,0,0,1,0.1799,1.06,45.96
ORD_51536,W_ceedd2206c87cd76,ZONE_HYD_01,2026-07-06,74,3,5327.41,5553.48,0.0,368.7,0.0,Hyderabad,Metro,E_Commerce,Bike,1.2,86,Full-Time,53.9,23,5327.41,4.6,1,1.05,1,6.2,2.2,33.3,32.27142857142857,25.7,165.28571428571428,0,0,0,0,1,0.1379,1.01,42.24
ORD_51537,W_ceedd2206c87cd76,ZONE_HYD_01,2026-07-13,60,5,5327.41,4565.88,761.53,275.1,0.15,Hyderabad,Metro,E_Commerce,Bike,1.2,86,Full-Time,53.9,23,5327.41,4.6,1,1.05,1,26.8,13.6,33.9,31.52857142857143,19.0,155.14285714285714,0,1,1,0,1,0.26,1.045,48.39
ORD_51538,W_ceedd2206c87cd76,ZONE_HYD_01,2026-07-20,74,3,5327.41,5566.65,0.0,414.3,0.0,Hyderabad,Metro,E_Commerce,Bike,1.2,86,Full-Time,53.9,23,5327.41,4.6,1,1.05,1,38.8,13.9,30.0,28.61428571428572,25.3,132.85714285714286,0,0,0,0,1,0.1869,1.065,46.45
ORD_51539,W_ceedd2206c87cd76,ZONE_HYD_01,2026-07-27,56,6,5327.41,4235.74,1091.67,261.4,0.231,Hyderabad,Metro,E_Commerce,Bike,1.2,86,Full-Time,53.9,23,5327.41,4.6,1,1.05,1,70.5,24.9,30.6,28.585714285714285,24.3,137.0,0,0,0,0,1,0.2614,1.118,51.83
ORD_51540,W_ceedd2206c87cd76,ZONE_HYD_01,2026-08-03,73,3,5327.41,5502.5,0.0,417.7,0.0,Hyderabad,Metro,E_Commerce,Bike,1.2,86,Full-Time,53.9,23,5327.41,4.6,1,1.05,1,20.5,9.0,30.6,29.442857142857143,20.0,136.28571428571428,0,0,0,0,1,0.1483,1.034,43.63
ORD_51541,W_ceedd2206c87cd76,ZONE_HYD_01,2026-08-10,68,3,5327.41,5161.66,165.75,366.7,0.0,Hyderabad,Metro,E_Commerce,Bike,1.2,86,Full-Time,53.9,23,5327.41,4.6,1,1.05,1,12.6,3.6,30.8,29.82857142857143,19.8,137.42857142857142,0,0,0,1,1,0.1314,1.021,42.45
ORD_51542,W_ceedd2206c87cd76,ZONE_HYD_01,2026-08-17,54,6,5327.41,4120.54,1206.87,232.4,0.21,Hyderabad,Metro,E_Commerce,Bike,1.2,86,Full-Time,53.9,23,5327.41,4.6,1,1.05,1,18.2,11.0,31.5,30.228571428571428,19.4,148.85714285714286,0,1,1,0,1,0.2359,1.03,46.78
ORD_51543,W_ceedd2206c87cd76,ZONE_HYD_01,2026-08-24,69,3,5327.41,5218.92,108.49,376.7,0.0,Hyderabad,Metro,E_Commerce,Bike,1.2,86,Full-Time,53.9,23,5327.41,4.6,1,1.05,1,10.4,3.2,30.4,29.17142857142857,21.5,140.14285714285714,0,0,0,1,1,0.1285,1.017,42.18
ORD_51544,W_ceedd2206c87cd76,ZONE_HYD_01,2026-08-31,69,3,5327.41,5183.48,143.93,241.7,0.0,Hyderabad,Metro,E_Commerce,Bike,1.2,86,Full-Time,53.9,23,5327.41,4.6,1,1.05,1,8.8,5.3,32.0,30.228571428571428,19.7,159.14285714285714,0,0,0,1,1,0.1392,1.015,42.49
ORD_51545,W_ceedd2206c87cd76,ZONE_HYD_01,2026-09-07,61,5,5327.41,4625.76,701.65,241.7,0.15,Hyderabad,Metro,E_Commerce,Bike,1.2,86,Full-Time,53.9,23,5327.41,4.6,1,1.05,1,26.3,11.7,32.2,31.057142857142857,15.3,156.57142857142858,1,0,1,0,1,0.2599,1.044,48.34
ORD_51546,W_ceedd2206c87cd76,ZONE_HYD_01,2026-09-14,68,3,5327.41,5116.7,210.71,281.6,0.0,Hyderabad,Metro,E_Commerce,Bike,1.2,86,Full-Time,53.9,23,5327.41,4.6,1,1.05,1,12.7,5.5,33.4,31.525,10.7,147.5,0,0,0,0,1,0.1392,1.021,42.74
ORD_51547,W_6433eaaed98a697a,ZONE_DEL_01,2026-06-22,68,3,5165.07,5103.04,62.03,325.4,0.0,Delhi_NCR,Metro,Q_Commerce,Bike,1.2,104,Full-Time,48.5,25,5165.07,4.73,1,1.05,1,4.0,1.2,41.9,40.425,14.3,188.25,0,0,0,1,1,0.1502,1.007,42.57
ORD_51548,W_6433eaaed98a697a,ZONE_DEL_01,2026-06-29,55,5,5165.07,4165.71,999.36,336.6,0.155,Delhi_NCR,Metro,Q_Commerce,Bike,1.2,104,Full-Time,48.5,25,5165.07,4.73,1,1.05,1,20.0,6.8,41.7,35.84285714285714,14.4,157.71428571428572,0,0,0,0,1,0.1633,1.033,44.16
ORD_51549,W_6433eaaed98a697a,ZONE_DEL_01,2026-07-06,10,3,5165.07,761.06,4404.01,43.6,0.85,Delhi_NCR,Metro,Q_Commerce,Bike,1.2,104,Full-Time,48.5,25,5165.07,4.73,1,1.05,1,122.9,99.8,36.7,32.9,18.9,156.0,1,0,2,0,1,0.5602,1.205,69.09
ORD_51550,W_6433eaaed98a697a,ZONE_DEL_01,2026-07-13,68,3,5165.07,5138.49,26.58,353.0,0.0,Delhi_NCR,Metro,Q_Commerce,Bike,1.2,104,Full-Time,48.5,25,5165.07,4.73,1,1.05,1,9.8,3.7,37.4,36.55714285714286,19.6,129.42857142857142,0,0,0,0,1,0.1191,1.016,41.78
ORD_51551,W_6433eaaed98a697a,ZONE_DEL_01,2026-07-20,52,5,5165.07,3971.76,1193.31,302.7,0.206,Delhi_NCR,Metro,Q_Commerce,Bike,1.2,104,Full-Time,48.5,25,5165.07,4.73,1,1.05,1,74.3,31.9,33.7,31.8,16.5,132.71428571428572,0,0,0,0,1,0.2667,1.124,52.32
ORD_51552,W_6433eaaed98a697a,ZONE_DEL_01,2026-07-27,67,3,5165.07,5039.17,125.9,303.3,0.0,Delhi_NCR,Metro,Q_Commerce,Bike,1.2,104,Full-Time,48.5,25,5165.07,4.73,1,1.05,1,51.900000000000006,19.5,35.3,32.94285714285714,14.4,172.57142857142858,0,0,0,0,1,0.2462,1.086,49.74
ORD_51553,W_6433eaaed98a697a,ZONE_DEL_01,2026-08-03,15,4,5165.07,1159.55,4005.52,66.3,0.779,Delhi_NCR,Metro,Q_Commerce,Bike,1.2,104,Full-Time,48.5,25,5165.07,4.73,1,1.05,1,132.8,58.3,33.8,31.17142857142857,15.8,126.57142857142856,0,0,1,0,1,0.4771,1.221,66.28
ORD_51554,W_6433eaaed98a697a,ZONE_DEL_01,2026-08-10,70,3,5165.07,5259.95,0.0,248.7,0.0,Delhi_NCR,Metro,Q_Commerce,Bike,1.2,104,Full-Time,48.5,25,5165.07,4.73,1,1.05,1,45.8,12.5,34.4,32.614285714285714,11.1,170.42857142857142,0,0,0,1,1,0.2309,1.076,48.67
ORD_51555,W_6433eaaed98a697a,ZONE_DEL_01,2026-08-17,59,5,5165.07,4493.76,671.31,284.1,0.15,Delhi_NCR,Metro,Q_Commerce,Bike,1.2,104,Full-Time,48.5,25,5165.07,4.73,1,1.05,1,34.3,8.2,33.6,33.15714285714286,11.7,140.0,1,0,1,0,1,0.2655,1.057,49.16
ORD_51556,W_6433eaaed98a697a,ZONE_DEL_01,2026-08-24,71,3,5165.07,5326.83,0.0,431.5,0.0,Delhi_NCR,Metro,Q_Commerce,Bike,1.2,104,Full-Time,48.5,25,5165.07,4.73,1,1.05,1,24.5,13.5,34.9,33.44285714285714,13.9,168.0,0,0,0,1,1,0.1811,1.041,45.19
ORD_51557,W_6433eaaed98a697a,ZONE_DEL_01,2026-08-31,61,5,5165.07,4588.04,577.03,297.9,0.147,Delhi_NCR,Metro,Q_Commerce,Bike,1.2,104,Full-Time,48.5,25,5165.07,4.73,1,1.05,1,76.6,23.5,34.4,31.24285714285714,13.1,145.57142857142858,0,0,0,1,1,0.2815,1.128,53.12
ORD_51558,W_6433eaaed98a697a,ZONE_DEL_01,2026-09-07,67,3,5165.07,5092.83,72.24,318.6,0.0,Delhi_NCR,Metro,Q_Commerce,Bike,1.2,104,Full-Time,48.5,25,5165.07,4.73,1,1.05,1,19.1,8.7,34.4,32.471428571428575,14.1,142.0,0,0,0,0,1,0.1495,1.032,43.6
ORD_51559,W_6433eaaed98a697a,ZONE_DEL_01,2026-09-14,70,3,5165.07,5263.15,0.0,412.1,0.0,Delhi_NCR,Metro,Q_Commerce,Bike,1.2,104,Full-Time,48.5,25,5165.07,4.73,1,1.05,1,7.6,3.7,35.0,33.05,14.4,149.0,0,0,0,0,1,0.1288,1.013,42.02
ORD_51560,W_a0660018b5c7bfbb,ZONE_MAA_01,2026-06-22,52,2,4034.06,3915.86,118.2,310.9,0.0,Chennai,Metro,Food_Delivery,Bicycle,1.8,119,Full-Time,43.8,23,4034.06,4.65,1,1.2,1,33.7,24.5,37.6,36.225,17.3,159.25,0,0,0,1,1,0.1953,1.056,53.01
ORD_51561,W_a0660018b5c7bfbb,ZONE_MAA_01,2026-06-29,55,2,4034.06,4161.21,0.0,337.9,0.0,Chennai,Metro,Food_Delivery,Bicycle,1.8,119,Full-Time,43.8,23,4034.06,4.65,1,1.2,1,11.8,5.8,38.4,35.55714285714286,23.0,123.0,0,0,0,0,1,0.1188,1.02,47.93
ORD_51562,W_a0660018b5c7bfbb,ZONE_MAA_01,2026-07-06,47,4,4034.06,3559.34,474.72,200.0,0.15,Chennai,Metro,Food_Delivery,Bicycle,1.8,119,Full-Time,43.8,23,4034.06,4.65,1,1.2,1,9.3,5.2,39.2,37.55714285714286,26.3,163.28571428571428,1,0,1,0,1,0.2267,1.016,52.35
ORD_51563,W_a0660018b5c7bfbb,ZONE_MAA_01,2026-07-13,51,2,4034.06,3875.1,158.96,194.0,0.0,Chennai,Metro,Food_Delivery,Bicycle,1.8,119,Full-Time,43.8,23,4034.06,4.65,1,1.2,1,11.3,4.9,38.7,36.51428571428571,19.1,141.57142857142858,0,0,0,0,1,0.1316,1.019,48.43
ORD_51564,W_a0660018b5c7bfbb,ZONE_MAA_01,2026-07-20,46,3,4034.06,3475.86,558.2,237.3,0.12,Chennai,Metro,Food_Delivery,Bicycle,1.8,119,Full-Time,43.8,23,4034.06,4.65,1,1.2,1,35.6,10.7,36.4,34.714285714285715,17.5,131.57142857142858,0,0,0,0,1,0.1788,1.059,52.43
ORD_51565,W_a0660018b5c7bfbb,ZONE_MAA_01,2026-07-27,55,2,4034.06,4156.82,0.0,326.0,0.0,Chennai,Metro,Food_Delivery,Bicycle,1.8,119,Full-Time,43.8,23,4034.06,4.65,1,1.2,1,26.0,8.2,37.6,36.48571428571429,23.1,145.14285714285714,0,0,0,0,1,0.1674,1.043,51.14
ORD_51566,W_a0660018b5c7bfbb,ZONE_MAA_01,2026-08-03,54,2,4034.06,4083.98,0.0,189.8,0.0,Chennai,Metro,Food_Delivery,Bicycle,1.8,119,Full-Time,43.8,23,4034.06,4.65,1,1.2,1,38.5,6.7,34.8,33.94285714285714,19.7,150.71428571428572,0,0,0,0,1,0.1997,1.064,53.61
ORD_51567,W_a0660018b5c7bfbb,ZONE_MAA_01,2026-08-10,52,2,4034.06,3907.52,126.54,196.0,0.0,Chennai,Metro,Food_Delivery,Bicycle,1.8,119,Full-Time,43.8,23,4034.06,4.65,1,1.2,1,15.6,9.3,35.5,35.08571428571428,18.4,153.57142857142858,1,0,1,1,1,0.2336,1.026,53.16
ORD_51568,W_a0660018b5c7bfbb,ZONE_MAA_01,2026-08-17,53,2,4034.06,3978.92,55.14,257.2,0.0,Chennai,Metro,Food_Delivery,Bicycle,1.8,119,Full-Time,43.8,23,4034.06,4.65,1,1.2,1,29.4,12.9,36.3,35.75714285714285,20.7,143.71428571428572,0,0,0,0,1,0.1739,1.049,51.72
ORD_51569,W_a0660018b5c7bfbb,ZONE_MAA_01,2026-08-24,51,2,4034.06,3849.86,184.2,226.5,0.0,Chennai,Metro,Food_Delivery,Bicycle,1.8,119,Full-Time,43.8,23,4034.06,4.65,1,1.2,1,15.1,7.6,36.6,34.77142857142857,18.4,144.14285714285714,1,0,1,1,1,0.2254,1.025,52.75
ORD_51570,W_a0660018b5c7bfbb,ZONE_MAA_01,2026-08-31,52,2,4034.06,3904.64,129.42,272.8,0.0,Chennai,Metro,Food_Delivery,Bicycle,1.8,119,Full-Time,43.8,23,4034.06,4.65,1,1.2,1,13.1,3.6,35.6,34.41428571428571,16.9,156.85714285714286,1,0,1,1,1,0.2305,1.022,52.82
ORD_51571,W_a0660018b5c7bfbb,ZONE_MAA_01,2026-09-07,53,2,4034.06,4019.65,14.41,256.4,0.0,Chennai,Metro,Food_Delivery,Bicycle,1.8,119,Full-Time,43.8,23,4034.06,4.65,1,1.2,1,23.3,11.4,35.6,34.214285714285715,14.8,136.57142857142858,0,0,0,0,1,0.1549,1.039,50.4
ORD_51572,W_a0660018b5c7bfbb,ZONE_MAA_01,2026-09-14,45,4,4034.06,3404.16,629.9,273.7,0.15,Chennai,Metro,Food_Delivery,Bicycle,1.8,119,Full-Time,43.8,23,4034.06,4.65,1,1.2,1,27.4,22.7,36.0,33.525,13.4,152.75,0,1,1,0,1,0.2595,1.046,55.33
ORD_51573,W_b73755066d8f7bee,ZONE_HYD_01,2026-06-22,81,4,6297.85,6118.19,179.66,396.5,0.0,Hyderabad,Metro,Food_Delivery,Bike,1.2,150,Full-Time,58.3,20,6297.85,4.3,1,1.05,1,21.8,14.6,32.6,30.65,17.3,156.25,1,0,1,1,1,0.2496,1.036,47.58
ORD_51574,W_b73755066d8f7bee,ZONE_HYD_01,2026-06-29,85,4,6297.85,6446.49,0.0,425.3,0.0,Hyderabad,Metro,Food_Delivery,Bike,1.2,150,Full-Time,58.3,20,6297.85,4.3,1,1.05,1,35.9,10.7,29.8,28.357142857142858,25.4,132.14285714285714,0,0,0,0,1,0.1799,1.06,45.96
ORD_51575,W_b73755066d8f7bee,ZONE_HYD_01,2026-07-06,87,4,6297.85,6568.04,0.0,393.3,0.0,Hyderabad,Metro,Food_Delivery,Bike,1.2,150,Full-Time,58.3,20,6297.85,4.3,1,1.05,1,6.2,2.2,33.3,32.27142857142857,25.7,165.28571428571428,0,0,0,0,1,0.1379,1.01,42.24
ORD_51576,W_b73755066d8f7bee,ZONE_HYD_01,2026-07-13,71,6,6297.85,5333.73,964.12,265.5,0.15,Hyderabad,Metro,Food_Delivery,Bike,1.2,150,Full-Time,58.3,20,6297.85,4.3,1,1.05,1,26.8,13.6,33.9,31.52857142857143,19.0,155.14285714285714,0,1,1,0,1,0.26,1.045,48.39
ORD_51577,W_b73755066d8f7bee,ZONE_HYD_01,2026-07-20,84,4,6297.85,6366.5,0.0,359.4,0.0,Hyderabad,Metro,Food_Delivery,Bike,1.2,150,Full-Time,58.3,20,6297.85,4.3,1,1.05,1,38.8,13.9,30.0,28.61428571428572,25.3,132.85714285714286,0,0,0,0,1,0.1869,1.065,46.45
ORD_51578,W_b73755066d8f7bee,ZONE_HYD_01,2026-07-27,66,7,6297.85,5004.7,1293.15,325.9,0.209,Hyderabad,Metro,Food_Delivery,Bike,1.2,150,Full-Time,58.3,20,6297.85,4.3,1,1.05,1,70.5,24.9,30.6,28.585714285714285,24.3,137.0,0,0,0,0,1,0.2614,1.118,51.83
ORD_51579,W_b73755066d8f7bee,ZONE_HYD_01,2026-08-03,80,4,6297.85,6030.74,267.11,430.8,0.0,Hyderabad,Metro,Food_Delivery,Bike,1.2,150,Full-Time,58.3,20,6297.85,4.3,1,1.05,1,20.5,9.0,30.6,29.442857142857143,20.0,136.28571428571428,0,0,0,0,1,0.1483,1.034,43.63
ORD_51580,W_b73755066d8f7bee,ZONE_HYD_01,2026-08-10,85,4,6297.85,6375.8,0.0,340.9,0.0,Hyderabad,Metro,Food_Delivery,Bike,1.2,150,Full-Time,58.3,20,6297.85,4.3,1,1.05,1,12.6,3.6,30.8,29.82857142857143,19.8,137.42857142857142,0,0,0,1,1,0.1314,1.021,42.45
ORD_51581,W_b73755066d8f7bee,ZONE_HYD_01,2026-08-17,66,7,6297.85,4960.09,1337.76,359.4,0.21,Hyderabad,Metro,Food_Delivery,Bike,1.2,150,Full-Time,58.3,20,6297.85,4.3,1,1.05,1,18.2,11.0,31.5,30.228571428571428,19.4,148.85714285714286,0,1,1,0,1,0.2359,1.03,46.78
ORD_51582,W_b73755066d8f7bee,ZONE_HYD_01,2026-08-24,84,4,6297.85,6316.39,0.0,383.7,0.0,Hyderabad,Metro,Food_Delivery,Bike,1.2,150,Full-Time,58.3,20,6297.85,4.3,1,1.05,1,10.4,3.2,30.4,29.17142857142857,21.5,140.14285714285714,0,0,0,1,1,0.1285,1.017,42.18
ORD_51583,W_b73755066d8f7bee,ZONE_HYD_01,2026-08-31,82,4,6297.85,6185.96,111.89,422.1,0.0,Hyderabad,Metro,Food_Delivery,Bike,1.2,150,Full-Time,58.3,20,6297.85,4.3,1,1.05,1,8.8,5.3,32.0,30.228571428571428,19.7,159.14285714285714,0,0,0,1,1,0.1392,1.015,42.49
ORD_51584,W_b73755066d8f7bee,ZONE_HYD_01,2026-09-07,74,7,6297.85,5588.23,709.62,393.2,0.15,Hyderabad,Metro,Food_Delivery,Bike,1.2,150,Full-Time,58.3,20,6297.85,4.3,1,1.05,1,26.3,11.7,32.2,31.057142857142857,15.3,156.57142857142858,1,0,1,0,1,0.2599,1.044,48.34
ORD_51585,W_b73755066d8f7bee,ZONE_HYD_01,2026-09-14,80,4,6297.85,6030.03,267.82,379.5,0.0,Hyderabad,Metro,Food_Delivery,Bike,1.2,150,Full-Time,58.3,20,6297.85,4.3,1,1.05,1,12.7,5.5,33.4,31.525,10.7,147.5,0,0,0,0,1,0.1392,1.021,42.74
ORD_51586,W_c5c1c0b9e16fbae0,ZONE_MAA_01,2026-06-22,80,4,5814.13,6041.36,0.0,300.4,0.0,Chennai,Metro,Food_Delivery,Scooter,1.0,125,Full-Time,55.0,28,5814.13,4.86,1,1.0,1,33.7,24.5,37.6,36.225,17.3,159.25,0,0,0,1,1,0.1953,1.056,44.18
ORD_51587,W_c5c1c0b9e16fbae0,ZONE_MAA_01,2026-06-29,81,4,5814.13,6098.37,0.0,491.1,0.0,Chennai,Metro,Food_Delivery,Scooter,1.0,125,Full-Time,55.0,28,5814.13,4.86,1,1.0,1,11.8,5.8,38.4,35.55714285714286,23.0,123.0,0,0,0,0,1,0.1188,1.02,39.94
ORD_51588,W_c5c1c0b9e16fbae0,ZONE_MAA_01,2026-07-06,63,5,5814.13,4733.59,1080.54,379.3,0.15,Chennai,Metro,Food_Delivery,Scooter,1.0,125,Full-Time,55.0,28,5814.13,4.86,1,1.0,1,9.3,5.2,39.2,37.55714285714286,26.3,163.28571428571428,1,0,1,0,1,0.2267,1.016,43.62
ORD_51589,W_c5c1c0b9e16fbae0,ZONE_MAA_01,2026-07-13,76,3,5814.13,5734.55,79.58,439.3,0.0,Chennai,Metro,Food_Delivery,Scooter,1.0,125,Full-Time,55.0,28,5814.13,4.86,1,1.0,1,11.3,4.9,38.7,36.51428571428571,19.1,141.57142857142858,0,0,0,0,1,0.1316,1.019,40.36
ORD_51590,W_c5c1c0b9e16fbae0,ZONE_MAA_01,2026-07-20,67,5,5814.13,5074.68,739.45,314.3,0.12,Chennai,Metro,Food_Delivery,Scooter,1.0,125,Full-Time,55.0,28,5814.13,4.86,1,1.0,1,35.6,10.7,36.4,34.714285714285715,17.5,131.57142857142858,0,0,0,0,1,0.1788,1.059,43.69
ORD_51591,W_c5c1c0b9e16fbae0,ZONE_MAA_01,2026-07-27,78,3,5814.13,5892.18,0.0,436.1,0.0,Chennai,Metro,Food_Delivery,Scooter,1.0,125,Full-Time,55.0,28,5814.13,4.86,1,1.0,1,26.0,8.2,37.6,36.48571428571429,23.1,145.14285714285714,0,0,0,0,1,0.1674,1.043,42.62
ORD_51592,W_c5c1c0b9e16fbae0,ZONE_MAA_01,2026-08-03,73,3,5814.13,5543.07,271.06,372.4,0.0,Chennai,Metro,Food_Delivery,Scooter,1.0,125,Full-Time,55.0,28,5814.13,4.86,1,1.0,1,38.5,6.7,34.8,33.94285714285714,19.7,150.71428571428572,0,0,0,0,1,0.1997,1.064,44.68
ORD_51593,W_c5c1c0b9e16fbae0,ZONE_MAA_01,2026-08-10,75,3,5814.13,5631.99,182.14,332.6,0.0,Chennai,Metro,Food_Delivery,Scooter,1.0,125,Full-Time,55.0,28,5814.13,4.86,1,1.0,1,15.6,9.3,35.5,35.08571428571428,18.4,153.57142857142858,1,0,1,1,1,0.2336,1.026,44.3
ORD_51594,W_c5c1c0b9e16fbae0,ZONE_MAA_01,2026-08-17,76,3,5814.13,5725.74,88.39,362.3,0.0,Chennai,Metro,Food_Delivery,Scooter,1.0,125,Full-Time,55.0,28,5814.13,4.86,1,1.0,1,29.4,12.9,36.3,35.75714285714285,20.7,143.71428571428572,0,0,0,0,1,0.1739,1.049,43.1
ORD_51595,W_c5c1c0b9e16fbae0,ZONE_MAA_01,2026-08-24,76,3,5814.13,5717.69,96.44,288.0,0.0,Chennai,Metro,Food_Delivery,Scooter,1.0,125,Full-Time,55.0,28,5814.13,4.86,1,1.0,1,15.1,7.6,36.6,34.77142857142857,18.4,144.14285714285714,1,0,1,1,1,0.2254,1.025,43.96
ORD_51596,W_c5c1c0b9e16fbae0,ZONE_MAA_01,2026-08-31,74,3,5814.13,5608.09,206.04,265.7,0.0,Chennai,Metro,Food_Delivery,Scooter,1.0,125,Full-Time,55.0,28,5814.13,4.86,1,1.0,1,13.1,3.6,35.6,34.41428571428571,16.9,156.85714285714286,1,0,1,1,1,0.2305,1.022,44.01
ORD_51597,W_c5c1c0b9e16fbae0,ZONE_MAA_01,2026-09-07,77,3,5814.13,5796.83,17.3,467.9,0.0,Chennai,Metro,Food_Delivery,Scooter,1.0,125,Full-Time,55.0,28,5814.13,4.86,1,1.0,1,23.3,11.4,35.6,34.214285714285715,14.8,136.57142857142858,0,0,0,0,1,0.1549,1.039,42.0
ORD_51598,W_c5c1c0b9e16fbae0,ZONE_MAA_01,2026-09-14,63,5,5814.13,4752.08,1062.05,381.5,0.15,Chennai,Metro,Food_Delivery,Scooter,1.0,125,Full-Time,55.0,28,5814.13,4.86,1,1.0,1,27.4,22.7,36.0,33.525,13.4,152.75,0,1,1,0,1,0.2595,1.046,46.11
ORD_51599,W_3dc1c5e0c4515940,ZONE_HYD_01,2026-06-22,63,3,4632.33,4740.43,0.0,328.9,0.0,Hyderabad,Metro,Q_Commerce,Scooter,1.0,100,Full-Time,47.0,25,4632.33,4.82,1,1.0,1,21.8,14.6,32.6,30.65,17.3,156.25,1,0,1,1,1,0.2496,1.036,45.31
ORD_51600,W_3dc1c5e0c4515940,ZONE_HYD_01,2026-06-29,62,3,4632.33,4699.63,0.0,355.4,0.0,Hyderabad,Metro,Q_Commerce,Scooter,1.0,100,Full-Time,47.0,25,4632.33,4.82,1,1.0,1,35.9,10.7,29.8,28.357142857142858,25.4,132.14285714285714,0,0,0,0,1,0.1799,1.06,43.77
ORD_51601,W_3dc1c5e0c4515940,ZONE_HYD_01,2026-07-06,59,2,4632.33,4450.24,182.09,286.9,0.0,Hyderabad,Metro,Q_Commerce,Scooter,1.0,100,Full-Time,47.0,25,4632.33,4.82,1,1.0,1,6.2,2.2,33.3,32.27142857142857,25.7,165.28571428571428,0,0,0,0,1,0.1379,1.01,40.22
ORD_51602,W_3dc1c5e0c4515940,ZONE_HYD_01,2026-07-13,53,5,4632.33,4015.08,617.25,269.5,0.15,Hyderabad,Metro,Q_Commerce,Scooter,1.0,100,Full-Time,47.0,25,4632.33,4.82,1,1.0,1,26.8,13.6,33.9,31.52857142857143,19.0,155.14285714285714,0,1,1,0,1,0.26,1.045,46.08
ORD_51603,W_3dc1c5e0c4515940,ZONE_HYD_01,2026-07-20,63,3,4632.33,4786.48,0.0,232.8,0.0,Hyderabad,Metro,Q_Commerce,Scooter,1.0,100,Full-Time,47.0,25,4632.33,4.82,1,1.0,1,38.8,13.9,30.0,28.61428571428572,25.3,132.85714285714286,0,0,0,0,1,0.1869,1.065,44.24
ORD_51604,W_3dc1c5e0c4515940,ZONE_HYD_01,2026-07-27,46,5,4632.33,3469.31,1163.02,208.1,0.254,Hyderabad,Metro,Q_Commerce,Scooter,1.0,100,Full-Time,47.0,25,4632.33,4.82,1,1.0,1,70.5,24.9,30.6,28.585714285714285,24.3,137.0,0,0,0,0,1,0.2614,1.118,49.36
ORD_51605,W_3dc1c5e0c4515940,ZONE_HYD_01,2026-08-03,60,3,4632.33,4558.34,73.99,310.6,0.0,Hyderabad,Metro,Q_Commerce,Scooter,1.0,100,Full-Time,47.0,25,4632.33,4.82,1,1.0,1,20.5,9.0,30.6,29.442857142857143,20.0,136.28571428571428,0,0,0,0,1,0.1483,1.034,41.56
ORD_51606,W_3dc1c5e0c4515940,ZONE_HYD_01,2026-08-10,64,3,4632.33,4813.45,0.0,309.7,0.0,Hyderabad,Metro,Q_Commerce,Scooter,1.0,100,Full-Time,47.0,25,4632.33,4.82,1,1.0,1,12.6,3.6,30.8,29.82857142857143,19.8,137.42857142857142,0,0,0,1,1,0.1314,1.021,40.43
ORD_51607,W_3dc1c5e0c4515940,ZONE_HYD_01,2026-08-17,50,5,4632.33,3778.37,853.96,229.3,0.21,Hyderabad,Metro,Q_Commerce,Scooter,1.0,100,Full-Time,47.0,25,4632.33,4.82,1,1.0,1,18.2,11.0,31.5,30.228571428571428,19.4,148.85714285714286,0,1,1,0,1,0.2359,1.03,44.55
ORD_51608,W_3dc1c5e0c4515940,ZONE_HYD_01,2026-08-24,59,2,4632.33,4448.15,184.18,216.3,0.0,Hyderabad,Metro,Q_Commerce,Scooter,1.0,100,Full-Time,47.0,25,4632.33,4.82,1,1.0,1,10.4,3.2,30.4,29.17142857142857,21.5,140.14285714285714,0,0,0,1,1,0.1285,1.017,40.17
ORD_51609,W_3dc1c5e0c4515940,ZONE_HYD_01,2026-08-31,58,2,4632.33,4424.49,207.84,262.5,0.0,Hyderabad,Metro,Q_Commerce,Scooter,1.0,100,Full-Time,47.0,25,4632.33,4.82,1,1.0,1,8.8,5.3,32.0,30.228571428571428,19.7,159.14285714285714,0,0,0,1,1,0.1392,1.015,40.47
ORD_51610,W_3dc1c5e0c4515940,ZONE_HYD_01,2026-09-07,51,4,4632.33,3873.39,758.94,277.4,0.15,Hyderabad,Metro,Q_Commerce,Scooter,1.0,100,Full-Time,47.0,25,4632.33,4.82,1,1.0,1,26.3,11.7,32.2,31.057142857142857,15.3,156.57142857142858,1,0,1,0,1,0.2599,1.044,46.04
ORD_51611,W_3dc1c5e0c4515940,ZONE_HYD_01,2026-09-14,63,3,4632.33,4744.81,0.0,229.2,0.0,Hyderabad,Metro,Q_Commerce,Scooter,1.0,100,Full-Time,47.0,25,4632.33,4.82,1,1.0,1,12.7,5.5,33.4,31.525,10.7,147.5,0,0,0,0,1,0.1392,1.021,40.71
ORD_51612,W_d5e174d6541fdf55,ZONE_HYD_01,2026-06-22,72,3,5567.28,5412.02,155.26,305.3,0.0,Hyderabad,Metro,Food_Delivery,Scooter,1.0,38,Full-Time,54.9,27,5567.28,4.69,1,1.0,1,21.8,14.6,32.6,30.65,17.3,156.25,1,0,1,1,1,0.2496,1.036,45.31
ORD_51613,W_d5e174d6541fdf55,ZONE_HYD_01,2026-06-29,74,3,5567.28,5593.79,0.0,287.9,0.0,Hyderabad,Metro,Food_Delivery,Scooter,1.0,38,Full-Time,54.9,27,5567.28,4.69,1,1.0,1,35.9,10.7,29.8,28.357142857142858,25.4,132.14285714285714,0,0,0,0,1,0.1799,1.06,43.77
ORD_51614,W_d5e174d6541fdf55,ZONE_HYD_01,2026-07-06,71,3,5567.28,5363.48,203.8,429.4,0.0,Hyderabad,Metro,Food_Delivery,Scooter,1.0,38,Full-Time,54.9,27,5567.28,4.69,1,1.0,1,6.2,2.2,33.3,32.27142857142857,25.7,165.28571428571428,0,0,0,0,1,0.1379,1.01,40.22
ORD_51615,W_d5e174d6541fdf55,ZONE_HYD_01,2026-07-13,65,6,5567.28,4876.14,691.14,259.2,0.15,Hyderabad,Metro,Food_Delivery,Scooter,1.0,38,Full-Time,54.9,27,5567.28,4.69,1,1.0,1,26.8,13.6,33.9,31.52857142857143,19.0,155.14285714285714,0,1,1,0,1,0.26,1.045,46.08
ORD_51616,W_d5e174d6541fdf55,ZONE_HYD_01,2026-07-20,73,3,5567.28,5515.26,52.02,325.6,0.0,Hyderabad,Metro,Food_Delivery,Scooter,1.0,38,Full-Time,54.9,27,5567.28,4.69,1,1.0,1,38.8,13.9,30.0,28.61428571428572,25.3,132.85714285714286,0,0,0,0,1,0.1869,1.065,44.24
ORD_51617,W_d5e174d6541fdf55,ZONE_HYD_01,2026-07-27,54,7,5567.28,4075.79,1491.49,207.6,0.269,Hyderabad,Metro,Food_Delivery,Scooter,1.0,38,Full-Time,54.9,27,5567.28,4.69,1,1.0,1,70.5,24.9,30.6,28.585714285714285,24.3,137.0,0,0,0,0,1,0.2614,1.118,49.36
ORD_51618,W_d5e174d6541fdf55,ZONE_HYD_01,2026-08-03,76,3,5567.28,5700.33,0.0,347.4,0.0,Hyderabad,Metro,Food_Delivery,Scooter,1.0,38,Full-Time,54.9,27,5567.28,4.69,1,1.0,1,20.5,9.0,30.6,29.442857142857143,20.0,136.28571428571428,0,0,0,0,1,0.1483,1.034,41.56
ORD_51619,W_d5e174d6541fdf55,ZONE_HYD_01,2026-08-10,72,3,5567.28,5435.29,131.99,325.0,0.0,Hyderabad,Metro,Food_Delivery,Scooter,1.0,38,Full-Time,54.9,27,5567.28,4.69,1,1.0,1,12.6,3.6,30.8,29.82857142857143,19.8,137.42857142857142,0,0,0,1,1,0.1314,1.021,40.43
ORD_51620,W_d5e174d6541fdf55,ZONE_HYD_01,2026-08-17,58,6,5567.28,4397.16,1170.12,256.7,0.21,Hyderabad,Metro,Food_Delivery,Scooter,1.0,38,Full-Time,54.9,27,5567.28,4.69,1,1.0,1,18.2,11.0,31.5,30.228571428571428,19.4,148.85714285714286,0,1,1,0,1,0.2359,1.03,44.55
ORD_51621,W_d5e174d6541fdf55,ZONE_HYD_01,2026-08-24,72,3,5567.28,5423.59,143.69,329.5,0.0,Hyderabad,Metro,Food_Delivery,Scooter,1.0,38,Full-Time,54.9,27,5567.28,4.69,1,1.0,1,10.4,3.2,30.4,29.17142857142857,21.5,140.14285714285714,0,0,0,1,1,0.1285,1.017,40.17
ORD_51622,W_d5e174d6541fdf55,ZONE_HYD_01,2026-08-31,70,3,5567.28,5299.59,267.69,391.0,0.0,Hyderabad,Metro,Food_Delivery,Scooter,1.0,38,Full-Time,54.9,27,5567.28,4.69,1,1.0,1,8.8,5.3,32.0,30.228571428571428,19.7,159.14285714285714,0,0,0,1,1,0.1392,1.015,40.47
ORD_51623,W_d5e174d6541fdf55,ZONE_HYD_01,2026-09-07,61,5,5567.28,4576.47,990.81,220.7,0.15,Hyderabad,Metro,Food_Delivery,Scooter,1.0,38,Full-Time,54.9,27,5567.28,4.69,1,1.0,1,26.3,11.7,32.2,31.057142857142857,15.3,156.57142857142858,1,0,1,0,1,0.2599,1.044,46.04
ORD_51624,W_d5e174d6541fdf55,ZONE_HYD_01,2026-09-14,75,3,5567.28,5652.85,0.0,419.2,0.0,Hyderabad,Metro,Food_Delivery,Scooter,1.0,38,Full-Time,54.9,27,5567.28,4.69,1,1.0,1,12.7,5.5,33.4,31.525,10.7,147.5,0,0,0,0,1,0.1392,1.021,40.71
ORD_51625,W_1f0259ac1eb10568,ZONE_BLR_01,2026-06-22,76,3,5597.47,5773.13,0.0,367.3,0.0,Bangalore,Metro,Food_Delivery,Scooter,1.0,238,Full-Time,50.3,25,5597.47,4.64,1,1.0,1,16.3,5.3,30.1,29.475,20.2,135.25,0,0,0,1,1,0.1381,1.027,40.91
ORD_51626,W_1f0259ac1eb10568,ZONE_BLR_01,2026-06-29,61,5,5597.47,4617.67,979.8,334.9,0.15,Bangalore,Metro,Food_Delivery,Scooter,1.0,238,Full-Time,50.3,25,5597.47,4.64,1,1.0,1,20.1,8.4,29.2,27.985714285714288,29.9,153.85714285714286,1,0,1,0,1,0.244,1.034,45.02
ORD_51627,W_1f0259ac1eb10568,ZONE_BLR_01,2026-07-06,76,3,5597.47,5709.26,0.0,316.5,0.0,Bangalore,Metro,Food_Delivery,Scooter,1.0,238,Full-Time,50.3,25,5597.47,4.64,1,1.0,1,8.399999999999999,3.3,31.8,29.77142857142857,29.7,172.71428571428572,0,0,0,0,1,0.1484,1.014,40.76
ORD_51628,W_1f0259ac1eb10568,ZONE_BLR_01,2026-07-13,77,3,5597.47,5823.28,0.0,291.2,0.0,Bangalore,Metro,Food_Delivery,Scooter,1.0,238,Full-Time,50.3,25,5597.47,4.64,1,1.0,1,16.8,9.8,32.1,29.785714285714285,20.5,124.57142857142856,0,0,0,0,1,0.1312,1.028,40.7
ORD_51629,W_1f0259ac1eb10568,ZONE_BLR_01,2026-07-20,66,6,5597.47,4987.51,609.96,384.3,0.15,Bangalore,Metro,Food_Delivery,Scooter,1.0,238,Full-Time,50.3,25,5597.47,4.64,1,1.0,1,33.4,8.9,29.5,28.414285714285715,21.1,162.85714285714286,1,0,1,0,1,0.2806,1.056,47.33
ORD_51630,W_1f0259ac1eb10568,ZONE_BLR_01,2026-07-27,76,3,5597.47,5702.65,0.0,458.6,0.0,Bangalore,Metro,Food_Delivery,Scooter,1.0,238,Full-Time,50.3,25,5597.47,4.64,1,1.0,1,28.8,17.0,29.7,28.685714285714287,25.0,169.42857142857142,0,0,0,0,1,0.1919,1.048,43.72
ORD_51631,W_1f0259ac1eb10568,ZONE_BLR_01,2026-08-03,53,6,5597.47,4022.88,1574.59,248.8,0.258,Bangalore,Metro,Food_Delivery,Scooter,1.0,238,Full-Time,50.3,25,5597.47,4.64,1,1.0,1,76.3,18.5,28.3,27.285714285714285,21.1,143.0,0,0,0,0,1,0.2789,1.127,50.45
ORD_51632,W_1f0259ac1eb10568,ZONE_BLR_01,2026-08-10,71,3,5597.47,5357.62,239.85,323.2,0.0,Bangalore,Metro,Food_Delivery,Scooter,1.0,238,Full-Time,50.3,25,5597.47,4.64,1,1.0,1,19.9,5.6,30.7,29.17142857142857,21.8,129.0,0,0,0,1,1,0.1415,1.033,41.27
ORD_51633,W_1f0259ac1eb10568,ZONE_BLR_01,2026-08-17,64,6,5597.47,4872.8,724.67,290.8,0.15,Bangalore,Metro,Food_Delivery,Scooter,1.0,238,Full-Time,50.3,25,5597.47,4.64,1,1.0,1,31.4,9.8,29.9,28.4,22.2,146.57142857142858,1,0,1,0,1,0.2639,1.052,46.54
ORD_51634,W_1f0259ac1eb10568,ZONE_BLR_01,2026-08-24,73,3,5597.47,5502.48,94.99,372.8,0.0,Bangalore,Metro,Food_Delivery,Scooter,1.0,238,Full-Time,50.3,25,5597.47,4.64,1,1.0,1,35.7,18.2,28.8,28.014285714285712,22.3,167.14285714285714,0,0,0,1,1,0.2057,1.06,44.73
ORD_51635,W_1f0259ac1eb10568,ZONE_BLR_01,2026-08-31,77,3,5597.47,5805.81,0.0,279.4,0.0,Bangalore,Metro,Food_Delivery,Scooter,1.0,238,Full-Time,50.3,25,5597.47,4.64,1,1.0,1,13.2,3.6,30.8,29.542857142857144,19.3,142.71428571428572,1,0,1,1,1,0.2201,1.022,43.64
ORD_51636,W_1f0259ac1eb10568,ZONE_BLR_01,2026-09-07,73,3,5597.47,5533.36,64.11,286.7,0.0,Bangalore,Metro,Food_Delivery,Scooter,1.0,238,Full-Time,50.3,25,5597.47,4.64,1,1.0,1,8.5,5.1,31.0,30.62857142857143,14.9,128.28571428571428,0,0,0,0,1,0.1153,1.014,39.58
ORD_51637,W_1f0259ac1eb10568,ZONE_BLR_01,2026-09-14,76,3,5597.47,5706.82,0.0,287.7,0.0,Bangalore,Metro,Food_Delivery,Scooter,1.0,238,Full-Time,50.3,25,5597.47,4.64,1,1.0,1,33.1,9.6,30.8,30.425,13.6,137.5,0,0,0,0,1,0.1776,1.055,43.48
ORD_51638,W_1ed2975b552c19ef,ZONE_DEL_01,2026-06-22,40,2,2982.27,3031.42,0.0,170.9,0.0,Delhi_NCR,Metro,Food_Delivery,Bike,1.2,120,Part-Time,30.0,14,2982.27,4.68,1,1.05,0,4.0,1.2,41.9,40.425,14.3,188.25,0,0,0,1,1,0.1502,1.007,42.57
ORD_51639,W_1ed2975b552c19ef,ZONE_DEL_01,2026-06-29,32,3,2982.27,2444.14,538.13,192.9,0.155,Delhi_NCR,Metro,Food_Delivery,Bike,1.2,120,Part-Time,30.0,14,2982.27,4.68,1,1.05,0,20.0,6.8,41.7,35.84285714285714,14.4,157.71428571428572,0,0,0,0,1,0.1633,1.033,44.16
ORD_51640,W_1ed2975b552c19ef,ZONE_DEL_01,2026-07-06,10,2,2982.27,816.66,2165.61,35.6,0.724,Delhi_NCR,Metro,Food_Delivery,Bike,1.2,120,Part-Time,30.0,14,2982.27,4.68,1,1.05,0,122.9,99.8,36.7,32.9,18.9,156.0,1,0,2,0,1,0.5602,1.205,69.09
ORD_51641,W_1ed2975b552c19ef,ZONE_DEL_01,2026-07-13,39,1,2982.27,2977.38,4.89,189.3,0.0,Delhi_NCR,Metro,Food_Delivery,Bike,1.2,120,Part-Time,30.0,14,2982.27,4.68,1,1.05,0,9.8,3.7,37.4,36.55714285714286,19.6,129.42857142857142,0,0,0,0,1,0.1191,1.016,41.78
ORD_51642,W_1ed2975b552c19ef,ZONE_DEL_01,2026-07-20,29,3,2982.27,2189.19,793.08,131.0,0.238,Delhi_NCR,Metro,Food_Delivery,Bike,1.2,120,Part-Time,30.0,14,2982.27,4.68,1,1.05,0,74.3,31.9,33.7,31.8,16.5,132.71428571428572,0,0,0,0,1,0.2667,1.124,52.32
ORD_51643,W_1ed2975b552c19ef,ZONE_DEL_01,2026-07-27,40,2,2982.27,3033.64,0.0,224.5,0.0,Delhi_NCR,Metro,Food_Delivery,Bike,1.2,120,Part-Time,30.0,14,2982.27,4.68,1,1.05,0,51.900000000000006,19.5,35.3,32.94285714285714,14.4,172.57142857142858,0,0,0,0,1,0.2462,1.086,49.74
ORD_51644,W_1ed2975b552c19ef,ZONE_DEL_01,2026-08-03,12,3,2982.27,910.6,2071.67,48.5,0.697,Delhi_NCR,Metro,Food_Delivery,Bike,1.2,120,Part-Time,30.0,14,2982.27,4.68,1,1.05,0,132.8,58.3,33.8,31.17142857142857,15.8,126.57142857142856,0,0,1,0,1,0.4771,1.221,66.28
ORD_51645,W_1ed2975b552c19ef,ZONE_DEL_01,2026-08-10,38,1,2982.27,2918.85,63.42,149.6,0.0,Delhi_NCR,Metro,Food_Delivery,Bike,1.2,120,Part-Time,30.0,14,2982.27,4.68,1,1.05,0,45.8,12.5,34.4,32.614285714285714,11.1,170.42857142857142,0,0,0,1,1,0.2309,1.076,48.67
ORD_51646,W_1ed2975b552c19ef,ZONE_DEL_01,2026-08-17,32,3,2982.27,2471.38,510.89,131.4,0.15,Delhi_NCR,Metro,Food_Delivery,Bike,1.2,120,Part-Time,30.0,14,2982.27,4.68,1,1.05,0,34.3,8.2,33.6,33.15714285714286,11.7,140.0,1,0,1,0,1,0.2655,1.057,49.16
ORD_51647,W_1ed2975b552c19ef,ZONE_DEL_01,2026-08-24,39,1,2982.27,2988.07,0.0,195.8,0.0,Delhi_NCR,Metro,Food_Delivery,Bike,1.2,120,Part-Time,30.0,14,2982.27,4.68,1,1.05,0,24.5,13.5,34.9,33.44285714285714,13.9,168.0,0,0,0,1,1,0.1811,1.041,45.19
ORD_51648,W_1ed2975b552c19ef,ZONE_DEL_01,2026-08-31,32,3,2982.27,2457.5,524.77,167.4,0.15,Delhi_NCR,Metro,Food_Delivery,Bike,1.2,120,Part-Time,30.0,14,2982.27,4.68,1,1.05,0,76.6,23.5,34.4,31.24285714285714,13.1,145.57142857142858,0,0,0,1,1,0.2815,1.128,53.12
ORD_51649,W_1ed2975b552c19ef,ZONE_DEL_01,2026-09-07,41,2,2982.27,3076.89,0.0,205.5,0.0,Delhi_NCR,Metro,Food_Delivery,Bike,1.2,120,Part-Time,30.0,14,2982.27,4.68,1,1.05,0,19.1,8.7,34.4,32.471428571428575,14.1,142.0,0,0,0,0,1,0.1495,1.032,43.6
ORD_51650,W_1ed2975b552c19ef,ZONE_DEL_01,2026-09-14,38,1,2982.27,2909.21,73.06,159.9,0.0,Delhi_NCR,Metro,Food_Delivery,Bike,1.2,120,Part-Time,30.0,14,2982.27,4.68,1,1.05,0,7.6,3.7,35.0,33.05,14.4,149.0,0,0,0,0,1,0.1288,1.013,42.02
ORD_51651,W_fe28cf7be69f9956,ZONE_DEL_01,2026-06-22,42,2,3377.31,3221.7,155.61,181.6,0.0,Delhi_NCR,Metro,E_Commerce,Bike,1.2,795,Part-Time,33.2,16,3377.31,4.64,1,1.05,0,4.0,1.2,41.9,40.425,14.3,188.25,0,0,0,1,1,0.1502,1.007,42.57
ORD_51652,W_fe28cf7be69f9956,ZONE_DEL_01,2026-06-29,38,3,3377.31,2923.63,453.68,137.9,0.155,Delhi_NCR,Metro,E_Commerce,Bike,1.2,795,Part-Time,33.2,16,3377.31,4.64,1,1.05,0,20.0,6.8,41.7,35.84285714285714,14.4,157.71428571428572,0,0,0,0,1,0.1633,1.033,44.16
ORD_51653,W_fe28cf7be69f9956,ZONE_DEL_01,2026-07-06,10,2,3377.31,783.73,2593.58,56.1,0.773,Delhi_NCR,Metro,E_Commerce,Bike,1.2,795,Part-Time,33.2,16,3377.31,4.64,1,1.05,0,122.9,99.8,36.7,32.9,18.9,156.0,1,0,2,0,1,0.5602,1.205,69.09
ORD_51654,W_fe28cf7be69f9956,ZONE_DEL_01,2026-07-13,44,2,3377.31,3362.22,15.09,236.9,0.0,Delhi_NCR,Metro,E_Commerce,Bike,1.2,795,Part-Time,33.2,16,3377.31,4.64,1,1.05,0,9.8,3.7,37.4,36.55714285714286,19.6,129.42857142857142,0,0,0,0,1,0.1191,1.016,41.78
ORD_51655,W_fe28cf7be69f9956,ZONE_DEL_01,2026-07-20,32,3,3377.31,2447.39,929.92,146.4,0.25,Delhi_NCR,Metro,E_Commerce,Bike,1.2,795,Part-Time,33.2,16,3377.31,4.64,1,1.05,0,74.3,31.9,33.7,31.8,16.5,132.71428571428572,0,0,0,0,1,0.2667,1.124,52.32
ORD_51656,W_fe28cf7be69f9956,ZONE_DEL_01,2026-07-27,45,2,3377.31,3404.32,0.0,272.7,0.0,Delhi_NCR,Metro,E_Commerce,Bike,1.2,795,Part-Time,33.2,16,3377.31,4.64,1,1.05,0,51.900000000000006,19.5,35.3,32.94285714285714,14.4,172.57142857142858,0,0,0,0,1,0.2462,1.086,49.74
ORD_51657,W_fe28cf7be69f9956,ZONE_DEL_01,2026-08-03,18,4,3377.31,1397.55,1979.76,79.0,0.587,Delhi_NCR,Metro,E_Commerce,Bike,1.2,795,Part-Time,33.2,16,3377.31,4.64,1,1.05,0,132.8,58.3,33.8,31.17142857142857,15.8,126.57142857142856,0,0,1,0,1,0.4771,1.221,66.28
ORD_51658,W_fe28cf7be69f9956,ZONE_DEL_01,2026-08-10,45,2,3377.31,3380.12,0.0,160.4,0.0,Delhi_NCR,Metro,E_Commerce,Bike,1.2,795,Part-Time,33.2,16,3377.31,4.64,1,1.05,0,45.8,12.5,34.4,32.614285714285714,11.1,170.42857142857142,0,0,0,1,1,0.2309,1.076,48.67
ORD_51659,W_fe28cf7be69f9956,ZONE_DEL_01,2026-08-17,37,3,3377.31,2817.04,560.27,211.4,0.15,Delhi_NCR,Metro,E_Commerce,Bike,1.2,795,Part-Time,33.2,16,3377.31,4.64,1,1.05,0,34.3,8.2,33.6,33.15714285714286,11.7,140.0,1,0,1,0,1,0.2655,1.057,49.16
ORD_51660,W_fe28cf7be69f9956,ZONE_DEL_01,2026-08-24,45,2,3377.31,3395.53,0.0,212.2,0.0,Delhi_NCR,Metro,E_Commerce,Bike,1.2,795,Part-Time,33.2,16,3377.31,4.64,1,1.05,0,24.5,13.5,34.9,33.44285714285714,13.9,168.0,0,0,0,1,1,0.1811,1.041,45.19
ORD_51661,W_fe28cf7be69f9956,ZONE_DEL_01,2026-08-31,42,2,3377.31,3205.22,172.09,190.4,0.031,Delhi_NCR,Metro,E_Commerce,Bike,1.2,795,Part-Time,33.2,16,3377.31,4.64,1,1.05,0,76.6,23.5,34.4,31.24285714285714,13.1,145.57142857142858,0,0,0,1,1,0.2815,1.128,53.12
ORD_51662,W_fe28cf7be69f9956,ZONE_DEL_01,2026-09-07,46,2,3377.31,3490.64,0.0,281.1,0.0,Delhi_NCR,Metro,E_Commerce,Bike,1.2,795,Part-Time,33.2,16,3377.31,4.64,1,1.05,0,19.1,8.7,34.4,32.471428571428575,14.1,142.0,0,0,0,0,1,0.1495,1.032,43.6
ORD_51663,W_fe28cf7be69f9956,ZONE_DEL_01,2026-09-14,44,2,3377.31,3356.59,20.72,200.7,0.0,Delhi_NCR,Metro,E_Commerce,Bike,1.2,795,Part-Time,33.2,16,3377.31,4.64,1,1.05,0,7.6,3.7,35.0,33.05,14.4,149.0,0,0,0,0,1,0.1288,1.013,42.02
ORD_51664,W_2ec0dce8b6e387ed,ZONE_DEL_01,2026-06-22,32,1,2345.74,2427.03,0.0,148.9,0.0,Delhi_NCR,Metro,Food_Delivery,Bicycle,1.8,16,Part-Time,26.2,14,2345.74,4.29,1,1.2,0,4.0,1.2,41.9,40.425,14.3,188.25,0,0,0,1,1,0.1502,1.007,48.65
ORD_51665,W_2ec0dce8b6e387ed,ZONE_DEL_01,2026-06-29,26,2,2345.74,1992.46,353.28,107.2,0.155,Delhi_NCR,Metro,Food_Delivery,Bicycle,1.8,16,Part-Time,26.2,14,2345.74,4.29,1,1.2,0,20.0,6.8,41.7,35.84285714285714,14.4,157.71428571428572,0,0,0,0,1,0.1633,1.033,50.47
ORD_51666,W_2ec0dce8b6e387ed,ZONE_DEL_01,2026-07-06,4,1,2345.74,352.99,1992.75,22.7,0.85,Delhi_NCR,Metro,Food_Delivery,Bicycle,1.8,16,Part-Time,26.2,14,2345.74,4.29,1,1.2,0,122.9,99.8,36.7,32.9,18.9,156.0,1,0,2,0,1,0.5602,1.205,78.96
ORD_51667,W_2ec0dce8b6e387ed,ZONE_DEL_01,2026-07-13,32,1,2345.74,2411.59,0.0,130.6,0.0,Delhi_NCR,Metro,Food_Delivery,Bicycle,1.8,16,Part-Time,26.2,14,2345.74,4.29,1,1.2,0,9.8,3.7,37.4,36.55714285714286,19.6,129.42857142857142,0,0,0,0,1,0.1191,1.016,47.75
ORD_51668,W_2ec0dce8b6e387ed,ZONE_DEL_01,2026-07-20,17,3,2345.74,1296.92,1048.82,75.4,0.463,Delhi_NCR,Metro,Food_Delivery,Bicycle,1.8,16,Part-Time,26.2,14,2345.74,4.29,1,1.2,0,74.3,31.9,33.7,31.8,16.5,132.71428571428572,0,0,0,0,1,0.2667,1.124,59.8
ORD_51669,W_2ec0dce8b6e387ed,ZONE_DEL_01,2026-07-27,30,1,2345.74,2268.94,76.8,105.2,0.0,Delhi_NCR,Metro,Food_Delivery,Bicycle,1.8,16,Part-Time,26.2,14,2345.74,4.29,1,1.2,0,51.900000000000006,19.5,35.3,32.94285714285714,14.4,172.57142857142858,0,0,0,0,1,0.2462,1.086,56.84
ORD_51670,W_2ec0dce8b6e387ed,ZONE_DEL_01,2026-08-03,4,1,2345.74,346.67,1999.07,20.0,0.85,Delhi_NCR,Metro,Food_Delivery,Bicycle,1.8,16,Part-Time,26.2,14,2345.74,4.29,1,1.2,0,132.8,58.3,33.8,31.17142857142857,15.8,126.57142857142856,0,0,1,0,1,0.4771,1.221,75.75
ORD_51671,W_2ec0dce8b6e387ed,ZONE_DEL_01,2026-08-10,30,1,2345.74,2272.56,73.18,174.6,0.0,Delhi_NCR,Metro,Food_Delivery,Bicycle,1.8,16,Part-Time,26.2,14,2345.74,4.29,1,1.2,0,45.8,12.5,34.4,32.614285714285714,11.1,170.42857142857142,0,0,0,1,1,0.2309,1.076,55.63
ORD_51672,W_2ec0dce8b6e387ed,ZONE_DEL_01,2026-08-17,25,2,2345.74,1945.58,400.16,102.8,0.15,Delhi_NCR,Metro,Food_Delivery,Bicycle,1.8,16,Part-Time,26.2,14,2345.74,4.29,1,1.2,0,34.3,8.2,33.6,33.15714285714286,11.7,140.0,1,0,1,0,1,0.2655,1.057,56.18
ORD_51673,W_2ec0dce8b6e387ed,ZONE_DEL_01,2026-08-24,31,1,2345.74,2341.22,4.52,150.3,0.0,Delhi_NCR,Metro,Food_Delivery,Bicycle,1.8,16,Part-Time,26.2,14,2345.74,4.29,1,1.2,0,24.5,13.5,34.9,33.44285714285714,13.9,168.0,0,0,0,1,1,0.1811,1.041,51.64
ORD_51674,W_2ec0dce8b6e387ed,ZONE_DEL_01,2026-08-31,26,2,2345.74,1998.65,347.09,102.9,0.128,Delhi_NCR,Metro,Food_Delivery,Bicycle,1.8,16,Part-Time,26.2,14,2345.74,4.29,1,1.2,0,76.6,23.5,34.4,31.24285714285714,13.1,145.57142857142858,0,0,0,1,1,0.2815,1.128,60.71
ORD_51675,W_2ec0dce8b6e387ed,ZONE_DEL_01,2026-09-07,31,1,2345.74,2396.99,0.0,173.0,0.0,Delhi_NCR,Metro,Food_Delivery,Bicycle,1.8,16,Part-Time,26.2,14,2345.74,4.29,1,1.2,0,19.1,8.7,34.4,32.471428571428575,14.1,142.0,0,0,0,0,1,0.1495,1.032,49.82
ORD_51676,W_2ec0dce8b6e387ed,ZONE_DEL_01,2026-09-14,31,1,2345.74,2336.9,8.84,168.3,0.0,Delhi_NCR,Metro,Food_Delivery,Bicycle,1.8,16,Part-Time,26.2,14,2345.74,4.29,1,1.2,0,7.6,3.7,35.0,33.05,14.4,149.0,0,0,0,0,1,0.1288,1.013,48.03
ORD_51677,W_09f55b06fea94393,ZONE_BOM_01,2026-06-22,58,2,4262.72,4363.29,0.0,224.7,0.0,Mumbai,Metro,Food_Delivery,Bicycle,1.8,115,Full-Time,48.9,26,4262.72,4.37,1,1.2,1,24.8,11.5,31.1,30.425,15.3,184.0,0,0,0,1,1,0.1938,1.041,52.2
ORD_51678,W_09f55b06fea94393,ZONE_BOM_01,2026-06-29,8,2,4262.72,659.94,3602.78,32.4,0.85,Mumbai,Metro,Food_Delivery,Bicycle,1.8,115,Full-Time,48.9,26,4262.72,4.37,1,1.2,1,493.0,136.9,28.6,27.642857142857142,30.3,147.0,0,0,6,0,1,1.0,1.822,79.0
ORD_51679,W_09f55b06fea94393,ZONE_BOM_01,2026-07-06,8,2,4262.72,615.47,3647.25,31.0,0.85,Mumbai,Metro,Food_Delivery,Bicycle,1.8,115,Full-Time,48.9,26,4262.72,4.37,1,1.2,1,235.5,131.8,30.2,29.142857142857142,34.6,143.85714285714286,0,0,2,0,1,0.8044,1.392,79.0
ORD_51680,W_09f55b06fea94393,ZONE_BOM_01,2026-07-13,21,4,4262.72,1606.4,2656.32,117.9,0.622,Mumbai,Metro,Food_Delivery,Bicycle,1.8,115,Full-Time,48.9,26,4262.72,4.37,1,1.2,1,92.5,33.1,30.6,29.82857142857143,21.8,156.42857142857142,1,0,1,0,1,0.4088,1.154,68.28
ORD_51681,W_09f55b06fea94393,ZONE_BOM_01,2026-07-20,8,2,4262.72,646.1,3616.62,42.8,0.85,Mumbai,Metro,Food_Delivery,Bicycle,1.8,115,Full-Time,48.9,26,4262.72,4.37,1,1.2,1,354.8,107.0,29.6,28.74285714285714,34.0,158.42857142857142,0,0,4,0,1,1.0,1.591,79.0
ORD_51682,W_09f55b06fea94393,ZONE_BOM_01,2026-07-27,20,4,4262.72,1519.88,2742.84,104.4,0.637,Mumbai,Metro,Food_Delivery,Bicycle,1.8,115,Full-Time,48.9,26,4262.72,4.37,1,1.2,1,120.9,42.9,29.6,28.957142857142856,25.3,151.42857142857142,0,0,0,0,1,0.3856,1.202,69.95
ORD_51683,W_09f55b06fea94393,ZONE_BOM_01,2026-08-03,31,5,4262.72,2366.98,1895.74,179.8,0.418,Mumbai,Metro,Food_Delivery,Bicycle,1.8,115,Full-Time,48.9,26,4262.72,4.37,1,1.2,1,76.8,18.7,29.7,29.285714285714285,21.2,139.0,0,0,0,0,1,0.277,1.128,60.5
ORD_51684,W_09f55b06fea94393,ZONE_BOM_01,2026-08-10,17,4,4262.72,1347.68,2915.04,91.1,0.676,Mumbai,Metro,Food_Delivery,Bicycle,1.8,115,Full-Time,48.9,26,4262.72,4.37,1,1.2,1,96.6,30.6,29.7,28.61428571428572,19.0,142.57142857142858,0,0,0,1,1,0.3243,1.161,64.58
ORD_51685,W_09f55b06fea94393,ZONE_BOM_01,2026-08-17,12,3,4262.72,944.92,3317.8,43.2,0.774,Mumbai,Metro,Food_Delivery,Bicycle,1.8,115,Full-Time,48.9,26,4262.72,4.37,1,1.2,1,61.0,16.7,29.7,29.228571428571428,20.6,146.28571428571428,1,0,1,0,1,0.3303,1.102,61.57
ORD_51686,W_09f55b06fea94393,ZONE_BOM_01,2026-08-24,59,2,4262.72,4447.2,0.0,261.5,0.0,Mumbai,Metro,Food_Delivery,Bicycle,1.8,115,Full-Time,48.9,26,4262.72,4.37,1,1.2,1,36.4,7.6,29.6,29.25714285714286,21.1,134.0,1,0,1,1,1,0.2657,1.061,56.4
ORD_51687,W_09f55b06fea94393,ZONE_BOM_01,2026-08-31,51,4,4262.72,3838.65,424.07,284.3,0.099,Mumbai,Metro,Food_Delivery,Bicycle,1.8,115,Full-Time,48.9,26,4262.72,4.37,1,1.2,1,61.0,16.1,29.6,29.042857142857144,18.4,158.28571428571428,0,0,0,1,1,0.256,1.102,58.13
ORD_51688,W_09f55b06fea94393,ZONE_BOM_01,2026-09-07,55,2,4262.72,4144.07,118.65,232.5,0.0,Mumbai,Metro,Food_Delivery,Bicycle,1.8,115,Full-Time,48.9,26,4262.72,4.37,1,1.2,1,52.9,25.5,30.0,29.071428571428573,15.3,169.57142857142858,0,0,0,0,1,0.2462,1.088,56.95
ORD_51689,W_09f55b06fea94393,ZONE_BOM_01,2026-09-14,55,2,4262.72,4153.05,109.67,339.8,0.0,Mumbai,Metro,Food_Delivery,Bicycle,1.8,115,Full-Time,48.9,26,4262.72,4.37,1,1.2,1,23.3,10.3,30.0,29.625,20.1,162.0,0,0,0,0,1,0.1739,1.039,51.23
ORD_51690,W_8f1e62a4025d151f,ZONE_BLR_01,2026-06-22,51,2,3964.3,3844.34,119.96,257.7,0.0,Bangalore,Metro,Food_Delivery,Scooter,1.0,566,Full-Time,39.5,25,3964.3,4.61,1,1.0,1,16.3,5.3,30.1,29.475,20.2,135.25,0,0,0,1,1,0.1381,1.027,40.91
ORD_51691,W_8f1e62a4025d151f,ZONE_BLR_01,2026-06-29,46,4,3964.3,3512.95,451.35,179.2,0.15,Bangalore,Metro,Food_Delivery,Scooter,1.0,566,Full-Time,39.5,25,3964.3,4.61,1,1.0,1,20.1,8.4,29.2,27.985714285714288,29.9,153.85714285714286,1,0,1,0,1,0.244,1.034,45.02
ORD_51692,W_8f1e62a4025d151f,ZONE_BLR_01,2026-07-06,55,2,3964.3,4150.96,0.0,333.2,0.0,Bangalore,Metro,Food_Delivery,Scooter,1.0,566,Full-Time,39.5,25,3964.3,4.61,1,1.0,1,8.399999999999999,3.3,31.8,29.77142857142857,29.7,172.71428571428572,0,0,0,0,1,0.1484,1.014,40.76
ORD_51693,W_8f1e62a4025d151f,ZONE_BLR_01,2026-07-13,54,2,3964.3,4116.76,0.0,220.3,0.0,Bangalore,Metro,Food_Delivery,Scooter,1.0,566,Full-Time,39.5,25,3964.3,4.61,1,1.0,1,16.8,9.8,32.1,29.785714285714285,20.5,124.57142857142856,0,0,0,0,1,0.1312,1.028,40.7
ORD_51694,W_8f1e62a4025d151f,ZONE_BLR_01,2026-07-20,45,4,3964.3,3414.83,549.47,249.9,0.15,Bangalore,Metro,Food_Delivery,Scooter,1.0,566,Full-Time,39.5,25,3964.3,4.61,1,1.0,1,33.4,8.9,29.5,28.414285714285715,21.1,162.85714285714286,1,0,1,0,1,0.2806,1.056,47.33
ORD_51695,W_8f1e62a4025d151f,ZONE_BLR_01,2026-07-27,55,2,3964.3,4156.98,0.0,219.3,0.0,Bangalore,Metro,Food_Delivery,Scooter,1.0,566,Full-Time,39.5,25,3964.3,4.61,1,1.0,1,28.8,17.0,29.7,28.685714285714287,25.0,169.42857142857142,0,0,0,0,1,0.1919,1.048,43.72
ORD_51696,W_8f1e62a4025d151f,ZONE_BLR_01,2026-08-03,38,4,3964.3,2867.17,1097.13,151.0,0.265,Bangalore,Metro,Food_Delivery,Scooter,1.0,566,Full-Time,39.5,25,3964.3,4.61,1,1.0,1,76.3,18.5,28.3,27.285714285714285,21.1,143.0,0,0,0,0,1,0.2789,1.127,50.45
ORD_51697,W_8f1e62a4025d151f,ZONE_BLR_01,2026-08-10,52,2,3964.3,3933.13,31.17,293.5,0.0,Bangalore,Metro,Food_Delivery,Scooter,1.0,566,Full-Time,39.5,25,3964.3,4.61,1,1.0,1,19.9,5.6,30.7,29.17142857142857,21.8,129.0,0,0,0,1,1,0.1415,1.033,41.27
ORD_51698,W_8f1e62a4025d151f,ZONE_BLR_01,2026-08-17,44,4,3964.3,3357.81,606.49,217.9,0.15,Bangalore,Metro,Food_Delivery,Scooter,1.0,566,Full-Time,39.5,25,3964.3,4.61,1,1.0,1,31.4,9.8,29.9,28.4,22.2,146.57142857142858,1,0,1,0,1,0.2639,1.052,46.54
ORD_51699,W_8f1e62a4025d151f,ZONE_BLR_01,2026-08-24,55,2,3964.3,4160.6,0.0,251.8,0.0,Bangalore,Metro,Food_Delivery,Scooter,1.0,566,Full-Time,39.5,25,3964.3,4.61,1,1.0,1,35.7,18.2,28.8,28.014285714285712,22.3,167.14285714285714,0,0,0,1,1,0.2057,1.06,44.73
ORD_51700,W_8f1e62a4025d151f,ZONE_BLR_01,2026-08-31,53,2,3964.3,4010.05,0.0,237.8,0.0,Bangalore,Metro,Food_Delivery,Scooter,1.0,566,Full-Time,39.5,25,3964.3,4.61,1,1.0,1,13.2,3.6,30.8,29.542857142857144,19.3,142.71428571428572,1,0,1,1,1,0.2201,1.022,43.64
ORD_51701,W_8f1e62a4025d151f,ZONE_BLR_01,2026-09-07,52,2,3964.3,3921.8,42.5,279.7,0.0,Bangalore,Metro,Food_Delivery,Scooter,1.0,566,Full-Time,39.5,25,3964.3,4.61,1,1.0,1,8.5,5.1,31.0,30.62857142857143,14.9,128.28571428571428,0,0,0,0,1,0.1153,1.014,39.58
ORD_51702,W_8f1e62a4025d151f,ZONE_BLR_01,2026-09-14,55,2,3964.3,4137.89,0.0,273.0,0.0,Bangalore,Metro,Food_Delivery,Scooter,1.0,566,Full-Time,39.5,25,3964.3,4.61,1,1.0,1,33.1,9.6,30.8,30.425,13.6,137.5,0,0,0,0,1,0.1776,1.055,43.48
ORD_51703,W_5fd6fc233c629496,ZONE_BLR_01,2026-06-22,33,1,2450.39,2516.16,0.0,123.4,0.0,Bangalore,Metro,Food_Delivery,Scooter,1.0,86,Part-Time,23.7,16,2450.39,4.76,1,1.0,0,16.3,5.3,30.1,29.475,20.2,135.25,0,0,0,1,1,0.1381,1.027,40.91
ORD_51704,W_5fd6fc233c629496,ZONE_BLR_01,2026-06-29,26,2,2450.39,2022.67,427.72,126.2,0.15,Bangalore,Metro,Food_Delivery,Scooter,1.0,86,Part-Time,23.7,16,2450.39,4.76,1,1.0,0,20.1,8.4,29.2,27.985714285714288,29.9,153.85714285714286,1,0,1,0,1,0.244,1.034,45.02
ORD_51705,W_5fd6fc233c629496,ZONE_BLR_01,2026-07-06,31,1,2450.39,2332.77,117.62,129.7,0.0,Bangalore,Metro,Food_Delivery,Scooter,1.0,86,Part-Time,23.7,16,2450.39,4.76,1,1.0,0,8.399999999999999,3.3,31.8,29.77142857142857,29.7,172.71428571428572,0,0,0,0,1,0.1484,1.014,40.76
ORD_51706,W_5fd6fc233c629496,ZONE_BLR_01,2026-07-13,32,1,2450.39,2454.65,0.0,113.3,0.0,Bangalore,Metro,Food_Delivery,Scooter,1.0,86,Part-Time,23.7,16,2450.39,4.76,1,1.0,0,16.8,9.8,32.1,29.785714285714285,20.5,124.57142857142856,0,0,0,0,1,0.1312,1.028,40.7
ORD_51707,W_5fd6fc233c629496,ZONE_BLR_01,2026-07-20,27,2,2450.39,2033.79,416.6,132.0,0.15,Bangalore,Metro,Food_Delivery,Scooter,1.0,86,Part-Time,23.7,16,2450.39,4.76,1,1.0,0,33.4,8.9,29.5,28.414285714285715,21.1,162.85714285714286,1,0,1,0,1,0.2806,1.056,47.33
ORD_51708,W_5fd6fc233c629496,ZONE_BLR_01,2026-07-27,32,1,2450.39,2468.31,0.0,192.0,0.0,Bangalore,Metro,Food_Delivery,Scooter,1.0,86,Part-Time,23.7,16,2450.39,4.76,1,1.0,0,28.8,17.0,29.7,28.685714285714287,25.0,169.42857142857142,0,0,0,0,1,0.1919,1.048,43.72
ORD_51709,W_5fd6fc233c629496,ZONE_BLR_01,2026-08-03,24,2,2450.39,1829.89,620.5,144.3,0.247,Bangalore,Metro,Food_Delivery,Scooter,1.0,86,Part-Time,23.7,16,2450.39,4.76,1,1.0,0,76.3,18.5,28.3,27.285714285714285,21.1,143.0,0,0,0,0,1,0.2789,1.127,50.45
ORD_51710,W_5fd6fc233c629496,ZONE_BLR_01,2026-08-10,33,1,2450.39,2520.2,0.0,133.3,0.0,Bangalore,Metro,Food_Delivery,Scooter,1.0,86,Part-Time,23.7,16,2450.39,4.76,1,1.0,0,19.9,5.6,30.7,29.17142857142857,21.8,129.0,0,0,0,1,1,0.1415,1.033,41.27
ORD_51711,W_5fd6fc233c629496,ZONE_BLR_01,2026-08-17,26,2,2450.39,2005.94,444.45,138.4,0.15,Bangalore,Metro,Food_Delivery,Scooter,1.0,86,Part-Time,23.7,16,2450.39,4.76,1,1.0,0,31.4,9.8,29.9,28.4,22.2,146.57142857142858,1,0,1,0,1,0.2639,1.052,46.54
ORD_51712,W_5fd6fc233c629496,ZONE_BLR_01,2026-08-24,32,1,2450.39,2465.06,0.0,180.2,0.0,Bangalore,Metro,Food_Delivery,Scooter,1.0,86,Part-Time,23.7,16,2450.39,4.76,1,1.0,0,35.7,18.2,28.8,28.014285714285712,22.3,167.14285714285714,0,0,0,1,1,0.2057,1.06,44.73
ORD_51713,W_5fd6fc233c629496,ZONE_BLR_01,2026-08-31,33,1,2450.39,2508.91,0.0,171.2,0.0,Bangalore,Metro,Food_Delivery,Scooter,1.0,86,Part-Time,23.7,16,2450.39,4.76,1,1.0,0,13.2,3.6,30.8,29.542857142857144,19.3,142.71428571428572,1,0,1,1,1,0.2201,1.022,43.64
ORD_51714,W_5fd6fc233c629496,ZONE_BLR_01,2026-09-07,34,1,2450.39,2569.57,0.0,168.0,0.0,Bangalore,Metro,Food_Delivery,Scooter,1.0,86,Part-Time,23.7,16,2450.39,4.76,1,1.0,0,8.5,5.1,31.0,30.62857142857143,14.9,128.28571428571428,0,0,0,0,1,0.1153,1.014,39.58
ORD_51715,W_5fd6fc233c629496,ZONE_BLR_01,2026-09-14,31,1,2450.39,2355.59,94.8,177.8,0.0,Bangalore,Metro,Food_Delivery,Scooter,1.0,86,Part-Time,23.7,16,2450.39,4.76,1,1.0,0,33.1,9.6,30.8,30.425,13.6,137.5,0,0,0,0,1,0.1776,1.055,43.48
ORD_51716,W_7bf86a3e77822877,ZONE_DEL_01,2026-06-22,31,1,2385.64,2326.44,59.2,173.6,0.0,Delhi_NCR,Metro,E_Commerce,Bike,1.2,66,Part-Time,21.8,16,2385.64,4.6,1,1.05,0,4.0,1.2,41.9,40.425,14.3,188.25,0,0,0,1,1,0.1502,1.007,42.57
ORD_51717,W_7bf86a3e77822877,ZONE_DEL_01,2026-06-29,28,2,2385.64,2108.01,277.63,150.7,0.155,Delhi_NCR,Metro,E_Commerce,Bike,1.2,66,Part-Time,21.8,16,2385.64,4.6,1,1.05,0,20.0,6.8,41.7,35.84285714285714,14.4,157.71428571428572,0,0,0,0,1,0.1633,1.033,44.16
ORD_51718,W_7bf86a3e77822877,ZONE_DEL_01,2026-07-06,4,1,2385.64,356.43,2029.21,17.9,0.85,Delhi_NCR,Metro,E_Commerce,Bike,1.2,66,Part-Time,21.8,16,2385.64,4.6,1,1.05,0,122.9,99.8,36.7,32.9,18.9,156.0,1,0,2,0,1,0.5602,1.205,69.09
ORD_51719,W_7bf86a3e77822877,ZONE_DEL_01,2026-07-13,31,1,2385.64,2350.57,35.07,161.8,0.0,Delhi_NCR,Metro,E_Commerce,Bike,1.2,66,Part-Time,21.8,16,2385.64,4.6,1,1.05,0,9.8,3.7,37.4,36.55714285714286,19.6,129.42857142857142,0,0,0,0,1,0.1191,1.016,41.78
ORD_51720,W_7bf86a3e77822877,ZONE_DEL_01,2026-07-20,22,3,2385.64,1662.78,722.86,88.8,0.315,Delhi_NCR,Metro,E_Commerce,Bike,1.2,66,Part-Time,21.8,16,2385.64,4.6,1,1.05,0,74.3,31.9,33.7,31.8,16.5,132.71428571428572,0,0,0,0,1,0.2667,1.124,52.32
ORD_51721,W_7bf86a3e77822877,ZONE_DEL_01,2026-07-27,31,1,2385.64,2384.21,1.43,174.8,0.0,Delhi_NCR,Metro,E_Commerce,Bike,1.2,66,Part-Time,21.8,16,2385.64,4.6,1,1.05,0,51.900000000000006,19.5,35.3,32.94285714285714,14.4,172.57142857142858,0,0,0,0,1,0.2462,1.086,49.74
ORD_51722,W_7bf86a3e77822877,ZONE_DEL_01,2026-08-03,10,2,2385.64,756.22,1629.42,55.8,0.684,Delhi_NCR,Metro,E_Commerce,Bike,1.2,66,Part-Time,21.8,16,2385.64,4.6,1,1.05,0,132.8,58.3,33.8,31.17142857142857,15.8,126.57142857142856,0,0,1,0,1,0.4771,1.221,66.28
ORD_51723,W_7bf86a3e77822877,ZONE_DEL_01,2026-08-10,32,1,2385.64,2424.11,0.0,147.4,0.0,Delhi_NCR,Metro,E_Commerce,Bike,1.2,66,Part-Time,21.8,16,2385.64,4.6,1,1.05,0,45.8,12.5,34.4,32.614285714285714,11.1,170.42857142857142,0,0,0,1,1,0.2309,1.076,48.67
ORD_51724,W_7bf86a3e77822877,ZONE_DEL_01,2026-08-17,28,2,2385.64,2107.98,277.66,110.3,0.15,Delhi_NCR,Metro,E_Commerce,Bike,1.2,66,Part-Time,21.8,16,2385.64,4.6,1,1.05,0,34.3,8.2,33.6,33.15714285714286,11.7,140.0,1,0,1,0,1,0.2655,1.057,49.16
ORD_51725,W_7bf86a3e77822877,ZONE_DEL_01,2026-08-24,33,1,2385.64,2503.85,0.0,126.1,0.0,Delhi_NCR,Metro,E_Commerce,Bike,1.2,66,Part-Time,21.8,16,2385.64,4.6,1,1.05,0,24.5,13.5,34.9,33.44285714285714,13.9,168.0,0,0,0,1,1,0.1811,1.041,45.19
ORD_51726,W_7bf86a3e77822877,ZONE_DEL_01,2026-08-31,33,1,2385.64,2478.68,0.0,137.3,0.0,Delhi_NCR,Metro,E_Commerce,Bike,1.2,66,Part-Time,21.8,16,2385.64,4.6,1,1.05,0,76.6,23.5,34.4,31.24285714285714,13.1,145.57142857142858,0,0,0,1,1,0.2815,1.128,53.12
ORD_51727,W_7bf86a3e77822877,ZONE_DEL_01,2026-09-07,32,1,2385.64,2440.44,0.0,182.1,0.0,Delhi_NCR,Metro,E_Commerce,Bike,1.2,66,Part-Time,21.8,16,2385.64,4.6,1,1.05,0,19.1,8.7,34.4,32.471428571428575,14.1,142.0,0,0,0,0,1,0.1495,1.032,43.6
ORD_51728,W_7bf86a3e77822877,ZONE_DEL_01,2026-09-14,32,1,2385.64,2471.28,0.0,197.7,0.0,Delhi_NCR,Metro,E_Commerce,Bike,1.2,66,Part-Time,21.8,16,2385.64,4.6,1,1.05,0,7.6,3.7,35.0,33.05,14.4,149.0,0,0,0,0,1,0.1288,1.013,42.02
ORD_51729,W_35c97ac5ec454310,ZONE_HYD_01,2026-06-22,65,3,5014.18,4910.91,103.27,352.1,0.0,Hyderabad,Metro,Food_Delivery,Bike,1.2,307,Full-Time,53.3,26,5014.18,4.96,1,1.05,1,21.8,14.6,32.6,30.65,17.3,156.25,1,0,1,1,1,0.2496,1.036,47.58
ORD_51730,W_35c97ac5ec454310,ZONE_HYD_01,2026-06-29,64,3,5014.18,4821.33,192.85,294.3,0.0,Hyderabad,Metro,Food_Delivery,Bike,1.2,307,Full-Time,53.3,26,5014.18,4.96,1,1.05,1,35.9,10.7,29.8,28.357142857142858,25.4,132.14285714285714,0,0,0,0,1,0.1799,1.06,45.96
ORD_51731,W_35c97ac5ec454310,ZONE_HYD_01,2026-07-06,69,3,5014.18,5188.66,0.0,310.0,0.0,Hyderabad,Metro,Food_Delivery,Bike,1.2,307,Full-Time,53.3,26,5014.18,4.96,1,1.05,1,6.2,2.2,33.3,32.27142857142857,25.7,165.28571428571428,0,0,0,0,1,0.1379,1.01,42.24
ORD_51732,W_35c97ac5ec454310,ZONE_HYD_01,2026-07-13,57,5,5014.18,4300.88,713.3,277.0,0.15,Hyderabad,Metro,Food_Delivery,Bike,1.2,307,Full-Time,53.3,26,5014.18,4.96,1,1.05,1,26.8,13.6,33.9,31.52857142857143,19.0,155.14285714285714,0,1,1,0,1,0.26,1.045,48.39
ORD_51733,W_35c97ac5ec454310,ZONE_HYD_01,2026-07-20,67,3,5014.18,5087.36,0.0,410.5,0.0,Hyderabad,Metro,Food_Delivery,Bike,1.2,307,Full-Time,53.3,26,5014.18,4.96,1,1.05,1,38.8,13.9,30.0,28.61428571428572,25.3,132.85714285714286,0,0,0,0,1,0.1869,1.065,46.45
ORD_51734,W_35c97ac5ec454310,ZONE_HYD_01,2026-07-27,54,5,5014.18,4091.36,922.82,314.8,0.19,Hyderabad,Metro,Food_Delivery,Bike,1.2,307,Full-Time,53.3,26,5014.18,4.96,1,1.05,1,70.5,24.9,30.6,28.585714285714285,24.3,137.0,0,0,0,0,1,0.2614,1.118,51.83
ORD_51735,W_35c97ac5ec454310,ZONE_HYD_01,2026-08-03,66,3,5014.18,5004.84,9.34,245.0,0.0,Hyderabad,Metro,Food_Delivery,Bike,1.2,307,Full-Time,53.3,26,5014.18,4.96,1,1.05,1,20.5,9.0,30.6,29.442857142857143,20.0,136.28571428571428,0,0,0,0,1,0.1483,1.034,43.63
ORD_51736,W_35c97ac5ec454310,ZONE_HYD_01,2026-08-10,67,3,5014.18,5044.54,0.0,294.6,0.0,Hyderabad,Metro,Food_Delivery,Bike,1.2,307,Full-Time,53.3,26,5014.18,4.96,1,1.05,1,12.6,3.6,30.8,29.82857142857143,19.8,137.42857142857142,0,0,0,1,1,0.1314,1.021,42.45
ORD_51737,W_35c97ac5ec454310,ZONE_HYD_01,2026-08-17,50,5,5014.18,3824.52,1189.66,289.6,0.21,Hyderabad,Metro,Food_Delivery,Bike,1.2,307,Full-Time,53.3,26,5014.18,4.96,1,1.05,1,18.2,11.0,31.5,30.228571428571428,19.4,148.85714285714286,0,1,1,0,1,0.2359,1.03,46.78
ORD_51738,W_35c97ac5ec454310,ZONE_HYD_01,2026-08-24,67,3,5014.18,5025.01,0.0,403.3,0.0,Hyderabad,Metro,Food_Delivery,Bike,1.2,307,Full-Time,53.3,26,5014.18,4.96,1,1.05,1,10.4,3.2,30.4,29.17142857142857,21.5,140.14285714285714,0,0,0,1,1,0.1285,1.017,42.18
ORD_51739,W_35c97ac5ec454310,ZONE_HYD_01,2026-08-31,68,3,5014.18,5167.62,0.0,365.2,0.0,Hyderabad,Metro,Food_Delivery,Bike,1.2,307,Full-Time,53.3,26,5014.18,4.96,1,1.05,1,8.8,5.3,32.0,30.228571428571428,19.7,159.14285714285714,0,0,0,1,1,0.1392,1.015,42.49
ORD_51740,W_35c97ac5ec454310,ZONE_HYD_01,2026-09-07,54,5,5014.18,4051.09,963.09,251.4,0.15,Hyderabad,Metro,Food_Delivery,Bike,1.2,307,Full-Time,53.3,26,5014.18,4.96,1,1.05,1,26.3,11.7,32.2,31.057142857142857,15.3,156.57142857142858,1,0,1,0,1,0.2599,1.044,48.34
ORD_51741,W_35c97ac5ec454310,ZONE_HYD_01,2026-09-14,64,3,5014.18,4862.49,151.69,381.4,0.0,Hyderabad,Metro,Food_Delivery,Bike,1.2,307,Full-Time,53.3,26,5014.18,4.96,1,1.05,1,12.7,5.5,33.4,31.525,10.7,147.5,0,0,0,0,1,0.1392,1.021,42.74
ORD_51742,W_f8858ff3e5051c86,ZONE_MAA_01,2026-06-22,47,2,3703.2,3582.69,120.51,200.8,0.0,Chennai,Metro,Q_Commerce,Scooter,1.0,53,Part-Time,33.5,12,3703.2,4.96,1,1.0,0,33.7,24.5,37.6,36.225,17.3,159.25,0,0,0,1,1,0.1953,1.056,44.18
ORD_51743,W_f8858ff3e5051c86,ZONE_MAA_01,2026-06-29,49,2,3703.2,3709.43,0.0,206.3,0.0,Chennai,Metro,Q_Commerce,Scooter,1.0,53,Part-Time,33.5,12,3703.2,4.96,1,1.0,0,11.8,5.8,38.4,35.55714285714286,23.0,123.0,0,0,0,0,1,0.1188,1.02,39.94
ORD_51744,W_f8858ff3e5051c86,ZONE_MAA_01,2026-07-06,40,3,3703.2,3056.39,646.81,204.7,0.15,Chennai,Metro,Q_Commerce,Scooter,1.0,53,Part-Time,33.5,12,3703.2,4.96,1,1.0,0,9.3,5.2,39.2,37.55714285714286,26.3,163.28571428571428,1,0,1,0,1,0.2267,1.016,43.62
ORD_51745,W_f8858ff3e5051c86,ZONE_MAA_01,2026-07-13,47,2,3703.2,3550.97,152.23,171.9,0.0,Chennai,Metro,Q_Commerce,Scooter,1.0,53,Part-Time,33.5,12,3703.2,4.96,1,1.0,0,11.3,4.9,38.7,36.51428571428571,19.1,141.57142857142858,0,0,0,0,1,0.1316,1.019,40.36
ORD_51746,W_f8858ff3e5051c86,ZONE_MAA_01,2026-07-20,42,3,3703.2,3217.18,486.02,228.7,0.12,Chennai,Metro,Q_Commerce,Scooter,1.0,53,Part-Time,33.5,12,3703.2,4.96,1,1.0,0,35.6,10.7,36.4,34.714285714285715,17.5,131.57142857142858,0,0,0,0,1,0.1788,1.059,43.69
ORD_51747,W_f8858ff3e5051c86,ZONE_MAA_01,2026-07-27,49,2,3703.2,3723.5,0.0,227.4,0.0,Chennai,Metro,Q_Commerce,Scooter,1.0,53,Part-Time,33.5,12,3703.2,4.96,1,1.0,0,26.0,8.2,37.6,36.48571428571429,23.1,145.14285714285714,0,0,0,0,1,0.1674,1.043,42.62
ORD_51748,W_f8858ff3e5051c86,ZONE_MAA_01,2026-08-03,49,2,3703.2,3727.55,0.0,219.8,0.0,Chennai,Metro,Q_Commerce,Scooter,1.0,53,Part-Time,33.5,12,3703.2,4.96,1,1.0,0,38.5,6.7,34.8,33.94285714285714,19.7,150.71428571428572,0,0,0,0,1,0.1997,1.064,44.68
ORD_51749,W_f8858ff3e5051c86,ZONE_MAA_01,2026-08-10,51,2,3703.2,3864.71,0.0,186.1,0.0,Chennai,Metro,Q_Commerce,Scooter,1.0,53,Part-Time,33.5,12,3703.2,4.96,1,1.0,0,15.6,9.3,35.5,35.08571428571428,18.4,153.57142857142858,1,0,1,1,1,0.2336,1.026,44.3
ORD_51750,W_f8858ff3e5051c86,ZONE_MAA_01,2026-08-17,50,2,3703.2,3767.41,0.0,295.3,0.0,Chennai,Metro,Q_Commerce,Scooter,1.0,53,Part-Time,33.5,12,3703.2,4.96,1,1.0,0,29.4,12.9,36.3,35.75714285714285,20.7,143.71428571428572,0,0,0,0,1,0.1739,1.049,43.1
ORD_51751,W_f8858ff3e5051c86,ZONE_MAA_01,2026-08-24,50,2,3703.2,3815.73,0.0,199.8,0.0,Chennai,Metro,Q_Commerce,Scooter,1.0,53,Part-Time,33.5,12,3703.2,4.96,1,1.0,0,15.1,7.6,36.6,34.77142857142857,18.4,144.14285714285714,1,0,1,1,1,0.2254,1.025,43.96
ORD_51752,W_f8858ff3e5051c86,ZONE_MAA_01,2026-08-31,48,2,3703.2,3627.63,75.57,260.9,0.0,Chennai,Metro,Q_Commerce,Scooter,1.0,53,Part-Time,33.5,12,3703.2,4.96,1,1.0,0,13.1,3.6,35.6,34.41428571428571,16.9,156.85714285714286,1,0,1,1,1,0.2305,1.022,44.01
ORD_51753,W_f8858ff3e5051c86,ZONE_MAA_01,2026-09-07,47,2,3703.2,3549.25,153.95,267.5,0.0,Chennai,Metro,Q_Commerce,Scooter,1.0,53,Part-Time,33.5,12,3703.2,4.96,1,1.0,0,23.3,11.4,35.6,34.214285714285715,14.8,136.57142857142858,0,0,0,0,1,0.1549,1.039,42.0
ORD_51754,W_f8858ff3e5051c86,ZONE_MAA_01,2026-09-14,42,3,3703.2,3216.63,486.57,229.7,0.15,Chennai,Metro,Q_Commerce,Scooter,1.0,53,Part-Time,33.5,12,3703.2,4.96,1,1.0,0,27.4,22.7,36.0,33.525,13.4,152.75,0,1,1,0,1,0.2595,1.046,46.11
ORD_51755,W_f32a3843bf2929a5,ZONE_BLR_01,2026-06-22,65,3,5109.9,4905.63,204.27,353.5,0.0,Bangalore,Metro,Q_Commerce,Bike,1.2,22,Full-Time,50.8,25,5109.9,4.46,1,1.05,1,16.3,5.3,30.1,29.475,20.2,135.25,0,0,0,1,1,0.1381,1.027,42.95
ORD_51756,W_f32a3843bf2929a5,ZONE_BLR_01,2026-06-29,58,5,5109.9,4421.52,688.38,333.1,0.15,Bangalore,Metro,Q_Commerce,Bike,1.2,22,Full-Time,50.8,25,5109.9,4.46,1,1.05,1,20.1,8.4,29.2,27.985714285714288,29.9,153.85714285714286,1,0,1,0,1,0.244,1.034,47.27
ORD_51757,W_f32a3843bf2929a5,ZONE_BLR_01,2026-07-06,65,3,5109.9,4875.66,234.24,231.6,0.0,Bangalore,Metro,Q_Commerce,Bike,1.2,22,Full-Time,50.8,25,5109.9,4.46,1,1.05,1,8.399999999999999,3.3,31.8,29.77142857142857,29.7,172.71428571428572,0,0,0,0,1,0.1484,1.014,42.79
ORD_51758,W_f32a3843bf2929a5,ZONE_BLR_01,2026-07-13,67,3,5109.9,5045.01,64.89,261.4,0.0,Bangalore,Metro,Q_Commerce,Bike,1.2,22,Full-Time,50.8,25,5109.9,4.46,1,1.05,1,16.8,9.8,32.1,29.785714285714285,20.5,124.57142857142856,0,0,0,0,1,0.1312,1.028,42.74
ORD_51759,W_f32a3843bf2929a5,ZONE_BLR_01,2026-07-20,58,5,5109.9,4368.77,741.13,346.7,0.15,Bangalore,Metro,Q_Commerce,Bike,1.2,22,Full-Time,50.8,25,5109.9,4.46,1,1.05,1,33.4,8.9,29.5,28.414285714285715,21.1,162.85714285714286,1,0,1,0,1,0.2806,1.056,49.7
ORD_51760,W_f32a3843bf2929a5,ZONE_BLR_01,2026-07-27,67,3,5109.9,5054.45,55.45,387.4,0.0,Bangalore,Metro,Q_Commerce,Bike,1.2,22,Full-Time,50.8,25,5109.9,4.46,1,1.05,1,28.8,17.0,29.7,28.685714285714287,25.0,169.42857142857142,0,0,0,0,1,0.1919,1.048,45.9
ORD_51761,W_f32a3843bf2929a5,ZONE_BLR_01,2026-08-03,54,5,5109.9,4051.01,1058.89,193.4,0.18,Bangalore,Metro,Q_Commerce,Bike,1.2,22,Full-Time,50.8,25,5109.9,4.46,1,1.05,1,76.3,18.5,28.3,27.285714285714285,21.1,143.0,0,0,0,0,1,0.2789,1.127,52.97
ORD_51762,W_f32a3843bf2929a5,ZONE_BLR_01,2026-08-10,66,3,5109.9,5022.08,87.82,392.8,0.0,Bangalore,Metro,Q_Commerce,Bike,1.2,22,Full-Time,50.8,25,5109.9,4.46,1,1.05,1,19.9,5.6,30.7,29.17142857142857,21.8,129.0,0,0,0,1,1,0.1415,1.033,43.33
ORD_51763,W_f32a3843bf2929a5,ZONE_BLR_01,2026-08-17,55,5,5109.9,4168.35,941.55,282.6,0.15,Bangalore,Metro,Q_Commerce,Bike,1.2,22,Full-Time,50.8,25,5109.9,4.46,1,1.05,1,31.4,9.8,29.9,28.4,22.2,146.57142857142858,1,0,1,0,1,0.2639,1.052,48.86
ORD_51764,W_f32a3843bf2929a5,ZONE_BLR_01,2026-08-24,67,3,5109.9,5085.11,24.79,404.3,0.0,Bangalore,Metro,Q_Commerce,Bike,1.2,22,Full-Time,50.8,25,5109.9,4.46,1,1.05,1,35.7,18.2,28.8,28.014285714285712,22.3,167.14285714285714,0,0,0,1,1,0.2057,1.06,46.97
ORD_51765,W_f32a3843bf2929a5,ZONE_BLR_01,2026-08-31,65,3,5109.9,4917.01,192.89,264.7,0.0,Bangalore,Metro,Q_Commerce,Bike,1.2,22,Full-Time,50.8,25,5109.9,4.46,1,1.05,1,13.2,3.6,30.8,29.542857142857144,19.3,142.71428571428572,1,0,1,1,1,0.2201,1.022,45.83
ORD_51766,W_f32a3843bf2929a5,ZONE_BLR_01,2026-09-07,64,3,5109.9,4869.5,240.4,299.0,0.0,Bangalore,Metro,Q_Commerce,Bike,1.2,22,Full-Time,50.8,25,5109.9,4.46,1,1.05,1,8.5,5.1,31.0,30.62857142857143,14.9,128.28571428571428,0,0,0,0,1,0.1153,1.014,41.56
ORD_51767,W_f32a3843bf2929a5,ZONE_BLR_01,2026-09-14,66,3,5109.9,4996.37,113.53,386.0,0.0,Bangalore,Metro,Q_Commerce,Bike,1.2,22,Full-Time,50.8,25,5109.9,4.46,1,1.05,1,33.1,9.6,30.8,30.425,13.6,137.5,0,0,0,0,1,0.1776,1.055,45.66
ORD_51768,W_1b7e389b0fbc2a98,ZONE_DEL_01,2026-06-22,41,2,3081.93,3114.27,0.0,211.5,0.0,Delhi_NCR,Metro,Food_Delivery,Bike,1.2,37,Part-Time,28.6,19,3081.93,4.66,1,1.05,0,4.0,1.2,41.9,40.425,14.3,188.25,0,0,0,1,1,0.1502,1.007,42.57
ORD_51769,W_1b7e389b0fbc2a98,ZONE_DEL_01,2026-06-29,34,3,3081.93,2612.54,469.39,127.4,0.155,Delhi_NCR,Metro,Food_Delivery,Bike,1.2,37,Part-Time,28.6,19,3081.93,4.66,1,1.05,0,20.0,6.8,41.7,35.84285714285714,14.4,157.71428571428572,0,0,0,0,1,0.1633,1.033,44.16
ORD_51770,W_1b7e389b0fbc2a98,ZONE_DEL_01,2026-07-06,7,2,3081.93,560.44,2521.49,40.3,0.827,Delhi_NCR,Metro,Food_Delivery,Bike,1.2,37,Part-Time,28.6,19,3081.93,4.66,1,1.05,0,122.9,99.8,36.7,32.9,18.9,156.0,1,0,2,0,1,0.5602,1.205,69.09
ORD_51771,W_1b7e389b0fbc2a98,ZONE_DEL_01,2026-07-13,42,2,3081.93,3203.19,0.0,240.4,0.0,Delhi_NCR,Metro,Food_Delivery,Bike,1.2,37,Part-Time,28.6,19,3081.93,4.66,1,1.05,0,9.8,3.7,37.4,36.55714285714286,19.6,129.42857142857142,0,0,0,0,1,0.1191,1.016,41.78
ORD_51772,W_1b7e389b0fbc2a98,ZONE_DEL_01,2026-07-20,32,3,3081.93,2402.7,679.23,112.3,0.199,Delhi_NCR,Metro,Food_Delivery,Bike,1.2,37,Part-Time,28.6,19,3081.93,4.66,1,1.05,0,74.3,31.9,33.7,31.8,16.5,132.71428571428572,0,0,0,0,1,0.2667,1.124,52.32
ORD_51773,W_1b7e389b0fbc2a98,ZONE_DEL_01,2026-07-27,40,2,3081.93,3021.37,60.56,151.7,0.0,Delhi_NCR,Metro,Food_Delivery,Bike,1.2,37,Part-Time,28.6,19,3081.93,4.66,1,1.05,0,51.900000000000006,19.5,35.3,32.94285714285714,14.4,172.57142857142858,0,0,0,0,1,0.2462,1.086,49.74
ORD_51774,W_1b7e389b0fbc2a98,ZONE_DEL_01,2026-08-03,13,3,3081.93,992.8,2089.13,76.2,0.683,Delhi_NCR,Metro,Food_Delivery,Bike,1.2,37,Part-Time,28.6,19,3081.93,4.66,1,1.05,0,132.8,58.3,33.8,31.17142857142857,15.8,126.57142857142856,0,0,1,0,1,0.4771,1.221,66.28
ORD_51775,W_1b7e389b0fbc2a98,ZONE_DEL_01,2026-08-10,42,2,3081.93,3158.74,0.0,253.4,0.0,Delhi_NCR,Metro,Food_Delivery,Bike,1.2,37,Part-Time,28.6,19,3081.93,4.66,1,1.05,0,45.8,12.5,34.4,32.614285714285714,11.1,170.42857142857142,0,0,0,1,1,0.2309,1.076,48.67
ORD_51776,W_1b7e389b0fbc2a98,ZONE_DEL_01,2026-08-17,33,3,3081.93,2502.78,579.15,116.6,0.15,Delhi_NCR,Metro,Food_Delivery,Bike,1.2,37,Part-Time,28.6,19,3081.93,4.66,1,1.05,0,34.3,8.2,33.6,33.15714285714286,11.7,140.0,1,0,1,0,1,0.2655,1.057,49.16
ORD_51777,W_1b7e389b0fbc2a98,ZONE_DEL_01,2026-08-24,41,2,3081.93,3131.65,0.0,175.5,0.0,Delhi_NCR,Metro,Food_Delivery,Bike,1.2,37,Part-Time,28.6,19,3081.93,4.66,1,1.05,0,24.5,13.5,34.9,33.44285714285714,13.9,168.0,0,0,0,1,1,0.1811,1.041,45.19
ORD_51778,W_1b7e389b0fbc2a98,ZONE_DEL_01,2026-08-31,39,2,3081.93,2952.16,129.77,164.9,0.026,Delhi_NCR,Metro,Food_Delivery,Bike,1.2,37,Part-Time,28.6,19,3081.93,4.66,1,1.05,0,76.6,23.5,34.4,31.24285714285714,13.1,145.57142857142858,0,0,0,1,1,0.2815,1.128,53.12
ORD_51779,W_1b7e389b0fbc2a98,ZONE_DEL_01,2026-09-07,41,2,3081.93,3085.45,0.0,192.2,0.0,Delhi_NCR,Metro,Food_Delivery,Bike,1.2,37,Part-Time,28.6,19,3081.93,4.66,1,1.05,0,19.1,8.7,34.4,32.471428571428575,14.1,142.0,0,0,0,0,1,0.1495,1.032,43.6
ORD_51780,W_1b7e389b0fbc2a98,ZONE_DEL_01,2026-09-14,41,2,3081.93,3085.76,0.0,218.0,0.0,Delhi_NCR,Metro,Food_Delivery,Bike,1.2,37,Part-Time,28.6,19,3081.93,4.66,1,1.05,0,7.6,3.7,35.0,33.05,14.4,149.0,0,0,0,0,1,0.1288,1.013,42.02
ORD_51781,W_352b016972689a21,ZONE_DEL_01,2026-06-22,78,3,5929.64,5862.71,66.93,325.9,0.0,Delhi_NCR,Metro,Food_Delivery,Bicycle,1.8,53,Full-Time,63.3,24,5929.64,4.94,1,1.2,1,4.0,1.2,41.9,40.425,14.3,188.25,0,0,0,1,1,0.1502,1.007,48.65
ORD_51782,W_352b016972689a21,ZONE_DEL_01,2026-06-29,64,6,5929.64,4843.29,1086.35,284.4,0.155,Delhi_NCR,Metro,Food_Delivery,Bicycle,1.8,53,Full-Time,63.3,24,5929.64,4.94,1,1.2,1,20.0,6.8,41.7,35.84285714285714,14.4,157.71428571428572,0,0,0,0,1,0.1633,1.033,50.47
ORD_51783,W_352b016972689a21,ZONE_DEL_01,2026-07-06,12,3,5929.64,912.28,5017.36,63.6,0.85,Delhi_NCR,Metro,Food_Delivery,Bicycle,1.8,53,Full-Time,63.3,24,5929.64,4.94,1,1.2,1,122.9,99.8,36.7,32.9,18.9,156.0,1,0,2,0,1,0.5602,1.205,78.96
ORD_51784,W_352b016972689a21,ZONE_DEL_01,2026-07-13,76,3,5929.64,5771.93,157.71,386.7,0.0,Delhi_NCR,Metro,Food_Delivery,Bicycle,1.8,53,Full-Time,63.3,24,5929.64,4.94,1,1.2,1,9.8,3.7,37.4,36.55714285714286,19.6,129.42857142857142,0,0,0,0,1,0.1191,1.016,47.75
ORD_51785,W_352b016972689a21,ZONE_DEL_01,2026-07-20,45,7,5929.64,3409.59,2520.05,224.3,0.424,Delhi_NCR,Metro,Food_Delivery,Bicycle,1.8,53,Full-Time,63.3,24,5929.64,4.94,1,1.2,1,74.3,31.9,33.7,31.8,16.5,132.71428571428572,0,0,0,0,1,0.2667,1.124,59.8
ORD_51786,W_352b016972689a21,ZONE_DEL_01,2026-07-27,78,3,5929.64,5924.77,4.87,392.1,0.0,Delhi_NCR,Metro,Food_Delivery,Bicycle,1.8,53,Full-Time,63.3,24,5929.64,4.94,1,1.2,1,51.900000000000006,19.5,35.3,32.94285714285714,14.4,172.57142857142858,0,0,0,0,1,0.2462,1.086,56.84
ORD_51787,W_352b016972689a21,ZONE_DEL_01,2026-08-03,11,3,5929.64,854.72,5074.92,60.8,0.85,Delhi_NCR,Metro,Food_Delivery,Bicycle,1.8,53,Full-Time,63.3,24,5929.64,4.94,1,1.2,1,132.8,58.3,33.8,31.17142857142857,15.8,126.57142857142856,0,0,1,0,1,0.4771,1.221,75.75
ORD_51788,W_352b016972689a21,ZONE_DEL_01,2026-08-10,76,3,5929.64,5713.73,215.91,279.7,0.0,Delhi_NCR,Metro,Food_Delivery,Bicycle,1.8,53,Full-Time,63.3,24,5929.64,4.94,1,1.2,1,45.8,12.5,34.4,32.614285714285714,11.1,170.42857142857142,0,0,0,1,1,0.2309,1.076,55.63
ORD_51789,W_352b016972689a21,ZONE_DEL_01,2026-08-17,70,6,5929.64,5280.15,649.49,425.9,0.15,Delhi_NCR,Metro,Food_Delivery,Bicycle,1.8,53,Full-Time,63.3,24,5929.64,4.94,1,1.2,1,34.3,8.2,33.6,33.15714285714286,11.7,140.0,1,0,1,0,1,0.2655,1.057,56.18
ORD_51790,W_352b016972689a21,ZONE_DEL_01,2026-08-24,75,3,5929.64,5668.99,260.65,352.3,0.0,Delhi_NCR,Metro,Food_Delivery,Bicycle,1.8,53,Full-Time,63.3,24,5929.64,4.94,1,1.2,1,24.5,13.5,34.9,33.44285714285714,13.9,168.0,0,0,0,1,1,0.1811,1.041,51.64
ORD_51791,W_352b016972689a21,ZONE_DEL_01,2026-08-31,69,5,5929.64,5208.74,720.9,396.2,0.12,Delhi_NCR,Metro,Food_Delivery,Bicycle,1.8,53,Full-Time,63.3,24,5929.64,4.94,1,1.2,1,76.6,23.5,34.4,31.24285714285714,13.1,145.57142857142858,0,0,0,1,1,0.2815,1.128,60.71
ORD_51792,W_352b016972689a21,ZONE_DEL_01,2026-09-07,82,4,5929.64,6196.84,0.0,427.4,0.0,Delhi_NCR,Metro,Food_Delivery,Bicycle,1.8,53,Full-Time,63.3,24,5929.64,4.94,1,1.2,1,19.1,8.7,34.4,32.471428571428575,14.1,142.0,0,0,0,0,1,0.1495,1.032,49.82
ORD_51793,W_352b016972689a21,ZONE_DEL_01,2026-09-14,77,3,5929.64,5843.01,86.63,394.9,0.0,Delhi_NCR,Metro,Food_Delivery,Bicycle,1.8,53,Full-Time,63.3,24,5929.64,4.94,1,1.2,1,7.6,3.7,35.0,33.05,14.4,149.0,0,0,0,0,1,0.1288,1.013,48.03
ORD_51794,W_60553a562ab6a7f2,ZONE_DEL_01,2026-06-22,82,4,6313.05,6194.37,118.68,488.4,0.0,Delhi_NCR,Metro,Food_Delivery,Scooter,1.0,323,Full-Time,55.2,27,6313.05,5.0,1,1.0,1,4.0,1.2,41.9,40.425,14.3,188.25,0,0,0,1,1,0.1502,1.007,40.54
ORD_51795,W_60553a562ab6a7f2,ZONE_DEL_01,2026-06-29,73,7,6313.05,5532.12,780.93,365.5,0.155,Delhi_NCR,Metro,Food_Delivery,Scooter,1.0,323,Full-Time,55.2,27,6313.05,5.0,1,1.0,1,20.0,6.8,41.7,35.84285714285714,14.4,157.71428571428572,0,0,0,0,1,0.1633,1.033,42.06
ORD_51796,W_60553a562ab6a7f2,ZONE_DEL_01,2026-07-06,23,6,6313.05,1762.29,4550.76,82.6,0.715,Delhi_NCR,Metro,Food_Delivery,Scooter,1.0,323,Full-Time,55.2,27,6313.05,5.0,1,1.0,1,122.9,99.8,36.7,32.9,18.9,156.0,1,0,2,0,1,0.5602,1.205,65.8
ORD_51797,W_60553a562ab6a7f2,ZONE_DEL_01,2026-07-13,86,4,6313.05,6512.43,0.0,405.6,0.0,Delhi_NCR,Metro,Food_Delivery,Scooter,1.0,323,Full-Time,55.2,27,6313.05,5.0,1,1.0,1,9.8,3.7,37.4,36.55714285714286,19.6,129.42857142857142,0,0,0,0,1,0.1191,1.016,39.8
ORD_51798,W_60553a562ab6a7f2,ZONE_DEL_01,2026-07-20,67,7,6313.05,5043.59,1269.46,382.6,0.199,Delhi_NCR,Metro,Food_Delivery,Scooter,1.0,323,Full-Time,55.2,27,6313.05,5.0,1,1.0,1,74.3,31.9,33.7,31.8,16.5,132.71428571428572,0,0,0,0,1,0.2667,1.124,49.83
ORD_51799,W_60553a562ab6a7f2,ZONE_DEL_01,2026-07-27,81,4,6313.05,6076.07,236.98,471.1,0.0,Delhi_NCR,Metro,Food_Delivery,Scooter,1.0,323,Full-Time,55.2,27,6313.05,5.0,1,1.0,1,51.900000000000006,19.5,35.3,32.94285714285714,14.4,172.57142857142858,0,0,0,0,1,0.2462,1.086,47.37
ORD_51800,W_60553a562ab6a7f2,ZONE_DEL_01,2026-08-03,28,7,6313.05,2113.7,4199.35,128.1,0.68,Delhi_NCR,Metro,Food_Delivery,Scooter,1.0,323,Full-Time,55.2,27,6313.05,5.0,1,1.0,1,132.8,58.3,33.8,31.17142857142857,15.8,126.57142857142856,0,0,1,0,1,0.4771,1.221,63.12
ORD_51801,W_60553a562ab6a7f2,ZONE_DEL_01,2026-08-10,81,4,6313.05,6134.48,178.57,365.2,0.0,Delhi_NCR,Metro,Food_Delivery,Scooter,1.0,323,Full-Time,55.2,27,6313.05,5.0,1,1.0,1,45.8,12.5,34.4,32.614285714285714,11.1,170.42857142857142,0,0,0,1,1,0.2309,1.076,46.36
ORD_51802,W_60553a562ab6a7f2,ZONE_DEL_01,2026-08-17,70,6,6313.05,5276.43,1036.62,278.3,0.15,Delhi_NCR,Metro,Food_Delivery,Scooter,1.0,323,Full-Time,55.2,27,6313.05,5.0,1,1.0,1,34.3,8.2,33.6,33.15714285714286,11.7,140.0,1,0,1,0,1,0.2655,1.057,46.82
ORD_51803,W_60553a562ab6a7f2,ZONE_DEL_01,2026-08-24,85,4,6313.05,6380.77,0.0,406.9,0.0,Delhi_NCR,Metro,Food_Delivery,Scooter,1.0,323,Full-Time,55.2,27,6313.05,5.0,1,1.0,1,24.5,13.5,34.9,33.44285714285714,13.9,168.0,0,0,0,1,1,0.1811,1.041,43.03
ORD_51804,W_60553a562ab6a7f2,ZONE_DEL_01,2026-08-31,73,5,6313.05,5537.13,775.92,382.4,0.08,Delhi_NCR,Metro,Food_Delivery,Scooter,1.0,323,Full-Time,55.2,27,6313.05,5.0,1,1.0,1,76.6,23.5,34.4,31.24285714285714,13.1,145.57142857142858,0,0,0,1,1,0.2815,1.128,50.59
ORD_51805,W_60553a562ab6a7f2,ZONE_DEL_01,2026-09-07,86,4,6313.05,6479.05,0.0,477.4,0.0,Delhi_NCR,Metro,Food_Delivery,Scooter,1.0,323,Full-Time,55.2,27,6313.05,5.0,1,1.0,1,19.1,8.7,34.4,32.471428571428575,14.1,142.0,0,0,0,0,1,0.1495,1.032,41.52
ORD_51806,W_60553a562ab6a7f2,ZONE_DEL_01,2026-09-14,87,4,6313.05,6556.78,0.0,475.8,0.0,Delhi_NCR,Metro,Food_Delivery,Scooter,1.0,323,Full-Time,55.2,27,6313.05,5.0,1,1.0,1,7.6,3.7,35.0,33.05,14.4,149.0,0,0,0,0,1,0.1288,1.013,40.02
ORD_51807,W_0b478719825e0080,ZONE_DEL_01,2026-06-22,39,1,2822.7,2943.46,0.0,171.5,0.0,Delhi_NCR,Metro,Food_Delivery,Scooter,1.0,63,Part-Time,27.7,13,2822.7,4.57,1,1.0,0,4.0,1.2,41.9,40.425,14.3,188.25,0,0,0,1,1,0.1502,1.007,40.54
ORD_51808,W_0b478719825e0080,ZONE_DEL_01,2026-06-29,31,2,2822.7,2385.95,436.75,109.7,0.155,Delhi_NCR,Metro,Food_Delivery,Scooter,1.0,63,Part-Time,27.7,13,2822.7,4.57,1,1.0,0,20.0,6.8,41.7,35.84285714285714,14.4,157.71428571428572,0,0,0,0,1,0.1633,1.033,42.06
ORD_51809,W_0b478719825e0080,ZONE_DEL_01,2026-07-06,12,2,2822.7,958.45,1864.25,45.3,0.651,Delhi_NCR,Metro,Food_Delivery,Scooter,1.0,63,Part-Time,27.7,13,2822.7,4.57,1,1.0,0,122.9,99.8,36.7,32.9,18.9,156.0,1,0,2,0,1,0.5602,1.205,65.8
ORD_51810,W_0b478719825e0080,ZONE_DEL_01,2026-07-13,36,1,2822.7,2755.01,67.69,143.2,0.0,Delhi_NCR,Metro,Food_Delivery,Scooter,1.0,63,Part-Time,27.7,13,2822.7,4.57,1,1.0,0,9.8,3.7,37.4,36.55714285714286,19.6,129.42857142857142,0,0,0,0,1,0.1191,1.016,39.8
ORD_51811,W_0b478719825e0080,ZONE_DEL_01,2026-07-20,33,3,2822.7,2484.93,337.77,116.2,0.154,Delhi_NCR,Metro,Food_Delivery,Scooter,1.0,63,Part-Time,27.7,13,2822.7,4.57,1,1.0,0,74.3,31.9,33.7,31.8,16.5,132.71428571428572,0,0,0,0,1,0.2667,1.124,49.83
ORD_51812,W_0b478719825e0080,ZONE_DEL_01,2026-07-27,38,1,2822.7,2889.34,0.0,148.6,0.0,Delhi_NCR,Metro,Food_Delivery,Scooter,1.0,63,Part-Time,27.7,13,2822.7,4.57,1,1.0,0,51.900000000000006,19.5,35.3,32.94285714285714,14.4,172.57142857142858,0,0,0,0,1,0.2462,1.086,47.37
ORD_51813,W_0b478719825e0080,ZONE_DEL_01,2026-08-03,12,3,2822.7,931.57,1891.13,63.2,0.682,Delhi_NCR,Metro,Food_Delivery,Scooter,1.0,63,Part-Time,27.7,13,2822.7,4.57,1,1.0,0,132.8,58.3,33.8,31.17142857142857,15.8,126.57142857142856,0,0,1,0,1,0.4771,1.221,63.12
ORD_51814,W_0b478719825e0080,ZONE_DEL_01,2026-08-10,38,1,2822.7,2871.32,0.0,133.5,0.0,Delhi_NCR,Metro,Food_Delivery,Scooter,1.0,63,Part-Time,27.7,13,2822.7,4.57,1,1.0,0,45.8,12.5,34.4,32.614285714285714,11.1,170.42857142857142,0,0,0,1,1,0.2309,1.076,46.36
ORD_51815,W_0b478719825e0080,ZONE_DEL_01,2026-08-17,33,3,2822.7,2515.63,307.07,193.7,0.15,Delhi_NCR,Metro,Food_Delivery,Scooter,1.0,63,Part-Time,27.7,13,2822.7,4.57,1,1.0,0,34.3,8.2,33.6,33.15714285714286,11.7,140.0,1,0,1,0,1,0.2655,1.057,46.82
ORD_51816,W_0b478719825e0080,ZONE_DEL_01,2026-08-24,39,1,2822.7,2934.23,0.0,205.9,0.0,Delhi_NCR,Metro,Food_Delivery,Scooter,1.0,63,Part-Time,27.7,13,2822.7,4.57,1,1.0,0,24.5,13.5,34.9,33.44285714285714,13.9,168.0,0,0,0,1,1,0.1811,1.041,43.03
ORD_51817,W_0b478719825e0080,ZONE_DEL_01,2026-08-31,39,1,2822.7,2928.77,0.0,167.2,0.002,Delhi_NCR,Metro,Food_Delivery,Scooter,1.0,63,Part-Time,27.7,13,2822.7,4.57,1,1.0,0,76.6,23.5,34.4,31.24285714285714,13.1,145.57142857142858,0,0,0,1,1,0.2815,1.128,50.59
ORD_51818,W_0b478719825e0080,ZONE_DEL_01,2026-09-07,37,1,2822.7,2840.4,0.0,139.5,0.0,Delhi_NCR,Metro,Food_Delivery,Scooter,1.0,63,Part-Time,27.7,13,2822.7,4.57,1,1.0,0,19.1,8.7,34.4,32.471428571428575,14.1,142.0,0,0,0,0,1,0.1495,1.032,41.52
ORD_51819,W_0b478719825e0080,ZONE_DEL_01,2026-09-14,39,1,2822.7,2941.81,0.0,151.3,0.0,Delhi_NCR,Metro,Food_Delivery,Scooter,1.0,63,Part-Time,27.7,13,2822.7,4.57,1,1.0,0,7.6,3.7,35.0,33.05,14.4,149.0,0,0,0,0,1,0.1288,1.013,40.02
ORD_51820,W_f8c79f3c29285144,ZONE_DEL_01,2026-06-22,75,3,5847.3,5686.44,160.86,375.5,0.0,Delhi_NCR,Metro,Food_Delivery,Bicycle,1.8,53,Full-Time,61.6,26,5847.3,4.1,1,1.2,1,4.0,1.2,41.9,40.425,14.3,188.25,0,0,0,1,1,0.1502,1.007,48.65
ORD_51821,W_f8c79f3c29285144,ZONE_DEL_01,2026-06-29,67,6,5847.3,5071.46,775.84,346.5,0.155,Delhi_NCR,Metro,Food_Delivery,Bicycle,1.8,53,Full-Time,61.6,26,5847.3,4.1,1,1.2,1,20.0,6.8,41.7,35.84285714285714,14.4,157.71428571428572,0,0,0,0,1,0.1633,1.033,50.47
ORD_51822,W_f8c79f3c29285144,ZONE_DEL_01,2026-07-06,11,3,5847.3,833.32,5013.98,61.0,0.85,Delhi_NCR,Metro,Food_Delivery,Bicycle,1.8,53,Full-Time,61.6,26,5847.3,4.1,1,1.2,1,122.9,99.8,36.7,32.9,18.9,156.0,1,0,2,0,1,0.5602,1.205,78.96
ORD_51823,W_f8c79f3c29285144,ZONE_DEL_01,2026-07-13,81,4,5847.3,6131.02,0.0,460.6,0.0,Delhi_NCR,Metro,Food_Delivery,Bicycle,1.8,53,Full-Time,61.6,26,5847.3,4.1,1,1.2,1,9.8,3.7,37.4,36.55714285714286,19.6,129.42857142857142,0,0,0,0,1,0.1191,1.016,47.75
ORD_51824,W_f8c79f3c29285144,ZONE_DEL_01,2026-07-20,49,8,5847.3,3684.98,2162.32,225.7,0.394,Delhi_NCR,Metro,Food_Delivery,Bicycle,1.8,53,Full-Time,61.6,26,5847.3,4.1,1,1.2,1,74.3,31.9,33.7,31.8,16.5,132.71428571428572,0,0,0,0,1,0.2667,1.124,59.8
ORD_51825,W_f8c79f3c29285144,ZONE_DEL_01,2026-07-27,78,3,5847.3,5861.88,0.0,373.5,0.0,Delhi_NCR,Metro,Food_Delivery,Bicycle,1.8,53,Full-Time,61.6,26,5847.3,4.1,1,1.2,1,51.900000000000006,19.5,35.3,32.94285714285714,14.4,172.57142857142858,0,0,0,0,1,0.2462,1.086,56.84
ORD_51826,W_f8c79f3c29285144,ZONE_DEL_01,2026-08-03,12,3,5847.3,901.23,4946.07,59.1,0.85,Delhi_NCR,Metro,Food_Delivery,Bicycle,1.8,53,Full-Time,61.6,26,5847.3,4.1,1,1.2,1,132.8,58.3,33.8,31.17142857142857,15.8,126.57142857142856,0,0,1,0,1,0.4771,1.221,75.75
ORD_51827,W_f8c79f3c29285144,ZONE_DEL_01,2026-08-10,76,3,5847.3,5740.13,107.17,319.0,0.0,Delhi_NCR,Metro,Food_Delivery,Bicycle,1.8,53,Full-Time,61.6,26,5847.3,4.1,1,1.2,1,45.8,12.5,34.4,32.614285714285714,11.1,170.42857142857142,0,0,0,1,1,0.2309,1.076,55.63
ORD_51828,W_f8c79f3c29285144,ZONE_DEL_01,2026-08-17,63,5,5847.3,4740.46,1106.84,319.7,0.15,Delhi_NCR,Metro,Food_Delivery,Bicycle,1.8,53,Full-Time,61.6,26,5847.3,4.1,1,1.2,1,34.3,8.2,33.6,33.15714285714286,11.7,140.0,1,0,1,0,1,0.2655,1.057,56.18
ORD_51829,W_f8c79f3c29285144,ZONE_DEL_01,2026-08-24,75,3,5847.3,5689.4,157.9,292.5,0.0,Delhi_NCR,Metro,Food_Delivery,Bicycle,1.8,53,Full-Time,61.6,26,5847.3,4.1,1,1.2,1,24.5,13.5,34.9,33.44285714285714,13.9,168.0,0,0,0,1,1,0.1811,1.041,51.64
ORD_51830,W_f8c79f3c29285144,ZONE_DEL_01,2026-08-31,59,7,5847.3,4485.58,1361.72,326.3,0.247,Delhi_NCR,Metro,Food_Delivery,Bicycle,1.8,53,Full-Time,61.6,26,5847.3,4.1,1,1.2,1,76.6,23.5,34.4,31.24285714285714,13.1,145.57142857142858,0,0,0,1,1,0.2815,1.128,60.71
ORD_51831,W_f8c79f3c29285144,ZONE_DEL_01,2026-09-07,77,3,5847.3,5849.39,0.0,455.4,0.0,Delhi_NCR,Metro,Food_Delivery,Bicycle,1.8,53,Full-Time,61.6,26,5847.3,4.1,1,1.2,1,19.1,8.7,34.4,32.471428571428575,14.1,142.0,0,0,0,0,1,0.1495,1.032,49.82
ORD_51832,W_f8c79f3c29285144,ZONE_DEL_01,2026-09-14,81,4,5847.3,6102.44,0.0,460.1,0.0,Delhi_NCR,Metro,Food_Delivery,Bicycle,1.8,53,Full-Time,61.6,26,5847.3,4.1,1,1.2,1,7.6,3.7,35.0,33.05,14.4,149.0,0,0,0,0,1,0.1288,1.013,48.03
ORD_51833,W_15d5e30ace24d9a9,ZONE_MAA_01,2026-06-22,55,2,4140.83,4196.98,0.0,237.6,0.0,Chennai,Metro,Food_Delivery,Scooter,1.0,360,Full-Time,38.2,24,4140.83,4.61,1,1.0,1,33.7,24.5,37.6,36.225,17.3,159.25,0,0,0,1,1,0.1953,1.056,44.18
ORD_51834,W_15d5e30ace24d9a9,ZONE_MAA_01,2026-06-29,57,2,4140.83,4340.81,0.0,241.7,0.0,Chennai,Metro,Food_Delivery,Scooter,1.0,360,Full-Time,38.2,24,4140.83,4.61,1,1.0,1,11.8,5.8,38.4,35.55714285714286,23.0,123.0,0,0,0,0,1,0.1188,1.02,39.94
ORD_51835,W_15d5e30ace24d9a9,ZONE_MAA_01,2026-07-06,45,4,4140.83,3415.05,725.78,211.2,0.15,Chennai,Metro,Food_Delivery,Scooter,1.0,360,Full-Time,38.2,24,4140.83,4.61,1,1.0,1,9.3,5.2,39.2,37.55714285714286,26.3,163.28571428571428,1,0,1,0,1,0.2267,1.016,43.62
ORD_51836,W_15d5e30ace24d9a9,ZONE_MAA_01,2026-07-13,52,2,4140.83,3957.33,183.5,319.4,0.0,Chennai,Metro,Food_Delivery,Scooter,1.0,360,Full-Time,38.2,24,4140.83,4.61,1,1.0,1,11.3,4.9,38.7,36.51428571428571,19.1,141.57142857142858,0,0,0,0,1,0.1316,1.019,40.36
ORD_51837,W_15d5e30ace24d9a9,ZONE_MAA_01,2026-07-20,49,4,4140.83,3676.15,464.68,245.2,0.12,Chennai,Metro,Food_Delivery,Scooter,1.0,360,Full-Time,38.2,24,4140.83,4.61,1,1.0,1,35.6,10.7,36.4,34.714285714285715,17.5,131.57142857142858,0,0,0,0,1,0.1788,1.059,43.69
ORD_51838,W_15d5e30ace24d9a9,ZONE_MAA_01,2026-07-27,56,2,4140.83,4205.34,0.0,271.1,0.0,Chennai,Metro,Food_Delivery,Scooter,1.0,360,Full-Time,38.2,24,4140.83,4.61,1,1.0,1,26.0,8.2,37.6,36.48571428571429,23.1,145.14285714285714,0,0,0,0,1,0.1674,1.043,42.62
ORD_51839,W_15d5e30ace24d9a9,ZONE_MAA_01,2026-08-03,52,2,4140.83,3947.07,193.76,268.0,0.0,Chennai,Metro,Food_Delivery,Scooter,1.0,360,Full-Time,38.2,24,4140.83,4.61,1,1.0,1,38.5,6.7,34.8,33.94285714285714,19.7,150.71428571428572,0,0,0,0,1,0.1997,1.064,44.68
ORD_51840,W_15d5e30ace24d9a9,ZONE_MAA_01,2026-08-10,56,2,4140.83,4230.34,0.0,259.0,0.0,Chennai,Metro,Food_Delivery,Scooter,1.0,360,Full-Time,38.2,24,4140.83,4.61,1,1.0,1,15.6,9.3,35.5,35.08571428571428,18.4,153.57142857142858,1,0,1,1,1,0.2336,1.026,44.3
ORD_51841,W_15d5e30ace24d9a9,ZONE_MAA_01,2026-08-17,56,2,4140.83,4247.37,0.0,230.3,0.0,Chennai,Metro,Food_Delivery,Scooter,1.0,360,Full-Time,38.2,24,4140.83,4.61,1,1.0,1,29.4,12.9,36.3,35.75714285714285,20.7,143.71428571428572,0,0,0,0,1,0.1739,1.049,43.1
ORD_51842,W_15d5e30ace24d9a9,ZONE_MAA_01,2026-08-24,53,2,4140.83,4025.42,115.41,208.6,0.0,Chennai,Metro,Food_Delivery,Scooter,1.0,360,Full-Time,38.2,24,4140.83,4.61,1,1.0,1,15.1,7.6,36.6,34.77142857142857,18.4,144.14285714285714,1,0,1,1,1,0.2254,1.025,43.96
ORD_51843,W_15d5e30ace24d9a9,ZONE_MAA_01,2026-08-31,54,2,4140.83,4087.83,53.0,312.5,0.0,Chennai,Metro,Food_Delivery,Scooter,1.0,360,Full-Time,38.2,24,4140.83,4.61,1,1.0,1,13.1,3.6,35.6,34.41428571428571,16.9,156.85714285714286,1,0,1,1,1,0.2305,1.022,44.01
ORD_51844,W_15d5e30ace24d9a9,ZONE_MAA_01,2026-09-07,57,2,4140.83,4276.61,0.0,258.4,0.0,Chennai,Metro,Food_Delivery,Scooter,1.0,360,Full-Time,38.2,24,4140.83,4.61,1,1.0,1,23.3,11.4,35.6,34.214285714285715,14.8,136.57142857142858,0,0,0,0,1,0.1549,1.039,42.0
ORD_51845,W_15d5e30ace24d9a9,ZONE_MAA_01,2026-09-14,47,4,4140.83,3551.07,589.76,256.0,0.15,Chennai,Metro,Food_Delivery,Scooter,1.0,360,Full-Time,38.2,24,4140.83,4.61,1,1.0,1,27.4,22.7,36.0,33.525,13.4,152.75,0,1,1,0,1,0.2595,1.046,46.11
ORD_51846,W_a69b3416f454131e,ZONE_BLR_01,2026-06-22,68,3,5304.79,5167.51,137.28,268.9,0.0,Bangalore,Metro,Q_Commerce,Bike,1.2,16,Full-Time,48.8,25,5304.79,4.38,1,1.05,1,16.3,5.3,30.1,29.475,20.2,135.25,0,0,0,1,1,0.1381,1.027,42.95
ORD_51847,W_a69b3416f454131e,ZONE_BLR_01,2026-06-29,62,5,5304.79,4721.94,582.85,320.4,0.15,Bangalore,Metro,Q_Commerce,Bike,1.2,16,Full-Time,48.8,25,5304.79,4.38,1,1.05,1,20.1,8.4,29.2,27.985714285714288,29.9,153.85714285714286,1,0,1,0,1,0.244,1.034,47.27
ORD_51848,W_a69b3416f454131e,ZONE_BLR_01,2026-07-06,74,3,5304.79,5560.17,0.0,326.5,0.0,Bangalore,Metro,Q_Commerce,Bike,1.2,16,Full-Time,48.8,25,5304.79,4.38,1,1.05,1,8.399999999999999,3.3,31.8,29.77142857142857,29.7,172.71428571428572,0,0,0,0,1,0.1484,1.014,42.79
ORD_51849,W_a69b3416f454131e,ZONE_BLR_01,2026-07-13,72,3,5304.79,5412.49,0.0,295.3,0.0,Bangalore,Metro,Q_Commerce,Bike,1.2,16,Full-Time,48.8,25,5304.79,4.38,1,1.05,1,16.8,9.8,32.1,29.785714285714285,20.5,124.57142857142856,0,0,0,0,1,0.1312,1.028,42.74
ORD_51850,W_a69b3416f454131e,ZONE_BLR_01,2026-07-20,58,5,5304.79,4401.39,903.4,283.2,0.15,Bangalore,Metro,Q_Commerce,Bike,1.2,16,Full-Time,48.8,25,5304.79,4.38,1,1.05,1,33.4,8.9,29.5,28.414285714285715,21.1,162.85714285714286,1,0,1,0,1,0.2806,1.056,49.7
ORD_51851,W_a69b3416f454131e,ZONE_BLR_01,2026-07-27,69,3,5304.79,5209.1,95.69,272.7,0.0,Bangalore,Metro,Q_Commerce,Bike,1.2,16,Full-Time,48.8,25,5304.79,4.38,1,1.05,1,28.8,17.0,29.7,28.685714285714287,25.0,169.42857142857142,0,0,0,0,1,0.1919,1.048,45.9
ORD_51852,W_a69b3416f454131e,ZONE_BLR_01,2026-08-03,52,6,5304.79,3908.62,1396.17,280.9,0.227,Bangalore,Metro,Q_Commerce,Bike,1.2,16,Full-Time,48.8,25,5304.79,4.38,1,1.05,1,76.3,18.5,28.3,27.285714285714285,21.1,143.0,0,0,0,0,1,0.2789,1.127,52.97
ORD_51853,W_a69b3416f454131e,ZONE_BLR_01,2026-08-10,70,3,5304.79,5300.61,4.18,262.8,0.0,Bangalore,Metro,Q_Commerce,Bike,1.2,16,Full-Time,48.8,25,5304.79,4.38,1,1.05,1,19.9,5.6,30.7,29.17142857142857,21.8,129.0,0,0,0,1,1,0.1415,1.033,43.33
ORD_51854,W_a69b3416f454131e,ZONE_BLR_01,2026-08-17,58,5,5304.79,4361.04,943.75,219.1,0.15,Bangalore,Metro,Q_Commerce,Bike,1.2,16,Full-Time,48.8,25,5304.79,4.38,1,1.05,1,31.4,9.8,29.9,28.4,22.2,146.57142857142858,1,0,1,0,1,0.2639,1.052,48.86
ORD_51855,W_a69b3416f454131e,ZONE_BLR_01,2026-08-24,71,3,5304.79,5364.52,0.0,266.6,0.0,Bangalore,Metro,Q_Commerce,Bike,1.2,16,Full-Time,48.8,25,5304.79,4.38,1,1.05,1,35.7,18.2,28.8,28.014285714285712,22.3,167.14285714285714,0,0,0,1,1,0.2057,1.06,46.97
ORD_51856,W_a69b3416f454131e,ZONE_BLR_01,2026-08-31,72,3,5304.79,5439.68,0.0,256.0,0.0,Bangalore,Metro,Q_Commerce,Bike,1.2,16,Full-Time,48.8,25,5304.79,4.38,1,1.05,1,13.2,3.6,30.8,29.542857142857144,19.3,142.71428571428572,1,0,1,1,1,0.2201,1.022,45.83
ORD_51857,W_a69b3416f454131e,ZONE_BLR_01,2026-09-07,68,3,5304.79,5171.84,132.95,401.5,0.0,Bangalore,Metro,Q_Commerce,Bike,1.2,16,Full-Time,48.8,25,5304.79,4.38,1,1.05,1,8.5,5.1,31.0,30.62857142857143,14.9,128.28571428571428,0,0,0,0,1,0.1153,1.014,41.56
ORD_51858,W_a69b3416f454131e,ZONE_BLR_01,2026-09-14,72,3,5304.79,5420.72,0.0,266.2,0.0,Bangalore,Metro,Q_Commerce,Bike,1.2,16,Full-Time,48.8,25,5304.79,4.38,1,1.05,1,33.1,9.6,30.8,30.425,13.6,137.5,0,0,0,0,1,0.1776,1.055,45.66
ORD_51859,W_f9bfdca1cf2eeca9,ZONE_BLR_01,2026-06-22,69,3,5054.21,5216.51,0.0,333.4,0.0,Bangalore,Metro,Food_Delivery,Bike,1.2,120,Full-Time,51.7,29,5054.21,4.81,1,1.05,1,16.3,5.3,30.1,29.475,20.2,135.25,0,0,0,1,1,0.1381,1.027,42.95
ORD_51860,W_f9bfdca1cf2eeca9,ZONE_BLR_01,2026-06-29,59,5,5054.21,4445.06,609.15,302.2,0.15,Bangalore,Metro,Food_Delivery,Bike,1.2,120,Full-Time,51.7,29,5054.21,4.81,1,1.05,1,20.1,8.4,29.2,27.985714285714288,29.9,153.85714285714286,1,0,1,0,1,0.244,1.034,47.27
ORD_51861,W_f9bfdca1cf2eeca9,ZONE_BLR_01,2026-07-06,68,3,5054.21,5146.11,0.0,420.4,0.0,Bangalore,Metro,Food_Delivery,Bike,1.2,120,Full-Time,51.7,29,5054.21,4.81,1,1.05,1,8.399999999999999,3.3,31.8,29.77142857142857,29.7,172.71428571428572,0,0,0,0,1,0.1484,1.014,42.79
ORD_51862,W_f9bfdca1cf2eeca9,ZONE_BLR_01,2026-07-13,65,3,5054.21,4918.93,135.28,337.0,0.0,Bangalore,Metro,Food_Delivery,Bike,1.2,120,Full-Time,51.7,29,5054.21,4.81,1,1.05,1,16.8,9.8,32.1,29.785714285714285,20.5,124.57142857142856,0,0,0,0,1,0.1312,1.028,42.74
ORD_51863,W_f9bfdca1cf2eeca9,ZONE_BLR_01,2026-07-20,57,5,5054.21,4279.03,775.18,205.6,0.15,Bangalore,Metro,Food_Delivery,Bike,1.2,120,Full-Time,51.7,29,5054.21,4.81,1,1.05,1,33.4,8.9,29.5,28.414285714285715,21.1,162.85714285714286,1,0,1,0,1,0.2806,1.056,49.7
ORD_51864,W_f9bfdca1cf2eeca9,ZONE_BLR_01,2026-07-27,64,3,5054.21,4808.81,245.4,244.6,0.0,Bangalore,Metro,Food_Delivery,Bike,1.2,120,Full-Time,51.7,29,5054.21,4.81,1,1.05,1,28.8,17.0,29.7,28.685714285714287,25.0,169.42857142857142,0,0,0,0,1,0.1919,1.048,45.9
ORD_51865,W_f9bfdca1cf2eeca9,ZONE_BLR_01,2026-08-03,47,6,5054.21,3577.81,1476.4,234.7,0.297,Bangalore,Metro,Food_Delivery,Bike,1.2,120,Full-Time,51.7,29,5054.21,4.81,1,1.05,1,76.3,18.5,28.3,27.285714285714285,21.1,143.0,0,0,0,0,1,0.2789,1.127,52.97
ORD_51866,W_f9bfdca1cf2eeca9,ZONE_BLR_01,2026-08-10,64,3,5054.21,4817.6,236.61,305.1,0.0,Bangalore,Metro,Food_Delivery,Bike,1.2,120,Full-Time,51.7,29,5054.21,4.81,1,1.05,1,19.9,5.6,30.7,29.17142857142857,21.8,129.0,0,0,0,1,1,0.1415,1.033,43.33
ORD_51867,W_f9bfdca1cf2eeca9,ZONE_BLR_01,2026-08-17,59,5,5054.21,4478.5,575.71,269.8,0.15,Bangalore,Metro,Food_Delivery,Bike,1.2,120,Full-Time,51.7,29,5054.21,4.81,1,1.05,1,31.4,9.8,29.9,28.4,22.2,146.57142857142858,1,0,1,0,1,0.2639,1.052,48.86
ORD_51868,W_f9bfdca1cf2eeca9,ZONE_BLR_01,2026-08-24,68,3,5054.21,5117.35,0.0,381.2,0.0,Bangalore,Metro,Food_Delivery,Bike,1.2,120,Full-Time,51.7,29,5054.21,4.81,1,1.05,1,35.7,18.2,28.8,28.014285714285712,22.3,167.14285714285714,0,0,0,1,1,0.2057,1.06,46.97
ORD_51869,W_f9bfdca1cf2eeca9,ZONE_BLR_01,2026-08-31,69,3,5054.21,5197.71,0.0,338.2,0.0,Bangalore,Metro,Food_Delivery,Bike,1.2,120,Full-Time,51.7,29,5054.21,4.81,1,1.05,1,13.2,3.6,30.8,29.542857142857144,19.3,142.71428571428572,1,0,1,1,1,0.2201,1.022,45.83
ORD_51870,W_f9bfdca1cf2eeca9,ZONE_BLR_01,2026-09-07,69,3,5054.21,5235.13,0.0,314.4,0.0,Bangalore,Metro,Food_Delivery,Bike,1.2,120,Full-Time,51.7,29,5054.21,4.81,1,1.05,1,8.5,5.1,31.0,30.62857142857143,14.9,128.28571428571428,0,0,0,0,1,0.1153,1.014,41.56
ORD_51871,W_f9bfdca1cf2eeca9,ZONE_BLR_01,2026-09-14,70,3,5054.21,5250.66,0.0,290.4,0.0,Bangalore,Metro,Food_Delivery,Bike,1.2,120,Full-Time,51.7,29,5054.21,4.81,1,1.05,1,33.1,9.6,30.8,30.425,13.6,137.5,0,0,0,0,1,0.1776,1.055,45.66
ORD_51872,W_bbb7c13213af9802,ZONE_HYD_01,2026-06-22,66,3,5064.48,4953.17,111.31,240.5,0.0,Hyderabad,Metro,Food_Delivery,Scooter,1.0,89,Full-Time,45.4,23,5064.48,4.89,1,1.0,1,21.8,14.6,32.6,30.65,17.3,156.25,1,0,1,1,1,0.2496,1.036,45.31
ORD_51873,W_bbb7c13213af9802,ZONE_HYD_01,2026-06-29,69,3,5064.48,5214.18,0.0,319.2,0.0,Hyderabad,Metro,Food_Delivery,Scooter,1.0,89,Full-Time,45.4,23,5064.48,4.89,1,1.0,1,35.9,10.7,29.8,28.357142857142858,25.4,132.14285714285714,0,0,0,0,1,0.1799,1.06,43.77
ORD_51874,W_bbb7c13213af9802,ZONE_HYD_01,2026-07-06,65,3,5064.48,4927.29,137.19,268.2,0.0,Hyderabad,Metro,Food_Delivery,Scooter,1.0,89,Full-Time,45.4,23,5064.48,4.89,1,1.0,1,6.2,2.2,33.3,32.27142857142857,25.7,165.28571428571428,0,0,0,0,1,0.1379,1.01,40.22
ORD_51875,W_bbb7c13213af9802,ZONE_HYD_01,2026-07-13,59,5,5064.48,4477.6,586.88,339.3,0.15,Hyderabad,Metro,Food_Delivery,Scooter,1.0,89,Full-Time,45.4,23,5064.48,4.89,1,1.0,1,26.8,13.6,33.9,31.52857142857143,19.0,155.14285714285714,0,1,1,0,1,0.26,1.045,46.08
ORD_51876,W_bbb7c13213af9802,ZONE_HYD_01,2026-07-20,67,3,5064.48,5091.59,0.0,346.0,0.0,Hyderabad,Metro,Food_Delivery,Scooter,1.0,89,Full-Time,45.4,23,5064.48,4.89,1,1.0,1,38.8,13.9,30.0,28.61428571428572,25.3,132.85714285714286,0,0,0,0,1,0.1869,1.065,44.24
ORD_51877,W_bbb7c13213af9802,ZONE_HYD_01,2026-07-27,52,6,5064.48,3901.74,1162.74,310.5,0.221,Hyderabad,Metro,Food_Delivery,Scooter,1.0,89,Full-Time,45.4,23,5064.48,4.89,1,1.0,1,70.5,24.9,30.6,28.585714285714285,24.3,137.0,0,0,0,0,1,0.2614,1.118,49.36
ORD_51878,W_bbb7c13213af9802,ZONE_HYD_01,2026-08-03,64,3,5064.48,4874.87,189.61,296.3,0.0,Hyderabad,Metro,Food_Delivery,Scooter,1.0,89,Full-Time,45.4,23,5064.48,4.89,1,1.0,1,20.5,9.0,30.6,29.442857142857143,20.0,136.28571428571428,0,0,0,0,1,0.1483,1.034,41.56
ORD_51879,W_bbb7c13213af9802,ZONE_HYD_01,2026-08-10,66,3,5064.48,4985.76,78.72,319.8,0.0,Hyderabad,Metro,Food_Delivery,Scooter,1.0,89,Full-Time,45.4,23,5064.48,4.89,1,1.0,1,12.6,3.6,30.8,29.82857142857143,19.8,137.42857142857142,0,0,0,1,1,0.1314,1.021,40.43
ORD_51880,W_bbb7c13213af9802,ZONE_HYD_01,2026-08-17,53,5,5064.48,3983.99,1080.49,259.8,0.21,Hyderabad,Metro,Food_Delivery,Scooter,1.0,89,Full-Time,45.4,23,5064.48,4.89,1,1.0,1,18.2,11.0,31.5,30.228571428571428,19.4,148.85714285714286,0,1,1,0,1,0.2359,1.03,44.55
ORD_51881,W_bbb7c13213af9802,ZONE_HYD_01,2026-08-24,65,3,5064.48,4882.12,182.36,317.6,0.0,Hyderabad,Metro,Food_Delivery,Scooter,1.0,89,Full-Time,45.4,23,5064.48,4.89,1,1.0,1,10.4,3.2,30.4,29.17142857142857,21.5,140.14285714285714,0,0,0,1,1,0.1285,1.017,40.17
ORD_51882,W_bbb7c13213af9802,ZONE_HYD_01,2026-08-31,65,3,5064.48,4934.03,130.45,259.9,0.0,Hyderabad,Metro,Food_Delivery,Scooter,1.0,89,Full-Time,45.4,23,5064.48,4.89,1,1.0,1,8.8,5.3,32.0,30.228571428571428,19.7,159.14285714285714,0,0,0,1,1,0.1392,1.015,40.47
ORD_51883,W_bbb7c13213af9802,ZONE_HYD_01,2026-09-07,54,5,5064.48,4117.48,947.0,300.2,0.15,Hyderabad,Metro,Food_Delivery,Scooter,1.0,89,Full-Time,45.4,23,5064.48,4.89,1,1.0,1,26.3,11.7,32.2,31.057142857142857,15.3,156.57142857142858,1,0,1,0,1,0.2599,1.044,46.04
ORD_51884,W_bbb7c13213af9802,ZONE_HYD_01,2026-09-14,67,3,5064.48,5027.73,36.75,347.9,0.0,Hyderabad,Metro,Food_Delivery,Scooter,1.0,89,Full-Time,45.4,23,5064.48,4.89,1,1.0,1,12.7,5.5,33.4,31.525,10.7,147.5,0,0,0,0,1,0.1392,1.021,40.71
ORD_51885,W_aba3400fc421af23,ZONE_BLR_01,2026-06-22,75,3,5511.43,5636.87,0.0,400.1,0.0,Bangalore,Metro,Food_Delivery,Scooter,1.0,191,Full-Time,53.5,29,5511.43,4.62,1,1.0,1,16.3,5.3,30.1,29.475,20.2,135.25,0,0,0,1,1,0.1381,1.027,40.91
ORD_51886,W_aba3400fc421af23,ZONE_BLR_01,2026-06-29,62,5,5511.43,4670.9,840.53,281.9,0.15,Bangalore,Metro,Food_Delivery,Scooter,1.0,191,Full-Time,53.5,29,5511.43,4.62,1,1.0,1,20.1,8.4,29.2,27.985714285714288,29.9,153.85714285714286,1,0,1,0,1,0.244,1.034,45.02
ORD_51887,W_aba3400fc421af23,ZONE_BLR_01,2026-07-06,72,3,5511.43,5443.07,68.36,376.4,0.0,Bangalore,Metro,Food_Delivery,Scooter,1.0,191,Full-Time,53.5,29,5511.43,4.62,1,1.0,1,8.399999999999999,3.3,31.8,29.77142857142857,29.7,172.71428571428572,0,0,0,0,1,0.1484,1.014,40.76
ORD_51888,W_aba3400fc421af23,ZONE_BLR_01,2026-07-13,73,3,5511.43,5508.56,2.87,422.9,0.0,Bangalore,Metro,Food_Delivery,Scooter,1.0,191,Full-Time,53.5,29,5511.43,4.62,1,1.0,1,16.8,9.8,32.1,29.785714285714285,20.5,124.57142857142856,0,0,0,0,1,0.1312,1.028,40.7
ORD_51889,W_aba3400fc421af23,ZONE_BLR_01,2026-07-20,64,6,5511.43,4860.25,651.18,253.5,0.15,Bangalore,Metro,Food_Delivery,Scooter,1.0,191,Full-Time,53.5,29,5511.43,4.62,1,1.0,1,33.4,8.9,29.5,28.414285714285715,21.1,162.85714285714286,1,0,1,0,1,0.2806,1.056,47.33
ORD_51890,W_aba3400fc421af23,ZONE_BLR_01,2026-07-27,70,3,5511.43,5310.94,200.49,364.1,0.0,Bangalore,Metro,Food_Delivery,Scooter,1.0,191,Full-Time,53.5,29,5511.43,4.62,1,1.0,1,28.8,17.0,29.7,28.685714285714287,25.0,169.42857142857142,0,0,0,0,1,0.1919,1.048,43.72
ORD_51891,W_aba3400fc421af23,ZONE_BLR_01,2026-08-03,56,6,5511.43,4222.14,1289.29,330.4,0.195,Bangalore,Metro,Food_Delivery,Scooter,1.0,191,Full-Time,53.5,29,5511.43,4.62,1,1.0,1,76.3,18.5,28.3,27.285714285714285,21.1,143.0,0,0,0,0,1,0.2789,1.127,50.45
ORD_51892,W_aba3400fc421af23,ZONE_BLR_01,2026-08-10,71,3,5511.43,5360.91,150.52,426.6,0.0,Bangalore,Metro,Food_Delivery,Scooter,1.0,191,Full-Time,53.5,29,5511.43,4.62,1,1.0,1,19.9,5.6,30.7,29.17142857142857,21.8,129.0,0,0,0,1,1,0.1415,1.033,41.27
ORD_51893,W_aba3400fc421af23,ZONE_BLR_01,2026-08-17,63,5,5511.43,4786.58,724.85,350.2,0.15,Bangalore,Metro,Food_Delivery,Scooter,1.0,191,Full-Time,53.5,29,5511.43,4.62,1,1.0,1,31.4,9.8,29.9,28.4,22.2,146.57142857142858,1,0,1,0,1,0.2639,1.052,46.54
ORD_51894,W_aba3400fc421af23,ZONE_BLR_01,2026-08-24,71,3,5511.43,5346.89,164.54,293.4,0.0,Bangalore,Metro,Food_Delivery,Scooter,1.0,191,Full-Time,53.5,29,5511.43,4.62,1,1.0,1,35.7,18.2,28.8,28.014285714285712,22.3,167.14285714285714,0,0,0,1,1,0.2057,1.06,44.73
ORD_51895,W_aba3400fc421af23,ZONE_BLR_01,2026-08-31,73,3,5511.43,5523.15,0.0,289.4,0.0,Bangalore,Metro,Food_Delivery,Scooter,1.0,191,Full-Time,53.5,29,5511.43,4.62,1,1.0,1,13.2,3.6,30.8,29.542857142857144,19.3,142.71428571428572,1,0,1,1,1,0.2201,1.022,43.64
ORD_51896,W_aba3400fc421af23,ZONE_BLR_01,2026-09-07,72,3,5511.43,5404.2,107.23,314.5,0.0,Bangalore,Metro,Food_Delivery,Scooter,1.0,191,Full-Time,53.5,29,5511.43,4.62,1,1.0,1,8.5,5.1,31.0,30.62857142857143,14.9,128.28571428571428,0,0,0,0,1,0.1153,1.014,39.58
ORD_51897,W_aba3400fc421af23,ZONE_BLR_01,2026-09-14,70,3,5511.43,5323.84,187.59,283.8,0.0,Bangalore,Metro,Food_Delivery,Scooter,1.0,191,Full-Time,53.5,29,5511.43,4.62,1,1.0,1,33.1,9.6,30.8,30.425,13.6,137.5,0,0,0,0,1,0.1776,1.055,43.48
ORD_51898,W_1c2bd39507a85c2e,ZONE_HYD_01,2026-06-22,59,2,4309.61,4433.96,0.0,233.1,0.0,Hyderabad,Metro,Food_Delivery,Bicycle,1.8,247,Full-Time,48.4,22,4309.61,4.78,1,1.2,1,21.8,14.6,32.6,30.65,17.3,156.25,1,0,1,1,1,0.2496,1.036,54.37
ORD_51899,W_1c2bd39507a85c2e,ZONE_HYD_01,2026-06-29,54,2,4309.61,4106.39,203.22,280.8,0.0,Hyderabad,Metro,Food_Delivery,Bicycle,1.8,247,Full-Time,48.4,22,4309.61,4.78,1,1.2,1,35.9,10.7,29.8,28.357142857142858,25.4,132.14285714285714,0,0,0,0,1,0.1799,1.06,52.53
ORD_51900,W_1c2bd39507a85c2e,ZONE_HYD_01,2026-07-06,60,3,4309.61,4514.74,0.0,263.7,0.0,Hyderabad,Metro,Food_Delivery,Bicycle,1.8,247,Full-Time,48.4,22,4309.61,4.78,1,1.2,1,6.2,2.2,33.3,32.27142857142857,25.7,165.28571428571428,0,0,0,0,1,0.1379,1.01,48.27
ORD_51901,W_1c2bd39507a85c2e,ZONE_HYD_01,2026-07-13,46,4,4309.61,3523.48,786.13,231.8,0.15,Hyderabad,Metro,Food_Delivery,Bicycle,1.8,247,Full-Time,48.4,22,4309.61,4.78,1,1.2,1,26.8,13.6,33.9,31.52857142857143,19.0,155.14285714285714,0,1,1,0,1,0.26,1.045,55.3
ORD_51902,W_1c2bd39507a85c2e,ZONE_HYD_01,2026-07-20,59,2,4309.61,4484.73,0.0,331.4,0.0,Hyderabad,Metro,Food_Delivery,Bicycle,1.8,247,Full-Time,48.4,22,4309.61,4.78,1,1.2,1,38.8,13.9,30.0,28.61428571428572,25.3,132.85714285714286,0,0,0,0,1,0.1869,1.065,53.09
ORD_51903,W_1c2bd39507a85c2e,ZONE_HYD_01,2026-07-27,31,5,4309.61,2376.87,1932.74,153.9,0.438,Hyderabad,Metro,Food_Delivery,Bicycle,1.8,247,Full-Time,48.4,22,4309.61,4.78,1,1.2,1,70.5,24.9,30.6,28.585714285714285,24.3,137.0,0,0,0,0,1,0.2614,1.118,59.23
ORD_51904,W_1c2bd39507a85c2e,ZONE_HYD_01,2026-08-03,55,2,4309.61,4133.45,176.16,293.3,0.0,Hyderabad,Metro,Food_Delivery,Bicycle,1.8,247,Full-Time,48.4,22,4309.61,4.78,1,1.2,1,20.5,9.0,30.6,29.442857142857143,20.0,136.28571428571428,0,0,0,0,1,0.1483,1.034,49.87
ORD_51905,W_1c2bd39507a85c2e,ZONE_HYD_01,2026-08-10,58,2,4309.61,4406.62,0.0,354.1,0.0,Hyderabad,Metro,Food_Delivery,Bicycle,1.8,247,Full-Time,48.4,22,4309.61,4.78,1,1.2,1,12.6,3.6,30.8,29.82857142857143,19.8,137.42857142857142,0,0,0,1,1,0.1314,1.021,48.52
ORD_51906,W_1c2bd39507a85c2e,ZONE_HYD_01,2026-08-17,44,4,4309.61,3323.02,986.59,156.2,0.21,Hyderabad,Metro,Food_Delivery,Bicycle,1.8,247,Full-Time,48.4,22,4309.61,4.78,1,1.2,1,18.2,11.0,31.5,30.228571428571428,19.4,148.85714285714286,0,1,1,0,1,0.2359,1.03,53.47
ORD_51907,W_1c2bd39507a85c2e,ZONE_HYD_01,2026-08-24,57,2,4309.61,4329.27,0.0,308.3,0.0,Hyderabad,Metro,Food_Delivery,Bicycle,1.8,247,Full-Time,48.4,22,4309.61,4.78,1,1.2,1,10.4,3.2,30.4,29.17142857142857,21.5,140.14285714285714,0,0,0,1,1,0.1285,1.017,48.2
ORD_51908,W_1c2bd39507a85c2e,ZONE_HYD_01,2026-08-31,59,2,4309.61,4434.76,0.0,237.4,0.0,Hyderabad,Metro,Food_Delivery,Bicycle,1.8,247,Full-Time,48.4,22,4309.61,4.78,1,1.2,1,8.8,5.3,32.0,30.228571428571428,19.7,159.14285714285714,0,0,0,1,1,0.1392,1.015,48.56
ORD_51909,W_1c2bd39507a85c2e,ZONE_HYD_01,2026-09-07,47,4,4309.61,3575.89,733.72,229.5,0.15,Hyderabad,Metro,Food_Delivery,Bicycle,1.8,247,Full-Time,48.4,22,4309.61,4.78,1,1.2,1,26.3,11.7,32.2,31.057142857142857,15.3,156.57142857142858,1,0,1,0,1,0.2599,1.044,55.24
ORD_51910,W_1c2bd39507a85c2e,ZONE_HYD_01,2026-09-14,56,2,4309.61,4236.61,73.0,326.1,0.0,Hyderabad,Metro,Food_Delivery,Bicycle,1.8,247,Full-Time,48.4,22,4309.61,4.78,1,1.2,1,12.7,5.5,33.4,31.525,10.7,147.5,0,0,0,0,1,0.1392,1.021,48.85
ORD_51911,W_267d567a8c3d1814,ZONE_MAA_01,2026-06-22,80,4,6087.85,6071.88,15.97,452.7,0.0,Chennai,Metro,Q_Commerce,Scooter,1.0,121,Full-Time,54.7,24,6087.85,4.66,1,1.0,1,33.7,24.5,37.6,36.225,17.3,159.25,0,0,0,1,1,0.1953,1.056,44.18
ORD_51912,W_267d567a8c3d1814,ZONE_MAA_01,2026-06-29,81,4,6087.85,6136.93,0.0,452.6,0.0,Chennai,Metro,Q_Commerce,Scooter,1.0,121,Full-Time,54.7,24,6087.85,4.66,1,1.0,1,11.8,5.8,38.4,35.55714285714286,23.0,123.0,0,0,0,0,1,0.1188,1.02,39.94
ORD_51913,W_267d567a8c3d1814,ZONE_MAA_01,2026-07-06,67,6,6087.85,5088.09,999.76,384.9,0.15,Chennai,Metro,Q_Commerce,Scooter,1.0,121,Full-Time,54.7,24,6087.85,4.66,1,1.0,1,9.3,5.2,39.2,37.55714285714286,26.3,163.28571428571428,1,0,1,0,1,0.2267,1.016,43.62
ORD_51914,W_267d567a8c3d1814,ZONE_MAA_01,2026-07-13,79,3,6087.85,5950.61,137.24,393.0,0.0,Chennai,Metro,Q_Commerce,Scooter,1.0,121,Full-Time,54.7,24,6087.85,4.66,1,1.0,1,11.3,4.9,38.7,36.51428571428571,19.1,141.57142857142858,0,0,0,0,1,0.1316,1.019,40.36
ORD_51915,W_267d567a8c3d1814,ZONE_MAA_01,2026-07-20,69,5,6087.85,5204.09,883.76,330.1,0.12,Chennai,Metro,Q_Commerce,Scooter,1.0,121,Full-Time,54.7,24,6087.85,4.66,1,1.0,1,35.6,10.7,36.4,34.714285714285715,17.5,131.57142857142858,0,0,0,0,1,0.1788,1.059,43.69
ORD_51916,W_267d567a8c3d1814,ZONE_MAA_01,2026-07-27,79,3,6087.85,5977.16,110.69,333.4,0.0,Chennai,Metro,Q_Commerce,Scooter,1.0,121,Full-Time,54.7,24,6087.85,4.66,1,1.0,1,26.0,8.2,37.6,36.48571428571429,23.1,145.14285714285714,0,0,0,0,1,0.1674,1.043,42.62
ORD_51917,W_267d567a8c3d1814,ZONE_MAA_01,2026-08-03,84,4,6087.85,6372.14,0.0,330.3,0.0,Chennai,Metro,Q_Commerce,Scooter,1.0,121,Full-Time,54.7,24,6087.85,4.66,1,1.0,1,38.5,6.7,34.8,33.94285714285714,19.7,150.71428571428572,0,0,0,0,1,0.1997,1.064,44.68
ORD_51918,W_267d567a8c3d1814,ZONE_MAA_01,2026-08-10,83,4,6087.85,6262.77,0.0,511.1,0.0,Chennai,Metro,Q_Commerce,Scooter,1.0,121,Full-Time,54.7,24,6087.85,4.66,1,1.0,1,15.6,9.3,35.5,35.08571428571428,18.4,153.57142857142858,1,0,1,1,1,0.2336,1.026,44.3
ORD_51919,W_267d567a8c3d1814,ZONE_MAA_01,2026-08-17,77,3,6087.85,5795.57,292.28,414.8,0.0,Chennai,Metro,Q_Commerce,Scooter,1.0,121,Full-Time,54.7,24,6087.85,4.66,1,1.0,1,29.4,12.9,36.3,35.75714285714285,20.7,143.71428571428572,0,0,0,0,1,0.1739,1.049,43.1
ORD_51920,W_267d567a8c3d1814,ZONE_MAA_01,2026-08-24,79,3,6087.85,5937.43,150.42,285.1,0.0,Chennai,Metro,Q_Commerce,Scooter,1.0,121,Full-Time,54.7,24,6087.85,4.66,1,1.0,1,15.1,7.6,36.6,34.77142857142857,18.4,144.14285714285714,1,0,1,1,1,0.2254,1.025,43.96
ORD_51921,W_267d567a8c3d1814,ZONE_MAA_01,2026-08-31,80,4,6087.85,6028.73,59.12,482.0,0.0,Chennai,Metro,Q_Commerce,Scooter,1.0,121,Full-Time,54.7,24,6087.85,4.66,1,1.0,1,13.1,3.6,35.6,34.41428571428571,16.9,156.85714285714286,1,0,1,1,1,0.2305,1.022,44.01
ORD_51922,W_267d567a8c3d1814,ZONE_MAA_01,2026-09-07,77,3,6087.85,5790.62,297.23,391.7,0.0,Chennai,Metro,Q_Commerce,Scooter,1.0,121,Full-Time,54.7,24,6087.85,4.66,1,1.0,1,23.3,11.4,35.6,34.214285714285715,14.8,136.57142857142858,0,0,0,0,1,0.1549,1.039,42.0
ORD_51923,W_267d567a8c3d1814,ZONE_MAA_01,2026-09-14,69,6,6087.85,5175.4,912.45,404.2,0.15,Chennai,Metro,Q_Commerce,Scooter,1.0,121,Full-Time,54.7,24,6087.85,4.66,1,1.0,1,27.4,22.7,36.0,33.525,13.4,152.75,0,1,1,0,1,0.2595,1.046,46.11
ORD_51924,W_56ec7eb4eed5b146,ZONE_BLR_01,2026-06-22,66,3,5196.93,4980.74,216.19,352.4,0.0,Bangalore,Metro,Food_Delivery,Scooter,1.0,52,Full-Time,47.5,28,5196.93,4.72,1,1.0,1,16.3,5.3,30.1,29.475,20.2,135.25,0,0,0,1,1,0.1381,1.027,40.91
ORD_51925,W_56ec7eb4eed5b146,ZONE_BLR_01,2026-06-29,59,5,5196.93,4496.95,699.98,313.1,0.15,Bangalore,Metro,Food_Delivery,Scooter,1.0,52,Full-Time,47.5,28,5196.93,4.72,1,1.0,1,20.1,8.4,29.2,27.985714285714288,29.9,153.85714285714286,1,0,1,0,1,0.244,1.034,45.02
ORD_51926,W_56ec7eb4eed5b146,ZONE_BLR_01,2026-07-06,72,3,5196.93,5426.81,0.0,412.0,0.0,Bangalore,Metro,Food_Delivery,Scooter,1.0,52,Full-Time,47.5,28,5196.93,4.72,1,1.0,1,8.399999999999999,3.3,31.8,29.77142857142857,29.7,172.71428571428572,0,0,0,0,1,0.1484,1.014,40.76
ORD_51927,W_56ec7eb4eed5b146,ZONE_BLR_01,2026-07-13,66,3,5196.93,4958.9,238.03,314.9,0.0,Bangalore,Metro,Food_Delivery,Scooter,1.0,52,Full-Time,47.5,28,5196.93,4.72,1,1.0,1,16.8,9.8,32.1,29.785714285714285,20.5,124.57142857142856,0,0,0,0,1,0.1312,1.028,40.7
ORD_51928,W_56ec7eb4eed5b146,ZONE_BLR_01,2026-07-20,58,5,5196.93,4372.31,824.62,251.6,0.15,Bangalore,Metro,Food_Delivery,Scooter,1.0,52,Full-Time,47.5,28,5196.93,4.72,1,1.0,1,33.4,8.9,29.5,28.414285714285715,21.1,162.85714285714286,1,0,1,0,1,0.2806,1.056,47.33
ORD_51929,W_56ec7eb4eed5b146,ZONE_BLR_01,2026-07-27,68,3,5196.93,5171.64,25.29,308.5,0.0,Bangalore,Metro,Food_Delivery,Scooter,1.0,52,Full-Time,47.5,28,5196.93,4.72,1,1.0,1,28.8,17.0,29.7,28.685714285714287,25.0,169.42857142857142,0,0,0,0,1,0.1919,1.048,43.72
ORD_51930,W_56ec7eb4eed5b146,ZONE_BLR_01,2026-08-03,57,6,5196.93,4275.93,921.0,213.1,0.215,Bangalore,Metro,Food_Delivery,Scooter,1.0,52,Full-Time,47.5,28,5196.93,4.72,1,1.0,1,76.3,18.5,28.3,27.285714285714285,21.1,143.0,0,0,0,0,1,0.2789,1.127,50.45
ORD_51931,W_56ec7eb4eed5b146,ZONE_BLR_01,2026-08-10,72,3,5196.93,5416.36,0.0,345.4,0.0,Bangalore,Metro,Food_Delivery,Scooter,1.0,52,Full-Time,47.5,28,5196.93,4.72,1,1.0,1,19.9,5.6,30.7,29.17142857142857,21.8,129.0,0,0,0,1,1,0.1415,1.033,41.27
ORD_51932,W_56ec7eb4eed5b146,ZONE_BLR_01,2026-08-17,59,5,5196.93,4472.05,724.88,338.7,0.15,Bangalore,Metro,Food_Delivery,Scooter,1.0,52,Full-Time,47.5,28,5196.93,4.72,1,1.0,1,31.4,9.8,29.9,28.4,22.2,146.57142857142858,1,0,1,0,1,0.2639,1.052,46.54
ORD_51933,W_56ec7eb4eed5b146,ZONE_BLR_01,2026-08-24,68,3,5196.93,5124.41,72.52,317.0,0.0,Bangalore,Metro,Food_Delivery,Scooter,1.0,52,Full-Time,47.5,28,5196.93,4.72,1,1.0,1,35.7,18.2,28.8,28.014285714285712,22.3,167.14285714285714,0,0,0,1,1,0.2057,1.06,44.73
ORD_51934,W_56ec7eb4eed5b146,ZONE_BLR_01,2026-08-31,68,3,5196.93,5149.91,47.02,306.8,0.0,Bangalore,Metro,Food_Delivery,Scooter,1.0,52,Full-Time,47.5,28,5196.93,4.72,1,1.0,1,13.2,3.6,30.8,29.542857142857144,19.3,142.71428571428572,1,0,1,1,1,0.2201,1.022,43.64
ORD_51935,W_56ec7eb4eed5b146,ZONE_BLR_01,2026-09-07,72,3,5196.93,5418.07,0.0,413.1,0.0,Bangalore,Metro,Food_Delivery,Scooter,1.0,52,Full-Time,47.5,28,5196.93,4.72,1,1.0,1,8.5,5.1,31.0,30.62857142857143,14.9,128.28571428571428,0,0,0,0,1,0.1153,1.014,39.58
ORD_51936,W_56ec7eb4eed5b146,ZONE_BLR_01,2026-09-14,66,3,5196.93,4993.73,203.2,250.3,0.0,Bangalore,Metro,Food_Delivery,Scooter,1.0,52,Full-Time,47.5,28,5196.93,4.72,1,1.0,1,33.1,9.6,30.8,30.425,13.6,137.5,0,0,0,0,1,0.1776,1.055,43.48
ORD_51937,W_d0546cf1f9834998,ZONE_DEL_01,2026-06-22,87,4,6641.22,6593.32,47.9,327.7,0.0,Delhi_NCR,Metro,Food_Delivery,Scooter,1.0,105,Full-Time,61.7,24,6641.22,4.59,1,1.0,1,4.0,1.2,41.9,40.425,14.3,188.25,0,0,0,1,1,0.1502,1.007,40.54
ORD_51938,W_d0546cf1f9834998,ZONE_DEL_01,2026-06-29,75,7,6641.22,5678.66,962.56,291.6,0.155,Delhi_NCR,Metro,Food_Delivery,Scooter,1.0,105,Full-Time,61.7,24,6641.22,4.59,1,1.0,1,20.0,6.8,41.7,35.84285714285714,14.4,157.71428571428572,0,0,0,0,1,0.1633,1.033,42.06
ORD_51939,W_d0546cf1f9834998,ZONE_DEL_01,2026-07-06,20,5,6641.22,1550.24,5090.98,87.1,0.754,Delhi_NCR,Metro,Food_Delivery,Scooter,1.0,105,Full-Time,61.7,24,6641.22,4.59,1,1.0,1,122.9,99.8,36.7,32.9,18.9,156.0,1,0,2,0,1,0.5602,1.205,65.8
ORD_51940,W_d0546cf1f9834998,ZONE_DEL_01,2026-07-13,90,4,6641.22,6758.9,0.0,432.6,0.0,Delhi_NCR,Metro,Food_Delivery,Scooter,1.0,105,Full-Time,61.7,24,6641.22,4.59,1,1.0,1,9.8,3.7,37.4,36.55714285714286,19.6,129.42857142857142,0,0,0,0,1,0.1191,1.016,39.8
ORD_51941,W_d0546cf1f9834998,ZONE_DEL_01,2026-07-20,64,8,6641.22,4845.23,1795.99,286.0,0.297,Delhi_NCR,Metro,Food_Delivery,Scooter,1.0,105,Full-Time,61.7,24,6641.22,4.59,1,1.0,1,74.3,31.9,33.7,31.8,16.5,132.71428571428572,0,0,0,0,1,0.2667,1.124,49.83
ORD_51942,W_d0546cf1f9834998,ZONE_DEL_01,2026-07-27,84,4,6641.22,6339.37,301.85,485.8,0.0,Delhi_NCR,Metro,Food_Delivery,Scooter,1.0,105,Full-Time,61.7,24,6641.22,4.59,1,1.0,1,51.900000000000006,19.5,35.3,32.94285714285714,14.4,172.57142857142858,0,0,0,0,1,0.2462,1.086,47.37
ORD_51943,W_d0546cf1f9834998,ZONE_DEL_01,2026-08-03,29,7,6641.22,2177.93,4463.29,111.5,0.682,Delhi_NCR,Metro,Food_Delivery,Scooter,1.0,105,Full-Time,61.7,24,6641.22,4.59,1,1.0,1,132.8,58.3,33.8,31.17142857142857,15.8,126.57142857142856,0,0,1,0,1,0.4771,1.221,63.12
ORD_51944,W_d0546cf1f9834998,ZONE_DEL_01,2026-08-10,92,4,6641.22,6971.9,0.0,386.2,0.0,Delhi_NCR,Metro,Food_Delivery,Scooter,1.0,105,Full-Time,61.7,24,6641.22,4.59,1,1.0,1,45.8,12.5,34.4,32.614285714285714,11.1,170.42857142857142,0,0,0,1,1,0.2309,1.076,46.36
ORD_51945,W_d0546cf1f9834998,ZONE_DEL_01,2026-08-17,76,7,6641.22,5771.6,869.62,452.3,0.15,Delhi_NCR,Metro,Food_Delivery,Scooter,1.0,105,Full-Time,61.7,24,6641.22,4.59,1,1.0,1,34.3,8.2,33.6,33.15714285714286,11.7,140.0,1,0,1,0,1,0.2655,1.057,46.82
ORD_51946,W_d0546cf1f9834998,ZONE_DEL_01,2026-08-24,86,4,6641.22,6465.68,175.54,511.9,0.0,Delhi_NCR,Metro,Food_Delivery,Scooter,1.0,105,Full-Time,61.7,24,6641.22,4.59,1,1.0,1,24.5,13.5,34.9,33.44285714285714,13.9,168.0,0,0,0,1,1,0.1811,1.041,43.03
ORD_51947,W_d0546cf1f9834998,ZONE_DEL_01,2026-08-31,92,4,6641.22,6957.62,0.0,391.9,0.0,Delhi_NCR,Metro,Food_Delivery,Scooter,1.0,105,Full-Time,61.7,24,6641.22,4.59,1,1.0,1,76.6,23.5,34.4,31.24285714285714,13.1,145.57142857142858,0,0,0,1,1,0.2815,1.128,50.59
ORD_51948,W_d0546cf1f9834998,ZONE_DEL_01,2026-09-07,92,4,6641.22,6942.36,0.0,335.3,0.0,Delhi_NCR,Metro,Food_Delivery,Scooter,1.0,105,Full-Time,61.7,24,6641.22,4.59,1,1.0,1,19.1,8.7,34.4,32.471428571428575,14.1,142.0,0,0,0,0,1,0.1495,1.032,41.52
ORD_51949,W_d0546cf1f9834998,ZONE_DEL_01,2026-09-14,90,4,6641.22,6780.2,0.0,444.3,0.0,Delhi_NCR,Metro,Food_Delivery,Scooter,1.0,105,Full-Time,61.7,24,6641.22,4.59,1,1.0,1,7.6,3.7,35.0,33.05,14.4,149.0,0,0,0,0,1,0.1288,1.013,40.02
ORD_51950,W_5f0fdf2510d6c035,ZONE_DEL_01,2026-06-22,44,2,3332.44,3325.07,7.37,180.6,0.0,Delhi_NCR,Metro,Food_Delivery,Scooter,1.0,121,Part-Time,32.4,16,3332.44,4.58,1,1.0,0,4.0,1.2,41.9,40.425,14.3,188.25,0,0,0,1,1,0.1502,1.007,40.54
ORD_51951,W_5f0fdf2510d6c035,ZONE_DEL_01,2026-06-29,38,3,3332.44,2873.81,458.63,152.6,0.155,Delhi_NCR,Metro,Food_Delivery,Scooter,1.0,121,Part-Time,32.4,16,3332.44,4.58,1,1.0,0,20.0,6.8,41.7,35.84285714285714,14.4,157.71428571428572,0,0,0,0,1,0.1633,1.033,42.06
ORD_51952,W_5f0fdf2510d6c035,ZONE_DEL_01,2026-07-06,10,2,3332.44,778.2,2554.24,60.8,0.761,Delhi_NCR,Metro,Food_Delivery,Scooter,1.0,121,Part-Time,32.4,16,3332.44,4.58,1,1.0,0,122.9,99.8,36.7,32.9,18.9,156.0,1,0,2,0,1,0.5602,1.205,65.8
ORD_51953,W_5f0fdf2510d6c035,ZONE_DEL_01,2026-07-13,42,2,3332.44,3175.36,157.08,169.6,0.0,Delhi_NCR,Metro,Food_Delivery,Scooter,1.0,121,Part-Time,32.4,16,3332.44,4.58,1,1.0,0,9.8,3.7,37.4,36.55714285714286,19.6,129.42857142857142,0,0,0,0,1,0.1191,1.016,39.8
ORD_51954,W_5f0fdf2510d6c035,ZONE_DEL_01,2026-07-20,35,3,3332.44,2688.15,644.29,144.5,0.186,Delhi_NCR,Metro,Food_Delivery,Scooter,1.0,121,Part-Time,32.4,16,3332.44,4.58,1,1.0,0,74.3,31.9,33.7,31.8,16.5,132.71428571428572,0,0,0,0,1,0.2667,1.124,49.83
ORD_51955,W_5f0fdf2510d6c035,ZONE_DEL_01,2026-07-27,44,2,3332.44,3329.56,2.88,257.6,0.0,Delhi_NCR,Metro,Food_Delivery,Scooter,1.0,121,Part-Time,32.4,16,3332.44,4.58,1,1.0,0,51.900000000000006,19.5,35.3,32.94285714285714,14.4,172.57142857142858,0,0,0,0,1,0.2462,1.086,47.37
ORD_51956,W_5f0fdf2510d6c035,ZONE_DEL_01,2026-08-03,16,3,3332.44,1201.17,2131.27,59.8,0.642,Delhi_NCR,Metro,Food_Delivery,Scooter,1.0,121,Part-Time,32.4,16,3332.44,4.58,1,1.0,0,132.8,58.3,33.8,31.17142857142857,15.8,126.57142857142856,0,0,1,0,1,0.4771,1.221,63.12
ORD_51957,W_5f0fdf2510d6c035,ZONE_DEL_01,2026-08-10,45,2,3332.44,3397.09,0.0,177.7,0.0,Delhi_NCR,Metro,Food_Delivery,Scooter,1.0,121,Part-Time,32.4,16,3332.44,4.58,1,1.0,0,45.8,12.5,34.4,32.614285714285714,11.1,170.42857142857142,0,0,0,1,1,0.2309,1.076,46.36
ORD_51958,W_5f0fdf2510d6c035,ZONE_DEL_01,2026-08-17,38,3,3332.44,2913.69,418.75,158.7,0.15,Delhi_NCR,Metro,Food_Delivery,Scooter,1.0,121,Part-Time,32.4,16,3332.44,4.58,1,1.0,0,34.3,8.2,33.6,33.15714285714286,11.7,140.0,1,0,1,0,1,0.2655,1.057,46.82
ORD_51959,W_5f0fdf2510d6c035,ZONE_DEL_01,2026-08-24,44,2,3332.44,3304.8,27.64,195.6,0.0,Delhi_NCR,Metro,Food_Delivery,Scooter,1.0,121,Part-Time,32.4,16,3332.44,4.58,1,1.0,0,24.5,13.5,34.9,33.44285714285714,13.9,168.0,0,0,0,1,1,0.1811,1.041,43.03
ORD_51960,W_5f0fdf2510d6c035,ZONE_DEL_01,2026-08-31,39,2,3332.44,2955.13,377.31,196.1,0.079,Delhi_NCR,Metro,Food_Delivery,Scooter,1.0,121,Part-Time,32.4,16,3332.44,4.58,1,1.0,0,76.6,23.5,34.4,31.24285714285714,13.1,145.57142857142858,0,0,0,1,1,0.2815,1.128,50.59
ORD_51961,W_5f0fdf2510d6c035,ZONE_DEL_01,2026-09-07,42,2,3332.44,3213.16,119.28,226.9,0.0,Delhi_NCR,Metro,Food_Delivery,Scooter,1.0,121,Part-Time,32.4,16,3332.44,4.58,1,1.0,0,19.1,8.7,34.4,32.471428571428575,14.1,142.0,0,0,0,0,1,0.1495,1.032,41.52
ORD_51962,W_5f0fdf2510d6c035,ZONE_DEL_01,2026-09-14,46,2,3332.44,3467.43,0.0,215.0,0.0,Delhi_NCR,Metro,Food_Delivery,Scooter,1.0,121,Part-Time,32.4,16,3332.44,4.58,1,1.0,0,7.6,3.7,35.0,33.05,14.4,149.0,0,0,0,0,1,0.1288,1.013,40.02
ORD_51963,W_37286c3d6cd650a5,ZONE_MAA_01,2026-06-22,63,3,4804.91,4799.19,5.72,378.3,0.0,Chennai,Metro,Food_Delivery,Bike,1.2,256,Full-Time,50.0,23,4804.91,4.25,1,1.05,1,33.7,24.5,37.6,36.225,17.3,159.25,0,0,0,1,1,0.1953,1.056,46.39
ORD_51964,W_37286c3d6cd650a5,ZONE_MAA_01,2026-06-29,64,3,4804.91,4815.0,0.0,308.3,0.0,Chennai,Metro,Food_Delivery,Bike,1.2,256,Full-Time,50.0,23,4804.91,4.25,1,1.05,1,11.8,5.8,38.4,35.55714285714286,23.0,123.0,0,0,0,0,1,0.1188,1.02,41.94
ORD_51965,W_37286c3d6cd650a5,ZONE_MAA_01,2026-07-06,54,5,4804.91,4116.16,688.75,289.5,0.15,Chennai,Metro,Food_Delivery,Bike,1.2,256,Full-Time,50.0,23,4804.91,4.25,1,1.05,1,9.3,5.2,39.2,37.55714285714286,26.3,163.28571428571428,1,0,1,0,1,0.2267,1.016,45.8
ORD_51966,W_37286c3d6cd650a5,ZONE_MAA_01,2026-07-13,61,3,4804.91,4616.02,188.89,348.7,0.0,Chennai,Metro,Food_Delivery,Bike,1.2,256,Full-Time,50.0,23,4804.91,4.25,1,1.05,1,11.3,4.9,38.7,36.51428571428571,19.1,141.57142857142858,0,0,0,0,1,0.1316,1.019,42.38
ORD_51967,W_37286c3d6cd650a5,ZONE_MAA_01,2026-07-20,56,4,4804.91,4201.05,603.86,206.9,0.12,Chennai,Metro,Food_Delivery,Bike,1.2,256,Full-Time,50.0,23,4804.91,4.25,1,1.05,1,35.6,10.7,36.4,34.714285714285715,17.5,131.57142857142858,0,0,0,0,1,0.1788,1.059,45.88
ORD_51968,W_37286c3d6cd650a5,ZONE_MAA_01,2026-07-27,65,3,4804.91,4942.42,0.0,293.7,0.0,Chennai,Metro,Food_Delivery,Bike,1.2,256,Full-Time,50.0,23,4804.91,4.25,1,1.05,1,26.0,8.2,37.6,36.48571428571429,23.1,145.14285714285714,0,0,0,0,1,0.1674,1.043,44.75
ORD_51969,W_37286c3d6cd650a5,ZONE_MAA_01,2026-08-03,61,3,4804.91,4612.89,192.02,317.9,0.0,Chennai,Metro,Food_Delivery,Bike,1.2,256,Full-Time,50.0,23,4804.91,4.25,1,1.05,1,38.5,6.7,34.8,33.94285714285714,19.7,150.71428571428572,0,0,0,0,1,0.1997,1.064,46.91
ORD_51970,W_37286c3d6cd650a5,ZONE_MAA_01,2026-08-10,66,3,4804.91,4987.56,0.0,389.2,0.0,Chennai,Metro,Food_Delivery,Bike,1.2,256,Full-Time,50.0,23,4804.91,4.25,1,1.05,1,15.6,9.3,35.5,35.08571428571428,18.4,153.57142857142858,1,0,1,1,1,0.2336,1.026,46.51
ORD_51971,W_37286c3d6cd650a5,ZONE_MAA_01,2026-08-17,66,3,4804.91,5024.81,0.0,385.6,0.0,Chennai,Metro,Food_Delivery,Bike,1.2,256,Full-Time,50.0,23,4804.91,4.25,1,1.05,1,29.4,12.9,36.3,35.75714285714285,20.7,143.71428571428572,0,0,0,0,1,0.1739,1.049,45.25
ORD_51972,W_37286c3d6cd650a5,ZONE_MAA_01,2026-08-24,60,3,4804.91,4565.69,239.22,271.6,0.0,Chennai,Metro,Food_Delivery,Bike,1.2,256,Full-Time,50.0,23,4804.91,4.25,1,1.05,1,15.1,7.6,36.6,34.77142857142857,18.4,144.14285714285714,1,0,1,1,1,0.2254,1.025,46.16
ORD_51973,W_37286c3d6cd650a5,ZONE_MAA_01,2026-08-31,66,3,4804.91,4957.97,0.0,296.3,0.0,Chennai,Metro,Food_Delivery,Bike,1.2,256,Full-Time,50.0,23,4804.91,4.25,1,1.05,1,13.1,3.6,35.6,34.41428571428571,16.9,156.85714285714286,1,0,1,1,1,0.2305,1.022,46.22
ORD_51974,W_37286c3d6cd650a5,ZONE_MAA_01,2026-09-07,64,3,4804.91,4853.7,0.0,328.8,0.0,Chennai,Metro,Food_Delivery,Bike,1.2,256,Full-Time,50.0,23,4804.91,4.25,1,1.05,1,23.3,11.4,35.6,34.214285714285715,14.8,136.57142857142858,0,0,0,0,1,0.1549,1.039,44.1
ORD_51975,W_37286c3d6cd650a5,ZONE_MAA_01,2026-09-14,53,5,4804.91,4029.05,775.86,314.9,0.15,Chennai,Metro,Food_Delivery,Bike,1.2,256,Full-Time,50.0,23,4804.91,4.25,1,1.05,1,27.4,22.7,36.0,33.525,13.4,152.75,0,1,1,0,1,0.2595,1.046,48.42
ORD_51976,W_3da66f7f999ea8d2,ZONE_MAA_01,2026-06-22,59,2,4473.48,4474.92,0.0,280.5,0.0,Chennai,Metro,Q_Commerce,Scooter,1.0,27,Full-Time,40.8,27,4473.48,4.9,1,1.0,1,33.7,24.5,37.6,36.225,17.3,159.25,0,0,0,1,1,0.1953,1.056,44.18
ORD_51977,W_3da66f7f999ea8d2,ZONE_MAA_01,2026-06-29,62,3,4473.48,4696.04,0.0,299.6,0.0,Chennai,Metro,Q_Commerce,Scooter,1.0,27,Full-Time,40.8,27,4473.48,4.9,1,1.0,1,11.8,5.8,38.4,35.55714285714286,23.0,123.0,0,0,0,0,1,0.1188,1.02,39.94
ORD_51978,W_3da66f7f999ea8d2,ZONE_MAA_01,2026-07-06,49,4,4473.48,3680.17,793.31,239.4,0.15,Chennai,Metro,Q_Commerce,Scooter,1.0,27,Full-Time,40.8,27,4473.48,4.9,1,1.0,1,9.3,5.2,39.2,37.55714285714286,26.3,163.28571428571428,1,0,1,0,1,0.2267,1.016,43.62
ORD_51979,W_3da66f7f999ea8d2,ZONE_MAA_01,2026-07-13,61,3,4473.48,4613.95,0.0,341.4,0.0,Chennai,Metro,Q_Commerce,Scooter,1.0,27,Full-Time,40.8,27,4473.48,4.9,1,1.0,1,11.3,4.9,38.7,36.51428571428571,19.1,141.57142857142858,0,0,0,0,1,0.1316,1.019,40.36
ORD_51980,W_3da66f7f999ea8d2,ZONE_MAA_01,2026-07-20,54,4,4473.48,4050.27,423.21,292.2,0.12,Chennai,Metro,Q_Commerce,Scooter,1.0,27,Full-Time,40.8,27,4473.48,4.9,1,1.0,1,35.6,10.7,36.4,34.714285714285715,17.5,131.57142857142858,0,0,0,0,1,0.1788,1.059,43.69
ORD_51981,W_3da66f7f999ea8d2,ZONE_MAA_01,2026-07-27,58,2,4473.48,4363.53,109.95,338.0,0.0,Chennai,Metro,Q_Commerce,Scooter,1.0,27,Full-Time,40.8,27,4473.48,4.9,1,1.0,1,26.0,8.2,37.6,36.48571428571429,23.1,145.14285714285714,0,0,0,0,1,0.1674,1.043,42.62
ORD_51982,W_3da66f7f999ea8d2,ZONE_MAA_01,2026-08-03,61,3,4473.48,4649.49,0.0,245.5,0.0,Chennai,Metro,Q_Commerce,Scooter,1.0,27,Full-Time,40.8,27,4473.48,4.9,1,1.0,1,38.5,6.7,34.8,33.94285714285714,19.7,150.71428571428572,0,0,0,0,1,0.1997,1.064,44.68
ORD_51983,W_3da66f7f999ea8d2,ZONE_MAA_01,2026-08-10,57,2,4473.48,4308.17,165.31,349.6,0.0,Chennai,Metro,Q_Commerce,Scooter,1.0,27,Full-Time,40.8,27,4473.48,4.9,1,1.0,1,15.6,9.3,35.5,35.08571428571428,18.4,153.57142857142858,1,0,1,1,1,0.2336,1.026,44.3
ORD_51984,W_3da66f7f999ea8d2,ZONE_MAA_01,2026-08-17,61,3,4473.48,4638.25,0.0,360.6,0.0,Chennai,Metro,Q_Commerce,Scooter,1.0,27,Full-Time,40.8,27,4473.48,4.9,1,1.0,1,29.4,12.9,36.3,35.75714285714285,20.7,143.71428571428572,0,0,0,0,1,0.1739,1.049,43.1
ORD_51985,W_3da66f7f999ea8d2,ZONE_MAA_01,2026-08-24,61,3,4473.48,4646.32,0.0,302.7,0.0,Chennai,Metro,Q_Commerce,Scooter,1.0,27,Full-Time,40.8,27,4473.48,4.9,1,1.0,1,15.1,7.6,36.6,34.77142857142857,18.4,144.14285714285714,1,0,1,1,1,0.2254,1.025,43.96
ORD_51986,W_3da66f7f999ea8d2,ZONE_MAA_01,2026-08-31,60,3,4473.48,4538.97,0.0,298.3,0.0,Chennai,Metro,Q_Commerce,Scooter,1.0,27,Full-Time,40.8,27,4473.48,4.9,1,1.0,1,13.1,3.6,35.6,34.41428571428571,16.9,156.85714285714286,1,0,1,1,1,0.2305,1.022,44.01
ORD_51987,W_3da66f7f999ea8d2,ZONE_MAA_01,2026-09-07,56,2,4473.48,4272.71,200.77,308.7,0.0,Chennai,Metro,Q_Commerce,Scooter,1.0,27,Full-Time,40.8,27,4473.48,4.9,1,1.0,1,23.3,11.4,35.6,34.214285714285715,14.8,136.57142857142858,0,0,0,0,1,0.1549,1.039,42.0
ORD_51988,W_3da66f7f999ea8d2,ZONE_MAA_01,2026-09-14,50,4,4473.48,3804.49,668.99,262.4,0.15,Chennai,Metro,Q_Commerce,Scooter,1.0,27,Full-Time,40.8,27,4473.48,4.9,1,1.0,1,27.4,22.7,36.0,33.525,13.4,152.75,0,1,1,0,1,0.2595,1.046,46.11
ORD_51989,W_920b7777eddc774b,ZONE_HYD_01,2026-06-22,30,1,2280.96,2281.56,0.0,144.8,0.0,Hyderabad,Metro,Food_Delivery,Scooter,1.0,284,Part-Time,22.8,18,2280.96,4.56,1,1.0,0,21.8,14.6,32.6,30.65,17.3,156.25,1,0,1,1,1,0.2496,1.036,45.31
ORD_51990,W_920b7777eddc774b,ZONE_HYD_01,2026-06-29,29,1,2280.96,2206.1,74.86,123.3,0.0,Hyderabad,Metro,Food_Delivery,Scooter,1.0,284,Part-Time,22.8,18,2280.96,4.56,1,1.0,0,35.9,10.7,29.8,28.357142857142858,25.4,132.14285714285714,0,0,0,0,1,0.1799,1.06,43.77
ORD_51991,W_920b7777eddc774b,ZONE_HYD_01,2026-07-06,29,1,2280.96,2203.15,77.81,116.8,0.0,Hyderabad,Metro,Food_Delivery,Scooter,1.0,284,Part-Time,22.8,18,2280.96,4.56,1,1.0,0,6.2,2.2,33.3,32.27142857142857,25.7,165.28571428571428,0,0,0,0,1,0.1379,1.01,40.22
ORD_51992,W_920b7777eddc774b,ZONE_HYD_01,2026-07-13,27,2,2280.96,2030.52,250.44,105.7,0.15,Hyderabad,Metro,Food_Delivery,Scooter,1.0,284,Part-Time,22.8,18,2280.96,4.56,1,1.0,0,26.8,13.6,33.9,31.52857142857143,19.0,155.14285714285714,0,1,1,0,1,0.26,1.045,46.08
ORD_51993,W_920b7777eddc774b,ZONE_HYD_01,2026-07-20,29,1,2280.96,2228.33,52.63,147.7,0.0,Hyderabad,Metro,Food_Delivery,Scooter,1.0,284,Part-Time,22.8,18,2280.96,4.56,1,1.0,0,38.8,13.9,30.0,28.61428571428572,25.3,132.85714285714286,0,0,0,0,1,0.1869,1.065,44.24
ORD_51994,W_920b7777eddc774b,ZONE_HYD_01,2026-07-27,22,2,2280.96,1670.18,610.78,124.1,0.242,Hyderabad,Metro,Food_Delivery,Scooter,1.0,284,Part-Time,22.8,18,2280.96,4.56,1,1.0,0,70.5,24.9,30.6,28.585714285714285,24.3,137.0,0,0,0,0,1,0.2614,1.118,49.36
ORD_51995,W_920b7777eddc774b,ZONE_HYD_01,2026-08-03,31,1,2280.96,2346.01,0.0,128.4,0.0,Hyderabad,Metro,Food_Delivery,Scooter,1.0,284,Part-Time,22.8,18,2280.96,4.56,1,1.0,0,20.5,9.0,30.6,29.442857142857143,20.0,136.28571428571428,0,0,0,0,1,0.1483,1.034,41.56
ORD_51996,W_920b7777eddc774b,ZONE_HYD_01,2026-08-10,29,1,2280.96,2232.76,48.2,174.9,0.0,Hyderabad,Metro,Food_Delivery,Scooter,1.0,284,Part-Time,22.8,18,2280.96,4.56,1,1.0,0,12.6,3.6,30.8,29.82857142857143,19.8,137.42857142857142,0,0,0,1,1,0.1314,1.021,40.43
ORD_51997,W_920b7777eddc774b,ZONE_HYD_01,2026-08-17,24,2,2280.96,1860.64,420.32,129.2,0.21,Hyderabad,Metro,Food_Delivery,Scooter,1.0,284,Part-Time,22.8,18,2280.96,4.56,1,1.0,0,18.2,11.0,31.5,30.228571428571428,19.4,148.85714285714286,0,1,1,0,1,0.2359,1.03,44.55
ORD_51998,W_920b7777eddc774b,ZONE_HYD_01,2026-08-24,29,1,2280.96,2185.67,95.29,134.3,0.0,Hyderabad,Metro,Food_Delivery,Scooter,1.0,284,Part-Time,22.8,18,2280.96,4.56,1,1.0,0,10.4,3.2,30.4,29.17142857142857,21.5,140.14285714285714,0,0,0,1,1,0.1285,1.017,40.17
ORD_51999,W_920b7777eddc774b,ZONE_HYD_01,2026-08-31,30,1,2280.96,2294.49,0.0,120.2,0.0,Hyderabad,Metro,Food_Delivery,Scooter,1.0,284,Part-Time,22.8,18,2280.96,4.56,1,1.0,0,8.8,5.3,32.0,30.228571428571428,19.7,159.14285714285714,0,0,0,1,1,0.1392,1.015,40.47
ORD_52000,W_920b7777eddc774b,ZONE_HYD_01,2026-09-07,25,2,2280.96,1928.78,352.18,128.1,0.15,Hyderabad,Metro,Food_Delivery,Scooter,1.0,284,Part-Time,22.8,18,2280.96,4.56,1,1.0,0,26.3,11.7,32.2,31.057142857142857,15.3,156.57142857142858,1,0,1,0,1,0.2599,1.044,46.04
ORD_52001,W_920b7777eddc774b,ZONE_HYD_01,2026-09-14,29,1,2280.96,2241.59,39.37,162.6,0.0,Hyderabad,Metro,Food_Delivery,Scooter,1.0,284,Part-Time,22.8,18,2280.96,4.56,1,1.0,0,12.7,5.5,33.4,31.525,10.7,147.5,0,0,0,0,1,0.1392,1.021,40.71
ORD_52002,W_c0c9210bc101366b,ZONE_BOM_01,2026-06-22,37,1,2710.68,2802.96,0.0,161.8,0.0,Mumbai,Metro,Q_Commerce,Bike,1.2,42,Part-Time,28.3,18,2710.68,4.69,1,1.05,0,24.8,11.5,31.1,30.425,15.3,184.0,0,0,0,1,1,0.1938,1.041,45.67
ORD_52003,W_c0c9210bc101366b,ZONE_BOM_01,2026-06-29,5,1,2710.68,390.48,2320.2,28.8,0.85,Mumbai,Metro,Q_Commerce,Bike,1.2,42,Part-Time,28.3,18,2710.68,4.69,1,1.05,0,493.0,136.9,28.6,27.642857142857142,30.3,147.0,0,0,6,0,1,1.0,1.822,79.0
ORD_52004,W_c0c9210bc101366b,ZONE_BOM_01,2026-07-06,8,2,2710.68,632.11,2078.57,41.9,0.757,Mumbai,Metro,Q_Commerce,Bike,1.2,42,Part-Time,28.3,18,2710.68,4.69,1,1.05,0,235.5,131.8,30.2,29.142857142857142,34.6,143.85714285714286,0,0,2,0,1,0.8044,1.392,79.0
ORD_52005,W_c0c9210bc101366b,ZONE_BOM_01,2026-07-13,22,3,2710.68,1650.57,1060.11,98.6,0.415,Mumbai,Metro,Q_Commerce,Bike,1.2,42,Part-Time,28.3,18,2710.68,4.69,1,1.05,0,92.5,33.1,30.6,29.82857142857143,21.8,156.42857142857142,1,0,1,0,1,0.4088,1.154,59.75
ORD_52006,W_c0c9210bc101366b,ZONE_BOM_01,2026-07-20,5,1,2710.68,406.63,2304.05,23.7,0.85,Mumbai,Metro,Q_Commerce,Bike,1.2,42,Part-Time,28.3,18,2710.68,4.69,1,1.05,0,354.8,107.0,29.6,28.74285714285714,34.0,158.42857142857142,0,0,4,0,1,1.0,1.591,79.0
ORD_52007,W_c0c9210bc101366b,ZONE_BOM_01,2026-07-27,18,3,2710.68,1374.24,1336.44,99.9,0.503,Mumbai,Metro,Q_Commerce,Bike,1.2,42,Part-Time,28.3,18,2710.68,4.69,1,1.05,0,120.9,42.9,29.6,28.957142857142856,25.3,151.42857142857142,0,0,0,0,1,0.3856,1.202,61.21
ORD_52008,W_c0c9210bc101366b,ZONE_BOM_01,2026-08-03,19,3,2710.68,1480.36,1230.32,80.2,0.479,Mumbai,Metro,Q_Commerce,Bike,1.2,42,Part-Time,28.3,18,2710.68,4.69,1,1.05,0,76.8,18.7,29.7,29.285714285714285,21.2,139.0,0,0,0,0,1,0.277,1.128,52.94
ORD_52009,W_c0c9210bc101366b,ZONE_BOM_01,2026-08-10,21,3,2710.68,1631.04,1079.64,111.9,0.392,Mumbai,Metro,Q_Commerce,Bike,1.2,42,Part-Time,28.3,18,2710.68,4.69,1,1.05,0,96.6,30.6,29.7,28.61428571428572,19.0,142.57142857142858,0,0,0,1,1,0.3243,1.161,56.5
ORD_52010,W_c0c9210bc101366b,ZONE_BOM_01,2026-08-17,16,3,2710.68,1263.89,1446.79,87.5,0.556,Mumbai,Metro,Q_Commerce,Bike,1.2,42,Part-Time,28.3,18,2710.68,4.69,1,1.05,0,61.0,16.7,29.7,29.228571428571428,20.6,146.28571428571428,1,0,1,0,1,0.3303,1.102,53.88
ORD_52011,W_c0c9210bc101366b,ZONE_BOM_01,2026-08-24,37,1,2710.68,2833.34,0.0,212.9,0.0,Mumbai,Metro,Q_Commerce,Bike,1.2,42,Part-Time,28.3,18,2710.68,4.69,1,1.05,0,36.4,7.6,29.6,29.25714285714286,21.1,134.0,1,0,1,1,1,0.2657,1.061,49.35
ORD_52012,W_c0c9210bc101366b,ZONE_BOM_01,2026-08-31,31,2,2710.68,2397.43,313.25,146.9,0.143,Mumbai,Metro,Q_Commerce,Bike,1.2,42,Part-Time,28.3,18,2710.68,4.69,1,1.05,0,61.0,16.1,29.6,29.042857142857144,18.4,158.28571428571428,0,0,0,1,1,0.256,1.102,50.87
ORD_52013,W_c0c9210bc101366b,ZONE_BOM_01,2026-09-07,35,1,2710.68,2643.4,67.28,157.5,0.0,Mumbai,Metro,Q_Commerce,Bike,1.2,42,Part-Time,28.3,18,2710.68,4.69,1,1.05,0,52.9,25.5,30.0,29.071428571428573,15.3,169.57142857142858,0,0,0,0,1,0.2462,1.088,49.83
ORD_52014,W_c0c9210bc101366b,ZONE_BOM_01,2026-09-14,34,1,2710.68,2580.63,130.05,167.1,0.0,Mumbai,Metro,Q_Commerce,Bike,1.2,42,Part-Time,28.3,18,2710.68,4.69,1,1.05,0,23.3,10.3,30.0,29.625,20.1,162.0,0,0,0,0,1,0.1739,1.039,44.82
ORD_52015,W_dc7d78cca46a3b0d,ZONE_HYD_01,2026-06-22,24,1,1824.42,1825.34,0.0,118.0,0.0,Hyderabad,Metro,Q_Commerce,Scooter,1.0,229,Part-Time,17.7,13,1824.42,4.92,1,1.0,0,21.8,14.6,32.6,30.65,17.3,156.25,1,0,1,1,1,0.2496,1.036,45.31
ORD_52016,W_dc7d78cca46a3b0d,ZONE_HYD_01,2026-06-29,25,1,1824.42,1910.9,0.0,149.0,0.0,Hyderabad,Metro,Q_Commerce,Scooter,1.0,229,Part-Time,17.7,13,1824.42,4.92,1,1.0,0,35.9,10.7,29.8,28.357142857142858,25.4,132.14285714285714,0,0,0,0,1,0.1799,1.06,43.77
ORD_52017,W_dc7d78cca46a3b0d,ZONE_HYD_01,2026-07-06,23,1,1824.42,1762.7,61.72,103.4,0.0,Hyderabad,Metro,Q_Commerce,Scooter,1.0,229,Part-Time,17.7,13,1824.42,4.92,1,1.0,0,6.2,2.2,33.3,32.27142857142857,25.7,165.28571428571428,0,0,0,0,1,0.1379,1.01,40.22
ORD_52018,W_dc7d78cca46a3b0d,ZONE_HYD_01,2026-07-13,20,1,1824.42,1538.96,285.46,89.5,0.15,Hyderabad,Metro,Q_Commerce,Scooter,1.0,229,Part-Time,17.7,13,1824.42,4.92,1,1.0,0,26.8,13.6,33.9,31.52857142857143,19.0,155.14285714285714,0,1,1,0,1,0.26,1.045,46.08
ORD_52019,W_dc7d78cca46a3b0d,ZONE_HYD_01,2026-07-20,25,1,1824.42,1878.88,0.0,122.9,0.0,Hyderabad,Metro,Q_Commerce,Scooter,1.0,229,Part-Time,17.7,13,1824.42,4.92,1,1.0,0,38.8,13.9,30.0,28.61428571428572,25.3,132.85714285714286,0,0,0,0,1,0.1869,1.065,44.24
ORD_52020,W_dc7d78cca46a3b0d,ZONE_HYD_01,2026-07-27,19,2,1824.42,1443.41,381.01,107.8,0.236,Hyderabad,Metro,Q_Commerce,Scooter,1.0,229,Part-Time,17.7,13,1824.42,4.92,1,1.0,0,70.5,24.9,30.6,28.585714285714285,24.3,137.0,0,0,0,0,1,0.2614,1.118,49.36
ORD_52021,W_dc7d78cca46a3b0d,ZONE_HYD_01,2026-08-03,23,1,1824.42,1757.32,67.1,124.8,0.0,Hyderabad,Metro,Q_Commerce,Scooter,1.0,229,Part-Time,17.7,13,1824.42,4.92,1,1.0,0,20.5,9.0,30.6,29.442857142857143,20.0,136.28571428571428,0,0,0,0,1,0.1483,1.034,41.56
ORD_52022,W_dc7d78cca46a3b0d,ZONE_HYD_01,2026-08-10,24,1,1824.42,1812.64,11.78,103.1,0.0,Hyderabad,Metro,Q_Commerce,Scooter,1.0,229,Part-Time,17.7,13,1824.42,4.92,1,1.0,0,12.6,3.6,30.8,29.82857142857143,19.8,137.42857142857142,0,0,0,1,1,0.1314,1.021,40.43
ORD_52023,W_dc7d78cca46a3b0d,ZONE_HYD_01,2026-08-17,18,2,1824.42,1376.44,447.98,86.7,0.21,Hyderabad,Metro,Q_Commerce,Scooter,1.0,229,Part-Time,17.7,13,1824.42,4.92,1,1.0,0,18.2,11.0,31.5,30.228571428571428,19.4,148.85714285714286,0,1,1,0,1,0.2359,1.03,44.55
ORD_52024,W_dc7d78cca46a3b0d,ZONE_HYD_01,2026-08-24,23,1,1824.42,1798.05,26.37,96.1,0.0,Hyderabad,Metro,Q_Commerce,Scooter,1.0,229,Part-Time,17.7,13,1824.42,4.92,1,1.0,0,10.4,3.2,30.4,29.17142857142857,21.5,140.14285714285714,0,0,0,1,1,0.1285,1.017,40.17
ORD_52025,W_dc7d78cca46a3b0d,ZONE_HYD_01,2026-08-31,24,1,1824.42,1859.94,0.0,133.9,0.0,Hyderabad,Metro,Q_Commerce,Scooter,1.0,229,Part-Time,17.7,13,1824.42,4.92,1,1.0,0,8.8,5.3,32.0,30.228571428571428,19.7,159.14285714285714,0,0,0,1,1,0.1392,1.015,40.47
ORD_52026,W_dc7d78cca46a3b0d,ZONE_HYD_01,2026-09-07,20,1,1824.42,1511.18,313.24,72.7,0.15,Hyderabad,Metro,Q_Commerce,Scooter,1.0,229,Part-Time,17.7,13,1824.42,4.92,1,1.0,0,26.3,11.7,32.2,31.057142857142857,15.3,156.57142857142858,1,0,1,0,1,0.2599,1.044,46.04
ORD_52027,W_dc7d78cca46a3b0d,ZONE_HYD_01,2026-09-14,25,1,1824.42,1888.05,0.0,88.2,0.0,Hyderabad,Metro,Q_Commerce,Scooter,1.0,229,Part-Time,17.7,13,1824.42,4.92,1,1.0,0,12.7,5.5,33.4,31.525,10.7,147.5,0,0,0,0,1,0.1392,1.021,40.71
ORD_52028,W_389fc546f40d7534,ZONE_MAA_01,2026-06-22,39,1,2867.2,2992.53,0.0,202.6,0.0,Chennai,Metro,Food_Delivery,Scooter,1.0,133,Part-Time,25.5,15,2867.2,4.91,1,1.0,0,33.7,24.5,37.6,36.225,17.3,159.25,0,0,0,1,1,0.1953,1.056,44.18
ORD_52029,W_389fc546f40d7534,ZONE_MAA_01,2026-06-29,37,1,2867.2,2816.12,51.08,154.1,0.0,Chennai,Metro,Food_Delivery,Scooter,1.0,133,Part-Time,25.5,15,2867.2,4.91,1,1.0,0,11.8,5.8,38.4,35.55714285714286,23.0,123.0,0,0,0,0,1,0.1188,1.02,39.94
ORD_52030,W_389fc546f40d7534,ZONE_MAA_01,2026-07-06,30,2,2867.2,2317.46,549.74,124.1,0.15,Chennai,Metro,Food_Delivery,Scooter,1.0,133,Part-Time,25.5,15,2867.2,4.91,1,1.0,0,9.3,5.2,39.2,37.55714285714286,26.3,163.28571428571428,1,0,1,0,1,0.2267,1.016,43.62
ORD_52031,W_389fc546f40d7534,ZONE_MAA_01,2026-07-13,36,1,2867.2,2763.33,103.87,185.5,0.0,Chennai,Metro,Food_Delivery,Scooter,1.0,133,Part-Time,25.5,15,2867.2,4.91,1,1.0,0,11.3,4.9,38.7,36.51428571428571,19.1,141.57142857142858,0,0,0,0,1,0.1316,1.019,40.36
ORD_52032,W_389fc546f40d7534,ZONE_MAA_01,2026-07-20,32,2,2867.2,2439.0,428.2,157.7,0.12,Chennai,Metro,Food_Delivery,Scooter,1.0,133,Part-Time,25.5,15,2867.2,4.91,1,1.0,0,35.6,10.7,36.4,34.714285714285715,17.5,131.57142857142858,0,0,0,0,1,0.1788,1.059,43.69
ORD_52033,W_389fc546f40d7534,ZONE_MAA_01,2026-07-27,38,1,2867.2,2893.04,0.0,163.6,0.0,Chennai,Metro,Food_Delivery,Scooter,1.0,133,Part-Time,25.5,15,2867.2,4.91,1,1.0,0,26.0,8.2,37.6,36.48571428571429,23.1,145.14285714285714,0,0,0,0,1,0.1674,1.043,42.62
ORD_52034,W_389fc546f40d7534,ZONE_MAA_01,2026-08-03,36,1,2867.2,2733.89,133.31,129.6,0.0,Chennai,Metro,Food_Delivery,Scooter,1.0,133,Part-Time,25.5,15,2867.2,4.91,1,1.0,0,38.5,6.7,34.8,33.94285714285714,19.7,150.71428571428572,0,0,0,0,1,0.1997,1.064,44.68
ORD_52035,W_389fc546f40d7534,ZONE_MAA_01,2026-08-10,36,1,2867.2,2731.39,135.81,197.8,0.0,Chennai,Metro,Food_Delivery,Scooter,1.0,133,Part-Time,25.5,15,2867.2,4.91,1,1.0,0,15.6,9.3,35.5,35.08571428571428,18.4,153.57142857142858,1,0,1,1,1,0.2336,1.026,44.3
ORD_52036,W_389fc546f40d7534,ZONE_MAA_01,2026-08-17,37,1,2867.2,2815.02,52.18,209.1,0.0,Chennai,Metro,Food_Delivery,Scooter,1.0,133,Part-Time,25.5,15,2867.2,4.91,1,1.0,0,29.4,12.9,36.3,35.75714285714285,20.7,143.71428571428572,0,0,0,0,1,0.1739,1.049,43.1
ORD_52037,W_389fc546f40d7534,ZONE_MAA_01,2026-08-24,37,1,2867.2,2847.63,19.57,174.8,0.0,Chennai,Metro,Food_Delivery,Scooter,1.0,133,Part-Time,25.5,15,2867.2,4.91,1,1.0,0,15.1,7.6,36.6,34.77142857142857,18.4,144.14285714285714,1,0,1,1,1,0.2254,1.025,43.96
ORD_52038,W_389fc546f40d7534,ZONE_MAA_01,2026-08-31,38,1,2867.2,2870.89,0.0,206.2,0.0,Chennai,Metro,Food_Delivery,Scooter,1.0,133,Part-Time,25.5,15,2867.2,4.91,1,1.0,0,13.1,3.6,35.6,34.41428571428571,16.9,156.85714285714286,1,0,1,1,1,0.2305,1.022,44.01
ORD_52039,W_389fc546f40d7534,ZONE_MAA_01,2026-09-07,37,1,2867.2,2802.26,64.94,141.6,0.0,Chennai,Metro,Food_Delivery,Scooter,1.0,133,Part-Time,25.5,15,2867.2,4.91,1,1.0,0,23.3,11.4,35.6,34.214285714285715,14.8,136.57142857142858,0,0,0,0,1,0.1549,1.039,42.0
ORD_52040,W_389fc546f40d7534,ZONE_MAA_01,2026-09-14,32,3,2867.2,2450.78,416.42,140.3,0.15,Chennai,Metro,Food_Delivery,Scooter,1.0,133,Part-Time,25.5,15,2867.2,4.91,1,1.0,0,27.4,22.7,36.0,33.525,13.4,152.75,0,1,1,0,1,0.2595,1.046,46.11
ORD_52041,W_fa3032d0327a462b,ZONE_BLR_01,2026-06-22,39,1,2952.85,2935.87,16.98,204.6,0.0,Bangalore,Metro,E_Commerce,Scooter,1.0,212,Part-Time,29.0,17,2952.85,5.0,1,1.0,0,16.3,5.3,30.1,29.475,20.2,135.25,0,0,0,1,1,0.1381,1.027,40.91
ORD_52042,W_fa3032d0327a462b,ZONE_BLR_01,2026-06-29,33,3,2952.85,2508.45,444.4,170.8,0.15,Bangalore,Metro,E_Commerce,Scooter,1.0,212,Part-Time,29.0,17,2952.85,5.0,1,1.0,0,20.1,8.4,29.2,27.985714285714288,29.9,153.85714285714286,1,0,1,0,1,0.244,1.034,45.02
ORD_52043,W_fa3032d0327a462b,ZONE_BLR_01,2026-07-06,39,1,2952.85,2965.9,0.0,214.4,0.0,Bangalore,Metro,E_Commerce,Scooter,1.0,212,Part-Time,29.0,17,2952.85,5.0,1,1.0,0,8.399999999999999,3.3,31.8,29.77142857142857,29.7,172.71428571428572,0,0,0,0,1,0.1484,1.014,40.76
ORD_52044,W_fa3032d0327a462b,ZONE_BLR_01,2026-07-13,40,2,2952.85,3013.66,0.0,197.7,0.0,Bangalore,Metro,E_Commerce,Scooter,1.0,212,Part-Time,29.0,17,2952.85,5.0,1,1.0,0,16.8,9.8,32.1,29.785714285714285,20.5,124.57142857142856,0,0,0,0,1,0.1312,1.028,40.7
ORD_52045,W_fa3032d0327a462b,ZONE_BLR_01,2026-07-20,34,3,2952.85,2554.83,398.02,199.2,0.15,Bangalore,Metro,E_Commerce,Scooter,1.0,212,Part-Time,29.0,17,2952.85,5.0,1,1.0,0,33.4,8.9,29.5,28.414285714285715,21.1,162.85714285714286,1,0,1,0,1,0.2806,1.056,47.33
ORD_52046,W_fa3032d0327a462b,ZONE_BLR_01,2026-07-27,39,1,2952.85,2932.85,20.0,180.0,0.0,Bangalore,Metro,E_Commerce,Scooter,1.0,212,Part-Time,29.0,17,2952.85,5.0,1,1.0,0,28.8,17.0,29.7,28.685714285714287,25.0,169.42857142857142,0,0,0,0,1,0.1919,1.048,43.72
ORD_52047,W_fa3032d0327a462b,ZONE_BLR_01,2026-08-03,29,3,2952.85,2189.34,763.51,107.1,0.265,Bangalore,Metro,E_Commerce,Scooter,1.0,212,Part-Time,29.0,17,2952.85,5.0,1,1.0,0,76.3,18.5,28.3,27.285714285714285,21.1,143.0,0,0,0,0,1,0.2789,1.127,50.45
ORD_52048,W_fa3032d0327a462b,ZONE_BLR_01,2026-08-10,40,2,2952.85,3068.63,0.0,143.3,0.0,Bangalore,Metro,E_Commerce,Scooter,1.0,212,Part-Time,29.0,17,2952.85,5.0,1,1.0,0,19.9,5.6,30.7,29.17142857142857,21.8,129.0,0,0,0,1,1,0.1415,1.033,41.27
ORD_52049,W_fa3032d0327a462b,ZONE_BLR_01,2026-08-17,34,3,2952.85,2572.27,380.58,188.7,0.15,Bangalore,Metro,E_Commerce,Scooter,1.0,212,Part-Time,29.0,17,2952.85,5.0,1,1.0,0,31.4,9.8,29.9,28.4,22.2,146.57142857142858,1,0,1,0,1,0.2639,1.052,46.54
ORD_52050,W_fa3032d0327a462b,ZONE_BLR_01,2026-08-24,41,2,2952.85,3086.65,0.0,149.5,0.0,Bangalore,Metro,E_Commerce,Scooter,1.0,212,Part-Time,29.0,17,2952.85,5.0,1,1.0,0,35.7,18.2,28.8,28.014285714285712,22.3,167.14285714285714,0,0,0,1,1,0.2057,1.06,44.73
ORD_52051,W_fa3032d0327a462b,ZONE_BLR_01,2026-08-31,39,1,2952.85,2981.45,0.0,181.6,0.0,Bangalore,Metro,E_Commerce,Scooter,1.0,212,Part-Time,29.0,17,2952.85,5.0,1,1.0,0,13.2,3.6,30.8,29.542857142857144,19.3,142.71428571428572,1,0,1,1,1,0.2201,1.022,43.64
ORD_52052,W_fa3032d0327a462b,ZONE_BLR_01,2026-09-07,38,1,2952.85,2902.84,50.01,142.3,0.0,Bangalore,Metro,E_Commerce,Scooter,1.0,212,Part-Time,29.0,17,2952.85,5.0,1,1.0,0,8.5,5.1,31.0,30.62857142857143,14.9,128.28571428571428,0,0,0,0,1,0.1153,1.014,39.58
ORD_52053,W_fa3032d0327a462b,ZONE_BLR_01,2026-09-14,39,1,2952.85,2971.35,0.0,186.9,0.0,Bangalore,Metro,E_Commerce,Scooter,1.0,212,Part-Time,29.0,17,2952.85,5.0,1,1.0,0,33.1,9.6,30.8,30.425,13.6,137.5,0,0,0,0,1,0.1776,1.055,43.48
ORD_52054,W_26d4157836929115,ZONE_BLR_01,2026-06-22,69,3,5452.58,5236.96,215.62,355.6,0.0,Bangalore,Metro,Q_Commerce,Scooter,1.0,309,Full-Time,53.5,21,5452.58,5.0,1,1.0,1,16.3,5.3,30.1,29.475,20.2,135.25,0,0,0,1,1,0.1381,1.027,40.91
ORD_52055,W_26d4157836929115,ZONE_BLR_01,2026-06-29,63,5,5452.58,4744.98,707.6,351.0,0.15,Bangalore,Metro,Q_Commerce,Scooter,1.0,309,Full-Time,53.5,21,5452.58,5.0,1,1.0,1,20.1,8.4,29.2,27.985714285714288,29.9,153.85714285714286,1,0,1,0,1,0.244,1.034,45.02
ORD_52056,W_26d4157836929115,ZONE_BLR_01,2026-07-06,75,3,5452.58,5673.61,0.0,345.4,0.0,Bangalore,Metro,Q_Commerce,Scooter,1.0,309,Full-Time,53.5,21,5452.58,5.0,1,1.0,1,8.399999999999999,3.3,31.8,29.77142857142857,29.7,172.71428571428572,0,0,0,0,1,0.1484,1.014,40.76
ORD_52057,W_26d4157836929115,ZONE_BLR_01,2026-07-13,75,3,5452.58,5699.62,0.0,437.7,0.0,Bangalore,Metro,Q_Commerce,Scooter,1.0,309,Full-Time,53.5,21,5452.58,5.0,1,1.0,1,16.8,9.8,32.1,29.785714285714285,20.5,124.57142857142856,0,0,0,0,1,0.1312,1.028,40.7
ORD_52058,W_26d4157836929115,ZONE_BLR_01,2026-07-20,60,5,5452.58,4540.38,912.2,235.8,0.15,Bangalore,Metro,Q_Commerce,Scooter,1.0,309,Full-Time,53.5,21,5452.58,5.0,1,1.0,1,33.4,8.9,29.5,28.414285714285715,21.1,162.85714285714286,1,0,1,0,1,0.2806,1.056,47.33
ORD_52059,W_26d4157836929115,ZONE_BLR_01,2026-07-27,72,3,5452.58,5417.35,35.23,330.1,0.0,Bangalore,Metro,Q_Commerce,Scooter,1.0,309,Full-Time,53.5,21,5452.58,5.0,1,1.0,1,28.8,17.0,29.7,28.685714285714287,25.0,169.42857142857142,0,0,0,0,1,0.1919,1.048,43.72
ORD_52060,W_26d4157836929115,ZONE_BLR_01,2026-08-03,55,6,5452.58,4198.54,1254.04,303.9,0.236,Bangalore,Metro,Q_Commerce,Scooter,1.0,309,Full-Time,53.5,21,5452.58,5.0,1,1.0,1,76.3,18.5,28.3,27.285714285714285,21.1,143.0,0,0,0,0,1,0.2789,1.127,50.45
ORD_52061,W_26d4157836929115,ZONE_BLR_01,2026-08-10,72,3,5452.58,5457.97,0.0,272.4,0.0,Bangalore,Metro,Q_Commerce,Scooter,1.0,309,Full-Time,53.5,21,5452.58,5.0,1,1.0,1,19.9,5.6,30.7,29.17142857142857,21.8,129.0,0,0,0,1,1,0.1415,1.033,41.27
ORD_52062,W_26d4157836929115,ZONE_BLR_01,2026-08-17,64,6,5452.58,4800.75,651.83,277.5,0.15,Bangalore,Metro,Q_Commerce,Scooter,1.0,309,Full-Time,53.5,21,5452.58,5.0,1,1.0,1,31.4,9.8,29.9,28.4,22.2,146.57142857142858,1,0,1,0,1,0.2639,1.052,46.54
ORD_52063,W_26d4157836929115,ZONE_BLR_01,2026-08-24,76,3,5452.58,5709.56,0.0,290.2,0.0,Bangalore,Metro,Q_Commerce,Scooter,1.0,309,Full-Time,53.5,21,5452.58,5.0,1,1.0,1,35.7,18.2,28.8,28.014285714285712,22.3,167.14285714285714,0,0,0,1,1,0.2057,1.06,44.73
ORD_52064,W_26d4157836929115,ZONE_BLR_01,2026-08-31,76,3,5452.58,5702.45,0.0,284.7,0.0,Bangalore,Metro,Q_Commerce,Scooter,1.0,309,Full-Time,53.5,21,5452.58,5.0,1,1.0,1,13.2,3.6,30.8,29.542857142857144,19.3,142.71428571428572,1,0,1,1,1,0.2201,1.022,43.64
ORD_52065,W_26d4157836929115,ZONE_BLR_01,2026-09-07,70,3,5452.58,5305.93,146.65,253.8,0.0,Bangalore,Metro,Q_Commerce,Scooter,1.0,309,Full-Time,53.5,21,5452.58,5.0,1,1.0,1,8.5,5.1,31.0,30.62857142857143,14.9,128.28571428571428,0,0,0,0,1,0.1153,1.014,39.58
ORD_52066,W_26d4157836929115,ZONE_BLR_01,2026-09-14,74,3,5452.58,5564.42,0.0,428.9,0.0,Bangalore,Metro,Q_Commerce,Scooter,1.0,309,Full-Time,53.5,21,5452.58,5.0,1,1.0,1,33.1,9.6,30.8,30.425,13.6,137.5,0,0,0,0,1,0.1776,1.055,43.48
ORD_52067,W_ade7dcd72d784710,ZONE_DEL_01,2026-06-22,69,3,5269.15,5234.41,34.74,414.5,0.0,Delhi_NCR,Metro,Food_Delivery,Scooter,1.0,21,Full-Time,47.4,21,5269.15,4.66,1,1.0,1,4.0,1.2,41.9,40.425,14.3,188.25,0,0,0,1,1,0.1502,1.007,40.54
ORD_52068,W_ade7dcd72d784710,ZONE_DEL_01,2026-06-29,59,5,5269.15,4492.64,776.51,306.9,0.155,Delhi_NCR,Metro,Food_Delivery,Scooter,1.0,21,Full-Time,47.4,21,5269.15,4.66,1,1.0,1,20.0,6.8,41.7,35.84285714285714,14.4,157.71428571428572,0,0,0,0,1,0.1633,1.033,42.06
ORD_52069,W_ade7dcd72d784710,ZONE_DEL_01,2026-07-06,12,3,5269.15,933.9,4335.25,53.5,0.819,Delhi_NCR,Metro,Food_Delivery,Scooter,1.0,21,Full-Time,47.4,21,5269.15,4.66,1,1.0,1,122.9,99.8,36.7,32.9,18.9,156.0,1,0,2,0,1,0.5602,1.205,65.8
ORD_52070,W_ade7dcd72d784710,ZONE_DEL_01,2026-07-13,73,3,5269.15,5483.05,0.0,433.1,0.0,Delhi_NCR,Metro,Food_Delivery,Scooter,1.0,21,Full-Time,47.4,21,5269.15,4.66,1,1.0,1,9.8,3.7,37.4,36.55714285714286,19.6,129.42857142857142,0,0,0,0,1,0.1191,1.016,39.8
ORD_52071,W_ade7dcd72d784710,ZONE_DEL_01,2026-07-20,51,7,5269.15,3855.95,1413.2,196.0,0.296,Delhi_NCR,Metro,Food_Delivery,Scooter,1.0,21,Full-Time,47.4,21,5269.15,4.66,1,1.0,1,74.3,31.9,33.7,31.8,16.5,132.71428571428572,0,0,0,0,1,0.2667,1.124,49.83
ORD_52072,W_ade7dcd72d784710,ZONE_DEL_01,2026-07-27,72,3,5269.15,5439.73,0.0,331.7,0.0,Delhi_NCR,Metro,Food_Delivery,Scooter,1.0,21,Full-Time,47.4,21,5269.15,4.66,1,1.0,1,51.900000000000006,19.5,35.3,32.94285714285714,14.4,172.57142857142858,0,0,0,0,1,0.2462,1.086,47.37
ORD_52073,W_ade7dcd72d784710,ZONE_DEL_01,2026-08-03,21,5,5269.15,1586.03,3683.12,104.9,0.698,Delhi_NCR,Metro,Food_Delivery,Scooter,1.0,21,Full-Time,47.4,21,5269.15,4.66,1,1.0,1,132.8,58.3,33.8,31.17142857142857,15.8,126.57142857142856,0,0,1,0,1,0.4771,1.221,63.12
ORD_52074,W_ade7dcd72d784710,ZONE_DEL_01,2026-08-10,70,3,5269.15,5284.84,0.0,305.8,0.0,Delhi_NCR,Metro,Food_Delivery,Scooter,1.0,21,Full-Time,47.4,21,5269.15,4.66,1,1.0,1,45.8,12.5,34.4,32.614285714285714,11.1,170.42857142857142,0,0,0,1,1,0.2309,1.076,46.36
ORD_52075,W_ade7dcd72d784710,ZONE_DEL_01,2026-08-17,57,5,5269.15,4288.44,980.71,337.3,0.15,Delhi_NCR,Metro,Food_Delivery,Scooter,1.0,21,Full-Time,47.4,21,5269.15,4.66,1,1.0,1,34.3,8.2,33.6,33.15714285714286,11.7,140.0,1,0,1,0,1,0.2655,1.057,46.82
ORD_52076,W_ade7dcd72d784710,ZONE_DEL_01,2026-08-24,72,3,5269.15,5428.63,0.0,279.1,0.0,Delhi_NCR,Metro,Food_Delivery,Scooter,1.0,21,Full-Time,47.4,21,5269.15,4.66,1,1.0,1,24.5,13.5,34.9,33.44285714285714,13.9,168.0,0,0,0,1,1,0.1811,1.041,43.03
ORD_52077,W_ade7dcd72d784710,ZONE_DEL_01,2026-08-31,66,4,5269.15,4980.57,288.58,303.9,0.067,Delhi_NCR,Metro,Food_Delivery,Scooter,1.0,21,Full-Time,47.4,21,5269.15,4.66,1,1.0,1,76.6,23.5,34.4,31.24285714285714,13.1,145.57142857142858,0,0,0,1,1,0.2815,1.128,50.59
ORD_52078,W_ade7dcd72d784710,ZONE_DEL_01,2026-09-07,68,3,5269.15,5139.54,129.61,395.8,0.0,Delhi_NCR,Metro,Food_Delivery,Scooter,1.0,21,Full-Time,47.4,21,5269.15,4.66,1,1.0,1,19.1,8.7,34.4,32.471428571428575,14.1,142.0,0,0,0,0,1,0.1495,1.032,41.52
ORD_52079,W_ade7dcd72d784710,ZONE_DEL_01,2026-09-14,71,3,5269.15,5374.63,0.0,353.5,0.0,Delhi_NCR,Metro,Food_Delivery,Scooter,1.0,21,Full-Time,47.4,21,5269.15,4.66,1,1.0,1,7.6,3.7,35.0,33.05,14.4,149.0,0,0,0,0,1,0.1288,1.013,40.02
ORD_52080,W_9848d02b418bea42,ZONE_MAA_01,2026-06-22,70,3,5259.59,5317.22,0.0,262.2,0.0,Chennai,Metro,Food_Delivery,Scooter,1.0,85,Full-Time,52.8,24,5259.59,4.35,1,1.0,1,33.7,24.5,37.6,36.225,17.3,159.25,0,0,0,1,1,0.1953,1.056,44.18
ORD_52081,W_9848d02b418bea42,ZONE_MAA_01,2026-06-29,69,3,5259.59,5245.87,13.72,277.6,0.0,Chennai,Metro,Food_Delivery,Scooter,1.0,85,Full-Time,52.8,24,5259.59,4.35,1,1.0,1,11.8,5.8,38.4,35.55714285714286,23.0,123.0,0,0,0,0,1,0.1188,1.02,39.94
ORD_52082,W_9848d02b418bea42,ZONE_MAA_01,2026-07-06,57,5,5259.59,4340.28,919.31,301.3,0.15,Chennai,Metro,Food_Delivery,Scooter,1.0,85,Full-Time,52.8,24,5259.59,4.35,1,1.0,1,9.3,5.2,39.2,37.55714285714286,26.3,163.28571428571428,1,0,1,0,1,0.2267,1.016,43.62
ORD_52083,W_9848d02b418bea42,ZONE_MAA_01,2026-07-13,73,3,5259.59,5475.89,0.0,335.1,0.0,Chennai,Metro,Food_Delivery,Scooter,1.0,85,Full-Time,52.8,24,5259.59,4.35,1,1.0,1,11.3,4.9,38.7,36.51428571428571,19.1,141.57142857142858,0,0,0,0,1,0.1316,1.019,40.36
ORD_52084,W_9848d02b418bea42,ZONE_MAA_01,2026-07-20,59,5,5259.59,4493.17,766.42,309.8,0.12,Chennai,Metro,Food_Delivery,Scooter,1.0,85,Full-Time,52.8,24,5259.59,4.35,1,1.0,1,35.6,10.7,36.4,34.714285714285715,17.5,131.57142857142858,0,0,0,0,1,0.1788,1.059,43.69
ORD_52085,W_9848d02b418bea42,ZONE_MAA_01,2026-07-27,72,3,5259.59,5454.82,0.0,397.5,0.0,Chennai,Metro,Food_Delivery,Scooter,1.0,85,Full-Time,52.8,24,5259.59,4.35,1,1.0,1,26.0,8.2,37.6,36.48571428571429,23.1,145.14285714285714,0,0,0,0,1,0.1674,1.043,42.62
ORD_52086,W_9848d02b418bea42,ZONE_MAA_01,2026-08-03,72,3,5259.59,5453.54,0.0,356.3,0.0,Chennai,Metro,Food_Delivery,Scooter,1.0,85,Full-Time,52.8,24,5259.59,4.35,1,1.0,1,38.5,6.7,34.8,33.94285714285714,19.7,150.71428571428572,0,0,0,0,1,0.1997,1.064,44.68
ORD_52087,W_9848d02b418bea42,ZONE_MAA_01,2026-08-10,71,3,5259.59,5392.07,0.0,275.4,0.0,Chennai,Metro,Food_Delivery,Scooter,1.0,85,Full-Time,52.8,24,5259.59,4.35,1,1.0,1,15.6,9.3,35.5,35.08571428571428,18.4,153.57142857142858,1,0,1,1,1,0.2336,1.026,44.3
ORD_52088,W_9848d02b418bea42,ZONE_MAA_01,2026-08-17,69,3,5259.59,5179.79,79.8,314.1,0.0,Chennai,Metro,Food_Delivery,Scooter,1.0,85,Full-Time,52.8,24,5259.59,4.35,1,1.0,1,29.4,12.9,36.3,35.75714285714285,20.7,143.71428571428572,0,0,0,0,1,0.1739,1.049,43.1
ORD_52089,W_9848d02b418bea42,ZONE_MAA_01,2026-08-24,70,3,5259.59,5265.53,0.0,420.6,0.0,Chennai,Metro,Food_Delivery,Scooter,1.0,85,Full-Time,52.8,24,5259.59,4.35,1,1.0,1,15.1,7.6,36.6,34.77142857142857,18.4,144.14285714285714,1,0,1,1,1,0.2254,1.025,43.96
ORD_52090,W_9848d02b418bea42,ZONE_MAA_01,2026-08-31,72,3,5259.59,5456.45,0.0,278.2,0.0,Chennai,Metro,Food_Delivery,Scooter,1.0,85,Full-Time,52.8,24,5259.59,4.35,1,1.0,1,13.1,3.6,35.6,34.41428571428571,16.9,156.85714285714286,1,0,1,1,1,0.2305,1.022,44.01
ORD_52091,W_9848d02b418bea42,ZONE_MAA_01,2026-09-07,67,3,5259.59,5087.49,172.1,299.2,0.0,Chennai,Metro,Food_Delivery,Scooter,1.0,85,Full-Time,52.8,24,5259.59,4.35,1,1.0,1,23.3,11.4,35.6,34.214285714285715,14.8,136.57142857142858,0,0,0,0,1,0.1549,1.039,42.0
ORD_52092,W_9848d02b418bea42,ZONE_MAA_01,2026-09-14,58,5,5259.59,4377.1,882.49,299.3,0.15,Chennai,Metro,Food_Delivery,Scooter,1.0,85,Full-Time,52.8,24,5259.59,4.35,1,1.0,1,27.4,22.7,36.0,33.525,13.4,152.75,0,1,1,0,1,0.2595,1.046,46.11
ORD_52093,W_0458a8227990f06a,ZONE_HYD_01,2026-06-22,87,4,6328.42,6583.31,0.0,530.5,0.0,Hyderabad,Metro,Food_Delivery,Scooter,1.0,351,Full-Time,59.5,27,6328.42,4.85,1,1.0,1,21.8,14.6,32.6,30.65,17.3,156.25,1,0,1,1,1,0.2496,1.036,45.31
ORD_52094,W_0458a8227990f06a,ZONE_HYD_01,2026-06-29,85,4,6328.42,6425.63,0.0,489.9,0.0,Hyderabad,Metro,Food_Delivery,Scooter,1.0,351,Full-Time,59.5,27,6328.42,4.85,1,1.0,1,35.9,10.7,29.8,28.357142857142858,25.4,132.14285714285714,0,0,0,0,1,0.1799,1.06,43.77
ORD_52095,W_0458a8227990f06a,ZONE_HYD_01,2026-07-06,84,4,6328.42,6344.37,0.0,341.2,0.0,Hyderabad,Metro,Food_Delivery,Scooter,1.0,351,Full-Time,59.5,27,6328.42,4.85,1,1.0,1,6.2,2.2,33.3,32.27142857142857,25.7,165.28571428571428,0,0,0,0,1,0.1379,1.01,40.22
ORD_52096,W_0458a8227990f06a,ZONE_HYD_01,2026-07-13,71,6,6328.42,5392.44,935.98,354.9,0.15,Hyderabad,Metro,Food_Delivery,Scooter,1.0,351,Full-Time,59.5,27,6328.42,4.85,1,1.0,1,26.8,13.6,33.9,31.52857142857143,19.0,155.14285714285714,0,1,1,0,1,0.26,1.045,46.08
ORD_52097,W_0458a8227990f06a,ZONE_HYD_01,2026-07-20,86,4,6328.42,6481.86,0.0,352.1,0.0,Hyderabad,Metro,Food_Delivery,Scooter,1.0,351,Full-Time,59.5,27,6328.42,4.85,1,1.0,1,38.8,13.9,30.0,28.61428571428572,25.3,132.85714285714286,0,0,0,0,1,0.1869,1.065,44.24
ORD_52098,W_0458a8227990f06a,ZONE_HYD_01,2026-07-27,66,7,6328.42,4961.15,1367.27,402.0,0.205,Hyderabad,Metro,Food_Delivery,Scooter,1.0,351,Full-Time,59.5,27,6328.42,4.85,1,1.0,1,70.5,24.9,30.6,28.585714285714285,24.3,137.0,0,0,0,0,1,0.2614,1.118,49.36
ORD_52099,W_0458a8227990f06a,ZONE_HYD_01,2026-08-03,83,4,6328.42,6292.95,35.47,459.7,0.0,Hyderabad,Metro,Food_Delivery,Scooter,1.0,351,Full-Time,59.5,27,6328.42,4.85,1,1.0,1,20.5,9.0,30.6,29.442857142857143,20.0,136.28571428571428,0,0,0,0,1,0.1483,1.034,41.56
ORD_52100,W_0458a8227990f06a,ZONE_HYD_01,2026-08-10,86,4,6328.42,6487.14,0.0,362.7,0.0,Hyderabad,Metro,Food_Delivery,Scooter,1.0,351,Full-Time,59.5,27,6328.42,4.85,1,1.0,1,12.6,3.6,30.8,29.82857142857143,19.8,137.42857142857142,0,0,0,1,1,0.1314,1.021,40.43
ORD_52101,W_0458a8227990f06a,ZONE_HYD_01,2026-08-17,67,7,6328.42,5035.38,1293.04,396.3,0.21,Hyderabad,Metro,Food_Delivery,Scooter,1.0,351,Full-Time,59.5,27,6328.42,4.85,1,1.0,1,18.2,11.0,31.5,30.228571428571428,19.4,148.85714285714286,0,1,1,0,1,0.2359,1.03,44.55
ORD_52102,W_0458a8227990f06a,ZONE_HYD_01,2026-08-24,84,4,6328.42,6312.72,15.7,508.4,0.0,Hyderabad,Metro,Food_Delivery,Scooter,1.0,351,Full-Time,59.5,27,6328.42,4.85,1,1.0,1,10.4,3.2,30.4,29.17142857142857,21.5,140.14285714285714,0,0,0,1,1,0.1285,1.017,40.17
ORD_52103,W_0458a8227990f06a,ZONE_HYD_01,2026-08-31,81,4,6328.42,6147.72,180.7,299.7,0.0,Hyderabad,Metro,Food_Delivery,Scooter,1.0,351,Full-Time,59.5,27,6328.42,4.85,1,1.0,1,8.8,5.3,32.0,30.228571428571428,19.7,159.14285714285714,0,0,0,1,1,0.1392,1.015,40.47
ORD_52104,W_0458a8227990f06a,ZONE_HYD_01,2026-09-07,74,7,6328.42,5589.73,738.69,428.4,0.15,Hyderabad,Metro,Food_Delivery,Scooter,1.0,351,Full-Time,59.5,27,6328.42,4.85,1,1.0,1,26.3,11.7,32.2,31.057142857142857,15.3,156.57142857142858,1,0,1,0,1,0.2599,1.044,46.04
ORD_52105,W_0458a8227990f06a,ZONE_HYD_01,2026-09-14,88,4,6328.42,6640.15,0.0,469.4,0.0,Hyderabad,Metro,Food_Delivery,Scooter,1.0,351,Full-Time,59.5,27,6328.42,4.85,1,1.0,1,12.7,5.5,33.4,31.525,10.7,147.5,0,0,0,0,1,0.1392,1.021,40.71
ORD_52106,W_077170b5c8ed69fa,ZONE_DEL_01,2026-06-22,35,1,2564.66,2676.66,0.0,200.6,0.0,Delhi_NCR,Metro,Food_Delivery,Scooter,1.0,21,Part-Time,25.5,13,2564.66,4.94,1,1.0,0,4.0,1.2,41.9,40.425,14.3,188.25,0,0,0,1,1,0.1502,1.007,40.54
ORD_52107,W_077170b5c8ed69fa,ZONE_DEL_01,2026-06-29,29,2,2564.66,2241.78,322.88,146.1,0.155,Delhi_NCR,Metro,Food_Delivery,Scooter,1.0,21,Part-Time,25.5,13,2564.66,4.94,1,1.0,0,20.0,6.8,41.7,35.84285714285714,14.4,157.71428571428572,0,0,0,0,1,0.1633,1.033,42.06
ORD_52108,W_077170b5c8ed69fa,ZONE_DEL_01,2026-07-06,9,2,2564.66,731.99,1832.67,42.0,0.726,Delhi_NCR,Metro,Food_Delivery,Scooter,1.0,21,Part-Time,25.5,13,2564.66,4.94,1,1.0,0,122.9,99.8,36.7,32.9,18.9,156.0,1,0,2,0,1,0.5602,1.205,65.8
ORD_52109,W_077170b5c8ed69fa,ZONE_DEL_01,2026-07-13,34,1,2564.66,2574.62,0.0,160.0,0.0,Delhi_NCR,Metro,Food_Delivery,Scooter,1.0,21,Part-Time,25.5,13,2564.66,4.94,1,1.0,0,9.8,3.7,37.4,36.55714285714286,19.6,129.42857142857142,0,0,0,0,1,0.1191,1.016,39.8
ORD_52110,W_077170b5c8ed69fa,ZONE_DEL_01,2026-07-20,26,3,2564.66,1956.89,607.77,94.4,0.235,Delhi_NCR,Metro,Food_Delivery,Scooter,1.0,21,Part-Time,25.5,13,2564.66,4.94,1,1.0,0,74.3,31.9,33.7,31.8,16.5,132.71428571428572,0,0,0,0,1,0.2667,1.124,49.83
ORD_52111,W_077170b5c8ed69fa,ZONE_DEL_01,2026-07-27,35,1,2564.66,2662.64,0.0,164.5,0.0,Delhi_NCR,Metro,Food_Delivery,Scooter,1.0,21,Part-Time,25.5,13,2564.66,4.94,1,1.0,0,51.900000000000006,19.5,35.3,32.94285714285714,14.4,172.57142857142858,0,0,0,0,1,0.2462,1.086,47.37
ORD_52112,W_077170b5c8ed69fa,ZONE_DEL_01,2026-08-03,12,2,2564.66,944.87,1619.79,42.1,0.618,Delhi_NCR,Metro,Food_Delivery,Scooter,1.0,21,Part-Time,25.5,13,2564.66,4.94,1,1.0,0,132.8,58.3,33.8,31.17142857142857,15.8,126.57142857142856,0,0,1,0,1,0.4771,1.221,63.12
ORD_52113,W_077170b5c8ed69fa,ZONE_DEL_01,2026-08-10,33,1,2564.66,2499.34,65.32,178.3,0.0,Delhi_NCR,Metro,Food_Delivery,Scooter,1.0,21,Part-Time,25.5,13,2564.66,4.94,1,1.0,0,45.8,12.5,34.4,32.614285714285714,11.1,170.42857142857142,0,0,0,1,1,0.2309,1.076,46.36
ORD_52114,W_077170b5c8ed69fa,ZONE_DEL_01,2026-08-17,27,2,2564.66,2092.59,472.07,160.8,0.15,Delhi_NCR,Metro,Food_Delivery,Scooter,1.0,21,Part-Time,25.5,13,2564.66,4.94,1,1.0,0,34.3,8.2,33.6,33.15714285714286,11.7,140.0,1,0,1,0,1,0.2655,1.057,46.82
ORD_52115,W_077170b5c8ed69fa,ZONE_DEL_01,2026-08-24,33,1,2564.66,2491.57,73.09,133.7,0.0,Delhi_NCR,Metro,Food_Delivery,Scooter,1.0,21,Part-Time,25.5,13,2564.66,4.94,1,1.0,0,24.5,13.5,34.9,33.44285714285714,13.9,168.0,0,0,0,1,1,0.1811,1.041,43.03
ORD_52116,W_077170b5c8ed69fa,ZONE_DEL_01,2026-08-31,32,1,2564.66,2440.01,124.65,178.7,0.0,Delhi_NCR,Metro,Food_Delivery,Scooter,1.0,21,Part-Time,25.5,13,2564.66,4.94,1,1.0,0,76.6,23.5,34.4,31.24285714285714,13.1,145.57142857142858,0,0,0,1,1,0.2815,1.128,50.59
ORD_52117,W_077170b5c8ed69fa,ZONE_DEL_01,2026-09-07,35,1,2564.66,2660.84,0.0,180.5,0.0,Delhi_NCR,Metro,Food_Delivery,Scooter,1.0,21,Part-Time,25.5,13,2564.66,4.94,1,1.0,0,19.1,8.7,34.4,32.471428571428575,14.1,142.0,0,0,0,0,1,0.1495,1.032,41.52
ORD_52118,W_077170b5c8ed69fa,ZONE_DEL_01,2026-09-14,33,1,2564.66,2484.69,79.97,140.9,0.0,Delhi_NCR,Metro,Food_Delivery,Scooter,1.0,21,Part-Time,25.5,13,2564.66,4.94,1,1.0,0,7.6,3.7,35.0,33.05,14.4,149.0,0,0,0,0,1,0.1288,1.013,40.02
ORD_52119,W_b370bd5ae6a9e5f5,ZONE_DEL_01,2026-06-22,74,3,5563.58,5550.19,13.39,449.7,0.0,Delhi_NCR,Metro,Food_Delivery,Scooter,1.0,92,Full-Time,50.7,25,5563.58,4.88,1,1.0,1,4.0,1.2,41.9,40.425,14.3,188.25,0,0,0,1,1,0.1502,1.007,40.54
ORD_52120,W_b370bd5ae6a9e5f5,ZONE_DEL_01,2026-06-29,61,5,5563.58,4582.45,981.13,334.0,0.155,Delhi_NCR,Metro,Food_Delivery,Scooter,1.0,92,Full-Time,50.7,25,5563.58,4.88,1,1.0,1,20.0,6.8,41.7,35.84285714285714,14.4,157.71428571428572,0,0,0,0,1,0.1633,1.033,42.06
ORD_52121,W_b370bd5ae6a9e5f5,ZONE_DEL_01,2026-07-06,19,5,5563.58,1428.79,4134.79,89.9,0.738,Delhi_NCR,Metro,Food_Delivery,Scooter,1.0,92,Full-Time,50.7,25,5563.58,4.88,1,1.0,1,122.9,99.8,36.7,32.9,18.9,156.0,1,0,2,0,1,0.5602,1.205,65.8
ORD_52122,W_b370bd5ae6a9e5f5,ZONE_DEL_01,2026-07-13,71,3,5563.58,5325.02,238.56,401.6,0.0,Delhi_NCR,Metro,Food_Delivery,Scooter,1.0,92,Full-Time,50.7,25,5563.58,4.88,1,1.0,1,9.8,3.7,37.4,36.55714285714286,19.6,129.42857142857142,0,0,0,0,1,0.1191,1.016,39.8
ORD_52123,W_b370bd5ae6a9e5f5,ZONE_DEL_01,2026-07-20,61,6,5563.58,4628.02,935.56,224.8,0.186,Delhi_NCR,Metro,Food_Delivery,Scooter,1.0,92,Full-Time,50.7,25,5563.58,4.88,1,1.0,1,74.3,31.9,33.7,31.8,16.5,132.71428571428572,0,0,0,0,1,0.2667,1.124,49.83
ORD_52124,W_b370bd5ae6a9e5f5,ZONE_DEL_01,2026-07-27,77,3,5563.58,5816.78,0.0,309.6,0.0,Delhi_NCR,Metro,Food_Delivery,Scooter,1.0,92,Full-Time,50.7,25,5563.58,4.88,1,1.0,1,51.900000000000006,19.5,35.3,32.94285714285714,14.4,172.57142857142858,0,0,0,0,1,0.2462,1.086,47.37
ORD_52125,W_b370bd5ae6a9e5f5,ZONE_DEL_01,2026-08-03,24,6,5563.58,1855.24,3708.34,146.7,0.677,Delhi_NCR,Metro,Food_Delivery,Scooter,1.0,92,Full-Time,50.7,25,5563.58,4.88,1,1.0,1,132.8,58.3,33.8,31.17142857142857,15.8,126.57142857142856,0,0,1,0,1,0.4771,1.221,63.12
ORD_52126,W_b370bd5ae6a9e5f5,ZONE_DEL_01,2026-08-10,74,3,5563.58,5551.28,12.3,404.3,0.0,Delhi_NCR,Metro,Food_Delivery,Scooter,1.0,92,Full-Time,50.7,25,5563.58,4.88,1,1.0,1,45.8,12.5,34.4,32.614285714285714,11.1,170.42857142857142,0,0,0,1,1,0.2309,1.076,46.36
ORD_52127,W_b370bd5ae6a9e5f5,ZONE_DEL_01,2026-08-17,62,5,5563.58,4667.9,895.68,247.9,0.15,Delhi_NCR,Metro,Food_Delivery,Scooter,1.0,92,Full-Time,50.7,25,5563.58,4.88,1,1.0,1,34.3,8.2,33.6,33.15714285714286,11.7,140.0,1,0,1,0,1,0.2655,1.057,46.82
ORD_52128,W_b370bd5ae6a9e5f5,ZONE_DEL_01,2026-08-24,73,3,5563.58,5531.91,31.67,288.2,0.0,Delhi_NCR,Metro,Food_Delivery,Scooter,1.0,92,Full-Time,50.7,25,5563.58,4.88,1,1.0,1,24.5,13.5,34.9,33.44285714285714,13.9,168.0,0,0,0,1,1,0.1811,1.041,43.03
ORD_52129,W_b370bd5ae6a9e5f5,ZONE_DEL_01,2026-08-31,64,5,5563.58,4819.43,744.15,325.8,0.097,Delhi_NCR,Metro,Food_Delivery,Scooter,1.0,92,Full-Time,50.7,25,5563.58,4.88,1,1.0,1,76.6,23.5,34.4,31.24285714285714,13.1,145.57142857142858,0,0,0,1,1,0.2815,1.128,50.59
ORD_52130,W_b370bd5ae6a9e5f5,ZONE_DEL_01,2026-09-07,75,3,5563.58,5633.94,0.0,371.5,0.0,Delhi_NCR,Metro,Food_Delivery,Scooter,1.0,92,Full-Time,50.7,25,5563.58,4.88,1,1.0,1,19.1,8.7,34.4,32.471428571428575,14.1,142.0,0,0,0,0,1,0.1495,1.032,41.52
ORD_52131,W_b370bd5ae6a9e5f5,ZONE_DEL_01,2026-09-14,75,3,5563.58,5653.81,0.0,286.0,0.0,Delhi_NCR,Metro,Food_Delivery,Scooter,1.0,92,Full-Time,50.7,25,5563.58,4.88,1,1.0,1,7.6,3.7,35.0,33.05,14.4,149.0,0,0,0,0,1,0.1288,1.013,40.02
ORD_52132,W_57aaba236d77b93c,ZONE_HYD_01,2026-06-22,74,3,5534.84,5565.29,0.0,316.4,0.0,Hyderabad,Metro,E_Commerce,Bike,1.2,146,Full-Time,56.2,30,5534.84,4.76,1,1.05,1,21.8,14.6,32.6,30.65,17.3,156.25,1,0,1,1,1,0.2496,1.036,47.58
ORD_52133,W_57aaba236d77b93c,ZONE_HYD_01,2026-06-29,77,3,5534.84,5778.47,0.0,427.9,0.0,Hyderabad,Metro,E_Commerce,Bike,1.2,146,Full-Time,56.2,30,5534.84,4.76,1,1.05,1,35.9,10.7,29.8,28.357142857142858,25.4,132.14285714285714,0,0,0,0,1,0.1799,1.06,45.96
ORD_52134,W_57aaba236d77b93c,ZONE_HYD_01,2026-07-06,77,3,5534.84,5796.37,0.0,277.3,0.0,Hyderabad,Metro,E_Commerce,Bike,1.2,146,Full-Time,56.2,30,5534.84,4.76,1,1.05,1,6.2,2.2,33.3,32.27142857142857,25.7,165.28571428571428,0,0,0,0,1,0.1379,1.01,42.24
ORD_52135,W_57aaba236d77b93c,ZONE_HYD_01,2026-07-13,61,5,5534.84,4603.53,931.31,245.7,0.15,Hyderabad,Metro,E_Commerce,Bike,1.2,146,Full-Time,56.2,30,5534.84,4.76,1,1.05,1,26.8,13.6,33.9,31.52857142857143,19.0,155.14285714285714,0,1,1,0,1,0.26,1.045,48.39
ORD_52136,W_57aaba236d77b93c,ZONE_HYD_01,2026-07-20,70,3,5534.84,5264.27,270.57,290.8,0.0,Hyderabad,Metro,E_Commerce,Bike,1.2,146,Full-Time,56.2,30,5534.84,4.76,1,1.05,1,38.8,13.9,30.0,28.61428571428572,25.3,132.85714285714286,0,0,0,0,1,0.1869,1.065,46.45
ORD_52137,W_57aaba236d77b93c,ZONE_HYD_01,2026-07-27,50,7,5534.84,3758.46,1776.38,243.7,0.302,Hyderabad,Metro,E_Commerce,Bike,1.2,146,Full-Time,56.2,30,5534.84,4.76,1,1.05,1,70.5,24.9,30.6,28.585714285714285,24.3,137.0,0,0,0,0,1,0.2614,1.118,51.83
ORD_52138,W_57aaba236d77b93c,ZONE_HYD_01,2026-08-03,76,3,5534.84,5749.49,0.0,408.4,0.0,Hyderabad,Metro,E_Commerce,Bike,1.2,146,Full-Time,56.2,30,5534.84,4.76,1,1.05,1,20.5,9.0,30.6,29.442857142857143,20.0,136.28571428571428,0,0,0,0,1,0.1483,1.034,43.63
ORD_52139,W_57aaba236d77b93c,ZONE_HYD_01,2026-08-10,73,3,5534.84,5476.52,58.32,328.9,0.0,Hyderabad,Metro,E_Commerce,Bike,1.2,146,Full-Time,56.2,30,5534.84,4.76,1,1.05,1,12.6,3.6,30.8,29.82857142857143,19.8,137.42857142857142,0,0,0,1,1,0.1314,1.021,42.45
ORD_52140,W_57aaba236d77b93c,ZONE_HYD_01,2026-08-17,58,6,5534.84,4353.17,1181.67,230.7,0.21,Hyderabad,Metro,E_Commerce,Bike,1.2,146,Full-Time,56.2,30,5534.84,4.76,1,1.05,1,18.2,11.0,31.5,30.228571428571428,19.4,148.85714285714286,0,1,1,0,1,0.2359,1.03,46.78
ORD_52141,W_57aaba236d77b93c,ZONE_HYD_01,2026-08-24,74,3,5534.84,5609.01,0.0,331.8,0.0,Hyderabad,Metro,E_Commerce,Bike,1.2,146,Full-Time,56.2,30,5534.84,4.76,1,1.05,1,10.4,3.2,30.4,29.17142857142857,21.5,140.14285714285714,0,0,0,1,1,0.1285,1.017,42.18
ORD_52142,W_57aaba236d77b93c,ZONE_HYD_01,2026-08-31,76,3,5534.84,5729.87,0.0,421.2,0.0,Hyderabad,Metro,E_Commerce,Bike,1.2,146,Full-Time,56.2,30,5534.84,4.76,1,1.05,1,8.8,5.3,32.0,30.228571428571428,19.7,159.14285714285714,0,0,0,1,1,0.1392,1.015,42.49
ORD_52143,W_57aaba236d77b93c,ZONE_HYD_01,2026-09-07,63,5,5534.84,4756.61,778.23,282.5,0.15,Hyderabad,Metro,E_Commerce,Bike,1.2,146,Full-Time,56.2,30,5534.84,4.76,1,1.05,1,26.3,11.7,32.2,31.057142857142857,15.3,156.57142857142858,1,0,1,0,1,0.2599,1.044,48.34
ORD_52144,W_57aaba236d77b93c,ZONE_HYD_01,2026-09-14,71,3,5534.84,5374.29,160.55,397.3,0.0,Hyderabad,Metro,E_Commerce,Bike,1.2,146,Full-Time,56.2,30,5534.84,4.76,1,1.05,1,12.7,5.5,33.4,31.525,10.7,147.5,0,0,0,0,1,0.1392,1.021,42.74
ORD_52145,W_03b9f42be7e6a117,ZONE_BOM_01,2026-06-22,72,3,5473.41,5465.97,7.44,295.7,0.0,Mumbai,Metro,Food_Delivery,Bike,1.2,48,Full-Time,57.2,25,5473.41,4.43,1,1.05,1,24.8,11.5,31.1,30.425,15.3,184.0,0,0,0,1,1,0.1938,1.041,45.67
ORD_52146,W_03b9f42be7e6a117,ZONE_BOM_01,2026-06-29,10,3,5473.41,793.54,4679.87,56.0,0.85,Mumbai,Metro,Food_Delivery,Bike,1.2,48,Full-Time,57.2,25,5473.41,4.43,1,1.05,1,493.0,136.9,28.6,27.642857142857142,30.3,147.0,0,0,6,0,1,1.0,1.822,79.0
ORD_52147,W_03b9f42be7e6a117,ZONE_BOM_01,2026-07-06,16,4,5473.41,1235.03,4238.38,75.5,0.775,Mumbai,Metro,Food_Delivery,Bike,1.2,48,Full-Time,57.2,25,5473.41,4.43,1,1.05,1,235.5,131.8,30.2,29.142857142857142,34.6,143.85714285714286,0,0,2,0,1,0.8044,1.392,79.0
ORD_52148,W_03b9f42be7e6a117,ZONE_BOM_01,2026-07-13,42,7,5473.41,3212.92,2260.49,245.4,0.434,Mumbai,Metro,Food_Delivery,Bike,1.2,48,Full-Time,57.2,25,5473.41,4.43,1,1.05,1,92.5,33.1,30.6,29.82857142857143,21.8,156.42857142857142,1,0,1,0,1,0.4088,1.154,59.75
ORD_52149,W_03b9f42be7e6a117,ZONE_BOM_01,2026-07-20,10,3,5473.41,781.22,4692.19,46.5,0.85,Mumbai,Metro,Food_Delivery,Bike,1.2,48,Full-Time,57.2,25,5473.41,4.43,1,1.05,1,354.8,107.0,29.6,28.74285714285714,34.0,158.42857142857142,0,0,4,0,1,1.0,1.591,79.0
ORD_52150,W_03b9f42be7e6a117,ZONE_BOM_01,2026-07-27,31,6,5473.41,2392.01,3081.4,163.0,0.565,Mumbai,Metro,Food_Delivery,Bike,1.2,48,Full-Time,57.2,25,5473.41,4.43,1,1.05,1,120.9,42.9,29.6,28.957142857142856,25.3,151.42857142857142,0,0,0,0,1,0.3856,1.202,61.21
ORD_52151,W_03b9f42be7e6a117,ZONE_BOM_01,2026-08-03,47,7,5473.41,3594.67,1878.74,187.7,0.353,Mumbai,Metro,Food_Delivery,Bike,1.2,48,Full-Time,57.2,25,5473.41,4.43,1,1.05,1,76.8,18.7,29.7,29.285714285714285,21.2,139.0,0,0,0,0,1,0.277,1.128,52.94
ORD_52152,W_03b9f42be7e6a117,ZONE_BOM_01,2026-08-10,43,7,5473.41,3230.52,2242.89,232.9,0.4,Mumbai,Metro,Food_Delivery,Bike,1.2,48,Full-Time,57.2,25,5473.41,4.43,1,1.05,1,96.6,30.6,29.7,28.61428571428572,19.0,142.57142857142858,0,0,0,1,1,0.3243,1.161,56.5
ORD_52153,W_03b9f42be7e6a117,ZONE_BOM_01,2026-08-17,37,7,5473.41,2827.46,2645.95,199.9,0.479,Mumbai,Metro,Food_Delivery,Bike,1.2,48,Full-Time,57.2,25,5473.41,4.43,1,1.05,1,61.0,16.7,29.7,29.228571428571428,20.6,146.28571428571428,1,0,1,0,1,0.3303,1.102,53.88
ORD_52154,W_03b9f42be7e6a117,ZONE_BOM_01,2026-08-24,70,3,5473.41,5323.92,149.49,395.3,0.0,Mumbai,Metro,Food_Delivery,Bike,1.2,48,Full-Time,57.2,25,5473.41,4.43,1,1.05,1,36.4,7.6,29.6,29.25714285714286,21.1,134.0,1,0,1,1,1,0.2657,1.061,49.35
ORD_52155,W_03b9f42be7e6a117,ZONE_BOM_01,2026-08-31,66,5,5473.41,5004.87,468.54,294.0,0.094,Mumbai,Metro,Food_Delivery,Bike,1.2,48,Full-Time,57.2,25,5473.41,4.43,1,1.05,1,61.0,16.1,29.6,29.042857142857144,18.4,158.28571428571428,0,0,0,1,1,0.256,1.102,50.87
ORD_52156,W_03b9f42be7e6a117,ZONE_BOM_01,2026-09-07,72,3,5473.41,5463.8,9.61,368.1,0.0,Mumbai,Metro,Food_Delivery,Bike,1.2,48,Full-Time,57.2,25,5473.41,4.43,1,1.05,1,52.9,25.5,30.0,29.071428571428573,15.3,169.57142857142858,0,0,0,0,1,0.2462,1.088,49.83
ORD_52157,W_03b9f42be7e6a117,ZONE_BOM_01,2026-09-14,72,3,5473.41,5458.34,15.07,387.8,0.0,Mumbai,Metro,Food_Delivery,Bike,1.2,48,Full-Time,57.2,25,5473.41,4.43,1,1.05,1,23.3,10.3,30.0,29.625,20.1,162.0,0,0,0,0,1,0.1739,1.039,44.82
ORD_52158,W_4a2f54ba870d9558,ZONE_HYD_01,2026-06-22,66,3,5014.31,4981.06,33.25,267.0,0.0,Hyderabad,Metro,Food_Delivery,Bike,1.2,265,Full-Time,52.5,22,5014.31,4.71,1,1.05,1,21.8,14.6,32.6,30.65,17.3,156.25,1,0,1,1,1,0.2496,1.036,47.58
ORD_52159,W_4a2f54ba870d9558,ZONE_HYD_01,2026-06-29,64,3,5014.31,4870.87,143.44,225.0,0.0,Hyderabad,Metro,Food_Delivery,Bike,1.2,265,Full-Time,52.5,22,5014.31,4.71,1,1.05,1,35.9,10.7,29.8,28.357142857142858,25.4,132.14285714285714,0,0,0,0,1,0.1799,1.06,45.96
ORD_52160,W_4a2f54ba870d9558,ZONE_HYD_01,2026-07-06,65,3,5014.31,4914.5,99.81,358.9,0.0,Hyderabad,Metro,Food_Delivery,Bike,1.2,265,Full-Time,52.5,22,5014.31,4.71,1,1.05,1,6.2,2.2,33.3,32.27142857142857,25.7,165.28571428571428,0,0,0,0,1,0.1379,1.01,42.24
ORD_52161,W_4a2f54ba870d9558,ZONE_HYD_01,2026-07-13,58,5,5014.31,4387.54,626.77,234.7,0.15,Hyderabad,Metro,Food_Delivery,Bike,1.2,265,Full-Time,52.5,22,5014.31,4.71,1,1.05,1,26.8,13.6,33.9,31.52857142857143,19.0,155.14285714285714,0,1,1,0,1,0.26,1.045,48.39
ORD_52162,W_4a2f54ba870d9558,ZONE_HYD_01,2026-07-20,69,3,5014.31,5244.49,0.0,335.1,0.0,Hyderabad,Metro,Food_Delivery,Bike,1.2,265,Full-Time,52.5,22,5014.31,4.71,1,1.05,1,38.8,13.9,30.0,28.61428571428572,25.3,132.85714285714286,0,0,0,0,1,0.1869,1.065,46.45
ORD_52163,W_4a2f54ba870d9558,ZONE_HYD_01,2026-07-27,44,6,5014.31,3351.99,1662.32,239.8,0.345,Hyderabad,Metro,Food_Delivery,Bike,1.2,265,Full-Time,52.5,22,5014.31,4.71,1,1.05,1,70.5,24.9,30.6,28.585714285714285,24.3,137.0,0,0,0,0,1,0.2614,1.118,51.83
ORD_52164,W_4a2f54ba870d9558,ZONE_HYD_01,2026-08-03,64,3,5014.31,4806.24,208.07,262.0,0.0,Hyderabad,Metro,Food_Delivery,Bike,1.2,265,Full-Time,52.5,22,5014.31,4.71,1,1.05,1,20.5,9.0,30.6,29.442857142857143,20.0,136.28571428571428,0,0,0,0,1,0.1483,1.034,43.63
ORD_52165,W_4a2f54ba870d9558,ZONE_HYD_01,2026-08-10,63,3,5014.31,4768.01,246.3,342.3,0.0,Hyderabad,Metro,Food_Delivery,Bike,1.2,265,Full-Time,52.5,22,5014.31,4.71,1,1.05,1,12.6,3.6,30.8,29.82857142857143,19.8,137.42857142857142,0,0,0,1,1,0.1314,1.021,42.45
ORD_52166,W_4a2f54ba870d9558,ZONE_HYD_01,2026-08-17,51,5,5014.31,3899.68,1114.63,286.8,0.21,Hyderabad,Metro,Food_Delivery,Bike,1.2,265,Full-Time,52.5,22,5014.31,4.71,1,1.05,1,18.2,11.0,31.5,30.228571428571428,19.4,148.85714285714286,0,1,1,0,1,0.2359,1.03,46.78
ORD_52167,W_4a2f54ba870d9558,ZONE_HYD_01,2026-08-24,65,3,5014.31,4933.55,80.76,371.3,0.0,Hyderabad,Metro,Food_Delivery,Bike,1.2,265,Full-Time,52.5,22,5014.31,4.71,1,1.05,1,10.4,3.2,30.4,29.17142857142857,21.5,140.14285714285714,0,0,0,1,1,0.1285,1.017,42.18
ORD_52168,W_4a2f54ba870d9558,ZONE_HYD_01,2026-08-31,64,3,5014.31,4829.13,185.18,254.0,0.0,Hyderabad,Metro,Food_Delivery,Bike,1.2,265,Full-Time,52.5,22,5014.31,4.71,1,1.05,1,8.8,5.3,32.0,30.228571428571428,19.7,159.14285714285714,0,0,0,1,1,0.1392,1.015,42.49
ORD_52169,W_4a2f54ba870d9558,ZONE_HYD_01,2026-09-07,55,5,5014.31,4194.34,819.97,253.2,0.15,Hyderabad,Metro,Food_Delivery,Bike,1.2,265,Full-Time,52.5,22,5014.31,4.71,1,1.05,1,26.3,11.7,32.2,31.057142857142857,15.3,156.57142857142858,1,0,1,0,1,0.2599,1.044,48.34
ORD_52170,W_4a2f54ba870d9558,ZONE_HYD_01,2026-09-14,65,3,5014.31,4938.44,75.87,361.5,0.0,Hyderabad,Metro,Food_Delivery,Bike,1.2,265,Full-Time,52.5,22,5014.31,4.71,1,1.05,1,12.7,5.5,33.4,31.525,10.7,147.5,0,0,0,0,1,0.1392,1.021,42.74
ORD_52171,W_6ce9fab807f0cf69,ZONE_DEL_01,2026-06-22,75,3,5896.78,5659.11,237.67,333.6,0.0,Delhi_NCR,Metro,Food_Delivery,Scooter,1.0,39,Full-Time,54.4,26,5896.78,4.7,1,1.0,1,4.0,1.2,41.9,40.425,14.3,188.25,0,0,0,1,1,0.1502,1.007,40.54
ORD_52172,W_6ce9fab807f0cf69,ZONE_DEL_01,2026-06-29,68,6,5896.78,5150.82,745.96,250.3,0.155,Delhi_NCR,Metro,Food_Delivery,Scooter,1.0,39,Full-Time,54.4,26,5896.78,4.7,1,1.0,1,20.0,6.8,41.7,35.84285714285714,14.4,157.71428571428572,0,0,0,0,1,0.1633,1.033,42.06
ORD_52173,W_6ce9fab807f0cf69,ZONE_DEL_01,2026-07-06,13,3,5896.78,998.84,4897.94,48.6,0.838,Delhi_NCR,Metro,Food_Delivery,Scooter,1.0,39,Full-Time,54.4,26,5896.78,4.7,1,1.0,1,122.9,99.8,36.7,32.9,18.9,156.0,1,0,2,0,1,0.5602,1.205,65.8
ORD_52174,W_6ce9fab807f0cf69,ZONE_DEL_01,2026-07-13,76,3,5896.78,5773.7,123.08,342.4,0.0,Delhi_NCR,Metro,Food_Delivery,Scooter,1.0,39,Full-Time,54.4,26,5896.78,4.7,1,1.0,1,9.8,3.7,37.4,36.55714285714286,19.6,129.42857142857142,0,0,0,0,1,0.1191,1.016,39.8
ORD_52175,W_6ce9fab807f0cf69,ZONE_DEL_01,2026-07-20,58,7,5896.78,4367.03,1529.75,303.9,0.266,Delhi_NCR,Metro,Food_Delivery,Scooter,1.0,39,Full-Time,54.4,26,5896.78,4.7,1,1.0,1,74.3,31.9,33.7,31.8,16.5,132.71428571428572,0,0,0,0,1,0.2667,1.124,49.83
ORD_52176,W_6ce9fab807f0cf69,ZONE_DEL_01,2026-07-27,80,4,5896.78,6048.63,0.0,305.5,0.0,Delhi_NCR,Metro,Food_Delivery,Scooter,1.0,39,Full-Time,54.4,26,5896.78,4.7,1,1.0,1,51.900000000000006,19.5,35.3,32.94285714285714,14.4,172.57142857142858,0,0,0,0,1,0.2462,1.086,47.37
ORD_52177,W_6ce9fab807f0cf69,ZONE_DEL_01,2026-08-03,26,6,5896.78,2006.16,3890.62,131.5,0.667,Delhi_NCR,Metro,Food_Delivery,Scooter,1.0,39,Full-Time,54.4,26,5896.78,4.7,1,1.0,1,132.8,58.3,33.8,31.17142857142857,15.8,126.57142857142856,0,0,1,0,1,0.4771,1.221,63.12
ORD_52178,W_6ce9fab807f0cf69,ZONE_DEL_01,2026-08-10,81,4,5896.78,6126.6,0.0,436.7,0.0,Delhi_NCR,Metro,Food_Delivery,Scooter,1.0,39,Full-Time,54.4,26,5896.78,4.7,1,1.0,1,45.8,12.5,34.4,32.614285714285714,11.1,170.42857142857142,0,0,0,1,1,0.2309,1.076,46.36
ORD_52179,W_6ce9fab807f0cf69,ZONE_DEL_01,2026-08-17,64,6,5896.78,4862.75,1034.03,298.3,0.15,Delhi_NCR,Metro,Food_Delivery,Scooter,1.0,39,Full-Time,54.4,26,5896.78,4.7,1,1.0,1,34.3,8.2,33.6,33.15714285714286,11.7,140.0,1,0,1,0,1,0.2655,1.057,46.82
ORD_52180,W_6ce9fab807f0cf69,ZONE_DEL_01,2026-08-24,78,3,5896.78,5893.27,3.51,284.6,0.0,Delhi_NCR,Metro,Food_Delivery,Scooter,1.0,39,Full-Time,54.4,26,5896.78,4.7,1,1.0,1,24.5,13.5,34.9,33.44285714285714,13.9,168.0,0,0,0,1,1,0.1811,1.041,43.03
ORD_52181,W_6ce9fab807f0cf69,ZONE_DEL_01,2026-08-31,68,5,5896.78,5148.62,748.16,366.1,0.093,Delhi_NCR,Metro,Food_Delivery,Scooter,1.0,39,Full-Time,54.4,26,5896.78,4.7,1,1.0,1,76.6,23.5,34.4,31.24285714285714,13.1,145.57142857142858,0,0,0,1,1,0.2815,1.128,50.59
ORD_52182,W_6ce9fab807f0cf69,ZONE_DEL_01,2026-09-07,78,3,5896.78,5900.45,0.0,278.4,0.0,Delhi_NCR,Metro,Food_Delivery,Scooter,1.0,39,Full-Time,54.4,26,5896.78,4.7,1,1.0,1,19.1,8.7,34.4,32.471428571428575,14.1,142.0,0,0,0,0,1,0.1495,1.032,41.52
ORD_52183,W_6ce9fab807f0cf69,ZONE_DEL_01,2026-09-14,81,4,5896.78,6147.24,0.0,469.8,0.0,Delhi_NCR,Metro,Food_Delivery,Scooter,1.0,39,Full-Time,54.4,26,5896.78,4.7,1,1.0,1,7.6,3.7,35.0,33.05,14.4,149.0,0,0,0,0,1,0.1288,1.013,40.02
ORD_52184,W_e58250428367733f,ZONE_MAA_01,2026-06-22,73,3,5473.73,5487.01,0.0,300.6,0.0,Chennai,Metro,Q_Commerce,Bike,1.2,83,Full-Time,55.7,24,5473.73,4.63,1,1.05,1,33.7,24.5,37.6,36.225,17.3,159.25,0,0,0,1,1,0.1953,1.056,46.39
ORD_52185,W_e58250428367733f,ZONE_MAA_01,2026-06-29,70,3,5473.73,5266.62,207.11,313.7,0.0,Chennai,Metro,Q_Commerce,Bike,1.2,83,Full-Time,55.7,24,5473.73,4.63,1,1.05,1,11.8,5.8,38.4,35.55714285714286,23.0,123.0,0,0,0,0,1,0.1188,1.02,41.94
ORD_52186,W_e58250428367733f,ZONE_MAA_01,2026-07-06,60,5,5473.73,4538.88,934.85,292.1,0.15,Chennai,Metro,Q_Commerce,Bike,1.2,83,Full-Time,55.7,24,5473.73,4.63,1,1.05,1,9.3,5.2,39.2,37.55714285714286,26.3,163.28571428571428,1,0,1,0,1,0.2267,1.016,45.8
ORD_52187,W_e58250428367733f,ZONE_MAA_01,2026-07-13,76,3,5473.73,5729.03,0.0,384.0,0.0,Chennai,Metro,Q_Commerce,Bike,1.2,83,Full-Time,55.7,24,5473.73,4.63,1,1.05,1,11.3,4.9,38.7,36.51428571428571,19.1,141.57142857142858,0,0,0,0,1,0.1316,1.019,42.38
ORD_52188,W_e58250428367733f,ZONE_MAA_01,2026-07-20,66,5,5473.73,5004.71,469.02,347.0,0.12,Chennai,Metro,Q_Commerce,Bike,1.2,83,Full-Time,55.7,24,5473.73,4.63,1,1.05,1,35.6,10.7,36.4,34.714285714285715,17.5,131.57142857142858,0,0,0,0,1,0.1788,1.059,45.88
ORD_52189,W_e58250428367733f,ZONE_MAA_01,2026-07-27,72,3,5473.73,5460.18,13.55,418.1,0.0,Chennai,Metro,Q_Commerce,Bike,1.2,83,Full-Time,55.7,24,5473.73,4.63,1,1.05,1,26.0,8.2,37.6,36.48571428571429,23.1,145.14285714285714,0,0,0,0,1,0.1674,1.043,44.75
ORD_52190,W_e58250428367733f,ZONE_MAA_01,2026-08-03,72,3,5473.73,5458.06,15.67,420.9,0.0,Chennai,Metro,Q_Commerce,Bike,1.2,83,Full-Time,55.7,24,5473.73,4.63,1,1.05,1,38.5,6.7,34.8,33.94285714285714,19.7,150.71428571428572,0,0,0,0,1,0.1997,1.064,46.91
ORD_52191,W_e58250428367733f,ZONE_MAA_01,2026-08-10,71,3,5473.73,5359.64,114.09,273.2,0.0,Chennai,Metro,Q_Commerce,Bike,1.2,83,Full-Time,55.7,24,5473.73,4.63,1,1.05,1,15.6,9.3,35.5,35.08571428571428,18.4,153.57142857142858,1,0,1,1,1,0.2336,1.026,46.51
ORD_52192,W_e58250428367733f,ZONE_MAA_01,2026-08-17,75,3,5473.73,5668.22,0.0,381.5,0.0,Chennai,Metro,Q_Commerce,Bike,1.2,83,Full-Time,55.7,24,5473.73,4.63,1,1.05,1,29.4,12.9,36.3,35.75714285714285,20.7,143.71428571428572,0,0,0,0,1,0.1739,1.049,45.25
ORD_52193,W_e58250428367733f,ZONE_MAA_01,2026-08-24,75,3,5473.73,5686.71,0.0,452.4,0.0,Chennai,Metro,Q_Commerce,Bike,1.2,83,Full-Time,55.7,24,5473.73,4.63,1,1.05,1,15.1,7.6,36.6,34.77142857142857,18.4,144.14285714285714,1,0,1,1,1,0.2254,1.025,46.16
ORD_52194,W_e58250428367733f,ZONE_MAA_01,2026-08-31,69,3,5473.73,5229.4,244.33,334.8,0.0,Chennai,Metro,Q_Commerce,Bike,1.2,83,Full-Time,55.7,24,5473.73,4.63,1,1.05,1,13.1,3.6,35.6,34.41428571428571,16.9,156.85714285714286,1,0,1,1,1,0.2305,1.022,46.22
ORD_52195,W_e58250428367733f,ZONE_MAA_01,2026-09-07,72,3,5473.73,5405.29,68.44,373.7,0.0,Chennai,Metro,Q_Commerce,Bike,1.2,83,Full-Time,55.7,24,5473.73,4.63,1,1.05,1,23.3,11.4,35.6,34.214285714285715,14.8,136.57142857142858,0,0,0,0,1,0.1549,1.039,44.1
ORD_52196,W_e58250428367733f,ZONE_MAA_01,2026-09-14,63,5,5473.73,4789.27,684.46,268.2,0.15,Chennai,Metro,Q_Commerce,Bike,1.2,83,Full-Time,55.7,24,5473.73,4.63,1,1.05,1,27.4,22.7,36.0,33.525,13.4,152.75,0,1,1,0,1,0.2595,1.046,48.42
ORD_52197,W_aa635392c7191062,ZONE_MAA_01,2026-06-22,81,4,6072.39,6106.88,0.0,438.5,0.0,Chennai,Metro,Q_Commerce,Scooter,1.0,187,Full-Time,59.3,25,6072.39,5.0,1,1.0,1,33.7,24.5,37.6,36.225,17.3,159.25,0,0,0,1,1,0.1953,1.056,44.18
ORD_52198,W_aa635392c7191062,ZONE_MAA_01,2026-06-29,78,3,6072.39,5850.4,221.99,444.4,0.0,Chennai,Metro,Q_Commerce,Scooter,1.0,187,Full-Time,59.3,25,6072.39,5.0,1,1.0,1,11.8,5.8,38.4,35.55714285714286,23.0,123.0,0,0,0,0,1,0.1188,1.02,39.94
ORD_52199,W_aa635392c7191062,ZONE_MAA_01,2026-07-06,69,6,6072.39,5216.3,856.09,418.4,0.15,Chennai,Metro,Q_Commerce,Scooter,1.0,187,Full-Time,59.3,25,6072.39,5.0,1,1.0,1,9.3,5.2,39.2,37.55714285714286,26.3,163.28571428571428,1,0,1,0,1,0.2267,1.016,43.62
ORD_52200,W_aa635392c7191062,ZONE_MAA_01,2026-07-13,79,3,6072.39,5974.95,97.44,299.6,0.0,Chennai,Metro,Q_Commerce,Scooter,1.0,187,Full-Time,59.3,25,6072.39,5.0,1,1.0,1,11.3,4.9,38.7,36.51428571428571,19.1,141.57142857142858,0,0,0,0,1,0.1316,1.019,40.36
ORD_52201,W_aa635392c7191062,ZONE_MAA_01,2026-07-20,71,6,6072.39,5347.18,725.21,264.9,0.12,Chennai,Metro,Q_Commerce,Scooter,1.0,187,Full-Time,59.3,25,6072.39,5.0,1,1.0,1,35.6,10.7,36.4,34.714285714285715,17.5,131.57142857142858,0,0,0,0,1,0.1788,1.059,43.69
ORD_52202,W_aa635392c7191062,ZONE_MAA_01,2026-07-27,84,4,6072.39,6357.5,0.0,302.8,0.0,Chennai,Metro,Q_Commerce,Scooter,1.0,187,Full-Time,59.3,25,6072.39,5.0,1,1.0,1,26.0,8.2,37.6,36.48571428571429,23.1,145.14285714285714,0,0,0,0,1,0.1674,1.043,42.62
ORD_52203,W_aa635392c7191062,ZONE_MAA_01,2026-08-03,83,4,6072.39,6226.33,0.0,408.2,0.0,Chennai,Metro,Q_Commerce,Scooter,1.0,187,Full-Time,59.3,25,6072.39,5.0,1,1.0,1,38.5,6.7,34.8,33.94285714285714,19.7,150.71428571428572,0,0,0,0,1,0.1997,1.064,44.68
ORD_52204,W_aa635392c7191062,ZONE_MAA_01,2026-08-10,79,3,6072.39,5992.61,79.78,290.5,0.0,Chennai,Metro,Q_Commerce,Scooter,1.0,187,Full-Time,59.3,25,6072.39,5.0,1,1.0,1,15.6,9.3,35.5,35.08571428571428,18.4,153.57142857142858,1,0,1,1,1,0.2336,1.026,44.3
ORD_52205,W_aa635392c7191062,ZONE_MAA_01,2026-08-17,81,4,6072.39,6146.57,0.0,411.5,0.0,Chennai,Metro,Q_Commerce,Scooter,1.0,187,Full-Time,59.3,25,6072.39,5.0,1,1.0,1,29.4,12.9,36.3,35.75714285714285,20.7,143.71428571428572,0,0,0,0,1,0.1739,1.049,43.1
ORD_52206,W_aa635392c7191062,ZONE_MAA_01,2026-08-24,79,3,6072.39,5939.33,133.06,470.7,0.0,Chennai,Metro,Q_Commerce,Scooter,1.0,187,Full-Time,59.3,25,6072.39,5.0,1,1.0,1,15.1,7.6,36.6,34.77142857142857,18.4,144.14285714285714,1,0,1,1,1,0.2254,1.025,43.96
ORD_52207,W_aa635392c7191062,ZONE_MAA_01,2026-08-31,79,3,6072.39,5953.44,118.95,372.4,0.0,Chennai,Metro,Q_Commerce,Scooter,1.0,187,Full-Time,59.3,25,6072.39,5.0,1,1.0,1,13.1,3.6,35.6,34.41428571428571,16.9,156.85714285714286,1,0,1,1,1,0.2305,1.022,44.01
ORD_52208,W_aa635392c7191062,ZONE_MAA_01,2026-09-07,81,4,6072.39,6098.96,0.0,305.4,0.0,Chennai,Metro,Q_Commerce,Scooter,1.0,187,Full-Time,59.3,25,6072.39,5.0,1,1.0,1,23.3,11.4,35.6,34.214285714285715,14.8,136.57142857142858,0,0,0,0,1,0.1549,1.039,42.0
ORD_52209,W_aa635392c7191062,ZONE_MAA_01,2026-09-14,71,6,6072.39,5384.59,687.8,320.3,0.15,Chennai,Metro,Q_Commerce,Scooter,1.0,187,Full-Time,59.3,25,6072.39,5.0,1,1.0,1,27.4,22.7,36.0,33.525,13.4,152.75,0,1,1,0,1,0.2595,1.046,46.11
ORD_52210,W_19eead91b8a3ef2f,ZONE_HYD_01,2026-06-22,76,3,6021.66,5769.22,252.44,345.5,0.0,Hyderabad,Metro,E_Commerce,Scooter,1.0,561,Full-Time,59.0,25,6021.66,4.75,1,1.0,1,21.8,14.6,32.6,30.65,17.3,156.25,1,0,1,1,1,0.2496,1.036,45.31
ORD_52211,W_19eead91b8a3ef2f,ZONE_HYD_01,2026-06-29,81,4,6021.66,6082.0,0.0,395.8,0.0,Hyderabad,Metro,E_Commerce,Scooter,1.0,561,Full-Time,59.0,25,6021.66,4.75,1,1.0,1,35.9,10.7,29.8,28.357142857142858,25.4,132.14285714285714,0,0,0,0,1,0.1799,1.06,43.77
ORD_52212,W_19eead91b8a3ef2f,ZONE_HYD_01,2026-07-06,81,4,6021.66,6138.81,0.0,295.6,0.0,Hyderabad,Metro,E_Commerce,Scooter,1.0,561,Full-Time,59.0,25,6021.66,4.75,1,1.0,1,6.2,2.2,33.3,32.27142857142857,25.7,165.28571428571428,0,0,0,0,1,0.1379,1.01,40.22
ORD_52213,W_19eead91b8a3ef2f,ZONE_HYD_01,2026-07-13,66,6,6021.66,5008.13,1013.53,377.0,0.15,Hyderabad,Metro,E_Commerce,Scooter,1.0,561,Full-Time,59.0,25,6021.66,4.75,1,1.0,1,26.8,13.6,33.9,31.52857142857143,19.0,155.14285714285714,0,1,1,0,1,0.26,1.045,46.08
ORD_52214,W_19eead91b8a3ef2f,ZONE_HYD_01,2026-07-20,76,3,6021.66,5768.69,252.97,441.5,0.0,Hyderabad,Metro,E_Commerce,Scooter,1.0,561,Full-Time,59.0,25,6021.66,4.75,1,1.0,1,38.8,13.9,30.0,28.61428571428572,25.3,132.85714285714286,0,0,0,0,1,0.1869,1.065,44.24
ORD_52215,W_19eead91b8a3ef2f,ZONE_HYD_01,2026-07-27,69,6,6021.66,5203.82,817.84,308.7,0.164,Hyderabad,Metro,E_Commerce,Scooter,1.0,561,Full-Time,59.0,25,6021.66,4.75,1,1.0,1,70.5,24.9,30.6,28.585714285714285,24.3,137.0,0,0,0,0,1,0.2614,1.118,49.36
ORD_52216,W_19eead91b8a3ef2f,ZONE_HYD_01,2026-08-03,81,4,6021.66,6089.23,0.0,316.9,0.0,Hyderabad,Metro,E_Commerce,Scooter,1.0,561,Full-Time,59.0,25,6021.66,4.75,1,1.0,1,20.5,9.0,30.6,29.442857142857143,20.0,136.28571428571428,0,0,0,0,1,0.1483,1.034,41.56
ORD_52217,W_19eead91b8a3ef2f,ZONE_HYD_01,2026-08-10,76,3,6021.66,5760.42,261.24,310.3,0.0,Hyderabad,Metro,E_Commerce,Scooter,1.0,561,Full-Time,59.0,25,6021.66,4.75,1,1.0,1,12.6,3.6,30.8,29.82857142857143,19.8,137.42857142857142,0,0,0,1,1,0.1314,1.021,40.43
ORD_52218,W_19eead91b8a3ef2f,ZONE_HYD_01,2026-08-17,61,6,6021.66,4580.08,1441.58,265.0,0.21,Hyderabad,Metro,E_Commerce,Scooter,1.0,561,Full-Time,59.0,25,6021.66,4.75,1,1.0,1,18.2,11.0,31.5,30.228571428571428,19.4,148.85714285714286,0,1,1,0,1,0.2359,1.03,44.55
ORD_52219,W_19eead91b8a3ef2f,ZONE_HYD_01,2026-08-24,80,4,6021.66,6030.32,0.0,407.2,0.0,Hyderabad,Metro,E_Commerce,Scooter,1.0,561,Full-Time,59.0,25,6021.66,4.75,1,1.0,1,10.4,3.2,30.4,29.17142857142857,21.5,140.14285714285714,0,0,0,1,1,0.1285,1.017,40.17
ORD_52220,W_19eead91b8a3ef2f,ZONE_HYD_01,2026-08-31,82,4,6021.66,6196.21,0.0,432.3,0.0,Hyderabad,Metro,E_Commerce,Scooter,1.0,561,Full-Time,59.0,25,6021.66,4.75,1,1.0,1,8.8,5.3,32.0,30.228571428571428,19.7,159.14285714285714,0,0,0,1,1,0.1392,1.015,40.47
ORD_52221,W_19eead91b8a3ef2f,ZONE_HYD_01,2026-09-07,68,6,6021.66,5174.08,847.58,313.6,0.15,Hyderabad,Metro,E_Commerce,Scooter,1.0,561,Full-Time,59.0,25,6021.66,4.75,1,1.0,1,26.3,11.7,32.2,31.057142857142857,15.3,156.57142857142858,1,0,1,0,1,0.2599,1.044,46.04
ORD_52222,W_19eead91b8a3ef2f,ZONE_HYD_01,2026-09-14,80,4,6021.66,6005.89,15.77,369.5,0.0,Hyderabad,Metro,E_Commerce,Scooter,1.0,561,Full-Time,59.0,25,6021.66,4.75,1,1.0,1,12.7,5.5,33.4,31.525,10.7,147.5,0,0,0,0,1,0.1392,1.021,40.71
ORD_52223,W_130c62b1780d5442,ZONE_DEL_01,2026-06-22,38,1,2808.31,2904.4,0.0,156.6,0.0,Delhi_NCR,Metro,Food_Delivery,Scooter,1.0,333,Part-Time,26.7,18,2808.31,4.67,1,1.0,0,4.0,1.2,41.9,40.425,14.3,188.25,0,0,0,1,1,0.1502,1.007,40.54
ORD_52224,W_130c62b1780d5442,ZONE_DEL_01,2026-06-29,30,2,2808.31,2255.73,552.58,157.8,0.155,Delhi_NCR,Metro,Food_Delivery,Scooter,1.0,333,Part-Time,26.7,18,2808.31,4.67,1,1.0,0,20.0,6.8,41.7,35.84285714285714,14.4,157.71428571428572,0,0,0,0,1,0.1633,1.033,42.06
ORD_52225,W_130c62b1780d5442,ZONE_DEL_01,2026-07-06,12,3,2808.31,903.1,1905.21,69.8,0.69,Delhi_NCR,Metro,Food_Delivery,Scooter,1.0,333,Part-Time,26.7,18,2808.31,4.67,1,1.0,0,122.9,99.8,36.7,32.9,18.9,156.0,1,0,2,0,1,0.5602,1.205,65.8
ORD_52226,W_130c62b1780d5442,ZONE_DEL_01,2026-07-13,35,1,2808.31,2689.44,118.87,132.6,0.0,Delhi_NCR,Metro,Food_Delivery,Scooter,1.0,333,Part-Time,26.7,18,2808.31,4.67,1,1.0,0,9.8,3.7,37.4,36.55714285714286,19.6,129.42857142857142,0,0,0,0,1,0.1191,1.016,39.8
ORD_52227,W_130c62b1780d5442,ZONE_DEL_01,2026-07-20,29,3,2808.31,2202.27,606.04,123.0,0.224,Delhi_NCR,Metro,Food_Delivery,Scooter,1.0,333,Part-Time,26.7,18,2808.31,4.67,1,1.0,0,74.3,31.9,33.7,31.8,16.5,132.71428571428572,0,0,0,0,1,0.2667,1.124,49.83
ORD_52228,W_130c62b1780d5442,ZONE_DEL_01,2026-07-27,38,1,2808.31,2869.19,0.0,194.0,0.0,Delhi_NCR,Metro,Food_Delivery,Scooter,1.0,333,Part-Time,26.7,18,2808.31,4.67,1,1.0,0,51.900000000000006,19.5,35.3,32.94285714285714,14.4,172.57142857142858,0,0,0,0,1,0.2462,1.086,47.37
ORD_52229,W_130c62b1780d5442,ZONE_DEL_01,2026-08-03,15,3,2808.31,1163.73,1644.58,82.9,0.565,Delhi_NCR,Metro,Food_Delivery,Scooter,1.0,333,Part-Time,26.7,18,2808.31,4.67,1,1.0,0,132.8,58.3,33.8,31.17142857142857,15.8,126.57142857142856,0,0,1,0,1,0.4771,1.221,63.12
ORD_52230,W_130c62b1780d5442,ZONE_DEL_01,2026-08-10,36,1,2808.31,2728.2,80.11,207.1,0.0,Delhi_NCR,Metro,Food_Delivery,Scooter,1.0,333,Part-Time,26.7,18,2808.31,4.67,1,1.0,0,45.8,12.5,34.4,32.614285714285714,11.1,170.42857142857142,0,0,0,1,1,0.2309,1.076,46.36
ORD_52231,W_130c62b1780d5442,ZONE_DEL_01,2026-08-17,31,2,2808.31,2368.04,440.27,156.8,0.15,Delhi_NCR,Metro,Food_Delivery,Scooter,1.0,333,Part-Time,26.7,18,2808.31,4.67,1,1.0,0,34.3,8.2,33.6,33.15714285714286,11.7,140.0,1,0,1,0,1,0.2655,1.057,46.82
ORD_52232,W_130c62b1780d5442,ZONE_DEL_01,2026-08-24,38,1,2808.31,2913.05,0.0,221.6,0.0,Delhi_NCR,Metro,Food_Delivery,Scooter,1.0,333,Part-Time,26.7,18,2808.31,4.67,1,1.0,0,24.5,13.5,34.9,33.44285714285714,13.9,168.0,0,0,0,1,1,0.1811,1.041,43.03
ORD_52233,W_130c62b1780d5442,ZONE_DEL_01,2026-08-31,36,1,2808.31,2710.94,97.37,201.3,0.006,Delhi_NCR,Metro,Food_Delivery,Scooter,1.0,333,Part-Time,26.7,18,2808.31,4.67,1,1.0,0,76.6,23.5,34.4,31.24285714285714,13.1,145.57142857142858,0,0,0,1,1,0.2815,1.128,50.59
ORD_52234,W_130c62b1780d5442,ZONE_DEL_01,2026-09-07,37,1,2808.31,2789.52,18.79,148.7,0.0,Delhi_NCR,Metro,Food_Delivery,Scooter,1.0,333,Part-Time,26.7,18,2808.31,4.67,1,1.0,0,19.1,8.7,34.4,32.471428571428575,14.1,142.0,0,0,0,0,1,0.1495,1.032,41.52
ORD_52235,W_130c62b1780d5442,ZONE_DEL_01,2026-09-14,38,1,2808.31,2921.89,0.0,153.3,0.0,Delhi_NCR,Metro,Food_Delivery,Scooter,1.0,333,Part-Time,26.7,18,2808.31,4.67,1,1.0,0,7.6,3.7,35.0,33.05,14.4,149.0,0,0,0,0,1,0.1288,1.013,40.02
ORD_52236,W_b3a42227b037774e,ZONE_HYD_01,2026-06-22,72,3,5746.66,5474.16,272.5,255.9,0.0,Hyderabad,Metro,E_Commerce,Bike,1.2,115,Full-Time,60.2,25,5746.66,4.34,1,1.05,1,21.8,14.6,32.6,30.65,17.3,156.25,1,0,1,1,1,0.2496,1.036,47.58
ORD_52237,W_b3a42227b037774e,ZONE_HYD_01,2026-06-29,77,3,5746.66,5816.95,0.0,407.1,0.0,Hyderabad,Metro,E_Commerce,Bike,1.2,115,Full-Time,60.2,25,5746.66,4.34,1,1.05,1,35.9,10.7,29.8,28.357142857142858,25.4,132.14285714285714,0,0,0,0,1,0.1799,1.06,45.96
ORD_52238,W_b3a42227b037774e,ZONE_HYD_01,2026-07-06,75,3,5746.66,5638.07,108.59,327.3,0.0,Hyderabad,Metro,E_Commerce,Bike,1.2,115,Full-Time,60.2,25,5746.66,4.34,1,1.05,1,6.2,2.2,33.3,32.27142857142857,25.7,165.28571428571428,0,0,0,0,1,0.1379,1.01,42.24
ORD_52239,W_b3a42227b037774e,ZONE_HYD_01,2026-07-13,64,6,5746.66,4806.26,940.4,341.5,0.15,Hyderabad,Metro,E_Commerce,Bike,1.2,115,Full-Time,60.2,25,5746.66,4.34,1,1.05,1,26.8,13.6,33.9,31.52857142857143,19.0,155.14285714285714,0,1,1,0,1,0.26,1.045,48.39
ORD_52240,W_b3a42227b037774e,ZONE_HYD_01,2026-07-20,73,3,5746.66,5492.73,253.93,438.6,0.0,Hyderabad,Metro,E_Commerce,Bike,1.2,115,Full-Time,60.2,25,5746.66,4.34,1,1.05,1,38.8,13.9,30.0,28.61428571428572,25.3,132.85714285714286,0,0,0,0,1,0.1869,1.065,46.45
ORD_52241,W_b3a42227b037774e,ZONE_HYD_01,2026-07-27,62,7,5746.66,4706.04,1040.62,245.7,0.22,Hyderabad,Metro,E_Commerce,Bike,1.2,115,Full-Time,60.2,25,5746.66,4.34,1,1.05,1,70.5,24.9,30.6,28.585714285714285,24.3,137.0,0,0,0,0,1,0.2614,1.118,51.83
ORD_52242,W_b3a42227b037774e,ZONE_HYD_01,2026-08-03,78,3,5746.66,5902.71,0.0,320.1,0.0,Hyderabad,Metro,E_Commerce,Bike,1.2,115,Full-Time,60.2,25,5746.66,4.34,1,1.05,1,20.5,9.0,30.6,29.442857142857143,20.0,136.28571428571428,0,0,0,0,1,0.1483,1.034,43.63
ORD_52243,W_b3a42227b037774e,ZONE_HYD_01,2026-08-10,73,3,5746.66,5505.79,240.87,427.9,0.0,Hyderabad,Metro,E_Commerce,Bike,1.2,115,Full-Time,60.2,25,5746.66,4.34,1,1.05,1,12.6,3.6,30.8,29.82857142857143,19.8,137.42857142857142,0,0,0,1,1,0.1314,1.021,42.45
ORD_52244,W_b3a42227b037774e,ZONE_HYD_01,2026-08-17,62,7,5746.66,4702.73,1043.93,284.6,0.21,Hyderabad,Metro,E_Commerce,Bike,1.2,115,Full-Time,60.2,25,5746.66,4.34,1,1.05,1,18.2,11.0,31.5,30.228571428571428,19.4,148.85714285714286,0,1,1,0,1,0.2359,1.03,46.78
ORD_52245,W_b3a42227b037774e,ZONE_HYD_01,2026-08-24,78,3,5746.66,5862.97,0.0,390.3,0.0,Hyderabad,Metro,E_Commerce,Bike,1.2,115,Full-Time,60.2,25,5746.66,4.34,1,1.05,1,10.4,3.2,30.4,29.17142857142857,21.5,140.14285714285714,0,0,0,1,1,0.1285,1.017,42.18
ORD_52246,W_b3a42227b037774e,ZONE_HYD_01,2026-08-31,79,3,5746.66,5949.49,0.0,343.7,0.0,Hyderabad,Metro,E_Commerce,Bike,1.2,115,Full-Time,60.2,25,5746.66,4.34,1,1.05,1,8.8,5.3,32.0,30.228571428571428,19.7,159.14285714285714,0,0,0,1,1,0.1392,1.015,42.49
ORD_52247,W_b3a42227b037774e,ZONE_HYD_01,2026-09-07,65,6,5746.66,4896.22,850.44,312.7,0.15,Hyderabad,Metro,E_Commerce,Bike,1.2,115,Full-Time,60.2,25,5746.66,4.34,1,1.05,1,26.3,11.7,32.2,31.057142857142857,15.3,156.57142857142858,1,0,1,0,1,0.2599,1.044,48.34
ORD_52248,W_b3a42227b037774e,ZONE_HYD_01,2026-09-14,75,3,5746.66,5662.7,83.96,443.0,0.0,Hyderabad,Metro,E_Commerce,Bike,1.2,115,Full-Time,60.2,25,5746.66,4.34,1,1.05,1,12.7,5.5,33.4,31.525,10.7,147.5,0,0,0,0,1,0.1392,1.021,42.74
ORD_52249,W_f048af82c0c850a4,ZONE_BLR_01,2026-06-22,60,3,4730.77,4572.7,158.07,234.2,0.0,Bangalore,Metro,Q_Commerce,Bicycle,1.8,103,Full-Time,55.4,27,4730.77,4.85,1,1.2,1,16.3,5.3,30.1,29.475,20.2,135.25,0,0,0,1,1,0.1381,1.027,49.09
ORD_52250,W_f048af82c0c850a4,ZONE_BLR_01,2026-06-29,54,5,4730.77,4052.08,678.69,284.9,0.15,Bangalore,Metro,Q_Commerce,Bicycle,1.8,103,Full-Time,55.4,27,4730.77,4.85,1,1.2,1,20.1,8.4,29.2,27.985714285714288,29.9,153.85714285714286,1,0,1,0,1,0.244,1.034,54.02
ORD_52251,W_f048af82c0c850a4,ZONE_BLR_01,2026-07-06,61,3,4730.77,4586.3,144.47,277.9,0.0,Bangalore,Metro,Q_Commerce,Bicycle,1.8,103,Full-Time,55.4,27,4730.77,4.85,1,1.2,1,8.399999999999999,3.3,31.8,29.77142857142857,29.7,172.71428571428572,0,0,0,0,1,0.1484,1.014,48.91
ORD_52252,W_f048af82c0c850a4,ZONE_BLR_01,2026-07-13,65,3,4730.77,4942.03,0.0,270.8,0.0,Bangalore,Metro,Q_Commerce,Bicycle,1.8,103,Full-Time,55.4,27,4730.77,4.85,1,1.2,1,16.8,9.8,32.1,29.785714285714285,20.5,124.57142857142856,0,0,0,0,1,0.1312,1.028,48.84
ORD_52253,W_f048af82c0c850a4,ZONE_BLR_01,2026-07-20,54,5,4730.77,4088.85,641.92,296.9,0.15,Bangalore,Metro,Q_Commerce,Bicycle,1.8,103,Full-Time,55.4,27,4730.77,4.85,1,1.2,1,33.4,8.9,29.5,28.414285714285715,21.1,162.85714285714286,1,0,1,0,1,0.2806,1.056,56.8
ORD_52254,W_f048af82c0c850a4,ZONE_BLR_01,2026-07-27,62,3,4730.77,4706.23,24.54,373.9,0.0,Bangalore,Metro,Q_Commerce,Bicycle,1.8,103,Full-Time,55.4,27,4730.77,4.85,1,1.2,1,28.8,17.0,29.7,28.685714285714287,25.0,169.42857142857142,0,0,0,0,1,0.1919,1.048,52.46
ORD_52255,W_f048af82c0c850a4,ZONE_BLR_01,2026-08-03,33,6,4730.77,2501.95,2228.82,166.2,0.469,Bangalore,Metro,Q_Commerce,Bicycle,1.8,103,Full-Time,55.4,27,4730.77,4.85,1,1.2,1,76.3,18.5,28.3,27.285714285714285,21.1,143.0,0,0,0,0,1,0.2789,1.127,60.54
ORD_52256,W_f048af82c0c850a4,ZONE_BLR_01,2026-08-10,64,3,4730.77,4821.89,0.0,326.3,0.0,Bangalore,Metro,Q_Commerce,Bicycle,1.8,103,Full-Time,55.4,27,4730.77,4.85,1,1.2,1,19.9,5.6,30.7,29.17142857142857,21.8,129.0,0,0,0,1,1,0.1415,1.033,49.53
ORD_52257,W_f048af82c0c850a4,ZONE_BLR_01,2026-08-17,55,5,4730.77,4173.43,557.34,245.5,0.15,Bangalore,Metro,Q_Commerce,Bicycle,1.8,103,Full-Time,55.4,27,4730.77,4.85,1,1.2,1,31.4,9.8,29.9,28.4,22.2,146.57142857142858,1,0,1,0,1,0.2639,1.052,55.84
ORD_52258,W_f048af82c0c850a4,ZONE_BLR_01,2026-08-24,61,3,4730.77,4636.1,94.67,248.7,0.0,Bangalore,Metro,Q_Commerce,Bicycle,1.8,103,Full-Time,55.4,27,4730.77,4.85,1,1.2,1,35.7,18.2,28.8,28.014285714285712,22.3,167.14285714285714,0,0,0,1,1,0.2057,1.06,53.68
ORD_52259,W_f048af82c0c850a4,ZONE_BLR_01,2026-08-31,60,3,4730.77,4512.11,218.66,217.0,0.0,Bangalore,Metro,Q_Commerce,Bicycle,1.8,103,Full-Time,55.4,27,4730.77,4.85,1,1.2,1,13.2,3.6,30.8,29.542857142857144,19.3,142.71428571428572,1,0,1,1,1,0.2201,1.022,52.37
ORD_52260,W_f048af82c0c850a4,ZONE_BLR_01,2026-09-07,65,3,4730.77,4905.83,0.0,346.6,0.0,Bangalore,Metro,Q_Commerce,Bicycle,1.8,103,Full-Time,55.4,27,4730.77,4.85,1,1.2,1,8.5,5.1,31.0,30.62857142857143,14.9,128.28571428571428,0,0,0,0,1,0.1153,1.014,47.5
ORD_52261,W_f048af82c0c850a4,ZONE_BLR_01,2026-09-14,64,3,4730.77,4806.71,0.0,330.2,0.0,Bangalore,Metro,Q_Commerce,Bicycle,1.8,103,Full-Time,55.4,27,4730.77,4.85,1,1.2,1,33.1,9.6,30.8,30.425,13.6,137.5,0,0,0,0,1,0.1776,1.055,52.18
ORD_52262,W_cefdf79a59137c33,ZONE_BOM_01,2026-06-22,30,1,2214.97,2292.32,0.0,143.9,0.0,Mumbai,Metro,Food_Delivery,Bicycle,1.8,64,Part-Time,24.5,14,2214.97,5.0,1,1.2,0,24.8,11.5,31.1,30.425,15.3,184.0,0,0,0,1,1,0.1938,1.041,52.2
ORD_52263,W_cefdf79a59137c33,ZONE_BOM_01,2026-06-29,4,1,2214.97,327.58,1887.39,24.0,0.85,Mumbai,Metro,Food_Delivery,Bicycle,1.8,64,Part-Time,24.5,14,2214.97,5.0,1,1.2,0,493.0,136.9,28.6,27.642857142857142,30.3,147.0,0,0,6,0,1,1.0,1.822,79.0
ORD_52264,W_cefdf79a59137c33,ZONE_BOM_01,2026-07-06,4,1,2214.97,324.18,1890.79,20.1,0.85,Mumbai,Metro,Food_Delivery,Bicycle,1.8,64,Part-Time,24.5,14,2214.97,5.0,1,1.2,0,235.5,131.8,30.2,29.142857142857142,34.6,143.85714285714286,0,0,2,0,1,0.8044,1.392,79.0
ORD_52265,W_cefdf79a59137c33,ZONE_BOM_01,2026-07-13,12,2,2214.97,930.93,1284.04,61.2,0.564,Mumbai,Metro,Food_Delivery,Bicycle,1.8,64,Part-Time,24.5,14,2214.97,5.0,1,1.2,0,92.5,33.1,30.6,29.82857142857143,21.8,156.42857142857142,1,0,1,0,1,0.4088,1.154,68.28
ORD_52266,W_cefdf79a59137c33,ZONE_BOM_01,2026-07-20,4,1,2214.97,317.37,1897.6,24.2,0.85,Mumbai,Metro,Food_Delivery,Bicycle,1.8,64,Part-Time,24.5,14,2214.97,5.0,1,1.2,0,354.8,107.0,29.6,28.74285714285714,34.0,158.42857142857142,0,0,4,0,1,1.0,1.591,79.0
ORD_52267,W_cefdf79a59137c33,ZONE_BOM_01,2026-07-27,4,1,2214.97,344.77,1870.2,21.3,0.85,Mumbai,Metro,Food_Delivery,Bicycle,1.8,64,Part-Time,24.5,14,2214.97,5.0,1,1.2,0,120.9,42.9,29.6,28.957142857142856,25.3,151.42857142857142,0,0,0,0,1,0.3856,1.202,69.95
ORD_52268,W_cefdf79a59137c33,ZONE_BOM_01,2026-08-03,14,2,2214.97,1083.64,1131.33,74.5,0.511,Mumbai,Metro,Food_Delivery,Bicycle,1.8,64,Part-Time,24.5,14,2214.97,5.0,1,1.2,0,76.8,18.7,29.7,29.285714285714285,21.2,139.0,0,0,0,0,1,0.277,1.128,60.5
ORD_52269,W_cefdf79a59137c33,ZONE_BOM_01,2026-08-10,6,1,2214.97,484.6,1730.37,35.2,0.776,Mumbai,Metro,Food_Delivery,Bicycle,1.8,64,Part-Time,24.5,14,2214.97,5.0,1,1.2,0,96.6,30.6,29.7,28.61428571428572,19.0,142.57142857142858,0,0,0,1,1,0.3243,1.161,64.58
ORD_52270,W_cefdf79a59137c33,ZONE_BOM_01,2026-08-17,5,1,2214.97,429.14,1785.83,30.1,0.81,Mumbai,Metro,Food_Delivery,Bicycle,1.8,64,Part-Time,24.5,14,2214.97,5.0,1,1.2,0,61.0,16.7,29.7,29.228571428571428,20.6,146.28571428571428,1,0,1,0,1,0.3303,1.102,61.57
ORD_52271,W_cefdf79a59137c33,ZONE_BOM_01,2026-08-24,29,1,2214.97,2192.35,22.62,176.1,0.0,Mumbai,Metro,Food_Delivery,Bicycle,1.8,64,Part-Time,24.5,14,2214.97,5.0,1,1.2,0,36.4,7.6,29.6,29.25714285714286,21.1,134.0,1,0,1,1,1,0.2657,1.061,56.4
ORD_52272,W_cefdf79a59137c33,ZONE_BOM_01,2026-08-31,20,2,2214.97,1564.53,650.44,119.0,0.26,Mumbai,Metro,Food_Delivery,Bicycle,1.8,64,Part-Time,24.5,14,2214.97,5.0,1,1.2,0,61.0,16.1,29.6,29.042857142857144,18.4,158.28571428571428,0,0,0,1,1,0.256,1.102,58.13
ORD_52273,W_cefdf79a59137c33,ZONE_BOM_01,2026-09-07,29,1,2214.97,2211.53,3.44,137.5,0.0,Mumbai,Metro,Food_Delivery,Bicycle,1.8,64,Part-Time,24.5,14,2214.97,5.0,1,1.2,0,52.9,25.5,30.0,29.071428571428573,15.3,169.57142857142858,0,0,0,0,1,0.2462,1.088,56.95
ORD_52274,W_cefdf79a59137c33,ZONE_BOM_01,2026-09-14,29,1,2214.97,2229.69,0.0,113.2,0.0,Mumbai,Metro,Food_Delivery,Bicycle,1.8,64,Part-Time,24.5,14,2214.97,5.0,1,1.2,0,23.3,10.3,30.0,29.625,20.1,162.0,0,0,0,0,1,0.1739,1.039,51.23
ORD_52275,W_52ff32f5e6826a91,ZONE_HYD_01,2026-06-22,71,3,5414.37,5397.68,16.69,407.8,0.0,Hyderabad,Metro,Food_Delivery,Bicycle,1.8,183,Full-Time,60.0,28,5414.37,4.46,1,1.2,1,21.8,14.6,32.6,30.65,17.3,156.25,1,0,1,1,1,0.2496,1.036,54.37
ORD_52276,W_52ff32f5e6826a91,ZONE_HYD_01,2026-06-29,68,3,5414.37,5152.03,262.34,288.1,0.0,Hyderabad,Metro,Food_Delivery,Bicycle,1.8,183,Full-Time,60.0,28,5414.37,4.46,1,1.2,1,35.9,10.7,29.8,28.357142857142858,25.4,132.14285714285714,0,0,0,0,1,0.1799,1.06,52.53
ORD_52277,W_52ff32f5e6826a91,ZONE_HYD_01,2026-07-06,68,3,5414.37,5144.98,269.39,314.3,0.0,Hyderabad,Metro,Food_Delivery,Bicycle,1.8,183,Full-Time,60.0,28,5414.37,4.46,1,1.2,1,6.2,2.2,33.3,32.27142857142857,25.7,165.28571428571428,0,0,0,0,1,0.1379,1.01,48.27
ORD_52278,W_52ff32f5e6826a91,ZONE_HYD_01,2026-07-13,62,5,5414.37,4707.29,707.08,350.7,0.15,Hyderabad,Metro,Food_Delivery,Bicycle,1.8,183,Full-Time,60.0,28,5414.37,4.46,1,1.2,1,26.8,13.6,33.9,31.52857142857143,19.0,155.14285714285714,0,1,1,0,1,0.26,1.045,55.3
ORD_52279,W_52ff32f5e6826a91,ZONE_HYD_01,2026-07-20,75,3,5414.37,5655.41,0.0,385.7,0.0,Hyderabad,Metro,Food_Delivery,Bicycle,1.8,183,Full-Time,60.0,28,5414.37,4.46,1,1.2,1,38.8,13.9,30.0,28.61428571428572,25.3,132.85714285714286,0,0,0,0,1,0.1869,1.065,53.09
ORD_52280,W_52ff32f5e6826a91,ZONE_HYD_01,2026-07-27,49,7,5414.37,3732.11,1682.26,274.1,0.339,Hyderabad,Metro,Food_Delivery,Bicycle,1.8,183,Full-Time,60.0,28,5414.37,4.46,1,1.2,1,70.5,24.9,30.6,28.585714285714285,24.3,137.0,0,0,0,0,1,0.2614,1.118,59.23
ORD_52281,W_52ff32f5e6826a91,ZONE_HYD_01,2026-08-03,72,3,5414.37,5454.67,0.0,387.2,0.0,Hyderabad,Metro,Food_Delivery,Bicycle,1.8,183,Full-Time,60.0,28,5414.37,4.46,1,1.2,1,20.5,9.0,30.6,29.442857142857143,20.0,136.28571428571428,0,0,0,0,1,0.1483,1.034,49.87
ORD_52282,W_52ff32f5e6826a91,ZONE_HYD_01,2026-08-10,75,3,5414.37,5644.11,0.0,406.8,0.0,Hyderabad,Metro,Food_Delivery,Bicycle,1.8,183,Full-Time,60.0,28,5414.37,4.46,1,1.2,1,12.6,3.6,30.8,29.82857142857143,19.8,137.42857142857142,0,0,0,1,1,0.1314,1.021,48.52
ORD_52283,W_52ff32f5e6826a91,ZONE_HYD_01,2026-08-17,56,6,5414.37,4221.05,1193.32,303.8,0.21,Hyderabad,Metro,Food_Delivery,Bicycle,1.8,183,Full-Time,60.0,28,5414.37,4.46,1,1.2,1,18.2,11.0,31.5,30.228571428571428,19.4,148.85714285714286,0,1,1,0,1,0.2359,1.03,53.47
ORD_52284,W_52ff32f5e6826a91,ZONE_HYD_01,2026-08-24,68,3,5414.37,5165.46,248.91,308.9,0.0,Hyderabad,Metro,Food_Delivery,Bicycle,1.8,183,Full-Time,60.0,28,5414.37,4.46,1,1.2,1,10.4,3.2,30.4,29.17142857142857,21.5,140.14285714285714,0,0,0,1,1,0.1285,1.017,48.2
ORD_52285,W_52ff32f5e6826a91,ZONE_HYD_01,2026-08-31,71,3,5414.37,5363.65,50.72,280.5,0.0,Hyderabad,Metro,Food_Delivery,Bicycle,1.8,183,Full-Time,60.0,28,5414.37,4.46,1,1.2,1,8.8,5.3,32.0,30.228571428571428,19.7,159.14285714285714,0,0,0,1,1,0.1392,1.015,48.56
ORD_52286,W_52ff32f5e6826a91,ZONE_HYD_01,2026-09-07,58,5,5414.37,4382.73,1031.64,223.9,0.15,Hyderabad,Metro,Food_Delivery,Bicycle,1.8,183,Full-Time,60.0,28,5414.37,4.46,1,1.2,1,26.3,11.7,32.2,31.057142857142857,15.3,156.57142857142858,1,0,1,0,1,0.2599,1.044,55.24
ORD_52287,W_52ff32f5e6826a91,ZONE_HYD_01,2026-09-14,73,3,5414.37,5498.09,0.0,413.6,0.0,Hyderabad,Metro,Food_Delivery,Bicycle,1.8,183,Full-Time,60.0,28,5414.37,4.46,1,1.2,1,12.7,5.5,33.4,31.525,10.7,147.5,0,0,0,0,1,0.1392,1.021,48.85
ORD_52288,W_c2a41f580914475e,ZONE_HYD_01,2026-06-22,30,1,2197.09,2304.35,0.0,133.1,0.0,Hyderabad,Metro,Food_Delivery,Bike,1.2,211,Part-Time,22.0,13,2197.09,4.71,1,1.05,0,21.8,14.6,32.6,30.65,17.3,156.25,1,0,1,1,1,0.2496,1.036,47.58
ORD_52289,W_c2a41f580914475e,ZONE_HYD_01,2026-06-29,29,1,2197.09,2218.92,0.0,174.9,0.0,Hyderabad,Metro,Food_Delivery,Bike,1.2,211,Part-Time,22.0,13,2197.09,4.71,1,1.05,0,35.9,10.7,29.8,28.357142857142858,25.4,132.14285714285714,0,0,0,0,1,0.1799,1.06,45.96
ORD_52290,W_c2a41f580914475e,ZONE_HYD_01,2026-07-06,28,1,2197.09,2123.94,73.15,152.3,0.0,Hyderabad,Metro,Food_Delivery,Bike,1.2,211,Part-Time,22.0,13,2197.09,4.71,1,1.05,0,6.2,2.2,33.3,32.27142857142857,25.7,165.28571428571428,0,0,0,0,1,0.1379,1.01,42.24
ORD_52291,W_c2a41f580914475e,ZONE_HYD_01,2026-07-13,25,2,2197.09,1915.14,281.95,93.5,0.15,Hyderabad,Metro,Food_Delivery,Bike,1.2,211,Part-Time,22.0,13,2197.09,4.71,1,1.05,0,26.8,13.6,33.9,31.52857142857143,19.0,155.14285714285714,0,1,1,0,1,0.26,1.045,48.39
ORD_52292,W_c2a41f580914475e,ZONE_HYD_01,2026-07-20,30,1,2197.09,2276.46,0.0,170.9,0.0,Hyderabad,Metro,Food_Delivery,Bike,1.2,211,Part-Time,22.0,13,2197.09,4.71,1,1.05,0,38.8,13.9,30.0,28.61428571428572,25.3,132.85714285714286,0,0,0,0,1,0.1869,1.065,46.45
ORD_52293,W_c2a41f580914475e,ZONE_HYD_01,2026-07-27,22,2,2197.09,1715.27,481.82,79.9,0.186,Hyderabad,Metro,Food_Delivery,Bike,1.2,211,Part-Time,22.0,13,2197.09,4.71,1,1.05,0,70.5,24.9,30.6,28.585714285714285,24.3,137.0,0,0,0,0,1,0.2614,1.118,51.83
ORD_52294,W_c2a41f580914475e,ZONE_HYD_01,2026-08-03,28,1,2197.09,2160.78,36.31,136.5,0.0,Hyderabad,Metro,Food_Delivery,Bike,1.2,211,Part-Time,22.0,13,2197.09,4.71,1,1.05,0,20.5,9.0,30.6,29.442857142857143,20.0,136.28571428571428,0,0,0,0,1,0.1483,1.034,43.63
ORD_52295,W_c2a41f580914475e,ZONE_HYD_01,2026-08-10,29,1,2197.09,2204.2,0.0,122.5,0.0,Hyderabad,Metro,Food_Delivery,Bike,1.2,211,Part-Time,22.0,13,2197.09,4.71,1,1.05,0,12.6,3.6,30.8,29.82857142857143,19.8,137.42857142857142,0,0,0,1,1,0.1314,1.021,42.45
ORD_52296,W_c2a41f580914475e,ZONE_HYD_01,2026-08-17,24,2,2197.09,1807.14,389.95,107.9,0.21,Hyderabad,Metro,Food_Delivery,Bike,1.2,211,Part-Time,22.0,13,2197.09,4.71,1,1.05,0,18.2,11.0,31.5,30.228571428571428,19.4,148.85714285714286,0,1,1,0,1,0.2359,1.03,46.78
ORD_52297,W_c2a41f580914475e,ZONE_HYD_01,2026-08-24,27,1,2197.09,2097.24,99.85,116.4,0.0,Hyderabad,Metro,Food_Delivery,Bike,1.2,211,Part-Time,22.0,13,2197.09,4.71,1,1.05,0,10.4,3.2,30.4,29.17142857142857,21.5,140.14285714285714,0,0,0,1,1,0.1285,1.017,42.18
ORD_52298,W_c2a41f580914475e,ZONE_HYD_01,2026-08-31,29,1,2197.09,2203.93,0.0,133.5,0.0,Hyderabad,Metro,Food_Delivery,Bike,1.2,211,Part-Time,22.0,13,2197.09,4.71,1,1.05,0,8.8,5.3,32.0,30.228571428571428,19.7,159.14285714285714,0,0,0,1,1,0.1392,1.015,42.49
ORD_52299,W_c2a41f580914475e,ZONE_HYD_01,2026-09-07,24,2,2197.09,1825.29,371.8,92.5,0.15,Hyderabad,Metro,Food_Delivery,Bike,1.2,211,Part-Time,22.0,13,2197.09,4.71,1,1.05,0,26.3,11.7,32.2,31.057142857142857,15.3,156.57142857142858,1,0,1,0,1,0.2599,1.044,48.34
ORD_52300,W_c2a41f580914475e,ZONE_HYD_01,2026-09-14,30,1,2197.09,2267.21,0.0,185.7,0.0,Hyderabad,Metro,Food_Delivery,Bike,1.2,211,Part-Time,22.0,13,2197.09,4.71,1,1.05,0,12.7,5.5,33.4,31.525,10.7,147.5,0,0,0,0,1,0.1392,1.021,42.74
ORD_52301,W_1c1e8e267cbe669c,ZONE_DEL_01,2026-06-22,81,4,6248.56,6142.05,106.51,367.0,0.0,Delhi_NCR,Metro,Food_Delivery,Scooter,1.0,16,Full-Time,58.3,24,6248.56,5.0,1,1.0,1,4.0,1.2,41.9,40.425,14.3,188.25,0,0,0,1,1,0.1502,1.007,40.54
ORD_52302,W_1c1e8e267cbe669c,ZONE_DEL_01,2026-06-29,71,6,6248.56,5342.36,906.2,386.2,0.155,Delhi_NCR,Metro,Food_Delivery,Scooter,1.0,16,Full-Time,58.3,24,6248.56,5.0,1,1.0,1,20.0,6.8,41.7,35.84285714285714,14.4,157.71428571428572,0,0,0,0,1,0.1633,1.033,42.06
ORD_52303,W_1c1e8e267cbe669c,ZONE_DEL_01,2026-07-06,23,6,6248.56,1765.79,4482.77,115.3,0.728,Delhi_NCR,Metro,Food_Delivery,Scooter,1.0,16,Full-Time,58.3,24,6248.56,5.0,1,1.0,1,122.9,99.8,36.7,32.9,18.9,156.0,1,0,2,0,1,0.5602,1.205,65.8
ORD_52304,W_1c1e8e267cbe669c,ZONE_DEL_01,2026-07-13,82,4,6248.56,6217.56,31.0,430.2,0.0,Delhi_NCR,Metro,Food_Delivery,Scooter,1.0,16,Full-Time,58.3,24,6248.56,5.0,1,1.0,1,9.8,3.7,37.4,36.55714285714286,19.6,129.42857142857142,0,0,0,0,1,0.1191,1.016,39.8
ORD_52305,W_1c1e8e267cbe669c,ZONE_DEL_01,2026-07-20,60,8,6248.56,4548.37,1700.19,216.5,0.293,Delhi_NCR,Metro,Food_Delivery,Scooter,1.0,16,Full-Time,58.3,24,6248.56,5.0,1,1.0,1,74.3,31.9,33.7,31.8,16.5,132.71428571428572,0,0,0,0,1,0.2667,1.124,49.83
ORD_52306,W_1c1e8e267cbe669c,ZONE_DEL_01,2026-07-27,81,4,6248.56,6143.78,104.78,386.4,0.0,Delhi_NCR,Metro,Food_Delivery,Scooter,1.0,16,Full-Time,58.3,24,6248.56,5.0,1,1.0,1,51.900000000000006,19.5,35.3,32.94285714285714,14.4,172.57142857142858,0,0,0,0,1,0.2462,1.086,47.37
ORD_52307,W_1c1e8e267cbe669c,ZONE_DEL_01,2026-08-03,37,8,6248.56,2785.9,3462.66,212.0,0.563,Delhi_NCR,Metro,Food_Delivery,Scooter,1.0,16,Full-Time,58.3,24,6248.56,5.0,1,1.0,1,132.8,58.3,33.8,31.17142857142857,15.8,126.57142857142856,0,0,1,0,1,0.4771,1.221,63.12
ORD_52308,W_1c1e8e267cbe669c,ZONE_DEL_01,2026-08-10,85,4,6248.56,6393.12,0.0,524.6,0.0,Delhi_NCR,Metro,Food_Delivery,Scooter,1.0,16,Full-Time,58.3,24,6248.56,5.0,1,1.0,1,45.8,12.5,34.4,32.614285714285714,11.1,170.42857142857142,0,0,0,1,1,0.2309,1.076,46.36
ORD_52309,W_1c1e8e267cbe669c,ZONE_DEL_01,2026-08-17,69,6,6248.56,5190.47,1058.09,404.5,0.15,Delhi_NCR,Metro,Food_Delivery,Scooter,1.0,16,Full-Time,58.3,24,6248.56,5.0,1,1.0,1,34.3,8.2,33.6,33.15714285714286,11.7,140.0,1,0,1,0,1,0.2655,1.057,46.82
ORD_52310,W_1c1e8e267cbe669c,ZONE_DEL_01,2026-08-24,85,4,6248.56,6415.16,0.0,380.6,0.0,Delhi_NCR,Metro,Food_Delivery,Scooter,1.0,16,Full-Time,58.3,24,6248.56,5.0,1,1.0,1,24.5,13.5,34.9,33.44285714285714,13.9,168.0,0,0,0,1,1,0.1811,1.041,43.03
ORD_52311,W_1c1e8e267cbe669c,ZONE_DEL_01,2026-08-31,75,5,6248.56,5640.38,608.18,422.3,0.06,Delhi_NCR,Metro,Food_Delivery,Scooter,1.0,16,Full-Time,58.3,24,6248.56,5.0,1,1.0,1,76.6,23.5,34.4,31.24285714285714,13.1,145.57142857142858,0,0,0,1,1,0.2815,1.128,50.59
ORD_52312,W_1c1e8e267cbe669c,ZONE_DEL_01,2026-09-07,83,4,6248.56,6268.76,0.0,356.0,0.0,Delhi_NCR,Metro,Food_Delivery,Scooter,1.0,16,Full-Time,58.3,24,6248.56,5.0,1,1.0,1,19.1,8.7,34.4,32.471428571428575,14.1,142.0,0,0,0,0,1,0.1495,1.032,41.52
ORD_52313,W_1c1e8e267cbe669c,ZONE_DEL_01,2026-09-14,84,4,6248.56,6345.9,0.0,439.5,0.0,Delhi_NCR,Metro,Food_Delivery,Scooter,1.0,16,Full-Time,58.3,24,6248.56,5.0,1,1.0,1,7.6,3.7,35.0,33.05,14.4,149.0,0,0,0,0,1,0.1288,1.013,40.02
ORD_52314,W_76f3b54ed7bb701d,ZONE_BOM_01,2026-06-22,79,3,6128.61,5950.57,178.04,283.0,0.0,Mumbai,Metro,Food_Delivery,Scooter,1.0,120,Full-Time,55.3,21,6128.61,4.61,1,1.0,1,24.8,11.5,31.1,30.425,15.3,184.0,0,0,0,1,1,0.1938,1.041,43.5
ORD_52315,W_76f3b54ed7bb701d,ZONE_BOM_01,2026-06-29,12,3,6128.61,925.68,5202.93,70.4,0.85,Mumbai,Metro,Food_Delivery,Scooter,1.0,120,Full-Time,55.3,21,6128.61,4.61,1,1.0,1,493.0,136.9,28.6,27.642857142857142,30.3,147.0,0,0,6,0,1,1.0,1.822,79.0
ORD_52316,W_76f3b54ed7bb701d,ZONE_BOM_01,2026-07-06,13,3,6128.61,1010.18,5118.43,72.0,0.836,Mumbai,Metro,Food_Delivery,Scooter,1.0,120,Full-Time,55.3,21,6128.61,4.61,1,1.0,1,235.5,131.8,30.2,29.142857142857142,34.6,143.85714285714286,0,0,2,0,1,0.8044,1.392,79.0
ORD_52317,W_76f3b54ed7bb701d,ZONE_BOM_01,2026-07-13,53,8,6128.61,3981.81,2146.8,214.8,0.366,Mumbai,Metro,Food_Delivery,Scooter,1.0,120,Full-Time,55.3,21,6128.61,4.61,1,1.0,1,92.5,33.1,30.6,29.82857142857143,21.8,156.42857142857142,1,0,1,0,1,0.4088,1.154,56.9
ORD_52318,W_76f3b54ed7bb701d,ZONE_BOM_01,2026-07-20,12,3,6128.61,931.63,5196.98,42.6,0.85,Mumbai,Metro,Food_Delivery,Scooter,1.0,120,Full-Time,55.3,21,6128.61,4.61,1,1.0,1,354.8,107.0,29.6,28.74285714285714,34.0,158.42857142857142,0,0,4,0,1,1.0,1.591,79.0
ORD_52319,W_76f3b54ed7bb701d,ZONE_BOM_01,2026-07-27,42,8,6128.61,3202.01,2926.6,192.3,0.494,Mumbai,Metro,Food_Delivery,Scooter,1.0,120,Full-Time,55.3,21,6128.61,4.61,1,1.0,1,120.9,42.9,29.6,28.957142857142856,25.3,151.42857142857142,0,0,0,0,1,0.3856,1.202,58.29
ORD_52320,W_76f3b54ed7bb701d,ZONE_BOM_01,2026-08-03,53,8,6128.61,4046.19,2082.42,296.5,0.362,Mumbai,Metro,Food_Delivery,Scooter,1.0,120,Full-Time,55.3,21,6128.61,4.61,1,1.0,1,76.8,18.7,29.7,29.285714285714285,21.2,139.0,0,0,0,0,1,0.277,1.128,50.42
ORD_52321,W_76f3b54ed7bb701d,ZONE_BOM_01,2026-08-10,63,7,6128.61,4770.65,1357.96,336.0,0.208,Mumbai,Metro,Food_Delivery,Scooter,1.0,120,Full-Time,55.3,21,6128.61,4.61,1,1.0,1,96.6,30.6,29.7,28.61428571428572,19.0,142.57142857142858,0,0,0,1,1,0.3243,1.161,53.81
ORD_52322,W_76f3b54ed7bb701d,ZONE_BOM_01,2026-08-17,37,7,6128.61,2815.84,3312.77,160.5,0.524,Mumbai,Metro,Food_Delivery,Scooter,1.0,120,Full-Time,55.3,21,6128.61,4.61,1,1.0,1,61.0,16.7,29.7,29.228571428571428,20.6,146.28571428571428,1,0,1,0,1,0.3303,1.102,51.31
ORD_52323,W_76f3b54ed7bb701d,ZONE_BOM_01,2026-08-24,84,4,6128.61,6373.74,0.0,450.1,0.0,Mumbai,Metro,Food_Delivery,Scooter,1.0,120,Full-Time,55.3,21,6128.61,4.61,1,1.0,1,36.4,7.6,29.6,29.25714285714286,21.1,134.0,1,0,1,1,1,0.2657,1.061,47.0
ORD_52324,W_76f3b54ed7bb701d,ZONE_BOM_01,2026-08-31,75,5,6128.61,5676.26,452.35,453.2,0.098,Mumbai,Metro,Food_Delivery,Scooter,1.0,120,Full-Time,55.3,21,6128.61,4.61,1,1.0,1,61.0,16.1,29.6,29.042857142857144,18.4,158.28571428571428,0,0,0,1,1,0.256,1.102,48.44
ORD_52325,W_76f3b54ed7bb701d,ZONE_BOM_01,2026-09-07,79,3,6128.61,5954.67,173.94,441.1,0.0,Mumbai,Metro,Food_Delivery,Scooter,1.0,120,Full-Time,55.3,21,6128.61,4.61,1,1.0,1,52.9,25.5,30.0,29.071428571428573,15.3,169.57142857142858,0,0,0,0,1,0.2462,1.088,47.46
ORD_52326,W_76f3b54ed7bb701d,ZONE_BOM_01,2026-09-14,77,3,6128.61,5834.57,294.04,409.0,0.0,Mumbai,Metro,Food_Delivery,Scooter,1.0,120,Full-Time,55.3,21,6128.61,4.61,1,1.0,1,23.3,10.3,30.0,29.625,20.1,162.0,0,0,0,0,1,0.1739,1.039,42.69
ORD_52327,W_13bf1445fdc63abb,ZONE_MAA_01,2026-06-22,35,1,2690.86,2682.59,8.27,155.3,0.0,Chennai,Metro,Q_Commerce,Scooter,1.0,46,Part-Time,26.3,17,2690.86,4.74,1,1.0,0,33.7,24.5,37.6,36.225,17.3,159.25,0,0,0,1,1,0.1953,1.056,44.18
ORD_52328,W_13bf1445fdc63abb,ZONE_MAA_01,2026-06-29,37,1,2690.86,2788.38,0.0,214.8,0.0,Chennai,Metro,Q_Commerce,Scooter,1.0,46,Part-Time,26.3,17,2690.86,4.74,1,1.0,0,11.8,5.8,38.4,35.55714285714286,23.0,123.0,0,0,0,0,1,0.1188,1.02,39.94
ORD_52329,W_13bf1445fdc63abb,ZONE_MAA_01,2026-07-06,29,2,2690.86,2177.97,512.89,149.2,0.15,Chennai,Metro,Q_Commerce,Scooter,1.0,46,Part-Time,26.3,17,2690.86,4.74,1,1.0,0,9.3,5.2,39.2,37.55714285714286,26.3,163.28571428571428,1,0,1,0,1,0.2267,1.016,43.62
ORD_52330,W_13bf1445fdc63abb,ZONE_MAA_01,2026-07-13,35,1,2690.86,2655.3,35.56,161.8,0.0,Chennai,Metro,Q_Commerce,Scooter,1.0,46,Part-Time,26.3,17,2690.86,4.74,1,1.0,0,11.3,4.9,38.7,36.51428571428571,19.1,141.57142857142858,0,0,0,0,1,0.1316,1.019,40.36
ORD_52331,W_13bf1445fdc63abb,ZONE_MAA_01,2026-07-20,32,2,2690.86,2446.58,244.28,138.8,0.12,Chennai,Metro,Q_Commerce,Scooter,1.0,46,Part-Time,26.3,17,2690.86,4.74,1,1.0,0,35.6,10.7,36.4,34.714285714285715,17.5,131.57142857142858,0,0,0,0,1,0.1788,1.059,43.69
ORD_52332,W_13bf1445fdc63abb,ZONE_MAA_01,2026-07-27,37,1,2690.86,2810.08,0.0,147.4,0.0,Chennai,Metro,Q_Commerce,Scooter,1.0,46,Part-Time,26.3,17,2690.86,4.74,1,1.0,0,26.0,8.2,37.6,36.48571428571429,23.1,145.14285714285714,0,0,0,0,1,0.1674,1.043,42.62
ORD_52333,W_13bf1445fdc63abb,ZONE_MAA_01,2026-08-03,36,1,2690.86,2734.65,0.0,191.3,0.0,Chennai,Metro,Q_Commerce,Scooter,1.0,46,Part-Time,26.3,17,2690.86,4.74,1,1.0,0,38.5,6.7,34.8,33.94285714285714,19.7,150.71428571428572,0,0,0,0,1,0.1997,1.064,44.68
ORD_52334,W_13bf1445fdc63abb,ZONE_MAA_01,2026-08-10,34,1,2690.86,2624.18,66.68,148.8,0.0,Chennai,Metro,Q_Commerce,Scooter,1.0,46,Part-Time,26.3,17,2690.86,4.74,1,1.0,0,15.6,9.3,35.5,35.08571428571428,18.4,153.57142857142858,1,0,1,1,1,0.2336,1.026,44.3
ORD_52335,W_13bf1445fdc63abb,ZONE_MAA_01,2026-08-17,37,1,2690.86,2780.95,0.0,205.6,0.0,Chennai,Metro,Q_Commerce,Scooter,1.0,46,Part-Time,26.3,17,2690.86,4.74,1,1.0,0,29.4,12.9,36.3,35.75714285714285,20.7,143.71428571428572,0,0,0,0,1,0.1739,1.049,43.1
ORD_52336,W_13bf1445fdc63abb,ZONE_MAA_01,2026-08-24,35,1,2690.86,2644.87,45.99,173.0,0.0,Chennai,Metro,Q_Commerce,Scooter,1.0,46,Part-Time,26.3,17,2690.86,4.74,1,1.0,0,15.1,7.6,36.6,34.77142857142857,18.4,144.14285714285714,1,0,1,1,1,0.2254,1.025,43.96
ORD_52337,W_13bf1445fdc63abb,ZONE_MAA_01,2026-08-31,34,1,2690.86,2572.91,117.95,138.2,0.0,Chennai,Metro,Q_Commerce,Scooter,1.0,46,Part-Time,26.3,17,2690.86,4.74,1,1.0,0,13.1,3.6,35.6,34.41428571428571,16.9,156.85714285714286,1,0,1,1,1,0.2305,1.022,44.01
ORD_52338,W_13bf1445fdc63abb,ZONE_MAA_01,2026-09-07,35,1,2690.86,2687.04,3.82,130.6,0.0,Chennai,Metro,Q_Commerce,Scooter,1.0,46,Part-Time,26.3,17,2690.86,4.74,1,1.0,0,23.3,11.4,35.6,34.214285714285715,14.8,136.57142857142858,0,0,0,0,1,0.1549,1.039,42.0
ORD_52339,W_13bf1445fdc63abb,ZONE_MAA_01,2026-09-14,31,2,2690.86,2365.76,325.1,168.6,0.15,Chennai,Metro,Q_Commerce,Scooter,1.0,46,Part-Time,26.3,17,2690.86,4.74,1,1.0,0,27.4,22.7,36.0,33.525,13.4,152.75,0,1,1,0,1,0.2595,1.046,46.11
ORD_52340,W_90d2aadfa09bdbf7,ZONE_MAA_01,2026-06-22,68,3,4891.63,5108.64,0.0,365.3,0.0,Chennai,Metro,Food_Delivery,Bicycle,1.8,80,Full-Time,50.4,22,4891.63,4.58,1,1.2,1,33.7,24.5,37.6,36.225,17.3,159.25,0,0,0,1,1,0.1953,1.056,53.01
ORD_52341,W_90d2aadfa09bdbf7,ZONE_MAA_01,2026-06-29,68,3,4891.63,5107.06,0.0,339.8,0.0,Chennai,Metro,Food_Delivery,Bicycle,1.8,80,Full-Time,50.4,22,4891.63,4.58,1,1.2,1,11.8,5.8,38.4,35.55714285714286,23.0,123.0,0,0,0,0,1,0.1188,1.02,47.93
ORD_52342,W_90d2aadfa09bdbf7,ZONE_MAA_01,2026-07-06,55,5,4891.63,4199.56,692.07,337.6,0.15,Chennai,Metro,Food_Delivery,Bicycle,1.8,80,Full-Time,50.4,22,4891.63,4.58,1,1.2,1,9.3,5.2,39.2,37.55714285714286,26.3,163.28571428571428,1,0,1,0,1,0.2267,1.016,52.35
ORD_52343,W_90d2aadfa09bdbf7,ZONE_MAA_01,2026-07-13,66,3,4891.63,4961.15,0.0,236.5,0.0,Chennai,Metro,Food_Delivery,Bicycle,1.8,80,Full-Time,50.4,22,4891.63,4.58,1,1.2,1,11.3,4.9,38.7,36.51428571428571,19.1,141.57142857142858,0,0,0,0,1,0.1316,1.019,48.43
ORD_52344,W_90d2aadfa09bdbf7,ZONE_MAA_01,2026-07-20,58,4,4891.63,4400.97,490.66,344.8,0.12,Chennai,Metro,Food_Delivery,Bicycle,1.8,80,Full-Time,50.4,22,4891.63,4.58,1,1.2,1,35.6,10.7,36.4,34.714285714285715,17.5,131.57142857142858,0,0,0,0,1,0.1788,1.059,52.43
ORD_52345,W_90d2aadfa09bdbf7,ZONE_MAA_01,2026-07-27,67,3,4891.63,5036.22,0.0,340.1,0.0,Chennai,Metro,Food_Delivery,Bicycle,1.8,80,Full-Time,50.4,22,4891.63,4.58,1,1.2,1,26.0,8.2,37.6,36.48571428571429,23.1,145.14285714285714,0,0,0,0,1,0.1674,1.043,51.14
ORD_52346,W_90d2aadfa09bdbf7,ZONE_MAA_01,2026-08-03,66,3,4891.63,4975.43,0.0,407.5,0.0,Chennai,Metro,Food_Delivery,Bicycle,1.8,80,Full-Time,50.4,22,4891.63,4.58,1,1.2,1,38.5,6.7,34.8,33.94285714285714,19.7,150.71428571428572,0,0,0,0,1,0.1997,1.064,53.61
ORD_52347,W_90d2aadfa09bdbf7,ZONE_MAA_01,2026-08-10,62,3,4891.63,4691.4,200.23,328.7,0.0,Chennai,Metro,Food_Delivery,Bicycle,1.8,80,Full-Time,50.4,22,4891.63,4.58,1,1.2,1,15.6,9.3,35.5,35.08571428571428,18.4,153.57142857142858,1,0,1,1,1,0.2336,1.026,53.16
ORD_52348,W_90d2aadfa09bdbf7,ZONE_MAA_01,2026-08-17,63,3,4891.63,4785.68,105.95,329.4,0.0,Chennai,Metro,Food_Delivery,Bicycle,1.8,80,Full-Time,50.4,22,4891.63,4.58,1,1.2,1,29.4,12.9,36.3,35.75714285714285,20.7,143.71428571428572,0,0,0,0,1,0.1739,1.049,51.72
ORD_52349,W_90d2aadfa09bdbf7,ZONE_MAA_01,2026-08-24,65,3,4891.63,4944.28,0.0,254.4,0.0,Chennai,Metro,Food_Delivery,Bicycle,1.8,80,Full-Time,50.4,22,4891.63,4.58,1,1.2,1,15.1,7.6,36.6,34.77142857142857,18.4,144.14285714285714,1,0,1,1,1,0.2254,1.025,52.75
ORD_52350,W_90d2aadfa09bdbf7,ZONE_MAA_01,2026-08-31,63,3,4891.63,4748.18,143.45,326.2,0.0,Chennai,Metro,Food_Delivery,Bicycle,1.8,80,Full-Time,50.4,22,4891.63,4.58,1,1.2,1,13.1,3.6,35.6,34.41428571428571,16.9,156.85714285714286,1,0,1,1,1,0.2305,1.022,52.82
ORD_52351,W_90d2aadfa09bdbf7,ZONE_MAA_01,2026-09-07,62,3,4891.63,4709.77,181.86,261.4,0.0,Chennai,Metro,Food_Delivery,Bicycle,1.8,80,Full-Time,50.4,22,4891.63,4.58,1,1.2,1,23.3,11.4,35.6,34.214285714285715,14.8,136.57142857142858,0,0,0,0,1,0.1549,1.039,50.4
ORD_52352,W_90d2aadfa09bdbf7,ZONE_MAA_01,2026-09-14,57,5,4891.63,4297.28,594.35,249.8,0.15,Chennai,Metro,Food_Delivery,Bicycle,1.8,80,Full-Time,50.4,22,4891.63,4.58,1,1.2,1,27.4,22.7,36.0,33.525,13.4,152.75,0,1,1,0,1,0.2595,1.046,55.33
ORD_52353,W_ab21517ad7062176,ZONE_MAA_01,2026-06-22,56,2,4270.33,4265.23,5.1,338.3,0.0,Chennai,Metro,Q_Commerce,Bicycle,1.8,124,Full-Time,50.5,28,4270.33,4.54,1,1.2,1,33.7,24.5,37.6,36.225,17.3,159.25,0,0,0,1,1,0.1953,1.056,53.01
ORD_52354,W_ab21517ad7062176,ZONE_MAA_01,2026-06-29,55,2,4270.33,4153.81,116.52,250.4,0.0,Chennai,Metro,Q_Commerce,Bicycle,1.8,124,Full-Time,50.5,28,4270.33,4.54,1,1.2,1,11.8,5.8,38.4,35.55714285714286,23.0,123.0,0,0,0,0,1,0.1188,1.02,47.93
ORD_52355,W_ab21517ad7062176,ZONE_MAA_01,2026-07-06,48,4,4270.33,3668.42,601.91,265.9,0.15,Chennai,Metro,Q_Commerce,Bicycle,1.8,124,Full-Time,50.5,28,4270.33,4.54,1,1.2,1,9.3,5.2,39.2,37.55714285714286,26.3,163.28571428571428,1,0,1,0,1,0.2267,1.016,52.35
ORD_52356,W_ab21517ad7062176,ZONE_MAA_01,2026-07-13,59,2,4270.33,4441.85,0.0,352.3,0.0,Chennai,Metro,Q_Commerce,Bicycle,1.8,124,Full-Time,50.5,28,4270.33,4.54,1,1.2,1,11.3,4.9,38.7,36.51428571428571,19.1,141.57142857142858,0,0,0,0,1,0.1316,1.019,48.43
ORD_52357,W_ab21517ad7062176,ZONE_MAA_01,2026-07-20,51,4,4270.33,3861.85,408.48,209.9,0.12,Chennai,Metro,Q_Commerce,Bicycle,1.8,124,Full-Time,50.5,28,4270.33,4.54,1,1.2,1,35.6,10.7,36.4,34.714285714285715,17.5,131.57142857142858,0,0,0,0,1,0.1788,1.059,52.43
ORD_52358,W_ab21517ad7062176,ZONE_MAA_01,2026-07-27,54,2,4270.33,4067.41,202.92,245.0,0.0,Chennai,Metro,Q_Commerce,Bicycle,1.8,124,Full-Time,50.5,28,4270.33,4.54,1,1.2,1,26.0,8.2,37.6,36.48571428571429,23.1,145.14285714285714,0,0,0,0,1,0.1674,1.043,51.14
ORD_52359,W_ab21517ad7062176,ZONE_MAA_01,2026-08-03,54,2,4270.33,4117.26,153.07,292.6,0.0,Chennai,Metro,Q_Commerce,Bicycle,1.8,124,Full-Time,50.5,28,4270.33,4.54,1,1.2,1,38.5,6.7,34.8,33.94285714285714,19.7,150.71428571428572,0,0,0,0,1,0.1997,1.064,53.61
ORD_52360,W_ab21517ad7062176,ZONE_MAA_01,2026-08-10,57,2,4270.33,4339.14,0.0,206.3,0.0,Chennai,Metro,Q_Commerce,Bicycle,1.8,124,Full-Time,50.5,28,4270.33,4.54,1,1.2,1,15.6,9.3,35.5,35.08571428571428,18.4,153.57142857142858,1,0,1,1,1,0.2336,1.026,53.16
ORD_52361,W_ab21517ad7062176,ZONE_MAA_01,2026-08-17,58,2,4270.33,4414.07,0.0,242.0,0.0,Chennai,Metro,Q_Commerce,Bicycle,1.8,124,Full-Time,50.5,28,4270.33,4.54,1,1.2,1,29.4,12.9,36.3,35.75714285714285,20.7,143.71428571428572,0,0,0,0,1,0.1739,1.049,51.72
ORD_52362,W_ab21517ad7062176,ZONE_MAA_01,2026-08-24,56,2,4270.33,4241.39,28.94,297.0,0.0,Chennai,Metro,Q_Commerce,Bicycle,1.8,124,Full-Time,50.5,28,4270.33,4.54,1,1.2,1,15.1,7.6,36.6,34.77142857142857,18.4,144.14285714285714,1,0,1,1,1,0.2254,1.025,52.75
ORD_52363,W_ab21517ad7062176,ZONE_MAA_01,2026-08-31,56,2,4270.33,4240.19,30.14,262.7,0.0,Chennai,Metro,Q_Commerce,Bicycle,1.8,124,Full-Time,50.5,28,4270.33,4.54,1,1.2,1,13.1,3.6,35.6,34.41428571428571,16.9,156.85714285714286,1,0,1,1,1,0.2305,1.022,52.82
ORD_52364,W_ab21517ad7062176,ZONE_MAA_01,2026-09-07,54,2,4270.33,4084.84,185.49,247.5,0.0,Chennai,Metro,Q_Commerce,Bicycle,1.8,124,Full-Time,50.5,28,4270.33,4.54,1,1.2,1,23.3,11.4,35.6,34.214285714285715,14.8,136.57142857142858,0,0,0,0,1,0.1549,1.039,50.4
ORD_52365,W_ab21517ad7062176,ZONE_MAA_01,2026-09-14,49,4,4270.33,3725.91,544.42,292.6,0.15,Chennai,Metro,Q_Commerce,Bicycle,1.8,124,Full-Time,50.5,28,4270.33,4.54,1,1.2,1,27.4,22.7,36.0,33.525,13.4,152.75,0,1,1,0,1,0.2595,1.046,55.33
ORD_52366,W_f4d96630bc33709b,ZONE_BLR_01,2026-06-22,62,3,4698.09,4657.45,40.64,287.9,0.0,Bangalore,Metro,Food_Delivery,Scooter,1.0,22,Full-Time,46.2,27,4698.09,4.63,1,1.0,1,16.3,5.3,30.1,29.475,20.2,135.25,0,0,0,1,1,0.1381,1.027,40.91
ORD_52367,W_f4d96630bc33709b,ZONE_BLR_01,2026-06-29,54,5,4698.09,4074.29,623.8,326.5,0.15,Bangalore,Metro,Food_Delivery,Scooter,1.0,22,Full-Time,46.2,27,4698.09,4.63,1,1.0,1,20.1,8.4,29.2,27.985714285714288,29.9,153.85714285714286,1,0,1,0,1,0.244,1.034,45.02
ORD_52368,W_f4d96630bc33709b,ZONE_BLR_01,2026-07-06,61,3,4698.09,4588.65,109.44,286.0,0.0,Bangalore,Metro,Food_Delivery,Scooter,1.0,22,Full-Time,46.2,27,4698.09,4.63,1,1.0,1,8.399999999999999,3.3,31.8,29.77142857142857,29.7,172.71428571428572,0,0,0,0,1,0.1484,1.014,40.76
ORD_52369,W_f4d96630bc33709b,ZONE_BLR_01,2026-07-13,64,3,4698.09,4837.14,0.0,329.4,0.0,Bangalore,Metro,Food_Delivery,Scooter,1.0,22,Full-Time,46.2,27,4698.09,4.63,1,1.0,1,16.8,9.8,32.1,29.785714285714285,20.5,124.57142857142856,0,0,0,0,1,0.1312,1.028,40.7
ORD_52370,W_f4d96630bc33709b,ZONE_BLR_01,2026-07-20,51,4,4698.09,3837.87,860.22,264.9,0.15,Bangalore,Metro,Food_Delivery,Scooter,1.0,22,Full-Time,46.2,27,4698.09,4.63,1,1.0,1,33.4,8.9,29.5,28.414285714285715,21.1,162.85714285714286,1,0,1,0,1,0.2806,1.056,47.33
ORD_52371,W_f4d96630bc33709b,ZONE_BLR_01,2026-07-27,60,3,4698.09,4550.92,147.17,292.7,0.0,Bangalore,Metro,Food_Delivery,Scooter,1.0,22,Full-Time,46.2,27,4698.09,4.63,1,1.0,1,28.8,17.0,29.7,28.685714285714287,25.0,169.42857142857142,0,0,0,0,1,0.1919,1.048,43.72
ORD_52372,W_f4d96630bc33709b,ZONE_BLR_01,2026-08-03,50,5,4698.09,3756.72,941.37,237.4,0.229,Bangalore,Metro,Food_Delivery,Scooter,1.0,22,Full-Time,46.2,27,4698.09,4.63,1,1.0,1,76.3,18.5,28.3,27.285714285714285,21.1,143.0,0,0,0,0,1,0.2789,1.127,50.45
ORD_52373,W_f4d96630bc33709b,ZONE_BLR_01,2026-08-10,61,3,4698.09,4594.47,103.62,251.5,0.0,Bangalore,Metro,Food_Delivery,Scooter,1.0,22,Full-Time,46.2,27,4698.09,4.63,1,1.0,1,19.9,5.6,30.7,29.17142857142857,21.8,129.0,0,0,0,1,1,0.1415,1.033,41.27
ORD_52374,W_f4d96630bc33709b,ZONE_BLR_01,2026-08-17,55,5,4698.09,4142.83,555.26,217.9,0.15,Bangalore,Metro,Food_Delivery,Scooter,1.0,22,Full-Time,46.2,27,4698.09,4.63,1,1.0,1,31.4,9.8,29.9,28.4,22.2,146.57142857142858,1,0,1,0,1,0.2639,1.052,46.54
ORD_52375,W_f4d96630bc33709b,ZONE_BLR_01,2026-08-24,62,3,4698.09,4663.26,34.83,248.3,0.0,Bangalore,Metro,Food_Delivery,Scooter,1.0,22,Full-Time,46.2,27,4698.09,4.63,1,1.0,1,35.7,18.2,28.8,28.014285714285712,22.3,167.14285714285714,0,0,0,1,1,0.2057,1.06,44.73
ORD_52376,W_f4d96630bc33709b,ZONE_BLR_01,2026-08-31,64,3,4698.09,4826.49,0.0,306.0,0.0,Bangalore,Metro,Food_Delivery,Scooter,1.0,22,Full-Time,46.2,27,4698.09,4.63,1,1.0,1,13.2,3.6,30.8,29.542857142857144,19.3,142.71428571428572,1,0,1,1,1,0.2201,1.022,43.64
ORD_52377,W_f4d96630bc33709b,ZONE_BLR_01,2026-09-07,61,3,4698.09,4628.16,69.93,273.0,0.0,Bangalore,Metro,Food_Delivery,Scooter,1.0,22,Full-Time,46.2,27,4698.09,4.63,1,1.0,1,8.5,5.1,31.0,30.62857142857143,14.9,128.28571428571428,0,0,0,0,1,0.1153,1.014,39.58
ORD_52378,W_f4d96630bc33709b,ZONE_BLR_01,2026-09-14,64,3,4698.09,4863.56,0.0,319.7,0.0,Bangalore,Metro,Food_Delivery,Scooter,1.0,22,Full-Time,46.2,27,4698.09,4.63,1,1.0,1,33.1,9.6,30.8,30.425,13.6,137.5,0,0,0,0,1,0.1776,1.055,43.48
ORD_52379,W_299c2ad60340816a,ZONE_HYD_01,2026-06-22,67,3,4947.53,5055.32,0.0,396.8,0.0,Hyderabad,Metro,E_Commerce,Scooter,1.0,166,Full-Time,45.4,24,4947.53,4.69,1,1.0,1,21.8,14.6,32.6,30.65,17.3,156.25,1,0,1,1,1,0.2496,1.036,45.31
ORD_52380,W_299c2ad60340816a,ZONE_HYD_01,2026-06-29,68,3,4947.53,5146.29,0.0,298.3,0.0,Hyderabad,Metro,E_Commerce,Scooter,1.0,166,Full-Time,45.4,24,4947.53,4.69,1,1.0,1,35.9,10.7,29.8,28.357142857142858,25.4,132.14285714285714,0,0,0,0,1,0.1799,1.06,43.77
ORD_52381,W_299c2ad60340816a,ZONE_HYD_01,2026-07-06,68,3,4947.53,5171.38,0.0,242.6,0.0,Hyderabad,Metro,E_Commerce,Scooter,1.0,166,Full-Time,45.4,24,4947.53,4.69,1,1.0,1,6.2,2.2,33.3,32.27142857142857,25.7,165.28571428571428,0,0,0,0,1,0.1379,1.01,40.22
ORD_52382,W_299c2ad60340816a,ZONE_HYD_01,2026-07-13,55,5,4947.53,4153.6,793.93,325.5,0.15,Hyderabad,Metro,E_Commerce,Scooter,1.0,166,Full-Time,45.4,24,4947.53,4.69,1,1.0,1,26.8,13.6,33.9,31.52857142857143,19.0,155.14285714285714,0,1,1,0,1,0.26,1.045,46.08
ORD_52383,W_299c2ad60340816a,ZONE_HYD_01,2026-07-20,64,3,4947.53,4836.03,111.5,271.2,0.0,Hyderabad,Metro,E_Commerce,Scooter,1.0,166,Full-Time,45.4,24,4947.53,4.69,1,1.0,1,38.8,13.9,30.0,28.61428571428572,25.3,132.85714285714286,0,0,0,0,1,0.1869,1.065,44.24
ORD_52384,W_299c2ad60340816a,ZONE_HYD_01,2026-07-27,53,5,4947.53,4025.53,922.0,248.2,0.195,Hyderabad,Metro,E_Commerce,Scooter,1.0,166,Full-Time,45.4,24,4947.53,4.69,1,1.0,1,70.5,24.9,30.6,28.585714285714285,24.3,137.0,0,0,0,0,1,0.2614,1.118,49.36
ORD_52385,W_299c2ad60340816a,ZONE_HYD_01,2026-08-03,67,3,4947.53,5059.71,0.0,396.4,0.0,Hyderabad,Metro,E_Commerce,Scooter,1.0,166,Full-Time,45.4,24,4947.53,4.69,1,1.0,1,20.5,9.0,30.6,29.442857142857143,20.0,136.28571428571428,0,0,0,0,1,0.1483,1.034,41.56
ORD_52386,W_299c2ad60340816a,ZONE_HYD_01,2026-08-10,67,3,4947.53,5033.72,0.0,271.5,0.0,Hyderabad,Metro,E_Commerce,Scooter,1.0,166,Full-Time,45.4,24,4947.53,4.69,1,1.0,1,12.6,3.6,30.8,29.82857142857143,19.8,137.42857142857142,0,0,0,1,1,0.1314,1.021,40.43
ORD_52387,W_299c2ad60340816a,ZONE_HYD_01,2026-08-17,54,6,4947.53,4077.66,869.87,227.6,0.21,Hyderabad,Metro,E_Commerce,Scooter,1.0,166,Full-Time,45.4,24,4947.53,4.69,1,1.0,1,18.2,11.0,31.5,30.228571428571428,19.4,148.85714285714286,0,1,1,0,1,0.2359,1.03,44.55
ORD_52388,W_299c2ad60340816a,ZONE_HYD_01,2026-08-24,63,3,4947.53,4774.31,173.22,235.8,0.0,Hyderabad,Metro,E_Commerce,Scooter,1.0,166,Full-Time,45.4,24,4947.53,4.69,1,1.0,1,10.4,3.2,30.4,29.17142857142857,21.5,140.14285714285714,0,0,0,1,1,0.1285,1.017,40.17
ORD_52389,W_299c2ad60340816a,ZONE_HYD_01,2026-08-31,66,3,4947.53,4978.89,0.0,251.3,0.0,Hyderabad,Metro,E_Commerce,Scooter,1.0,166,Full-Time,45.4,24,4947.53,4.69,1,1.0,1,8.8,5.3,32.0,30.228571428571428,19.7,159.14285714285714,0,0,0,1,1,0.1392,1.015,40.47
ORD_52390,W_299c2ad60340816a,ZONE_HYD_01,2026-09-07,54,5,4947.53,4053.49,894.04,232.7,0.15,Hyderabad,Metro,E_Commerce,Scooter,1.0,166,Full-Time,45.4,24,4947.53,4.69,1,1.0,1,26.3,11.7,32.2,31.057142857142857,15.3,156.57142857142858,1,0,1,0,1,0.2599,1.044,46.04
ORD_52391,W_299c2ad60340816a,ZONE_HYD_01,2026-09-14,64,3,4947.53,4839.5,108.03,328.4,0.0,Hyderabad,Metro,E_Commerce,Scooter,1.0,166,Full-Time,45.4,24,4947.53,4.69,1,1.0,1,12.7,5.5,33.4,31.525,10.7,147.5,0,0,0,0,1,0.1392,1.021,40.71
ORD_52392,W_37ec96cc5011b423,ZONE_BOM_01,2026-06-22,92,4,6704.75,6917.12,0.0,511.1,0.0,Mumbai,Metro,Food_Delivery,Scooter,1.0,603,Full-Time,58.6,22,6704.75,3.9,1,1.0,1,24.8,11.5,31.1,30.425,15.3,184.0,0,0,0,1,1,0.1938,1.041,43.5
ORD_52393,W_37ec96cc5011b423,ZONE_BOM_01,2026-06-29,13,3,6704.75,980.1,5724.65,79.4,0.85,Mumbai,Metro,Food_Delivery,Scooter,1.0,603,Full-Time,58.6,22,6704.75,3.9,1,1.0,1,493.0,136.9,28.6,27.642857142857142,30.3,147.0,0,0,6,0,1,1.0,1.822,79.0
ORD_52394,W_37ec96cc5011b423,ZONE_BOM_01,2026-07-06,32,7,6704.75,2424.31,4280.44,129.3,0.652,Mumbai,Metro,Food_Delivery,Scooter,1.0,603,Full-Time,58.6,22,6704.75,3.9,1,1.0,1,235.5,131.8,30.2,29.142857142857142,34.6,143.85714285714286,0,0,2,0,1,0.8044,1.392,79.0
ORD_52395,W_37ec96cc5011b423,ZONE_BOM_01,2026-07-13,49,8,6704.75,3681.64,3023.11,229.8,0.442,Mumbai,Metro,Food_Delivery,Scooter,1.0,603,Full-Time,58.6,22,6704.75,3.9,1,1.0,1,92.5,33.1,30.6,29.82857142857143,21.8,156.42857142857142,1,0,1,0,1,0.4088,1.154,56.9
ORD_52396,W_37ec96cc5011b423,ZONE_BOM_01,2026-07-20,13,3,6704.75,1014.53,5690.22,56.7,0.85,Mumbai,Metro,Food_Delivery,Scooter,1.0,603,Full-Time,58.6,22,6704.75,3.9,1,1.0,1,354.8,107.0,29.6,28.74285714285714,34.0,158.42857142857142,0,0,4,0,1,1.0,1.591,79.0
ORD_52397,W_37ec96cc5011b423,ZONE_BOM_01,2026-07-27,49,9,6704.75,3698.84,3005.91,177.1,0.461,Mumbai,Metro,Food_Delivery,Scooter,1.0,603,Full-Time,58.6,22,6704.75,3.9,1,1.0,1,120.9,42.9,29.6,28.957142857142856,25.3,151.42857142857142,0,0,0,0,1,0.3856,1.202,58.29
ORD_52398,W_37ec96cc5011b423,ZONE_BOM_01,2026-08-03,62,8,6704.75,4695.81,2008.94,239.1,0.297,Mumbai,Metro,Food_Delivery,Scooter,1.0,603,Full-Time,58.6,22,6704.75,3.9,1,1.0,1,76.8,18.7,29.7,29.285714285714285,21.2,139.0,0,0,0,0,1,0.277,1.128,50.42
ORD_52399,W_37ec96cc5011b423,ZONE_BOM_01,2026-08-10,62,8,6704.75,4670.7,2034.05,289.5,0.283,Mumbai,Metro,Food_Delivery,Scooter,1.0,603,Full-Time,58.6,22,6704.75,3.9,1,1.0,1,96.6,30.6,29.7,28.61428571428572,19.0,142.57142857142858,0,0,0,1,1,0.3243,1.161,53.81
ORD_52400,W_37ec96cc5011b423,ZONE_BOM_01,2026-08-17,47,8,6704.75,3573.1,3131.65,179.2,0.47,Mumbai,Metro,Food_Delivery,Scooter,1.0,603,Full-Time,58.6,22,6704.75,3.9,1,1.0,1,61.0,16.7,29.7,29.228571428571428,20.6,146.28571428571428,1,0,1,0,1,0.3303,1.102,51.31
ORD_52401,W_37ec96cc5011b423,ZONE_BOM_01,2026-08-24,85,4,6704.75,6385.01,319.74,309.2,0.0,Mumbai,Metro,Food_Delivery,Scooter,1.0,603,Full-Time,58.6,22,6704.75,3.9,1,1.0,1,36.4,7.6,29.6,29.25714285714286,21.1,134.0,1,0,1,1,1,0.2657,1.061,47.0
ORD_52402,W_37ec96cc5011b423,ZONE_BOM_01,2026-08-31,78,6,6704.75,5862.78,841.97,422.2,0.093,Mumbai,Metro,Food_Delivery,Scooter,1.0,603,Full-Time,58.6,22,6704.75,3.9,1,1.0,1,61.0,16.1,29.6,29.042857142857144,18.4,158.28571428571428,0,0,0,1,1,0.256,1.102,48.44
ORD_52403,W_37ec96cc5011b423,ZONE_BOM_01,2026-09-07,85,4,6704.75,6415.06,289.69,322.3,0.0,Mumbai,Metro,Food_Delivery,Scooter,1.0,603,Full-Time,58.6,22,6704.75,3.9,1,1.0,1,52.9,25.5,30.0,29.071428571428573,15.3,169.57142857142858,0,0,0,0,1,0.2462,1.088,47.46
ORD_52404,W_37ec96cc5011b423,ZONE_BOM_01,2026-09-14,89,4,6704.75,6710.7,0.0,423.2,0.0,Mumbai,Metro,Food_Delivery,Scooter,1.0,603,Full-Time,58.6,22,6704.75,3.9,1,1.0,1,23.3,10.3,30.0,29.625,20.1,162.0,0,0,0,0,1,0.1739,1.039,42.69
ORD_52405,W_514ba337844413ad,ZONE_BLR_01,2026-06-22,77,3,5564.88,5816.18,0.0,465.9,0.0,Bangalore,Metro,E_Commerce,Bike,1.2,1224,Full-Time,55.4,24,5564.88,4.41,1,1.05,1,16.3,5.3,30.1,29.475,20.2,135.25,0,0,0,1,1,0.1381,1.027,42.95
ORD_52406,W_514ba337844413ad,ZONE_BLR_01,2026-06-29,64,6,5564.88,4862.41,702.47,328.0,0.15,Bangalore,Metro,E_Commerce,Bike,1.2,1224,Full-Time,55.4,24,5564.88,4.41,1,1.05,1,20.1,8.4,29.2,27.985714285714288,29.9,153.85714285714286,1,0,1,0,1,0.244,1.034,47.27
ORD_52407,W_514ba337844413ad,ZONE_BLR_01,2026-07-06,73,3,5564.88,5539.82,25.06,325.7,0.0,Bangalore,Metro,E_Commerce,Bike,1.2,1224,Full-Time,55.4,24,5564.88,4.41,1,1.05,1,8.399999999999999,3.3,31.8,29.77142857142857,29.7,172.71428571428572,0,0,0,0,1,0.1484,1.014,42.79
ORD_52408,W_514ba337844413ad,ZONE_BLR_01,2026-07-13,77,3,5564.88,5813.68,0.0,394.8,0.0,Bangalore,Metro,E_Commerce,Bike,1.2,1224,Full-Time,55.4,24,5564.88,4.41,1,1.05,1,16.8,9.8,32.1,29.785714285714285,20.5,124.57142857142856,0,0,0,0,1,0.1312,1.028,42.74
ORD_52409,W_514ba337844413ad,ZONE_BLR_01,2026-07-20,63,5,5564.88,4767.55,797.33,259.9,0.15,Bangalore,Metro,E_Commerce,Bike,1.2,1224,Full-Time,55.4,24,5564.88,4.41,1,1.05,1,33.4,8.9,29.5,28.414285714285715,21.1,162.85714285714286,1,0,1,0,1,0.2806,1.056,49.7
ORD_52410,W_514ba337844413ad,ZONE_BLR_01,2026-07-27,70,3,5564.88,5312.62,252.26,423.6,0.0,Bangalore,Metro,E_Commerce,Bike,1.2,1224,Full-Time,55.4,24,5564.88,4.41,1,1.05,1,28.8,17.0,29.7,28.685714285714287,25.0,169.42857142857142,0,0,0,0,1,0.1919,1.048,45.9
ORD_52411,W_514ba337844413ad,ZONE_BLR_01,2026-08-03,56,6,5564.88,4224.55,1340.33,213.3,0.236,Bangalore,Metro,E_Commerce,Bike,1.2,1224,Full-Time,55.4,24,5564.88,4.41,1,1.05,1,76.3,18.5,28.3,27.285714285714285,21.1,143.0,0,0,0,0,1,0.2789,1.127,52.97
ORD_52412,W_514ba337844413ad,ZONE_BLR_01,2026-08-10,76,3,5564.88,5752.37,0.0,271.7,0.0,Bangalore,Metro,E_Commerce,Bike,1.2,1224,Full-Time,55.4,24,5564.88,4.41,1,1.05,1,19.9,5.6,30.7,29.17142857142857,21.8,129.0,0,0,0,1,1,0.1415,1.033,43.33
ORD_52413,W_514ba337844413ad,ZONE_BLR_01,2026-08-17,65,6,5564.88,4888.13,676.75,252.1,0.15,Bangalore,Metro,E_Commerce,Bike,1.2,1224,Full-Time,55.4,24,5564.88,4.41,1,1.05,1,31.4,9.8,29.9,28.4,22.2,146.57142857142858,1,0,1,0,1,0.2639,1.052,48.86
ORD_52414,W_514ba337844413ad,ZONE_BLR_01,2026-08-24,77,3,5564.88,5780.0,0.0,421.2,0.0,Bangalore,Metro,E_Commerce,Bike,1.2,1224,Full-Time,55.4,24,5564.88,4.41,1,1.05,1,35.7,18.2,28.8,28.014285714285712,22.3,167.14285714285714,0,0,0,1,1,0.2057,1.06,46.97
ORD_52415,W_514ba337844413ad,ZONE_BLR_01,2026-08-31,71,3,5564.88,5378.27,186.61,357.0,0.0,Bangalore,Metro,E_Commerce,Bike,1.2,1224,Full-Time,55.4,24,5564.88,4.41,1,1.05,1,13.2,3.6,30.8,29.542857142857144,19.3,142.71428571428572,1,0,1,1,1,0.2201,1.022,45.83
ORD_52416,W_514ba337844413ad,ZONE_BLR_01,2026-09-07,72,3,5564.88,5460.63,104.25,286.6,0.0,Bangalore,Metro,E_Commerce,Bike,1.2,1224,Full-Time,55.4,24,5564.88,4.41,1,1.05,1,8.5,5.1,31.0,30.62857142857143,14.9,128.28571428571428,0,0,0,0,1,0.1153,1.014,41.56
ORD_52417,W_514ba337844413ad,ZONE_BLR_01,2026-09-14,76,3,5564.88,5764.76,0.0,348.8,0.0,Bangalore,Metro,E_Commerce,Bike,1.2,1224,Full-Time,55.4,24,5564.88,4.41,1,1.05,1,33.1,9.6,30.8,30.425,13.6,137.5,0,0,0,0,1,0.1776,1.055,45.66
ORD_52418,W_281e53a033d40ee3,ZONE_BOM_01,2026-06-22,61,3,4692.43,4644.82,47.61,241.5,0.0,Mumbai,Metro,Q_Commerce,Scooter,1.0,28,Full-Time,47.1,28,4692.43,5.0,1,1.0,1,24.8,11.5,31.1,30.425,15.3,184.0,0,0,0,1,1,0.1938,1.041,43.5
ORD_52419,W_281e53a033d40ee3,ZONE_BOM_01,2026-06-29,9,2,4692.43,730.02,3962.41,40.3,0.85,Mumbai,Metro,Q_Commerce,Scooter,1.0,28,Full-Time,47.1,28,4692.43,5.0,1,1.0,1,493.0,136.9,28.6,27.642857142857142,30.3,147.0,0,0,6,0,1,1.0,1.822,79.0
ORD_52420,W_281e53a033d40ee3,ZONE_BOM_01,2026-07-06,10,3,4692.43,782.73,3909.7,38.9,0.84,Mumbai,Metro,Q_Commerce,Scooter,1.0,28,Full-Time,47.1,28,4692.43,5.0,1,1.0,1,235.5,131.8,30.2,29.142857142857142,34.6,143.85714285714286,0,0,2,0,1,0.8044,1.392,79.0
ORD_52421,W_281e53a033d40ee3,ZONE_BOM_01,2026-07-13,43,6,4692.43,3274.5,1417.93,196.1,0.327,Mumbai,Metro,Q_Commerce,Scooter,1.0,28,Full-Time,47.1,28,4692.43,5.0,1,1.0,1,92.5,33.1,30.6,29.82857142857143,21.8,156.42857142857142,1,0,1,0,1,0.4088,1.154,56.9
ORD_52422,W_281e53a033d40ee3,ZONE_BOM_01,2026-07-20,9,2,4692.43,687.95,4004.48,46.0,0.85,Mumbai,Metro,Q_Commerce,Scooter,1.0,28,Full-Time,47.1,28,4692.43,5.0,1,1.0,1,354.8,107.0,29.6,28.74285714285714,34.0,158.42857142857142,0,0,4,0,1,1.0,1.591,79.0
ORD_52423,W_281e53a033d40ee3,ZONE_BOM_01,2026-07-27,29,5,4692.43,2215.66,2476.77,110.2,0.51,Mumbai,Metro,Q_Commerce,Scooter,1.0,28,Full-Time,47.1,28,4692.43,5.0,1,1.0,1,120.9,42.9,29.6,28.957142857142856,25.3,151.42857142857142,0,0,0,0,1,0.3856,1.202,58.29
ORD_52424,W_281e53a033d40ee3,ZONE_BOM_01,2026-08-03,36,6,4692.43,2725.92,1966.51,183.3,0.433,Mumbai,Metro,Q_Commerce,Scooter,1.0,28,Full-Time,47.1,28,4692.43,5.0,1,1.0,1,76.8,18.7,29.7,29.285714285714285,21.2,139.0,0,0,0,0,1,0.277,1.128,50.42
ORD_52425,W_281e53a033d40ee3,ZONE_BOM_01,2026-08-10,43,6,4692.43,3243.45,1448.98,238.6,0.304,Mumbai,Metro,Q_Commerce,Scooter,1.0,28,Full-Time,47.1,28,4692.43,5.0,1,1.0,1,96.6,30.6,29.7,28.61428571428572,19.0,142.57142857142858,0,0,0,1,1,0.3243,1.161,53.81
ORD_52426,W_281e53a033d40ee3,ZONE_BOM_01,2026-08-17,30,5,4692.43,2305.51,2386.92,164.1,0.496,Mumbai,Metro,Q_Commerce,Scooter,1.0,28,Full-Time,47.1,28,4692.43,5.0,1,1.0,1,61.0,16.7,29.7,29.228571428571428,20.6,146.28571428571428,1,0,1,0,1,0.3303,1.102,51.31
ORD_52427,W_281e53a033d40ee3,ZONE_BOM_01,2026-08-24,62,3,4692.43,4654.74,37.69,381.3,0.0,Mumbai,Metro,Q_Commerce,Scooter,1.0,28,Full-Time,47.1,28,4692.43,5.0,1,1.0,1,36.4,7.6,29.6,29.25714285714286,21.1,134.0,1,0,1,1,1,0.2657,1.061,47.0
ORD_52428,W_281e53a033d40ee3,ZONE_BOM_01,2026-08-31,65,3,4692.43,4878.47,0.0,391.2,0.002,Mumbai,Metro,Q_Commerce,Scooter,1.0,28,Full-Time,47.1,28,4692.43,5.0,1,1.0,1,61.0,16.1,29.6,29.042857142857144,18.4,158.28571428571428,0,0,0,1,1,0.256,1.102,48.44
ORD_52429,W_281e53a033d40ee3,ZONE_BOM_01,2026-09-07,60,3,4692.43,4571.3,121.13,339.3,0.0,Mumbai,Metro,Q_Commerce,Scooter,1.0,28,Full-Time,47.1,28,4692.43,5.0,1,1.0,1,52.9,25.5,30.0,29.071428571428573,15.3,169.57142857142858,0,0,0,0,1,0.2462,1.088,47.46
ORD_52430,W_281e53a033d40ee3,ZONE_BOM_01,2026-09-14,62,3,4692.43,4661.03,31.4,370.6,0.0,Mumbai,Metro,Q_Commerce,Scooter,1.0,28,Full-Time,47.1,28,4692.43,5.0,1,1.0,1,23.3,10.3,30.0,29.625,20.1,162.0,0,0,0,0,1,0.1739,1.039,42.69
ORD_52431,W_9cdf237c48dd25f3,ZONE_BOM_01,2026-06-22,35,1,2644.31,2631.12,13.19,192.8,0.0,Mumbai,Metro,Food_Delivery,Scooter,1.0,166,Part-Time,24.0,17,2644.31,4.69,1,1.0,0,24.8,11.5,31.1,30.425,15.3,184.0,0,0,0,1,1,0.1938,1.041,43.5
ORD_52432,W_9cdf237c48dd25f3,ZONE_BOM_01,2026-06-29,5,1,2644.31,385.85,2258.46,20.2,0.85,Mumbai,Metro,Food_Delivery,Scooter,1.0,166,Part-Time,24.0,17,2644.31,4.69,1,1.0,0,493.0,136.9,28.6,27.642857142857142,30.3,147.0,0,0,6,0,1,1.0,1.822,79.0
ORD_52433,W_9cdf237c48dd25f3,ZONE_BOM_01,2026-07-06,9,2,2644.31,718.41,1925.9,46.2,0.735,Mumbai,Metro,Food_Delivery,Scooter,1.0,166,Part-Time,24.0,17,2644.31,4.69,1,1.0,0,235.5,131.8,30.2,29.142857142857142,34.6,143.85714285714286,0,0,2,0,1,0.8044,1.392,79.0
ORD_52434,W_9cdf237c48dd25f3,ZONE_BOM_01,2026-07-13,20,3,2644.31,1543.53,1100.78,96.0,0.403,Mumbai,Metro,Food_Delivery,Scooter,1.0,166,Part-Time,24.0,17,2644.31,4.69,1,1.0,0,92.5,33.1,30.6,29.82857142857143,21.8,156.42857142857142,1,0,1,0,1,0.4088,1.154,56.9
ORD_52435,W_9cdf237c48dd25f3,ZONE_BOM_01,2026-07-20,5,1,2644.31,409.24,2235.07,30.9,0.85,Mumbai,Metro,Food_Delivery,Scooter,1.0,166,Part-Time,24.0,17,2644.31,4.69,1,1.0,0,354.8,107.0,29.6,28.74285714285714,34.0,158.42857142857142,0,0,4,0,1,1.0,1.591,79.0
ORD_52436,W_9cdf237c48dd25f3,ZONE_BOM_01,2026-07-27,19,3,2644.31,1430.09,1214.22,75.2,0.431,Mumbai,Metro,Food_Delivery,Scooter,1.0,166,Part-Time,24.0,17,2644.31,4.69,1,1.0,0,120.9,42.9,29.6,28.957142857142856,25.3,151.42857142857142,0,0,0,0,1,0.3856,1.202,58.29
ORD_52437,W_9cdf237c48dd25f3,ZONE_BOM_01,2026-08-03,21,3,2644.31,1623.41,1020.9,118.2,0.393,Mumbai,Metro,Food_Delivery,Scooter,1.0,166,Part-Time,24.0,17,2644.31,4.69,1,1.0,0,76.8,18.7,29.7,29.285714285714285,21.2,139.0,0,0,0,0,1,0.277,1.128,50.42
ORD_52438,W_9cdf237c48dd25f3,ZONE_BOM_01,2026-08-10,28,3,2644.31,2169.11,475.2,150.0,0.201,Mumbai,Metro,Food_Delivery,Scooter,1.0,166,Part-Time,24.0,17,2644.31,4.69,1,1.0,0,96.6,30.6,29.7,28.61428571428572,19.0,142.57142857142858,0,0,0,1,1,0.3243,1.161,53.81
ORD_52439,W_9cdf237c48dd25f3,ZONE_BOM_01,2026-08-17,18,3,2644.31,1358.92,1285.39,70.2,0.488,Mumbai,Metro,Food_Delivery,Scooter,1.0,166,Part-Time,24.0,17,2644.31,4.69,1,1.0,0,61.0,16.7,29.7,29.228571428571428,20.6,146.28571428571428,1,0,1,0,1,0.3303,1.102,51.31
ORD_52440,W_9cdf237c48dd25f3,ZONE_BOM_01,2026-08-24,35,1,2644.31,2631.77,12.54,205.8,0.0,Mumbai,Metro,Food_Delivery,Scooter,1.0,166,Part-Time,24.0,17,2644.31,4.69,1,1.0,0,36.4,7.6,29.6,29.25714285714286,21.1,134.0,1,0,1,1,1,0.2657,1.061,47.0
ORD_52441,W_9cdf237c48dd25f3,ZONE_BOM_01,2026-08-31,35,1,2644.31,2698.07,0.0,178.3,0.013,Mumbai,Metro,Food_Delivery,Scooter,1.0,166,Part-Time,24.0,17,2644.31,4.69,1,1.0,0,61.0,16.1,29.6,29.042857142857144,18.4,158.28571428571428,0,0,0,1,1,0.256,1.102,48.44
ORD_52442,W_9cdf237c48dd25f3,ZONE_BOM_01,2026-09-07,34,1,2644.31,2562.83,81.48,172.3,0.0,Mumbai,Metro,Food_Delivery,Scooter,1.0,166,Part-Time,24.0,17,2644.31,4.69,1,1.0,0,52.9,25.5,30.0,29.071428571428573,15.3,169.57142857142858,0,0,0,0,1,0.2462,1.088,47.46
ORD_52443,W_9cdf237c48dd25f3,ZONE_BOM_01,2026-09-14,35,1,2644.31,2645.89,0.0,160.2,0.0,Mumbai,Metro,Food_Delivery,Scooter,1.0,166,Part-Time,24.0,17,2644.31,4.69,1,1.0,0,23.3,10.3,30.0,29.625,20.1,162.0,0,0,0,0,1,0.1739,1.039,42.69
ORD_52444,W_3a23c9187ff0abfa,ZONE_DEL_01,2026-06-22,70,3,5520.28,5310.31,209.97,323.8,0.0,Delhi_NCR,Metro,E_Commerce,Scooter,1.0,252,Full-Time,50.0,22,5520.28,5.0,1,1.0,1,4.0,1.2,41.9,40.425,14.3,188.25,0,0,0,1,1,0.1502,1.007,40.54
ORD_52445,W_3a23c9187ff0abfa,ZONE_DEL_01,2026-06-29,59,5,5520.28,4465.35,1054.93,222.2,0.155,Delhi_NCR,Metro,E_Commerce,Scooter,1.0,252,Full-Time,50.0,22,5520.28,5.0,1,1.0,1,20.0,6.8,41.7,35.84285714285714,14.4,157.71428571428572,0,0,0,0,1,0.1633,1.033,42.06
ORD_52446,W_3a23c9187ff0abfa,ZONE_DEL_01,2026-07-06,19,5,5520.28,1444.24,4076.04,114.0,0.733,Delhi_NCR,Metro,E_Commerce,Scooter,1.0,252,Full-Time,50.0,22,5520.28,5.0,1,1.0,1,122.9,99.8,36.7,32.9,18.9,156.0,1,0,2,0,1,0.5602,1.205,65.8
ORD_52447,W_3a23c9187ff0abfa,ZONE_DEL_01,2026-07-13,72,3,5520.28,5451.67,68.61,399.3,0.0,Delhi_NCR,Metro,E_Commerce,Scooter,1.0,252,Full-Time,50.0,22,5520.28,5.0,1,1.0,1,9.8,3.7,37.4,36.55714285714286,19.6,129.42857142857142,0,0,0,0,1,0.1191,1.016,39.8
ORD_52448,W_3a23c9187ff0abfa,ZONE_DEL_01,2026-07-20,57,6,5520.28,4339.97,1180.31,239.5,0.23,Delhi_NCR,Metro,E_Commerce,Scooter,1.0,252,Full-Time,50.0,22,5520.28,5.0,1,1.0,1,74.3,31.9,33.7,31.8,16.5,132.71428571428572,0,0,0,0,1,0.2667,1.124,49.83
ORD_52449,W_3a23c9187ff0abfa,ZONE_DEL_01,2026-07-27,76,3,5520.28,5764.22,0.0,374.8,0.0,Delhi_NCR,Metro,E_Commerce,Scooter,1.0,252,Full-Time,50.0,22,5520.28,5.0,1,1.0,1,51.900000000000006,19.5,35.3,32.94285714285714,14.4,172.57142857142858,0,0,0,0,1,0.2462,1.086,47.37
ORD_52450,W_3a23c9187ff0abfa,ZONE_DEL_01,2026-08-03,24,5,5520.28,1817.45,3702.83,90.5,0.666,Delhi_NCR,Metro,E_Commerce,Scooter,1.0,252,Full-Time,50.0,22,5520.28,5.0,1,1.0,1,132.8,58.3,33.8,31.17142857142857,15.8,126.57142857142856,0,0,1,0,1,0.4771,1.221,63.12
ORD_52451,W_3a23c9187ff0abfa,ZONE_DEL_01,2026-08-10,74,3,5520.28,5616.17,0.0,260.6,0.0,Delhi_NCR,Metro,E_Commerce,Scooter,1.0,252,Full-Time,50.0,22,5520.28,5.0,1,1.0,1,45.8,12.5,34.4,32.614285714285714,11.1,170.42857142857142,0,0,0,1,1,0.2309,1.076,46.36
ORD_52452,W_3a23c9187ff0abfa,ZONE_DEL_01,2026-08-17,62,5,5520.28,4680.64,839.64,249.3,0.15,Delhi_NCR,Metro,E_Commerce,Scooter,1.0,252,Full-Time,50.0,22,5520.28,5.0,1,1.0,1,34.3,8.2,33.6,33.15714285714286,11.7,140.0,1,0,1,0,1,0.2655,1.057,46.82
ORD_52453,W_3a23c9187ff0abfa,ZONE_DEL_01,2026-08-24,74,3,5520.28,5590.59,0.0,454.7,0.0,Delhi_NCR,Metro,E_Commerce,Scooter,1.0,252,Full-Time,50.0,22,5520.28,5.0,1,1.0,1,24.5,13.5,34.9,33.44285714285714,13.9,168.0,0,0,0,1,1,0.1811,1.041,43.03
ORD_52454,W_3a23c9187ff0abfa,ZONE_DEL_01,2026-08-31,74,4,5520.28,5583.57,0.0,360.5,0.02,Delhi_NCR,Metro,E_Commerce,Scooter,1.0,252,Full-Time,50.0,22,5520.28,5.0,1,1.0,1,76.6,23.5,34.4,31.24285714285714,13.1,145.57142857142858,0,0,0,1,1,0.2815,1.128,50.59
ORD_52455,W_3a23c9187ff0abfa,ZONE_DEL_01,2026-09-07,73,3,5520.28,5517.98,2.3,438.9,0.0,Delhi_NCR,Metro,E_Commerce,Scooter,1.0,252,Full-Time,50.0,22,5520.28,5.0,1,1.0,1,19.1,8.7,34.4,32.471428571428575,14.1,142.0,0,0,0,0,1,0.1495,1.032,41.52
ORD_52456,W_3a23c9187ff0abfa,ZONE_DEL_01,2026-09-14,76,3,5520.28,5735.55,0.0,427.2,0.0,Delhi_NCR,Metro,E_Commerce,Scooter,1.0,252,Full-Time,50.0,22,5520.28,5.0,1,1.0,1,7.6,3.7,35.0,33.05,14.4,149.0,0,0,0,0,1,0.1288,1.013,40.02
ORD_52457,W_cb4616b01f45e042,ZONE_MAA_01,2026-06-22,81,4,6276.54,6148.66,127.88,402.7,0.0,Chennai,Metro,Food_Delivery,Bike,1.2,78,Full-Time,65.7,25,6276.54,4.61,1,1.05,1,33.7,24.5,37.6,36.225,17.3,159.25,0,0,0,1,1,0.1953,1.056,46.39
ORD_52458,W_cb4616b01f45e042,ZONE_MAA_01,2026-06-29,81,4,6276.54,6103.24,173.3,380.6,0.0,Chennai,Metro,Food_Delivery,Bike,1.2,78,Full-Time,65.7,25,6276.54,4.61,1,1.05,1,11.8,5.8,38.4,35.55714285714286,23.0,123.0,0,0,0,0,1,0.1188,1.02,41.94
ORD_52459,W_cb4616b01f45e042,ZONE_MAA_01,2026-07-06,71,6,6276.54,5326.64,949.9,407.9,0.15,Chennai,Metro,Food_Delivery,Bike,1.2,78,Full-Time,65.7,25,6276.54,4.61,1,1.05,1,9.3,5.2,39.2,37.55714285714286,26.3,163.28571428571428,1,0,1,0,1,0.2267,1.016,45.8
ORD_52460,W_cb4616b01f45e042,ZONE_MAA_01,2026-07-13,87,4,6276.54,6525.11,0.0,401.9,0.0,Chennai,Metro,Food_Delivery,Bike,1.2,78,Full-Time,65.7,25,6276.54,4.61,1,1.05,1,11.3,4.9,38.7,36.51428571428571,19.1,141.57142857142858,0,0,0,0,1,0.1316,1.019,42.38
ORD_52461,W_cb4616b01f45e042,ZONE_MAA_01,2026-07-20,70,6,6276.54,5256.97,1019.57,407.9,0.12,Chennai,Metro,Food_Delivery,Bike,1.2,78,Full-Time,65.7,25,6276.54,4.61,1,1.05,1,35.6,10.7,36.4,34.714285714285715,17.5,131.57142857142858,0,0,0,0,1,0.1788,1.059,45.88
ORD_52462,W_cb4616b01f45e042,ZONE_MAA_01,2026-07-27,80,4,6276.54,6072.1,204.44,414.3,0.0,Chennai,Metro,Food_Delivery,Bike,1.2,78,Full-Time,65.7,25,6276.54,4.61,1,1.05,1,26.0,8.2,37.6,36.48571428571429,23.1,145.14285714285714,0,0,0,0,1,0.1674,1.043,44.75
ORD_52463,W_cb4616b01f45e042,ZONE_MAA_01,2026-08-03,79,3,6276.54,5978.39,298.15,361.7,0.0,Chennai,Metro,Food_Delivery,Bike,1.2,78,Full-Time,65.7,25,6276.54,4.61,1,1.05,1,38.5,6.7,34.8,33.94285714285714,19.7,150.71428571428572,0,0,0,0,1,0.1997,1.064,46.91
ORD_52464,W_cb4616b01f45e042,ZONE_MAA_01,2026-08-10,87,4,6276.54,6581.55,0.0,328.2,0.0,Chennai,Metro,Food_Delivery,Bike,1.2,78,Full-Time,65.7,25,6276.54,4.61,1,1.05,1,15.6,9.3,35.5,35.08571428571428,18.4,153.57142857142858,1,0,1,1,1,0.2336,1.026,46.51
ORD_52465,W_cb4616b01f45e042,ZONE_MAA_01,2026-08-17,83,4,6276.54,6228.65,47.89,359.3,0.0,Chennai,Metro,Food_Delivery,Bike,1.2,78,Full-Time,65.7,25,6276.54,4.61,1,1.05,1,29.4,12.9,36.3,35.75714285714285,20.7,143.71428571428572,0,0,0,0,1,0.1739,1.049,45.25
ORD_52466,W_cb4616b01f45e042,ZONE_MAA_01,2026-08-24,87,4,6276.54,6530.8,0.0,508.7,0.0,Chennai,Metro,Food_Delivery,Bike,1.2,78,Full-Time,65.7,25,6276.54,4.61,1,1.05,1,15.1,7.6,36.6,34.77142857142857,18.4,144.14285714285714,1,0,1,1,1,0.2254,1.025,46.16
ORD_52467,W_cb4616b01f45e042,ZONE_MAA_01,2026-08-31,81,4,6276.54,6111.91,164.63,301.3,0.0,Chennai,Metro,Food_Delivery,Bike,1.2,78,Full-Time,65.7,25,6276.54,4.61,1,1.05,1,13.1,3.6,35.6,34.41428571428571,16.9,156.85714285714286,1,0,1,1,1,0.2305,1.022,46.22
ORD_52468,W_cb4616b01f45e042,ZONE_MAA_01,2026-09-07,84,4,6276.54,6356.34,0.0,370.3,0.0,Chennai,Metro,Food_Delivery,Bike,1.2,78,Full-Time,65.7,25,6276.54,4.61,1,1.05,1,23.3,11.4,35.6,34.214285714285715,14.8,136.57142857142858,0,0,0,0,1,0.1549,1.039,44.1
ORD_52469,W_cb4616b01f45e042,ZONE_MAA_01,2026-09-14,72,6,6276.54,5426.87,849.67,258.2,0.15,Chennai,Metro,Food_Delivery,Bike,1.2,78,Full-Time,65.7,25,6276.54,4.61,1,1.05,1,27.4,22.7,36.0,33.525,13.4,152.75,0,1,1,0,1,0.2595,1.046,48.42
ORD_52470,W_9d48291baa09deef,ZONE_DEL_01,2026-06-22,65,3,5077.35,4891.21,186.14,348.0,0.0,Delhi_NCR,Metro,E_Commerce,Scooter,1.0,91,Full-Time,48.3,27,5077.35,5.0,1,1.0,1,4.0,1.2,41.9,40.425,14.3,188.25,0,0,0,1,1,0.1502,1.007,40.54
ORD_52471,W_9d48291baa09deef,ZONE_DEL_01,2026-06-29,55,5,5077.35,4166.96,910.39,319.9,0.155,Delhi_NCR,Metro,E_Commerce,Scooter,1.0,91,Full-Time,48.3,27,5077.35,5.0,1,1.0,1,20.0,6.8,41.7,35.84285714285714,14.4,157.71428571428572,0,0,0,0,1,0.1633,1.033,42.06
ORD_52472,W_9d48291baa09deef,ZONE_DEL_01,2026-07-06,22,5,5077.35,1668.71,3408.64,136.3,0.662,Delhi_NCR,Metro,E_Commerce,Scooter,1.0,91,Full-Time,48.3,27,5077.35,5.0,1,1.0,1,122.9,99.8,36.7,32.9,18.9,156.0,1,0,2,0,1,0.5602,1.205,65.8
ORD_52473,W_9d48291baa09deef,ZONE_DEL_01,2026-07-13,67,3,5077.35,5043.37,33.98,361.7,0.0,Delhi_NCR,Metro,E_Commerce,Scooter,1.0,91,Full-Time,48.3,27,5077.35,5.0,1,1.0,1,9.8,3.7,37.4,36.55714285714286,19.6,129.42857142857142,0,0,0,0,1,0.1191,1.016,39.8
ORD_52474,W_9d48291baa09deef,ZONE_DEL_01,2026-07-20,56,5,5077.35,4222.52,854.83,305.8,0.177,Delhi_NCR,Metro,E_Commerce,Scooter,1.0,91,Full-Time,48.3,27,5077.35,5.0,1,1.0,1,74.3,31.9,33.7,31.8,16.5,132.71428571428572,0,0,0,0,1,0.2667,1.124,49.83
ORD_52475,W_9d48291baa09deef,ZONE_DEL_01,2026-07-27,66,3,5077.35,4983.15,94.2,378.7,0.0,Delhi_NCR,Metro,E_Commerce,Scooter,1.0,91,Full-Time,48.3,27,5077.35,5.0,1,1.0,1,51.900000000000006,19.5,35.3,32.94285714285714,14.4,172.57142857142858,0,0,0,0,1,0.2462,1.086,47.37
ORD_52476,W_9d48291baa09deef,ZONE_DEL_01,2026-08-03,25,5,5077.35,1904.57,3172.78,125.1,0.621,Delhi_NCR,Metro,E_Commerce,Scooter,1.0,91,Full-Time,48.3,27,5077.35,5.0,1,1.0,1,132.8,58.3,33.8,31.17142857142857,15.8,126.57142857142856,0,0,1,0,1,0.4771,1.221,63.12
ORD_52477,W_9d48291baa09deef,ZONE_DEL_01,2026-08-10,68,3,5077.35,5116.32,0.0,268.4,0.0,Delhi_NCR,Metro,E_Commerce,Scooter,1.0,91,Full-Time,48.3,27,5077.35,5.0,1,1.0,1,45.8,12.5,34.4,32.614285714285714,11.1,170.42857142857142,0,0,0,1,1,0.2309,1.076,46.36
ORD_52478,W_9d48291baa09deef,ZONE_DEL_01,2026-08-17,56,5,5077.35,4273.77,803.58,247.9,0.15,Delhi_NCR,Metro,E_Commerce,Scooter,1.0,91,Full-Time,48.3,27,5077.35,5.0,1,1.0,1,34.3,8.2,33.6,33.15714285714286,11.7,140.0,1,0,1,0,1,0.2655,1.057,46.82
ORD_52479,W_9d48291baa09deef,ZONE_DEL_01,2026-08-24,67,3,5077.35,5027.03,50.32,372.2,0.0,Delhi_NCR,Metro,E_Commerce,Scooter,1.0,91,Full-Time,48.3,27,5077.35,5.0,1,1.0,1,24.5,13.5,34.9,33.44285714285714,13.9,168.0,0,0,0,1,1,0.1811,1.041,43.03
ORD_52480,W_9d48291baa09deef,ZONE_DEL_01,2026-08-31,69,3,5077.35,5182.28,0.0,296.2,0.022,Delhi_NCR,Metro,E_Commerce,Scooter,1.0,91,Full-Time,48.3,27,5077.35,5.0,1,1.0,1,76.6,23.5,34.4,31.24285714285714,13.1,145.57142857142858,0,0,0,1,1,0.2815,1.128,50.59
ORD_52481,W_9d48291baa09deef,ZONE_DEL_01,2026-09-07,67,3,5077.35,5034.55,42.8,376.9,0.0,Delhi_NCR,Metro,E_Commerce,Scooter,1.0,91,Full-Time,48.3,27,5077.35,5.0,1,1.0,1,19.1,8.7,34.4,32.471428571428575,14.1,142.0,0,0,0,0,1,0.1495,1.032,41.52
ORD_52482,W_9d48291baa09deef,ZONE_DEL_01,2026-09-14,68,3,5077.35,5100.72,0.0,338.4,0.0,Delhi_NCR,Metro,E_Commerce,Scooter,1.0,91,Full-Time,48.3,27,5077.35,5.0,1,1.0,1,7.6,3.7,35.0,33.05,14.4,149.0,0,0,0,0,1,0.1288,1.013,40.02
ORD_52483,W_f5412363b47f900d,ZONE_MAA_01,2026-06-22,65,3,5108.61,4880.43,228.18,297.5,0.0,Chennai,Metro,Q_Commerce,Scooter,1.0,141,Full-Time,49.9,24,5108.61,4.82,1,1.0,1,33.7,24.5,37.6,36.225,17.3,159.25,0,0,0,1,1,0.1953,1.056,44.18
ORD_52484,W_f5412363b47f900d,ZONE_MAA_01,2026-06-29,66,3,5108.61,4991.49,117.12,409.1,0.0,Chennai,Metro,Q_Commerce,Scooter,1.0,141,Full-Time,49.9,24,5108.61,4.82,1,1.0,1,11.8,5.8,38.4,35.55714285714286,23.0,123.0,0,0,0,0,1,0.1188,1.02,39.94
ORD_52485,W_f5412363b47f900d,ZONE_MAA_01,2026-07-06,56,5,5108.61,4259.1,849.51,329.7,0.15,Chennai,Metro,Q_Commerce,Scooter,1.0,141,Full-Time,49.9,24,5108.61,4.82,1,1.0,1,9.3,5.2,39.2,37.55714285714286,26.3,163.28571428571428,1,0,1,0,1,0.2267,1.016,43.62
ORD_52486,W_f5412363b47f900d,ZONE_MAA_01,2026-07-13,69,3,5108.61,5198.64,0.0,305.0,0.0,Chennai,Metro,Q_Commerce,Scooter,1.0,141,Full-Time,49.9,24,5108.61,4.82,1,1.0,1,11.3,4.9,38.7,36.51428571428571,19.1,141.57142857142858,0,0,0,0,1,0.1316,1.019,40.36
ORD_52487,W_f5412363b47f900d,ZONE_MAA_01,2026-07-20,60,5,5108.61,4515.15,593.46,346.2,0.12,Chennai,Metro,Q_Commerce,Scooter,1.0,141,Full-Time,49.9,24,5108.61,4.82,1,1.0,1,35.6,10.7,36.4,34.714285714285715,17.5,131.57142857142858,0,0,0,0,1,0.1788,1.059,43.69
ORD_52488,W_f5412363b47f900d,ZONE_MAA_01,2026-07-27,70,3,5108.61,5304.46,0.0,275.3,0.0,Chennai,Metro,Q_Commerce,Scooter,1.0,141,Full-Time,49.9,24,5108.61,4.82,1,1.0,1,26.0,8.2,37.6,36.48571428571429,23.1,145.14285714285714,0,0,0,0,1,0.1674,1.043,42.62
ORD_52489,W_f5412363b47f900d,ZONE_MAA_01,2026-08-03,67,3,5108.61,5026.65,81.96,295.1,0.0,Chennai,Metro,Q_Commerce,Scooter,1.0,141,Full-Time,49.9,24,5108.61,4.82,1,1.0,1,38.5,6.7,34.8,33.94285714285714,19.7,150.71428571428572,0,0,0,0,1,0.1997,1.064,44.68
ORD_52490,W_f5412363b47f900d,ZONE_MAA_01,2026-08-10,64,3,5108.61,4874.66,233.95,327.4,0.0,Chennai,Metro,Q_Commerce,Scooter,1.0,141,Full-Time,49.9,24,5108.61,4.82,1,1.0,1,15.6,9.3,35.5,35.08571428571428,18.4,153.57142857142858,1,0,1,1,1,0.2336,1.026,44.3
ORD_52491,W_f5412363b47f900d,ZONE_MAA_01,2026-08-17,70,3,5108.61,5289.87,0.0,317.1,0.0,Chennai,Metro,Q_Commerce,Scooter,1.0,141,Full-Time,49.9,24,5108.61,4.82,1,1.0,1,29.4,12.9,36.3,35.75714285714285,20.7,143.71428571428572,0,0,0,0,1,0.1739,1.049,43.1
ORD_52492,W_f5412363b47f900d,ZONE_MAA_01,2026-08-24,69,3,5108.61,5231.24,0.0,358.4,0.0,Chennai,Metro,Q_Commerce,Scooter,1.0,141,Full-Time,49.9,24,5108.61,4.82,1,1.0,1,15.1,7.6,36.6,34.77142857142857,18.4,144.14285714285714,1,0,1,1,1,0.2254,1.025,43.96
ORD_52493,W_f5412363b47f900d,ZONE_MAA_01,2026-08-31,67,3,5108.61,5045.08,63.53,260.0,0.0,Chennai,Metro,Q_Commerce,Scooter,1.0,141,Full-Time,49.9,24,5108.61,4.82,1,1.0,1,13.1,3.6,35.6,34.41428571428571,16.9,156.85714285714286,1,0,1,1,1,0.2305,1.022,44.01
ORD_52494,W_f5412363b47f900d,ZONE_MAA_01,2026-09-07,69,3,5108.61,5215.55,0.0,400.7,0.0,Chennai,Metro,Q_Commerce,Scooter,1.0,141,Full-Time,49.9,24,5108.61,4.82,1,1.0,1,23.3,11.4,35.6,34.214285714285715,14.8,136.57142857142858,0,0,0,0,1,0.1549,1.039,42.0
ORD_52495,W_f5412363b47f900d,ZONE_MAA_01,2026-09-14,58,5,5108.61,4423.02,685.59,205.8,0.15,Chennai,Metro,Q_Commerce,Scooter,1.0,141,Full-Time,49.9,24,5108.61,4.82,1,1.0,1,27.4,22.7,36.0,33.525,13.4,152.75,0,1,1,0,1,0.2595,1.046,46.11
ORD_52496,W_3386a59b9c0a2aae,ZONE_BOM_01,2026-06-22,77,3,5957.6,5788.54,169.06,283.9,0.0,Mumbai,Metro,Food_Delivery,Scooter,1.0,373,Full-Time,55.0,25,5957.6,4.7,1,1.0,1,24.8,11.5,31.1,30.425,15.3,184.0,0,0,0,1,1,0.1938,1.041,43.5
ORD_52497,W_3386a59b9c0a2aae,ZONE_BOM_01,2026-06-29,12,3,5957.6,916.56,5041.04,45.6,0.85,Mumbai,Metro,Food_Delivery,Scooter,1.0,373,Full-Time,55.0,25,5957.6,4.7,1,1.0,1,493.0,136.9,28.6,27.642857142857142,30.3,147.0,0,0,6,0,1,1.0,1.822,79.0
ORD_52498,W_3386a59b9c0a2aae,ZONE_BOM_01,2026-07-06,14,4,5957.6,1092.29,4865.31,75.1,0.818,Mumbai,Metro,Food_Delivery,Scooter,1.0,373,Full-Time,55.0,25,5957.6,4.7,1,1.0,1,235.5,131.8,30.2,29.142857142857142,34.6,143.85714285714286,0,0,2,0,1,0.8044,1.392,79.0
ORD_52499,W_3386a59b9c0a2aae,ZONE_BOM_01,2026-07-13,42,7,5957.6,3164.76,2792.84,249.2,0.446,Mumbai,Metro,Food_Delivery,Scooter,1.0,373,Full-Time,55.0,25,5957.6,4.7,1,1.0,1,92.5,33.1,30.6,29.82857142857143,21.8,156.42857142857142,1,0,1,0,1,0.4088,1.154,56.9
ORD_52500,W_3386a59b9c0a2aae,ZONE_BOM_01,2026-07-20,11,3,5957.6,884.07,5073.53,63.8,0.85,Mumbai,Metro,Food_Delivery,Scooter,1.0,373,Full-Time,55.0,25,5957.6,4.7,1,1.0,1,354.8,107.0,29.6,28.74285714285714,34.0,158.42857142857142,0,0,4,0,1,1.0,1.591,79.0
ORD_52501,W_3386a59b9c0a2aae,ZONE_BOM_01,2026-07-27,37,7,5957.6,2794.4,3163.2,188.9,0.531,Mumbai,Metro,Food_Delivery,Scooter,1.0,373,Full-Time,55.0,25,5957.6,4.7,1,1.0,1,120.9,42.9,29.6,28.957142857142856,25.3,151.42857142857142,0,0,0,0,1,0.3856,1.202,58.29
ORD_52502,W_3386a59b9c0a2aae,ZONE_BOM_01,2026-08-03,49,8,5957.6,3685.98,2271.62,187.6,0.401,Mumbai,Metro,Food_Delivery,Scooter,1.0,373,Full-Time,55.0,25,5957.6,4.7,1,1.0,1,76.8,18.7,29.7,29.285714285714285,21.2,139.0,0,0,0,0,1,0.277,1.128,50.42
ORD_52503,W_3386a59b9c0a2aae,ZONE_BOM_01,2026-08-10,54,7,5957.6,4091.07,1866.53,254.7,0.312,Mumbai,Metro,Food_Delivery,Scooter,1.0,373,Full-Time,55.0,25,5957.6,4.7,1,1.0,1,96.6,30.6,29.7,28.61428571428572,19.0,142.57142857142858,0,0,0,1,1,0.3243,1.161,53.81
ORD_52504,W_3386a59b9c0a2aae,ZONE_BOM_01,2026-08-17,39,7,5957.6,2960.17,2997.43,236.0,0.504,Mumbai,Metro,Food_Delivery,Scooter,1.0,373,Full-Time,55.0,25,5957.6,4.7,1,1.0,1,61.0,16.7,29.7,29.228571428571428,20.6,146.28571428571428,1,0,1,0,1,0.3303,1.102,51.31
ORD_52505,W_3386a59b9c0a2aae,ZONE_BOM_01,2026-08-24,79,3,5957.6,5986.32,0.0,479.8,0.0,Mumbai,Metro,Food_Delivery,Scooter,1.0,373,Full-Time,55.0,25,5957.6,4.7,1,1.0,1,36.4,7.6,29.6,29.25714285714286,21.1,134.0,1,0,1,1,1,0.2657,1.061,47.0
ORD_52506,W_3386a59b9c0a2aae,ZONE_BOM_01,2026-08-31,81,4,5957.6,6091.13,0.0,461.1,0.0,Mumbai,Metro,Food_Delivery,Scooter,1.0,373,Full-Time,55.0,25,5957.6,4.7,1,1.0,1,61.0,16.1,29.6,29.042857142857144,18.4,158.28571428571428,0,0,0,1,1,0.256,1.102,48.44
ORD_52507,W_3386a59b9c0a2aae,ZONE_BOM_01,2026-09-07,80,4,5957.6,6064.32,0.0,411.1,0.0,Mumbai,Metro,Food_Delivery,Scooter,1.0,373,Full-Time,55.0,25,5957.6,4.7,1,1.0,1,52.9,25.5,30.0,29.071428571428573,15.3,169.57142857142858,0,0,0,0,1,0.2462,1.088,47.46
ORD_52508,W_3386a59b9c0a2aae,ZONE_BOM_01,2026-09-14,79,3,5957.6,5996.21,0.0,460.1,0.0,Mumbai,Metro,Food_Delivery,Scooter,1.0,373,Full-Time,55.0,25,5957.6,4.7,1,1.0,1,23.3,10.3,30.0,29.625,20.1,162.0,0,0,0,0,1,0.1739,1.039,42.69
ORD_52509,W_873f8ac4b9526329,ZONE_MAA_01,2026-06-22,55,2,4018.17,4147.41,0.0,210.7,0.0,Chennai,Metro,Food_Delivery,Bicycle,1.8,171,Full-Time,45.5,24,4018.17,4.58,1,1.2,1,33.7,24.5,37.6,36.225,17.3,159.25,0,0,0,1,1,0.1953,1.056,53.01
ORD_52510,W_873f8ac4b9526329,ZONE_MAA_01,2026-06-29,55,2,4018.17,4158.24,0.0,254.0,0.0,Chennai,Metro,Food_Delivery,Bicycle,1.8,171,Full-Time,45.5,24,4018.17,4.58,1,1.2,1,11.8,5.8,38.4,35.55714285714286,23.0,123.0,0,0,0,0,1,0.1188,1.02,47.93
ORD_52511,W_873f8ac4b9526329,ZONE_MAA_01,2026-07-06,44,4,4018.17,3331.32,686.85,257.3,0.15,Chennai,Metro,Food_Delivery,Bicycle,1.8,171,Full-Time,45.5,24,4018.17,4.58,1,1.2,1,9.3,5.2,39.2,37.55714285714286,26.3,163.28571428571428,1,0,1,0,1,0.2267,1.016,52.35
ORD_52512,W_873f8ac4b9526329,ZONE_MAA_01,2026-07-13,53,2,4018.17,3990.86,27.31,301.2,0.0,Chennai,Metro,Food_Delivery,Bicycle,1.8,171,Full-Time,45.5,24,4018.17,4.58,1,1.2,1,11.3,4.9,38.7,36.51428571428571,19.1,141.57142857142858,0,0,0,0,1,0.1316,1.019,48.43
ORD_52513,W_873f8ac4b9526329,ZONE_MAA_01,2026-07-20,46,3,4018.17,3452.33,565.84,161.5,0.12,Chennai,Metro,Food_Delivery,Bicycle,1.8,171,Full-Time,45.5,24,4018.17,4.58,1,1.2,1,35.6,10.7,36.4,34.714285714285715,17.5,131.57142857142858,0,0,0,0,1,0.1788,1.059,52.43
ORD_52514,W_873f8ac4b9526329,ZONE_MAA_01,2026-07-27,53,2,4018.17,4016.35,1.82,199.8,0.0,Chennai,Metro,Food_Delivery,Bicycle,1.8,171,Full-Time,45.5,24,4018.17,4.58,1,1.2,1,26.0,8.2,37.6,36.48571428571429,23.1,145.14285714285714,0,0,0,0,1,0.1674,1.043,51.14
ORD_52515,W_873f8ac4b9526329,ZONE_MAA_01,2026-08-03,54,2,4018.17,4120.38,0.0,229.3,0.0,Chennai,Metro,Food_Delivery,Bicycle,1.8,171,Full-Time,45.5,24,4018.17,4.58,1,1.2,1,38.5,6.7,34.8,33.94285714285714,19.7,150.71428571428572,0,0,0,0,1,0.1997,1.064,53.61
ORD_52516,W_873f8ac4b9526329,ZONE_MAA_01,2026-08-10,53,2,4018.17,3995.53,22.64,198.0,0.0,Chennai,Metro,Food_Delivery,Bicycle,1.8,171,Full-Time,45.5,24,4018.17,4.58,1,1.2,1,15.6,9.3,35.5,35.08571428571428,18.4,153.57142857142858,1,0,1,1,1,0.2336,1.026,53.16
ORD_52517,W_873f8ac4b9526329,ZONE_MAA_01,2026-08-17,52,2,4018.17,3932.45,85.72,291.7,0.0,Chennai,Metro,Food_Delivery,Bicycle,1.8,171,Full-Time,45.5,24,4018.17,4.58,1,1.2,1,29.4,12.9,36.3,35.75714285714285,20.7,143.71428571428572,0,0,0,0,1,0.1739,1.049,51.72
ORD_52518,W_873f8ac4b9526329,ZONE_MAA_01,2026-08-24,51,2,4018.17,3878.17,140.0,267.6,0.0,Chennai,Metro,Food_Delivery,Bicycle,1.8,171,Full-Time,45.5,24,4018.17,4.58,1,1.2,1,15.1,7.6,36.6,34.77142857142857,18.4,144.14285714285714,1,0,1,1,1,0.2254,1.025,52.75
ORD_52519,W_873f8ac4b9526329,ZONE_MAA_01,2026-08-31,55,2,4018.17,4185.9,0.0,293.5,0.0,Chennai,Metro,Food_Delivery,Bicycle,1.8,171,Full-Time,45.5,24,4018.17,4.58,1,1.2,1,13.1,3.6,35.6,34.41428571428571,16.9,156.85714285714286,1,0,1,1,1,0.2305,1.022,52.82
ORD_52520,W_873f8ac4b9526329,ZONE_MAA_01,2026-09-07,55,2,4018.17,4143.14,0.0,208.7,0.0,Chennai,Metro,Food_Delivery,Bicycle,1.8,171,Full-Time,45.5,24,4018.17,4.58,1,1.2,1,23.3,11.4,35.6,34.214285714285715,14.8,136.57142857142858,0,0,0,0,1,0.1549,1.039,50.4
ORD_52521,W_873f8ac4b9526329,ZONE_MAA_01,2026-09-14,44,4,4018.17,3330.31,687.86,260.3,0.15,Chennai,Metro,Food_Delivery,Bicycle,1.8,171,Full-Time,45.5,24,4018.17,4.58,1,1.2,1,27.4,22.7,36.0,33.525,13.4,152.75,0,1,1,0,1,0.2595,1.046,55.33
ORD_52522,W_d34e33ebd708cab1,ZONE_BLR_01,2026-06-22,29,1,2147.42,2193.61,0.0,151.6,0.0,Bangalore,Metro,Food_Delivery,Bicycle,1.8,626,Part-Time,22.0,12,2147.42,4.18,1,1.2,0,16.3,5.3,30.1,29.475,20.2,135.25,0,0,0,1,1,0.1381,1.027,49.09
ORD_52523,W_d34e33ebd708cab1,ZONE_BLR_01,2026-06-29,24,2,2147.42,1855.2,292.22,110.8,0.15,Bangalore,Metro,Food_Delivery,Bicycle,1.8,626,Part-Time,22.0,12,2147.42,4.18,1,1.2,0,20.1,8.4,29.2,27.985714285714288,29.9,153.85714285714286,1,0,1,0,1,0.244,1.034,54.02
ORD_52524,W_d34e33ebd708cab1,ZONE_BLR_01,2026-07-06,27,1,2147.42,2049.62,97.8,151.7,0.0,Bangalore,Metro,Food_Delivery,Bicycle,1.8,626,Part-Time,22.0,12,2147.42,4.18,1,1.2,0,8.399999999999999,3.3,31.8,29.77142857142857,29.7,172.71428571428572,0,0,0,0,1,0.1484,1.014,48.91
ORD_52525,W_d34e33ebd708cab1,ZONE_BLR_01,2026-07-13,29,1,2147.42,2185.8,0.0,138.5,0.0,Bangalore,Metro,Food_Delivery,Bicycle,1.8,626,Part-Time,22.0,12,2147.42,4.18,1,1.2,0,16.8,9.8,32.1,29.785714285714285,20.5,124.57142857142856,0,0,0,0,1,0.1312,1.028,48.84
ORD_52526,W_d34e33ebd708cab1,ZONE_BLR_01,2026-07-20,25,2,2147.42,1898.28,249.14,110.2,0.15,Bangalore,Metro,Food_Delivery,Bicycle,1.8,626,Part-Time,22.0,12,2147.42,4.18,1,1.2,0,33.4,8.9,29.5,28.414285714285715,21.1,162.85714285714286,1,0,1,0,1,0.2806,1.056,56.8
ORD_52527,W_d34e33ebd708cab1,ZONE_BLR_01,2026-07-27,28,1,2147.42,2103.25,44.17,164.0,0.0,Bangalore,Metro,Food_Delivery,Bicycle,1.8,626,Part-Time,22.0,12,2147.42,4.18,1,1.2,0,28.8,17.0,29.7,28.685714285714287,25.0,169.42857142857142,0,0,0,0,1,0.1919,1.048,52.46
ORD_52528,W_d34e33ebd708cab1,ZONE_BLR_01,2026-08-03,14,2,2147.42,1107.18,1040.24,53.9,0.485,Bangalore,Metro,Food_Delivery,Bicycle,1.8,626,Part-Time,22.0,12,2147.42,4.18,1,1.2,0,76.3,18.5,28.3,27.285714285714285,21.1,143.0,0,0,0,0,1,0.2789,1.127,60.54
ORD_52529,W_d34e33ebd708cab1,ZONE_BLR_01,2026-08-10,27,1,2147.42,2086.23,61.19,142.3,0.0,Bangalore,Metro,Food_Delivery,Bicycle,1.8,626,Part-Time,22.0,12,2147.42,4.18,1,1.2,0,19.9,5.6,30.7,29.17142857142857,21.8,129.0,0,0,0,1,1,0.1415,1.033,49.53
ORD_52530,W_d34e33ebd708cab1,ZONE_BLR_01,2026-08-17,24,2,2147.42,1804.32,343.1,138.2,0.15,Bangalore,Metro,Food_Delivery,Bicycle,1.8,626,Part-Time,22.0,12,2147.42,4.18,1,1.2,0,31.4,9.8,29.9,28.4,22.2,146.57142857142858,1,0,1,0,1,0.2639,1.052,55.84
ORD_52531,W_d34e33ebd708cab1,ZONE_BLR_01,2026-08-24,29,1,2147.42,2244.04,0.0,164.6,0.0,Bangalore,Metro,Food_Delivery,Bicycle,1.8,626,Part-Time,22.0,12,2147.42,4.18,1,1.2,0,35.7,18.2,28.8,28.014285714285712,22.3,167.14285714285714,0,0,0,1,1,0.2057,1.06,53.68
ORD_52532,W_d34e33ebd708cab1,ZONE_BLR_01,2026-08-31,28,1,2147.42,2121.12,26.3,157.6,0.0,Bangalore,Metro,Food_Delivery,Bicycle,1.8,626,Part-Time,22.0,12,2147.42,4.18,1,1.2,0,13.2,3.6,30.8,29.542857142857144,19.3,142.71428571428572,1,0,1,1,1,0.2201,1.022,52.37
ORD_52533,W_d34e33ebd708cab1,ZONE_BLR_01,2026-09-07,28,1,2147.42,2115.52,31.9,110.6,0.0,Bangalore,Metro,Food_Delivery,Bicycle,1.8,626,Part-Time,22.0,12,2147.42,4.18,1,1.2,0,8.5,5.1,31.0,30.62857142857143,14.9,128.28571428571428,0,0,0,0,1,0.1153,1.014,47.5
ORD_52534,W_d34e33ebd708cab1,ZONE_BLR_01,2026-09-14,27,1,2147.42,2047.22,100.2,122.6,0.0,Bangalore,Metro,Food_Delivery,Bicycle,1.8,626,Part-Time,22.0,12,2147.42,4.18,1,1.2,0,33.1,9.6,30.8,30.425,13.6,137.5,0,0,0,0,1,0.1776,1.055,52.18
ORD_52535,W_264dd3c395bc2451,ZONE_BOM_01,2026-06-22,72,3,5190.95,5400.44,0.0,298.5,0.0,Mumbai,Metro,Food_Delivery,Bike,1.2,41,Full-Time,48.4,25,5190.95,4.59,1,1.05,1,24.8,11.5,31.1,30.425,15.3,184.0,0,0,0,1,1,0.1938,1.041,45.67
ORD_52536,W_264dd3c395bc2451,ZONE_BOM_01,2026-06-29,10,3,5190.95,815.22,4375.73,35.7,0.85,Mumbai,Metro,Food_Delivery,Bike,1.2,41,Full-Time,48.4,25,5190.95,4.59,1,1.05,1,493.0,136.9,28.6,27.642857142857142,30.3,147.0,0,0,6,0,1,1.0,1.822,79.0
ORD_52537,W_264dd3c395bc2451,ZONE_BOM_01,2026-07-06,10,3,5190.95,764.73,4426.22,36.0,0.85,Mumbai,Metro,Food_Delivery,Bike,1.2,41,Full-Time,48.4,25,5190.95,4.59,1,1.05,1,235.5,131.8,30.2,29.142857142857142,34.6,143.85714285714286,0,0,2,0,1,0.8044,1.392,79.0
ORD_52538,W_264dd3c395bc2451,ZONE_BOM_01,2026-07-13,33,6,5190.95,2525.94,2665.01,164.7,0.495,Mumbai,Metro,Food_Delivery,Bike,1.2,41,Full-Time,48.4,25,5190.95,4.59,1,1.05,1,92.5,33.1,30.6,29.82857142857143,21.8,156.42857142857142,1,0,1,0,1,0.4088,1.154,59.75
ORD_52539,W_264dd3c395bc2451,ZONE_BOM_01,2026-07-20,9,2,5190.95,744.79,4446.16,32.7,0.85,Mumbai,Metro,Food_Delivery,Bike,1.2,41,Full-Time,48.4,25,5190.95,4.59,1,1.05,1,354.8,107.0,29.6,28.74285714285714,34.0,158.42857142857142,0,0,4,0,1,1.0,1.591,79.0
ORD_52540,W_264dd3c395bc2451,ZONE_BOM_01,2026-07-27,36,6,5190.95,2743.91,2447.04,199.9,0.448,Mumbai,Metro,Food_Delivery,Bike,1.2,41,Full-Time,48.4,25,5190.95,4.59,1,1.05,1,120.9,42.9,29.6,28.957142857142856,25.3,151.42857142857142,0,0,0,0,1,0.3856,1.202,61.21
ORD_52541,W_264dd3c395bc2451,ZONE_BOM_01,2026-08-03,40,6,5190.95,3002.27,2188.68,185.2,0.412,Mumbai,Metro,Food_Delivery,Bike,1.2,41,Full-Time,48.4,25,5190.95,4.59,1,1.05,1,76.8,18.7,29.7,29.285714285714285,21.2,139.0,0,0,0,0,1,0.277,1.128,52.94
ORD_52542,W_264dd3c395bc2451,ZONE_BOM_01,2026-08-10,40,7,5190.95,3010.41,2180.54,217.3,0.443,Mumbai,Metro,Food_Delivery,Bike,1.2,41,Full-Time,48.4,25,5190.95,4.59,1,1.05,1,96.6,30.6,29.7,28.61428571428572,19.0,142.57142857142858,0,0,0,1,1,0.3243,1.161,56.5
ORD_52543,W_264dd3c395bc2451,ZONE_BOM_01,2026-08-17,25,5,5190.95,1889.87,3301.08,113.2,0.629,Mumbai,Metro,Food_Delivery,Bike,1.2,41,Full-Time,48.4,25,5190.95,4.59,1,1.05,1,61.0,16.7,29.7,29.228571428571428,20.6,146.28571428571428,1,0,1,0,1,0.3303,1.102,53.88
ORD_52544,W_264dd3c395bc2451,ZONE_BOM_01,2026-08-24,69,3,5190.95,5249.98,0.0,357.7,0.0,Mumbai,Metro,Food_Delivery,Bike,1.2,41,Full-Time,48.4,25,5190.95,4.59,1,1.05,1,36.4,7.6,29.6,29.25714285714286,21.1,134.0,1,0,1,1,1,0.2657,1.061,49.35
ORD_52545,W_264dd3c395bc2451,ZONE_BOM_01,2026-08-31,63,4,5190.95,4796.55,394.4,388.2,0.067,Mumbai,Metro,Food_Delivery,Bike,1.2,41,Full-Time,48.4,25,5190.95,4.59,1,1.05,1,61.0,16.1,29.6,29.042857142857144,18.4,158.28571428571428,0,0,0,1,1,0.256,1.102,50.87
ORD_52546,W_264dd3c395bc2451,ZONE_BOM_01,2026-09-07,71,3,5190.95,5357.64,0.0,331.9,0.0,Mumbai,Metro,Food_Delivery,Bike,1.2,41,Full-Time,48.4,25,5190.95,4.59,1,1.05,1,52.9,25.5,30.0,29.071428571428573,15.3,169.57142857142858,0,0,0,0,1,0.2462,1.088,49.83
ORD_52547,W_264dd3c395bc2451,ZONE_BOM_01,2026-09-14,70,3,5190.95,5308.94,0.0,295.9,0.0,Mumbai,Metro,Food_Delivery,Bike,1.2,41,Full-Time,48.4,25,5190.95,4.59,1,1.05,1,23.3,10.3,30.0,29.625,20.1,162.0,0,0,0,0,1,0.1739,1.039,44.82
ORD_52548,W_3851cbf9484039fd,ZONE_BLR_01,2026-06-22,72,3,5629.17,5404.1,225.07,320.5,0.0,Bangalore,Metro,Food_Delivery,Bicycle,1.8,199,Full-Time,61.1,26,5629.17,4.54,1,1.2,1,16.3,5.3,30.1,29.475,20.2,135.25,0,0,0,1,1,0.1381,1.027,49.09
ORD_52549,W_3851cbf9484039fd,ZONE_BLR_01,2026-06-29,63,5,5629.17,4738.37,890.8,223.3,0.15,Bangalore,Metro,Food_Delivery,Bicycle,1.8,199,Full-Time,61.1,26,5629.17,4.54,1,1.2,1,20.1,8.4,29.2,27.985714285714288,29.9,153.85714285714286,1,0,1,0,1,0.244,1.034,54.02
ORD_52550,W_3851cbf9484039fd,ZONE_BLR_01,2026-07-06,77,3,5629.17,5806.37,0.0,344.2,0.0,Bangalore,Metro,Food_Delivery,Bicycle,1.8,199,Full-Time,61.1,26,5629.17,4.54,1,1.2,1,8.399999999999999,3.3,31.8,29.77142857142857,29.7,172.71428571428572,0,0,0,0,1,0.1484,1.014,48.91
ORD_52551,W_3851cbf9484039fd,ZONE_BLR_01,2026-07-13,75,3,5629.17,5674.44,0.0,277.5,0.0,Bangalore,Metro,Food_Delivery,Bicycle,1.8,199,Full-Time,61.1,26,5629.17,4.54,1,1.2,1,16.8,9.8,32.1,29.785714285714285,20.5,124.57142857142856,0,0,0,0,1,0.1312,1.028,48.84
ORD_52552,W_3851cbf9484039fd,ZONE_BLR_01,2026-07-20,61,5,5629.17,4629.29,999.88,360.0,0.15,Bangalore,Metro,Food_Delivery,Bicycle,1.8,199,Full-Time,61.1,26,5629.17,4.54,1,1.2,1,33.4,8.9,29.5,28.414285714285715,21.1,162.85714285714286,1,0,1,0,1,0.2806,1.056,56.8
ORD_52553,W_3851cbf9484039fd,ZONE_BLR_01,2026-07-27,75,3,5629.17,5690.35,0.0,454.9,0.0,Bangalore,Metro,Food_Delivery,Bicycle,1.8,199,Full-Time,61.1,26,5629.17,4.54,1,1.2,1,28.8,17.0,29.7,28.685714285714287,25.0,169.42857142857142,0,0,0,0,1,0.1919,1.048,52.46
ORD_52554,W_3851cbf9484039fd,ZONE_BLR_01,2026-08-03,34,7,5629.17,2558.11,3071.06,146.4,0.54,Bangalore,Metro,Food_Delivery,Bicycle,1.8,199,Full-Time,61.1,26,5629.17,4.54,1,1.2,1,76.3,18.5,28.3,27.285714285714285,21.1,143.0,0,0,0,0,1,0.2789,1.127,60.54
ORD_52555,W_3851cbf9484039fd,ZONE_BLR_01,2026-08-10,77,3,5629.17,5830.89,0.0,477.1,0.0,Bangalore,Metro,Food_Delivery,Bicycle,1.8,199,Full-Time,61.1,26,5629.17,4.54,1,1.2,1,19.9,5.6,30.7,29.17142857142857,21.8,129.0,0,0,0,1,1,0.1415,1.033,49.53
ORD_52556,W_3851cbf9484039fd,ZONE_BLR_01,2026-08-17,64,6,5629.17,4846.83,782.34,361.4,0.15,Bangalore,Metro,Food_Delivery,Bicycle,1.8,199,Full-Time,61.1,26,5629.17,4.54,1,1.2,1,31.4,9.8,29.9,28.4,22.2,146.57142857142858,1,0,1,0,1,0.2639,1.052,55.84
ORD_52557,W_3851cbf9484039fd,ZONE_BLR_01,2026-08-24,77,3,5629.17,5787.77,0.0,343.4,0.0,Bangalore,Metro,Food_Delivery,Bicycle,1.8,199,Full-Time,61.1,26,5629.17,4.54,1,1.2,1,35.7,18.2,28.8,28.014285714285712,22.3,167.14285714285714,0,0,0,1,1,0.2057,1.06,53.68
ORD_52558,W_3851cbf9484039fd,ZONE_BLR_01,2026-08-31,75,3,5629.17,5670.98,0.0,431.2,0.0,Bangalore,Metro,Food_Delivery,Bicycle,1.8,199,Full-Time,61.1,26,5629.17,4.54,1,1.2,1,13.2,3.6,30.8,29.542857142857144,19.3,142.71428571428572,1,0,1,1,1,0.2201,1.022,52.37
ORD_52559,W_3851cbf9484039fd,ZONE_BLR_01,2026-09-07,76,3,5629.17,5735.06,0.0,270.3,0.0,Bangalore,Metro,Food_Delivery,Bicycle,1.8,199,Full-Time,61.1,26,5629.17,4.54,1,1.2,1,8.5,5.1,31.0,30.62857142857143,14.9,128.28571428571428,0,0,0,0,1,0.1153,1.014,47.5
ORD_52560,W_3851cbf9484039fd,ZONE_BLR_01,2026-09-14,73,3,5629.17,5537.25,91.92,284.0,0.0,Bangalore,Metro,Food_Delivery,Bicycle,1.8,199,Full-Time,61.1,26,5629.17,4.54,1,1.2,1,33.1,9.6,30.8,30.425,13.6,137.5,0,0,0,0,1,0.1776,1.055,52.18
ORD_52561,W_2c68e6f080b848c7,ZONE_BLR_01,2026-06-22,84,4,6535.72,6361.2,174.52,499.4,0.0,Bangalore,Metro,Q_Commerce,Scooter,1.0,257,Full-Time,60.1,25,6535.72,4.7,1,1.0,1,16.3,5.3,30.1,29.475,20.2,135.25,0,0,0,1,1,0.1381,1.027,40.91
ORD_52562,W_2c68e6f080b848c7,ZONE_BLR_01,2026-06-29,70,6,6535.72,5298.09,1237.63,286.5,0.15,Bangalore,Metro,Q_Commerce,Scooter,1.0,257,Full-Time,60.1,25,6535.72,4.7,1,1.0,1,20.1,8.4,29.2,27.985714285714288,29.9,153.85714285714286,1,0,1,0,1,0.244,1.034,45.02
ORD_52563,W_2c68e6f080b848c7,ZONE_BLR_01,2026-07-06,85,4,6535.72,6411.26,124.46,439.1,0.0,Bangalore,Metro,Q_Commerce,Scooter,1.0,257,Full-Time,60.1,25,6535.72,4.7,1,1.0,1,8.399999999999999,3.3,31.8,29.77142857142857,29.7,172.71428571428572,0,0,0,0,1,0.1484,1.014,40.76
ORD_52564,W_2c68e6f080b848c7,ZONE_BLR_01,2026-07-13,87,4,6535.72,6558.01,0.0,355.8,0.0,Bangalore,Metro,Q_Commerce,Scooter,1.0,257,Full-Time,60.1,25,6535.72,4.7,1,1.0,1,16.8,9.8,32.1,29.785714285714285,20.5,124.57142857142856,0,0,0,0,1,0.1312,1.028,40.7
ORD_52565,W_2c68e6f080b848c7,ZONE_BLR_01,2026-07-20,71,6,6535.72,5368.84,1166.88,293.9,0.15,Bangalore,Metro,Q_Commerce,Scooter,1.0,257,Full-Time,60.1,25,6535.72,4.7,1,1.0,1,33.4,8.9,29.5,28.414285714285715,21.1,162.85714285714286,1,0,1,0,1,0.2806,1.056,47.33
ORD_52566,W_2c68e6f080b848c7,ZONE_BLR_01,2026-07-27,87,4,6535.72,6537.37,0.0,368.2,0.0,Bangalore,Metro,Q_Commerce,Scooter,1.0,257,Full-Time,60.1,25,6535.72,4.7,1,1.0,1,28.8,17.0,29.7,28.685714285714287,25.0,169.42857142857142,0,0,0,0,1,0.1919,1.048,43.72
ORD_52567,W_2c68e6f080b848c7,ZONE_BLR_01,2026-08-03,61,8,6535.72,4609.66,1926.06,223.2,0.292,Bangalore,Metro,Q_Commerce,Scooter,1.0,257,Full-Time,60.1,25,6535.72,4.7,1,1.0,1,76.3,18.5,28.3,27.285714285714285,21.1,143.0,0,0,0,0,1,0.2789,1.127,50.45
ORD_52568,W_2c68e6f080b848c7,ZONE_BLR_01,2026-08-10,89,4,6535.72,6685.56,0.0,390.5,0.0,Bangalore,Metro,Q_Commerce,Scooter,1.0,257,Full-Time,60.1,25,6535.72,4.7,1,1.0,1,19.9,5.6,30.7,29.17142857142857,21.8,129.0,0,0,0,1,1,0.1415,1.033,41.27
ORD_52569,W_2c68e6f080b848c7,ZONE_BLR_01,2026-08-17,75,7,6535.72,5640.63,895.09,319.1,0.15,Bangalore,Metro,Q_Commerce,Scooter,1.0,257,Full-Time,60.1,25,6535.72,4.7,1,1.0,1,31.4,9.8,29.9,28.4,22.2,146.57142857142858,1,0,1,0,1,0.2639,1.052,46.54
ORD_52570,W_2c68e6f080b848c7,ZONE_BLR_01,2026-08-24,87,4,6535.72,6581.96,0.0,485.9,0.0,Bangalore,Metro,Q_Commerce,Scooter,1.0,257,Full-Time,60.1,25,6535.72,4.7,1,1.0,1,35.7,18.2,28.8,28.014285714285712,22.3,167.14285714285714,0,0,0,1,1,0.2057,1.06,44.73
ORD_52571,W_2c68e6f080b848c7,ZONE_BLR_01,2026-08-31,90,4,6535.72,6815.45,0.0,378.5,0.0,Bangalore,Metro,Q_Commerce,Scooter,1.0,257,Full-Time,60.1,25,6535.72,4.7,1,1.0,1,13.2,3.6,30.8,29.542857142857144,19.3,142.71428571428572,1,0,1,1,1,0.2201,1.022,43.64
ORD_52572,W_2c68e6f080b848c7,ZONE_BLR_01,2026-09-07,85,4,6535.72,6427.79,107.93,404.0,0.0,Bangalore,Metro,Q_Commerce,Scooter,1.0,257,Full-Time,60.1,25,6535.72,4.7,1,1.0,1,8.5,5.1,31.0,30.62857142857143,14.9,128.28571428571428,0,0,0,0,1,0.1153,1.014,39.58
ORD_52573,W_2c68e6f080b848c7,ZONE_BLR_01,2026-09-14,90,4,6535.72,6814.91,0.0,534.0,0.0,Bangalore,Metro,Q_Commerce,Scooter,1.0,257,Full-Time,60.1,25,6535.72,4.7,1,1.0,1,33.1,9.6,30.8,30.425,13.6,137.5,0,0,0,0,1,0.1776,1.055,43.48
ORD_52574,W_f645fd9efe1240f5,ZONE_DEL_01,2026-06-22,23,1,1834.04,1758.82,75.22,88.7,0.0,Delhi_NCR,Metro,Q_Commerce,Bike,1.2,566,Part-Time,19.1,15,1834.04,4.95,1,1.05,0,4.0,1.2,41.9,40.425,14.3,188.25,0,0,0,1,1,0.1502,1.007,42.57
ORD_52575,W_f645fd9efe1240f5,ZONE_DEL_01,2026-06-29,20,1,1834.04,1549.07,284.97,75.8,0.155,Delhi_NCR,Metro,Q_Commerce,Bike,1.2,566,Part-Time,19.1,15,1834.04,4.95,1,1.05,0,20.0,6.8,41.7,35.84285714285714,14.4,157.71428571428572,0,0,0,0,1,0.1633,1.033,44.16
ORD_52576,W_f645fd9efe1240f5,ZONE_DEL_01,2026-07-06,4,1,1834.04,348.71,1485.33,20.9,0.803,Delhi_NCR,Metro,Q_Commerce,Bike,1.2,566,Part-Time,19.1,15,1834.04,4.95,1,1.05,0,122.9,99.8,36.7,32.9,18.9,156.0,1,0,2,0,1,0.5602,1.205,69.09
ORD_52577,W_f645fd9efe1240f5,ZONE_DEL_01,2026-07-13,25,1,1834.04,1916.48,0.0,154.8,0.0,Delhi_NCR,Metro,Q_Commerce,Bike,1.2,566,Part-Time,19.1,15,1834.04,4.95,1,1.05,0,9.8,3.7,37.4,36.55714285714286,19.6,129.42857142857142,0,0,0,0,1,0.1191,1.016,41.78
ORD_52578,W_f645fd9efe1240f5,ZONE_DEL_01,2026-07-20,18,2,1834.04,1393.7,440.34,104.6,0.248,Delhi_NCR,Metro,Q_Commerce,Bike,1.2,566,Part-Time,19.1,15,1834.04,4.95,1,1.05,0,74.3,31.9,33.7,31.8,16.5,132.71428571428572,0,0,0,0,1,0.2667,1.124,52.32
ORD_52579,W_f645fd9efe1240f5,ZONE_DEL_01,2026-07-27,23,1,1834.04,1763.88,70.16,123.3,0.0,Delhi_NCR,Metro,Q_Commerce,Bike,1.2,566,Part-Time,19.1,15,1834.04,4.95,1,1.05,0,51.900000000000006,19.5,35.3,32.94285714285714,14.4,172.57142857142858,0,0,0,0,1,0.2462,1.086,49.74
ORD_52580,W_f645fd9efe1240f5,ZONE_DEL_01,2026-08-03,7,1,1834.04,590.79,1243.25,32.1,0.668,Delhi_NCR,Metro,Q_Commerce,Bike,1.2,566,Part-Time,19.1,15,1834.04,4.95,1,1.05,0,132.8,58.3,33.8,31.17142857142857,15.8,126.57142857142856,0,0,1,0,1,0.4771,1.221,66.28
ORD_52581,W_f645fd9efe1240f5,ZONE_DEL_01,2026-08-10,23,1,1834.04,1756.27,77.77,123.7,0.0,Delhi_NCR,Metro,Q_Commerce,Bike,1.2,566,Part-Time,19.1,15,1834.04,4.95,1,1.05,0,45.8,12.5,34.4,32.614285714285714,11.1,170.42857142857142,0,0,0,1,1,0.2309,1.076,48.67
ORD_52582,W_f645fd9efe1240f5,ZONE_DEL_01,2026-08-17,20,1,1834.04,1520.39,313.65,86.8,0.15,Delhi_NCR,Metro,Q_Commerce,Bike,1.2,566,Part-Time,19.1,15,1834.04,4.95,1,1.05,0,34.3,8.2,33.6,33.15714285714286,11.7,140.0,1,0,1,0,1,0.2655,1.057,49.16
ORD_52583,W_f645fd9efe1240f5,ZONE_DEL_01,2026-08-24,23,1,1834.04,1764.54,69.5,134.2,0.0,Delhi_NCR,Metro,Q_Commerce,Bike,1.2,566,Part-Time,19.1,15,1834.04,4.95,1,1.05,0,24.5,13.5,34.9,33.44285714285714,13.9,168.0,0,0,0,1,1,0.1811,1.041,45.19
ORD_52584,W_f645fd9efe1240f5,ZONE_DEL_01,2026-08-31,22,1,1834.04,1720.14,113.9,110.8,0.069,Delhi_NCR,Metro,Q_Commerce,Bike,1.2,566,Part-Time,19.1,15,1834.04,4.95,1,1.05,0,76.6,23.5,34.4,31.24285714285714,13.1,145.57142857142858,0,0,0,1,1,0.2815,1.128,53.12
ORD_52585,W_f645fd9efe1240f5,ZONE_DEL_01,2026-09-07,24,1,1834.04,1817.62,16.42,96.5,0.0,Delhi_NCR,Metro,Q_Commerce,Bike,1.2,566,Part-Time,19.1,15,1834.04,4.95,1,1.05,0,19.1,8.7,34.4,32.471428571428575,14.1,142.0,0,0,0,0,1,0.1495,1.032,43.6
ORD_52586,W_f645fd9efe1240f5,ZONE_DEL_01,2026-09-14,25,1,1834.04,1879.0,0.0,96.1,0.0,Delhi_NCR,Metro,Q_Commerce,Bike,1.2,566,Part-Time,19.1,15,1834.04,4.95,1,1.05,0,7.6,3.7,35.0,33.05,14.4,149.0,0,0,0,0,1,0.1288,1.013,42.02
ORD_52587,W_7b5f20e591e32066,ZONE_DEL_01,2026-06-22,57,2,4508.12,4329.54,178.58,308.8,0.0,Delhi_NCR,Metro,Food_Delivery,Bike,1.2,59,Full-Time,42.8,25,4508.12,4.31,1,1.05,1,4.0,1.2,41.9,40.425,14.3,188.25,0,0,0,1,1,0.1502,1.007,42.57
ORD_52588,W_7b5f20e591e32066,ZONE_DEL_01,2026-06-29,49,4,4508.12,3698.45,809.67,212.1,0.155,Delhi_NCR,Metro,Food_Delivery,Bike,1.2,59,Full-Time,42.8,25,4508.12,4.31,1,1.05,1,20.0,6.8,41.7,35.84285714285714,14.4,157.71428571428572,0,0,0,0,1,0.1633,1.033,44.16
ORD_52589,W_7b5f20e591e32066,ZONE_DEL_01,2026-07-06,9,2,4508.12,744.31,3763.81,48.7,0.834,Delhi_NCR,Metro,Food_Delivery,Bike,1.2,59,Full-Time,42.8,25,4508.12,4.31,1,1.05,1,122.9,99.8,36.7,32.9,18.9,156.0,1,0,2,0,1,0.5602,1.205,69.09
ORD_52590,W_7b5f20e591e32066,ZONE_DEL_01,2026-07-13,60,3,4508.12,4563.76,0.0,314.4,0.0,Delhi_NCR,Metro,Food_Delivery,Bike,1.2,59,Full-Time,42.8,25,4508.12,4.31,1,1.05,1,9.8,3.7,37.4,36.55714285714286,19.6,129.42857142857142,0,0,0,0,1,0.1191,1.016,41.78
ORD_52591,W_7b5f20e591e32066,ZONE_DEL_01,2026-07-20,40,5,4508.12,3052.58,1455.54,174.8,0.309,Delhi_NCR,Metro,Food_Delivery,Bike,1.2,59,Full-Time,42.8,25,4508.12,4.31,1,1.05,1,74.3,31.9,33.7,31.8,16.5,132.71428571428572,0,0,0,0,1,0.2667,1.124,52.32
ORD_52592,W_7b5f20e591e32066,ZONE_DEL_01,2026-07-27,59,2,4508.12,4480.17,27.95,255.5,0.0,Delhi_NCR,Metro,Food_Delivery,Bike,1.2,59,Full-Time,42.8,25,4508.12,4.31,1,1.05,1,51.900000000000006,19.5,35.3,32.94285714285714,14.4,172.57142857142858,0,0,0,0,1,0.2462,1.086,49.74
ORD_52593,W_7b5f20e591e32066,ZONE_DEL_01,2026-08-03,12,3,4508.12,900.25,3607.87,47.3,0.806,Delhi_NCR,Metro,Food_Delivery,Bike,1.2,59,Full-Time,42.8,25,4508.12,4.31,1,1.05,1,132.8,58.3,33.8,31.17142857142857,15.8,126.57142857142856,0,0,1,0,1,0.4771,1.221,66.28
ORD_52594,W_7b5f20e591e32066,ZONE_DEL_01,2026-08-10,57,2,4508.12,4285.24,222.88,206.1,0.0,Delhi_NCR,Metro,Food_Delivery,Bike,1.2,59,Full-Time,42.8,25,4508.12,4.31,1,1.05,1,45.8,12.5,34.4,32.614285714285714,11.1,170.42857142857142,0,0,0,1,1,0.2309,1.076,48.67
ORD_52595,W_7b5f20e591e32066,ZONE_DEL_01,2026-08-17,49,4,4508.12,3733.83,774.29,186.6,0.15,Delhi_NCR,Metro,Food_Delivery,Bike,1.2,59,Full-Time,42.8,25,4508.12,4.31,1,1.05,1,34.3,8.2,33.6,33.15714285714286,11.7,140.0,1,0,1,0,1,0.2655,1.057,49.16
ORD_52596,W_7b5f20e591e32066,ZONE_DEL_01,2026-08-24,60,3,4508.12,4523.15,0.0,349.0,0.0,Delhi_NCR,Metro,Food_Delivery,Bike,1.2,59,Full-Time,42.8,25,4508.12,4.31,1,1.05,1,24.5,13.5,34.9,33.44285714285714,13.9,168.0,0,0,0,1,1,0.1811,1.041,45.19
ORD_52597,W_7b5f20e591e32066,ZONE_DEL_01,2026-08-31,51,4,4508.12,3886.67,621.45,233.5,0.113,Delhi_NCR,Metro,Food_Delivery,Bike,1.2,59,Full-Time,42.8,25,4508.12,4.31,1,1.05,1,76.6,23.5,34.4,31.24285714285714,13.1,145.57142857142858,0,0,0,1,1,0.2815,1.128,53.12
ORD_52598,W_7b5f20e591e32066,ZONE_DEL_01,2026-09-07,60,3,4508.12,4511.68,0.0,341.3,0.0,Delhi_NCR,Metro,Food_Delivery,Bike,1.2,59,Full-Time,42.8,25,4508.12,4.31,1,1.05,1,19.1,8.7,34.4,32.471428571428575,14.1,142.0,0,0,0,0,1,0.1495,1.032,43.6
ORD_52599,W_7b5f20e591e32066,ZONE_DEL_01,2026-09-14,62,3,4508.12,4661.0,0.0,369.3,0.0,Delhi_NCR,Metro,Food_Delivery,Bike,1.2,59,Full-Time,42.8,25,4508.12,4.31,1,1.05,1,7.6,3.7,35.0,33.05,14.4,149.0,0,0,0,0,1,0.1288,1.013,42.02
ORD_52600,W_eaa55ea6b2dd6b5a,ZONE_BOM_01,2026-06-22,26,1,2001.97,2003.82,0.0,139.7,0.0,Mumbai,Metro,Food_Delivery,Scooter,1.0,241,Part-Time,19.3,10,2001.97,4.32,1,1.0,0,24.8,11.5,31.1,30.425,15.3,184.0,0,0,0,1,1,0.1938,1.041,43.5
ORD_52601,W_eaa55ea6b2dd6b5a,ZONE_BOM_01,2026-06-29,4,1,2001.97,302.26,1699.71,16.7,0.85,Mumbai,Metro,Food_Delivery,Scooter,1.0,241,Part-Time,19.3,10,2001.97,4.32,1,1.0,0,493.0,136.9,28.6,27.642857142857142,30.3,147.0,0,0,6,0,1,1.0,1.822,79.0
ORD_52602,W_eaa55ea6b2dd6b5a,ZONE_BOM_01,2026-07-06,7,1,2001.97,534.91,1467.06,29.4,0.736,Mumbai,Metro,Food_Delivery,Scooter,1.0,241,Part-Time,19.3,10,2001.97,4.32,1,1.0,0,235.5,131.8,30.2,29.142857142857142,34.6,143.85714285714286,0,0,2,0,1,0.8044,1.392,79.0
ORD_52603,W_eaa55ea6b2dd6b5a,ZONE_BOM_01,2026-07-13,17,2,2001.97,1317.84,684.13,60.5,0.308,Mumbai,Metro,Food_Delivery,Scooter,1.0,241,Part-Time,19.3,10,2001.97,4.32,1,1.0,0,92.5,33.1,30.6,29.82857142857143,21.8,156.42857142857142,1,0,1,0,1,0.4088,1.154,56.9
ORD_52604,W_eaa55ea6b2dd6b5a,ZONE_BOM_01,2026-07-20,3,0,2001.97,288.59,1713.38,12.4,0.85,Mumbai,Metro,Food_Delivery,Scooter,1.0,241,Part-Time,19.3,10,2001.97,4.32,1,1.0,0,354.8,107.0,29.6,28.74285714285714,34.0,158.42857142857142,0,0,4,0,1,1.0,1.591,79.0
ORD_52605,W_eaa55ea6b2dd6b5a,ZONE_BOM_01,2026-07-27,16,2,2001.97,1271.74,730.23,69.2,0.394,Mumbai,Metro,Food_Delivery,Scooter,1.0,241,Part-Time,19.3,10,2001.97,4.32,1,1.0,0,120.9,42.9,29.6,28.957142857142856,25.3,151.42857142857142,0,0,0,0,1,0.3856,1.202,58.29
ORD_52606,W_eaa55ea6b2dd6b5a,ZONE_BOM_01,2026-08-03,18,2,2001.97,1379.38,622.59,104.7,0.314,Mumbai,Metro,Food_Delivery,Scooter,1.0,241,Part-Time,19.3,10,2001.97,4.32,1,1.0,0,76.8,18.7,29.7,29.285714285714285,21.2,139.0,0,0,0,0,1,0.277,1.128,50.42
ORD_52607,W_eaa55ea6b2dd6b5a,ZONE_BOM_01,2026-08-10,18,2,2001.97,1401.02,600.95,90.3,0.286,Mumbai,Metro,Food_Delivery,Scooter,1.0,241,Part-Time,19.3,10,2001.97,4.32,1,1.0,0,96.6,30.6,29.7,28.61428571428572,19.0,142.57142857142858,0,0,0,1,1,0.3243,1.161,53.81
ORD_52608,W_eaa55ea6b2dd6b5a,ZONE_BOM_01,2026-08-17,12,2,2001.97,927.11,1074.86,63.6,0.547,Mumbai,Metro,Food_Delivery,Scooter,1.0,241,Part-Time,19.3,10,2001.97,4.32,1,1.0,0,61.0,16.7,29.7,29.228571428571428,20.6,146.28571428571428,1,0,1,0,1,0.3303,1.102,51.31
ORD_52609,W_eaa55ea6b2dd6b5a,ZONE_BOM_01,2026-08-24,27,1,2001.97,2076.21,0.0,157.9,0.0,Mumbai,Metro,Food_Delivery,Scooter,1.0,241,Part-Time,19.3,10,2001.97,4.32,1,1.0,0,36.4,7.6,29.6,29.25714285714286,21.1,134.0,1,0,1,1,1,0.2657,1.061,47.0
ORD_52610,W_eaa55ea6b2dd6b5a,ZONE_BOM_01,2026-08-31,25,1,2001.97,1914.69,87.28,130.8,0.037,Mumbai,Metro,Food_Delivery,Scooter,1.0,241,Part-Time,19.3,10,2001.97,4.32,1,1.0,0,61.0,16.1,29.6,29.042857142857144,18.4,158.28571428571428,0,0,0,1,1,0.256,1.102,48.44
ORD_52611,W_eaa55ea6b2dd6b5a,ZONE_BOM_01,2026-09-07,27,1,2001.97,2065.68,0.0,94.9,0.0,Mumbai,Metro,Food_Delivery,Scooter,1.0,241,Part-Time,19.3,10,2001.97,4.32,1,1.0,0,52.9,25.5,30.0,29.071428571428573,15.3,169.57142857142858,0,0,0,0,1,0.2462,1.088,47.46
ORD_52612,W_eaa55ea6b2dd6b5a,ZONE_BOM_01,2026-09-14,28,1,2001.97,2100.47,0.0,111.8,0.0,Mumbai,Metro,Food_Delivery,Scooter,1.0,241,Part-Time,19.3,10,2001.97,4.32,1,1.0,0,23.3,10.3,30.0,29.625,20.1,162.0,0,0,0,0,1,0.1739,1.039,42.69
ORD_52613,W_8d66499a52e9e594,ZONE_BLR_01,2026-06-22,30,1,2264.86,2258.12,6.74,175.6,0.0,Bangalore,Metro,Q_Commerce,Scooter,1.0,26,Part-Time,21.8,20,2264.86,4.39,1,1.0,0,16.3,5.3,30.1,29.475,20.2,135.25,0,0,0,1,1,0.1381,1.027,40.91
ORD_52614,W_8d66499a52e9e594,ZONE_BLR_01,2026-06-29,24,2,2264.86,1872.2,392.66,114.9,0.15,Bangalore,Metro,Q_Commerce,Scooter,1.0,26,Part-Time,21.8,20,2264.86,4.39,1,1.0,0,20.1,8.4,29.2,27.985714285714288,29.9,153.85714285714286,1,0,1,0,1,0.244,1.034,45.02
ORD_52615,W_8d66499a52e9e594,ZONE_BLR_01,2026-07-06,29,1,2264.86,2181.65,83.21,132.4,0.0,Bangalore,Metro,Q_Commerce,Scooter,1.0,26,Part-Time,21.8,20,2264.86,4.39,1,1.0,0,8.399999999999999,3.3,31.8,29.77142857142857,29.7,172.71428571428572,0,0,0,0,1,0.1484,1.014,40.76
ORD_52616,W_8d66499a52e9e594,ZONE_BLR_01,2026-07-13,29,1,2264.86,2191.74,73.12,130.0,0.0,Bangalore,Metro,Q_Commerce,Scooter,1.0,26,Part-Time,21.8,20,2264.86,4.39,1,1.0,0,16.8,9.8,32.1,29.785714285714285,20.5,124.57142857142856,0,0,0,0,1,0.1312,1.028,40.7
ORD_52617,W_8d66499a52e9e594,ZONE_BLR_01,2026-07-20,25,2,2264.86,1900.77,364.09,154.5,0.15,Bangalore,Metro,Q_Commerce,Scooter,1.0,26,Part-Time,21.8,20,2264.86,4.39,1,1.0,0,33.4,8.9,29.5,28.414285714285715,21.1,162.85714285714286,1,0,1,0,1,0.2806,1.056,47.33
ORD_52618,W_8d66499a52e9e594,ZONE_BLR_01,2026-07-27,31,1,2264.86,2376.93,0.0,118.1,0.0,Bangalore,Metro,Q_Commerce,Scooter,1.0,26,Part-Time,21.8,20,2264.86,4.39,1,1.0,0,28.8,17.0,29.7,28.685714285714287,25.0,169.42857142857142,0,0,0,0,1,0.1919,1.048,43.72
ORD_52619,W_8d66499a52e9e594,ZONE_BLR_01,2026-08-03,21,2,2264.86,1603.26,661.6,75.2,0.259,Bangalore,Metro,Q_Commerce,Scooter,1.0,26,Part-Time,21.8,20,2264.86,4.39,1,1.0,0,76.3,18.5,28.3,27.285714285714285,21.1,143.0,0,0,0,0,1,0.2789,1.127,50.45
ORD_52620,W_8d66499a52e9e594,ZONE_BLR_01,2026-08-10,29,1,2264.86,2175.47,89.39,177.1,0.0,Bangalore,Metro,Q_Commerce,Scooter,1.0,26,Part-Time,21.8,20,2264.86,4.39,1,1.0,0,19.9,5.6,30.7,29.17142857142857,21.8,129.0,0,0,0,1,1,0.1415,1.033,41.27
ORD_52621,W_8d66499a52e9e594,ZONE_BLR_01,2026-08-17,26,2,2264.86,2010.0,254.86,104.6,0.15,Bangalore,Metro,Q_Commerce,Scooter,1.0,26,Part-Time,21.8,20,2264.86,4.39,1,1.0,0,31.4,9.8,29.9,28.4,22.2,146.57142857142858,1,0,1,0,1,0.2639,1.052,46.54
ORD_52622,W_8d66499a52e9e594,ZONE_BLR_01,2026-08-24,29,1,2264.86,2188.23,76.63,120.3,0.0,Bangalore,Metro,Q_Commerce,Scooter,1.0,26,Part-Time,21.8,20,2264.86,4.39,1,1.0,0,35.7,18.2,28.8,28.014285714285712,22.3,167.14285714285714,0,0,0,1,1,0.2057,1.06,44.73
ORD_52623,W_8d66499a52e9e594,ZONE_BLR_01,2026-08-31,30,1,2264.86,2268.38,0.0,151.1,0.0,Bangalore,Metro,Q_Commerce,Scooter,1.0,26,Part-Time,21.8,20,2264.86,4.39,1,1.0,0,13.2,3.6,30.8,29.542857142857144,19.3,142.71428571428572,1,0,1,1,1,0.2201,1.022,43.64
ORD_52624,W_8d66499a52e9e594,ZONE_BLR_01,2026-09-07,29,1,2264.86,2201.8,63.06,160.7,0.0,Bangalore,Metro,Q_Commerce,Scooter,1.0,26,Part-Time,21.8,20,2264.86,4.39,1,1.0,0,8.5,5.1,31.0,30.62857142857143,14.9,128.28571428571428,0,0,0,0,1,0.1153,1.014,39.58
ORD_52625,W_8d66499a52e9e594,ZONE_BLR_01,2026-09-14,29,1,2264.86,2221.73,43.13,173.7,0.0,Bangalore,Metro,Q_Commerce,Scooter,1.0,26,Part-Time,21.8,20,2264.86,4.39,1,1.0,0,33.1,9.6,30.8,30.425,13.6,137.5,0,0,0,0,1,0.1776,1.055,43.48
ORD_52626,W_1d754e2690582565,ZONE_BLR_01,2026-06-22,76,3,5657.45,5746.12,0.0,355.5,0.0,Bangalore,Metro,E_Commerce,Scooter,1.0,41,Full-Time,53.3,25,5657.45,4.72,1,1.0,1,16.3,5.3,30.1,29.475,20.2,135.25,0,0,0,1,1,0.1381,1.027,40.91
ORD_52627,W_1d754e2690582565,ZONE_BLR_01,2026-06-29,65,6,5657.45,4948.25,709.2,371.0,0.15,Bangalore,Metro,E_Commerce,Scooter,1.0,41,Full-Time,53.3,25,5657.45,4.72,1,1.0,1,20.1,8.4,29.2,27.985714285714288,29.9,153.85714285714286,1,0,1,0,1,0.244,1.034,45.02
ORD_52628,W_1d754e2690582565,ZONE_BLR_01,2026-07-06,73,3,5657.45,5538.92,118.53,322.5,0.0,Bangalore,Metro,E_Commerce,Scooter,1.0,41,Full-Time,53.3,25,5657.45,4.72,1,1.0,1,8.399999999999999,3.3,31.8,29.77142857142857,29.7,172.71428571428572,0,0,0,0,1,0.1484,1.014,40.76
ORD_52629,W_1d754e2690582565,ZONE_BLR_01,2026-07-13,78,3,5657.45,5904.09,0.0,307.7,0.0,Bangalore,Metro,E_Commerce,Scooter,1.0,41,Full-Time,53.3,25,5657.45,4.72,1,1.0,1,16.8,9.8,32.1,29.785714285714285,20.5,124.57142857142856,0,0,0,0,1,0.1312,1.028,40.7
ORD_52630,W_1d754e2690582565,ZONE_BLR_01,2026-07-20,61,5,5657.45,4588.66,1068.79,288.3,0.15,Bangalore,Metro,E_Commerce,Scooter,1.0,41,Full-Time,53.3,25,5657.45,4.72,1,1.0,1,33.4,8.9,29.5,28.414285714285715,21.1,162.85714285714286,1,0,1,0,1,0.2806,1.056,47.33
ORD_52631,W_1d754e2690582565,ZONE_BLR_01,2026-07-27,77,3,5657.45,5827.86,0.0,429.9,0.0,Bangalore,Metro,E_Commerce,Scooter,1.0,41,Full-Time,53.3,25,5657.45,4.72,1,1.0,1,28.8,17.0,29.7,28.685714285714287,25.0,169.42857142857142,0,0,0,0,1,0.1919,1.048,43.72
ORD_52632,W_1d754e2690582565,ZONE_BLR_01,2026-08-03,53,7,5657.45,4041.88,1615.57,199.8,0.288,Bangalore,Metro,E_Commerce,Scooter,1.0,41,Full-Time,53.3,25,5657.45,4.72,1,1.0,1,76.3,18.5,28.3,27.285714285714285,21.1,143.0,0,0,0,0,1,0.2789,1.127,50.45
ORD_52633,W_1d754e2690582565,ZONE_BLR_01,2026-08-10,76,3,5657.45,5707.63,0.0,425.7,0.0,Bangalore,Metro,E_Commerce,Scooter,1.0,41,Full-Time,53.3,25,5657.45,4.72,1,1.0,1,19.9,5.6,30.7,29.17142857142857,21.8,129.0,0,0,0,1,1,0.1415,1.033,41.27
ORD_52634,W_1d754e2690582565,ZONE_BLR_01,2026-08-17,61,5,5657.45,4613.27,1044.18,241.9,0.15,Bangalore,Metro,E_Commerce,Scooter,1.0,41,Full-Time,53.3,25,5657.45,4.72,1,1.0,1,31.4,9.8,29.9,28.4,22.2,146.57142857142858,1,0,1,0,1,0.2639,1.052,46.54
ORD_52635,W_1d754e2690582565,ZONE_BLR_01,2026-08-24,71,3,5657.45,5381.53,275.92,362.3,0.0,Bangalore,Metro,E_Commerce,Scooter,1.0,41,Full-Time,53.3,25,5657.45,4.72,1,1.0,1,35.7,18.2,28.8,28.014285714285712,22.3,167.14285714285714,0,0,0,1,1,0.2057,1.06,44.73
ORD_52636,W_1d754e2690582565,ZONE_BLR_01,2026-08-31,78,3,5657.45,5876.24,0.0,414.2,0.0,Bangalore,Metro,E_Commerce,Scooter,1.0,41,Full-Time,53.3,25,5657.45,4.72,1,1.0,1,13.2,3.6,30.8,29.542857142857144,19.3,142.71428571428572,1,0,1,1,1,0.2201,1.022,43.64
ORD_52637,W_1d754e2690582565,ZONE_BLR_01,2026-09-07,79,3,5657.45,5930.16,0.0,289.9,0.0,Bangalore,Metro,E_Commerce,Scooter,1.0,41,Full-Time,53.3,25,5657.45,4.72,1,1.0,1,8.5,5.1,31.0,30.62857142857143,14.9,128.28571428571428,0,0,0,0,1,0.1153,1.014,39.58
ORD_52638,W_1d754e2690582565,ZONE_BLR_01,2026-09-14,78,3,5657.45,5885.45,0.0,444.4,0.0,Bangalore,Metro,E_Commerce,Scooter,1.0,41,Full-Time,53.3,25,5657.45,4.72,1,1.0,1,33.1,9.6,30.8,30.425,13.6,137.5,0,0,0,0,1,0.1776,1.055,43.48
ORD_52639,W_535007592ece7574,ZONE_MAA_01,2026-06-22,37,1,2855.26,2802.22,53.04,226.8,0.0,Chennai,Metro,Q_Commerce,Scooter,1.0,458,Part-Time,26.2,18,2855.26,4.36,1,1.0,0,33.7,24.5,37.6,36.225,17.3,159.25,0,0,0,1,1,0.1953,1.056,44.18
ORD_52640,W_535007592ece7574,ZONE_MAA_01,2026-06-29,37,1,2855.26,2794.71,60.55,218.3,0.0,Chennai,Metro,Q_Commerce,Scooter,1.0,458,Part-Time,26.2,18,2855.26,4.36,1,1.0,0,11.8,5.8,38.4,35.55714285714286,23.0,123.0,0,0,0,0,1,0.1188,1.02,39.94
ORD_52641,W_535007592ece7574,ZONE_MAA_01,2026-07-06,33,3,2855.26,2519.38,335.88,183.0,0.15,Chennai,Metro,Q_Commerce,Scooter,1.0,458,Part-Time,26.2,18,2855.26,4.36,1,1.0,0,9.3,5.2,39.2,37.55714285714286,26.3,163.28571428571428,1,0,1,0,1,0.2267,1.016,43.62
ORD_52642,W_535007592ece7574,ZONE_MAA_01,2026-07-13,38,1,2855.26,2873.38,0.0,145.3,0.0,Chennai,Metro,Q_Commerce,Scooter,1.0,458,Part-Time,26.2,18,2855.26,4.36,1,1.0,0,11.3,4.9,38.7,36.51428571428571,19.1,141.57142857142858,0,0,0,0,1,0.1316,1.019,40.36
ORD_52643,W_535007592ece7574,ZONE_MAA_01,2026-07-20,33,2,2855.26,2520.66,334.6,147.3,0.12,Chennai,Metro,Q_Commerce,Scooter,1.0,458,Part-Time,26.2,18,2855.26,4.36,1,1.0,0,35.6,10.7,36.4,34.714285714285715,17.5,131.57142857142858,0,0,0,0,1,0.1788,1.059,43.69
ORD_52644,W_535007592ece7574,ZONE_MAA_01,2026-07-27,39,1,2855.26,2938.7,0.0,216.3,0.0,Chennai,Metro,Q_Commerce,Scooter,1.0,458,Part-Time,26.2,18,2855.26,4.36,1,1.0,0,26.0,8.2,37.6,36.48571428571429,23.1,145.14285714285714,0,0,0,0,1,0.1674,1.043,42.62
ORD_52645,W_535007592ece7574,ZONE_MAA_01,2026-08-03,39,1,2855.26,2972.5,0.0,138.1,0.0,Chennai,Metro,Q_Commerce,Scooter,1.0,458,Part-Time,26.2,18,2855.26,4.36,1,1.0,0,38.5,6.7,34.8,33.94285714285714,19.7,150.71428571428572,0,0,0,0,1,0.1997,1.064,44.68
ORD_52646,W_535007592ece7574,ZONE_MAA_01,2026-08-10,39,1,2855.26,2943.52,0.0,235.3,0.0,Chennai,Metro,Q_Commerce,Scooter,1.0,458,Part-Time,26.2,18,2855.26,4.36,1,1.0,0,15.6,9.3,35.5,35.08571428571428,18.4,153.57142857142858,1,0,1,1,1,0.2336,1.026,44.3
ORD_52647,W_535007592ece7574,ZONE_MAA_01,2026-08-17,39,1,2855.26,2937.86,0.0,150.2,0.0,Chennai,Metro,Q_Commerce,Scooter,1.0,458,Part-Time,26.2,18,2855.26,4.36,1,1.0,0,29.4,12.9,36.3,35.75714285714285,20.7,143.71428571428572,0,0,0,0,1,0.1739,1.049,43.1
ORD_52648,W_535007592ece7574,ZONE_MAA_01,2026-08-24,36,1,2855.26,2735.7,119.56,128.0,0.0,Chennai,Metro,Q_Commerce,Scooter,1.0,458,Part-Time,26.2,18,2855.26,4.36,1,1.0,0,15.1,7.6,36.6,34.77142857142857,18.4,144.14285714285714,1,0,1,1,1,0.2254,1.025,43.96
ORD_52649,W_535007592ece7574,ZONE_MAA_01,2026-08-31,38,1,2855.26,2892.02,0.0,197.6,0.0,Chennai,Metro,Q_Commerce,Scooter,1.0,458,Part-Time,26.2,18,2855.26,4.36,1,1.0,0,13.1,3.6,35.6,34.41428571428571,16.9,156.85714285714286,1,0,1,1,1,0.2305,1.022,44.01
ORD_52650,W_535007592ece7574,ZONE_MAA_01,2026-09-07,39,1,2855.26,2994.29,0.0,178.4,0.0,Chennai,Metro,Q_Commerce,Scooter,1.0,458,Part-Time,26.2,18,2855.26,4.36,1,1.0,0,23.3,11.4,35.6,34.214285714285715,14.8,136.57142857142858,0,0,0,0,1,0.1549,1.039,42.0
ORD_52651,W_535007592ece7574,ZONE_MAA_01,2026-09-14,31,2,2855.26,2386.18,469.08,160.8,0.15,Chennai,Metro,Q_Commerce,Scooter,1.0,458,Part-Time,26.2,18,2855.26,4.36,1,1.0,0,27.4,22.7,36.0,33.525,13.4,152.75,0,1,1,0,1,0.2595,1.046,46.11
ORD_52652,W_22dceba1048f7f9f,ZONE_BLR_01,2026-06-22,87,4,6365.08,6572.33,0.0,524.5,0.0,Bangalore,Metro,Food_Delivery,Scooter,1.0,157,Full-Time,62.7,26,6365.08,4.54,1,1.0,1,16.3,5.3,30.1,29.475,20.2,135.25,0,0,0,1,1,0.1381,1.027,40.91
ORD_52653,W_22dceba1048f7f9f,ZONE_BLR_01,2026-06-29,74,7,6365.08,5574.32,790.76,344.2,0.15,Bangalore,Metro,Food_Delivery,Scooter,1.0,157,Full-Time,62.7,26,6365.08,4.54,1,1.0,1,20.1,8.4,29.2,27.985714285714288,29.9,153.85714285714286,1,0,1,0,1,0.244,1.034,45.02
ORD_52654,W_22dceba1048f7f9f,ZONE_BLR_01,2026-07-06,86,4,6365.08,6450.95,0.0,499.8,0.0,Bangalore,Metro,Food_Delivery,Scooter,1.0,157,Full-Time,62.7,26,6365.08,4.54,1,1.0,1,8.399999999999999,3.3,31.8,29.77142857142857,29.7,172.71428571428572,0,0,0,0,1,0.1484,1.014,40.76
ORD_52655,W_22dceba1048f7f9f,ZONE_BLR_01,2026-07-13,84,4,6365.08,6359.1,5.98,343.1,0.0,Bangalore,Metro,Food_Delivery,Scooter,1.0,157,Full-Time,62.7,26,6365.08,4.54,1,1.0,1,16.8,9.8,32.1,29.785714285714285,20.5,124.57142857142856,0,0,0,0,1,0.1312,1.028,40.7
ORD_52656,W_22dceba1048f7f9f,ZONE_BLR_01,2026-07-20,69,6,6365.08,5231.63,1133.45,241.5,0.15,Bangalore,Metro,Food_Delivery,Scooter,1.0,157,Full-Time,62.7,26,6365.08,4.54,1,1.0,1,33.4,8.9,29.5,28.414285714285715,21.1,162.85714285714286,1,0,1,0,1,0.2806,1.056,47.33
ORD_52657,W_22dceba1048f7f9f,ZONE_BLR_01,2026-07-27,86,4,6365.08,6503.99,0.0,326.8,0.0,Bangalore,Metro,Food_Delivery,Scooter,1.0,157,Full-Time,62.7,26,6365.08,4.54,1,1.0,1,28.8,17.0,29.7,28.685714285714287,25.0,169.42857142857142,0,0,0,0,1,0.1919,1.048,43.72
ORD_52658,W_22dceba1048f7f9f,ZONE_BLR_01,2026-08-03,67,7,6365.08,5072.86,1292.22,335.9,0.187,Bangalore,Metro,Food_Delivery,Scooter,1.0,157,Full-Time,62.7,26,6365.08,4.54,1,1.0,1,76.3,18.5,28.3,27.285714285714285,21.1,143.0,0,0,0,0,1,0.2789,1.127,50.45
ORD_52659,W_22dceba1048f7f9f,ZONE_BLR_01,2026-08-10,84,4,6365.08,6300.13,64.95,447.0,0.0,Bangalore,Metro,Food_Delivery,Scooter,1.0,157,Full-Time,62.7,26,6365.08,4.54,1,1.0,1,19.9,5.6,30.7,29.17142857142857,21.8,129.0,0,0,0,1,1,0.1415,1.033,41.27
ORD_52660,W_22dceba1048f7f9f,ZONE_BLR_01,2026-08-17,68,6,6365.08,5169.9,1195.18,260.8,0.15,Bangalore,Metro,Food_Delivery,Scooter,1.0,157,Full-Time,62.7,26,6365.08,4.54,1,1.0,1,31.4,9.8,29.9,28.4,22.2,146.57142857142858,1,0,1,0,1,0.2639,1.052,46.54
ORD_52661,W_22dceba1048f7f9f,ZONE_BLR_01,2026-08-24,84,4,6365.08,6364.58,0.5,370.4,0.0,Bangalore,Metro,Food_Delivery,Scooter,1.0,157,Full-Time,62.7,26,6365.08,4.54,1,1.0,1,35.7,18.2,28.8,28.014285714285712,22.3,167.14285714285714,0,0,0,1,1,0.2057,1.06,44.73
ORD_52662,W_22dceba1048f7f9f,ZONE_BLR_01,2026-08-31,83,4,6365.08,6235.11,129.97,305.5,0.0,Bangalore,Metro,Food_Delivery,Scooter,1.0,157,Full-Time,62.7,26,6365.08,4.54,1,1.0,1,13.2,3.6,30.8,29.542857142857144,19.3,142.71428571428572,1,0,1,1,1,0.2201,1.022,43.64
ORD_52663,W_22dceba1048f7f9f,ZONE_BLR_01,2026-09-07,88,4,6365.08,6616.96,0.0,472.4,0.0,Bangalore,Metro,Food_Delivery,Scooter,1.0,157,Full-Time,62.7,26,6365.08,4.54,1,1.0,1,8.5,5.1,31.0,30.62857142857143,14.9,128.28571428571428,0,0,0,0,1,0.1153,1.014,39.58
ORD_52664,W_22dceba1048f7f9f,ZONE_BLR_01,2026-09-14,81,4,6365.08,6124.24,240.84,297.7,0.0,Bangalore,Metro,Food_Delivery,Scooter,1.0,157,Full-Time,62.7,26,6365.08,4.54,1,1.0,1,33.1,9.6,30.8,30.425,13.6,137.5,0,0,0,0,1,0.1776,1.055,43.48
ORD_52665,W_bcac97c7dc74e96b,ZONE_BOM_01,2026-06-22,42,2,3030.41,3174.32,0.0,224.2,0.0,Mumbai,Metro,Food_Delivery,Bike,1.2,121,Part-Time,32.0,17,3030.41,4.44,1,1.05,0,24.8,11.5,31.1,30.425,15.3,184.0,0,0,0,1,1,0.1938,1.041,45.67
ORD_52666,W_bcac97c7dc74e96b,ZONE_BOM_01,2026-06-29,6,1,3030.41,463.73,2566.68,33.3,0.85,Mumbai,Metro,Food_Delivery,Bike,1.2,121,Part-Time,32.0,17,3030.41,4.44,1,1.05,0,493.0,136.9,28.6,27.642857142857142,30.3,147.0,0,0,6,0,1,1.0,1.822,79.0
ORD_52667,W_bcac97c7dc74e96b,ZONE_BOM_01,2026-07-06,6,1,3030.41,453.56,2576.85,28.0,0.85,Mumbai,Metro,Food_Delivery,Bike,1.2,121,Part-Time,32.0,17,3030.41,4.44,1,1.05,0,235.5,131.8,30.2,29.142857142857142,34.6,143.85714285714286,0,0,2,0,1,0.8044,1.392,79.0
ORD_52668,W_bcac97c7dc74e96b,ZONE_BOM_01,2026-07-13,28,4,3030.41,2110.71,919.7,143.6,0.332,Mumbai,Metro,Food_Delivery,Bike,1.2,121,Part-Time,32.0,17,3030.41,4.44,1,1.05,0,92.5,33.1,30.6,29.82857142857143,21.8,156.42857142857142,1,0,1,0,1,0.4088,1.154,59.75
ORD_52669,W_bcac97c7dc74e96b,ZONE_BOM_01,2026-07-20,6,1,3030.41,473.64,2556.77,35.8,0.85,Mumbai,Metro,Food_Delivery,Bike,1.2,121,Part-Time,32.0,17,3030.41,4.44,1,1.05,0,354.8,107.0,29.6,28.74285714285714,34.0,158.42857142857142,0,0,4,0,1,1.0,1.591,79.0
ORD_52670,W_bcac97c7dc74e96b,ZONE_BOM_01,2026-07-27,14,3,3030.41,1077.04,1953.37,86.7,0.657,Mumbai,Metro,Food_Delivery,Bike,1.2,121,Part-Time,32.0,17,3030.41,4.44,1,1.05,0,120.9,42.9,29.6,28.957142857142856,25.3,151.42857142857142,0,0,0,0,1,0.3856,1.202,61.21
ORD_52671,W_bcac97c7dc74e96b,ZONE_BOM_01,2026-08-03,26,4,3030.41,1977.5,1052.91,148.8,0.369,Mumbai,Metro,Food_Delivery,Bike,1.2,121,Part-Time,32.0,17,3030.41,4.44,1,1.05,0,76.8,18.7,29.7,29.285714285714285,21.2,139.0,0,0,0,0,1,0.277,1.128,52.94
ORD_52672,W_bcac97c7dc74e96b,ZONE_BOM_01,2026-08-10,28,3,3030.41,2107.58,922.83,172.0,0.275,Mumbai,Metro,Food_Delivery,Bike,1.2,121,Part-Time,32.0,17,3030.41,4.44,1,1.05,0,96.6,30.6,29.7,28.61428571428572,19.0,142.57142857142858,0,0,0,1,1,0.3243,1.161,56.5
ORD_52673,W_bcac97c7dc74e96b,ZONE_BOM_01,2026-08-17,19,3,3030.41,1498.22,1532.19,66.7,0.523,Mumbai,Metro,Food_Delivery,Bike,1.2,121,Part-Time,32.0,17,3030.41,4.44,1,1.05,0,61.0,16.7,29.7,29.228571428571428,20.6,146.28571428571428,1,0,1,0,1,0.3303,1.102,53.88
ORD_52674,W_bcac97c7dc74e96b,ZONE_BOM_01,2026-08-24,38,1,3030.41,2885.26,145.15,180.8,0.0,Mumbai,Metro,Food_Delivery,Bike,1.2,121,Part-Time,32.0,17,3030.41,4.44,1,1.05,0,36.4,7.6,29.6,29.25714285714286,21.1,134.0,1,0,1,1,1,0.2657,1.061,49.35
ORD_52675,W_bcac97c7dc74e96b,ZONE_BOM_01,2026-08-31,40,2,3030.41,3017.01,13.4,201.1,0.023,Mumbai,Metro,Food_Delivery,Bike,1.2,121,Part-Time,32.0,17,3030.41,4.44,1,1.05,0,61.0,16.1,29.6,29.042857142857144,18.4,158.28571428571428,0,0,0,1,1,0.256,1.102,50.87
ORD_52676,W_bcac97c7dc74e96b,ZONE_BOM_01,2026-09-07,38,1,3030.41,2902.37,128.04,149.7,0.0,Mumbai,Metro,Food_Delivery,Bike,1.2,121,Part-Time,32.0,17,3030.41,4.44,1,1.05,0,52.9,25.5,30.0,29.071428571428573,15.3,169.57142857142858,0,0,0,0,1,0.2462,1.088,49.83
ORD_52677,W_bcac97c7dc74e96b,ZONE_BOM_01,2026-09-14,39,1,3030.41,2996.48,33.93,156.0,0.0,Mumbai,Metro,Food_Delivery,Bike,1.2,121,Part-Time,32.0,17,3030.41,4.44,1,1.05,0,23.3,10.3,30.0,29.625,20.1,162.0,0,0,0,0,1,0.1739,1.039,44.82
ORD_52678,W_3cd0a8ccfe7b0aef,ZONE_MAA_01,2026-06-22,29,1,2166.26,2229.56,0.0,134.1,0.0,Chennai,Metro,Food_Delivery,Bicycle,1.8,312,Part-Time,22.6,16,2166.26,4.55,1,1.2,0,33.7,24.5,37.6,36.225,17.3,159.25,0,0,0,1,1,0.1953,1.056,53.01
ORD_52679,W_3cd0a8ccfe7b0aef,ZONE_MAA_01,2026-06-29,27,1,2166.26,2078.19,88.07,129.8,0.0,Chennai,Metro,Food_Delivery,Bicycle,1.8,312,Part-Time,22.6,16,2166.26,4.55,1,1.2,0,11.8,5.8,38.4,35.55714285714286,23.0,123.0,0,0,0,0,1,0.1188,1.02,47.93
ORD_52680,W_3cd0a8ccfe7b0aef,ZONE_MAA_01,2026-07-06,23,2,2166.26,1765.98,400.28,88.5,0.15,Chennai,Metro,Food_Delivery,Bicycle,1.8,312,Part-Time,22.6,16,2166.26,4.55,1,1.2,0,9.3,5.2,39.2,37.55714285714286,26.3,163.28571428571428,1,0,1,0,1,0.2267,1.016,52.35
ORD_52681,W_3cd0a8ccfe7b0aef,ZONE_MAA_01,2026-07-13,28,1,2166.26,2109.85,56.41,163.0,0.0,Chennai,Metro,Food_Delivery,Bicycle,1.8,312,Part-Time,22.6,16,2166.26,4.55,1,1.2,0,11.3,4.9,38.7,36.51428571428571,19.1,141.57142857142858,0,0,0,0,1,0.1316,1.019,48.43
ORD_52682,W_3cd0a8ccfe7b0aef,ZONE_MAA_01,2026-07-20,26,2,2166.26,1987.25,179.01,149.0,0.12,Chennai,Metro,Food_Delivery,Bicycle,1.8,312,Part-Time,22.6,16,2166.26,4.55,1,1.2,0,35.6,10.7,36.4,34.714285714285715,17.5,131.57142857142858,0,0,0,0,1,0.1788,1.059,52.43
ORD_52683,W_3cd0a8ccfe7b0aef,ZONE_MAA_01,2026-07-27,28,1,2166.26,2130.32,35.94,118.6,0.0,Chennai,Metro,Food_Delivery,Bicycle,1.8,312,Part-Time,22.6,16,2166.26,4.55,1,1.2,0,26.0,8.2,37.6,36.48571428571429,23.1,145.14285714285714,0,0,0,0,1,0.1674,1.043,51.14
ORD_52684,W_3cd0a8ccfe7b0aef,ZONE_MAA_01,2026-08-03,29,1,2166.26,2176.91,0.0,158.0,0.0,Chennai,Metro,Food_Delivery,Bicycle,1.8,312,Part-Time,22.6,16,2166.26,4.55,1,1.2,0,38.5,6.7,34.8,33.94285714285714,19.7,150.71428571428572,0,0,0,0,1,0.1997,1.064,53.61
ORD_52685,W_3cd0a8ccfe7b0aef,ZONE_MAA_01,2026-08-10,30,1,2166.26,2273.14,0.0,115.7,0.0,Chennai,Metro,Food_Delivery,Bicycle,1.8,312,Part-Time,22.6,16,2166.26,4.55,1,1.2,0,15.6,9.3,35.5,35.08571428571428,18.4,153.57142857142858,1,0,1,1,1,0.2336,1.026,53.16
ORD_52686,W_3cd0a8ccfe7b0aef,ZONE_MAA_01,2026-08-17,27,1,2166.26,2068.62,97.64,145.1,0.0,Chennai,Metro,Food_Delivery,Bicycle,1.8,312,Part-Time,22.6,16,2166.26,4.55,1,1.2,0,29.4,12.9,36.3,35.75714285714285,20.7,143.71428571428572,0,0,0,0,1,0.1739,1.049,51.72
ORD_52687,W_3cd0a8ccfe7b0aef,ZONE_MAA_01,2026-08-24,29,1,2166.26,2238.23,0.0,167.8,0.0,Chennai,Metro,Food_Delivery,Bicycle,1.8,312,Part-Time,22.6,16,2166.26,4.55,1,1.2,0,15.1,7.6,36.6,34.77142857142857,18.4,144.14285714285714,1,0,1,1,1,0.2254,1.025,52.75
ORD_52688,W_3cd0a8ccfe7b0aef,ZONE_MAA_01,2026-08-31,29,1,2166.26,2204.92,0.0,176.2,0.0,Chennai,Metro,Food_Delivery,Bicycle,1.8,312,Part-Time,22.6,16,2166.26,4.55,1,1.2,0,13.1,3.6,35.6,34.41428571428571,16.9,156.85714285714286,1,0,1,1,1,0.2305,1.022,52.82
ORD_52689,W_3cd0a8ccfe7b0aef,ZONE_MAA_01,2026-09-07,28,1,2166.26,2168.64,0.0,167.1,0.0,Chennai,Metro,Food_Delivery,Bicycle,1.8,312,Part-Time,22.6,16,2166.26,4.55,1,1.2,0,23.3,11.4,35.6,34.214285714285715,14.8,136.57142857142858,0,0,0,0,1,0.1549,1.039,50.4
ORD_52690,W_3cd0a8ccfe7b0aef,ZONE_MAA_01,2026-09-14,25,2,2166.26,1927.46,238.8,144.7,0.15,Chennai,Metro,Food_Delivery,Bicycle,1.8,312,Part-Time,22.6,16,2166.26,4.55,1,1.2,0,27.4,22.7,36.0,33.525,13.4,152.75,0,1,1,0,1,0.2595,1.046,55.33
ORD_52691,W_2ca3fca94dcc3868,ZONE_MAA_01,2026-06-22,35,1,2684.31,2633.24,51.07,141.0,0.0,Chennai,Metro,Food_Delivery,Scooter,1.0,327,Part-Time,26.1,18,2684.31,4.5,1,1.0,0,33.7,24.5,37.6,36.225,17.3,159.25,0,0,0,1,1,0.1953,1.056,44.18
ORD_52692,W_2ca3fca94dcc3868,ZONE_MAA_01,2026-06-29,35,1,2684.31,2697.23,0.0,165.3,0.0,Chennai,Metro,Food_Delivery,Scooter,1.0,327,Part-Time,26.1,18,2684.31,4.5,1,1.0,0,11.8,5.8,38.4,35.55714285714286,23.0,123.0,0,0,0,0,1,0.1188,1.02,39.94
ORD_52693,W_2ca3fca94dcc3868,ZONE_MAA_01,2026-07-06,31,2,2684.31,2367.86,316.45,116.9,0.15,Chennai,Metro,Food_Delivery,Scooter,1.0,327,Part-Time,26.1,18,2684.31,4.5,1,1.0,0,9.3,5.2,39.2,37.55714285714286,26.3,163.28571428571428,1,0,1,0,1,0.2267,1.016,43.62
ORD_52694,W_2ca3fca94dcc3868,ZONE_MAA_01,2026-07-13,34,1,2684.31,2619.28,65.03,188.0,0.0,Chennai,Metro,Food_Delivery,Scooter,1.0,327,Part-Time,26.1,18,2684.31,4.5,1,1.0,0,11.3,4.9,38.7,36.51428571428571,19.1,141.57142857142858,0,0,0,0,1,0.1316,1.019,40.36
ORD_52695,W_2ca3fca94dcc3868,ZONE_MAA_01,2026-07-20,30,2,2684.31,2266.52,417.79,131.0,0.12,Chennai,Metro,Food_Delivery,Scooter,1.0,327,Part-Time,26.1,18,2684.31,4.5,1,1.0,0,35.6,10.7,36.4,34.714285714285715,17.5,131.57142857142858,0,0,0,0,1,0.1788,1.059,43.69
ORD_52696,W_2ca3fca94dcc3868,ZONE_MAA_01,2026-07-27,35,1,2684.31,2654.02,30.29,181.3,0.0,Chennai,Metro,Food_Delivery,Scooter,1.0,327,Part-Time,26.1,18,2684.31,4.5,1,1.0,0,26.0,8.2,37.6,36.48571428571429,23.1,145.14285714285714,0,0,0,0,1,0.1674,1.043,42.62
ORD_52697,W_2ca3fca94dcc3868,ZONE_MAA_01,2026-08-03,34,1,2684.31,2592.54,91.77,198.0,0.0,Chennai,Metro,Food_Delivery,Scooter,1.0,327,Part-Time,26.1,18,2684.31,4.5,1,1.0,0,38.5,6.7,34.8,33.94285714285714,19.7,150.71428571428572,0,0,0,0,1,0.1997,1.064,44.68
ORD_52698,W_2ca3fca94dcc3868,ZONE_MAA_01,2026-08-10,35,1,2684.31,2670.23,14.08,209.2,0.0,Chennai,Metro,Food_Delivery,Scooter,1.0,327,Part-Time,26.1,18,2684.31,4.5,1,1.0,0,15.6,9.3,35.5,35.08571428571428,18.4,153.57142857142858,1,0,1,1,1,0.2336,1.026,44.3
ORD_52699,W_2ca3fca94dcc3868,ZONE_MAA_01,2026-08-17,35,1,2684.31,2675.69,8.62,148.5,0.0,Chennai,Metro,Food_Delivery,Scooter,1.0,327,Part-Time,26.1,18,2684.31,4.5,1,1.0,0,29.4,12.9,36.3,35.75714285714285,20.7,143.71428571428572,0,0,0,0,1,0.1739,1.049,43.1
ORD_52700,W_2ca3fca94dcc3868,ZONE_MAA_01,2026-08-24,34,1,2684.31,2588.17,96.14,119.3,0.0,Chennai,Metro,Food_Delivery,Scooter,1.0,327,Part-Time,26.1,18,2684.31,4.5,1,1.0,0,15.1,7.6,36.6,34.77142857142857,18.4,144.14285714285714,1,0,1,1,1,0.2254,1.025,43.96
ORD_52701,W_2ca3fca94dcc3868,ZONE_MAA_01,2026-08-31,35,1,2684.31,2692.94,0.0,132.6,0.0,Chennai,Metro,Food_Delivery,Scooter,1.0,327,Part-Time,26.1,18,2684.31,4.5,1,1.0,0,13.1,3.6,35.6,34.41428571428571,16.9,156.85714285714286,1,0,1,1,1,0.2305,1.022,44.01
ORD_52702,W_2ca3fca94dcc3868,ZONE_MAA_01,2026-09-07,35,1,2684.31,2655.25,29.06,178.2,0.0,Chennai,Metro,Food_Delivery,Scooter,1.0,327,Part-Time,26.1,18,2684.31,4.5,1,1.0,0,23.3,11.4,35.6,34.214285714285715,14.8,136.57142857142858,0,0,0,0,1,0.1549,1.039,42.0
ORD_52703,W_2ca3fca94dcc3868,ZONE_MAA_01,2026-09-14,29,2,2684.31,2230.48,453.83,115.2,0.15,Chennai,Metro,Food_Delivery,Scooter,1.0,327,Part-Time,26.1,18,2684.31,4.5,1,1.0,0,27.4,22.7,36.0,33.525,13.4,152.75,0,1,1,0,1,0.2595,1.046,46.11
ORD_52704,W_21e5f0fa359b064e,ZONE_HYD_01,2026-06-22,77,3,5690.06,5846.38,0.0,466.3,0.0,Hyderabad,Metro,E_Commerce,Scooter,1.0,59,Full-Time,49.2,22,5690.06,4.7,1,1.0,1,21.8,14.6,32.6,30.65,17.3,156.25,1,0,1,1,1,0.2496,1.036,45.31
ORD_52705,W_21e5f0fa359b064e,ZONE_HYD_01,2026-06-29,72,3,5690.06,5462.71,227.35,282.2,0.0,Hyderabad,Metro,E_Commerce,Scooter,1.0,59,Full-Time,49.2,22,5690.06,4.7,1,1.0,1,35.9,10.7,29.8,28.357142857142858,25.4,132.14285714285714,0,0,0,0,1,0.1799,1.06,43.77
ORD_52706,W_21e5f0fa359b064e,ZONE_HYD_01,2026-07-06,79,3,5690.06,5951.81,0.0,284.6,0.0,Hyderabad,Metro,E_Commerce,Scooter,1.0,59,Full-Time,49.2,22,5690.06,4.7,1,1.0,1,6.2,2.2,33.3,32.27142857142857,25.7,165.28571428571428,0,0,0,0,1,0.1379,1.01,40.22
ORD_52707,W_21e5f0fa359b064e,ZONE_HYD_01,2026-07-13,67,6,5690.06,5067.56,622.5,235.3,0.15,Hyderabad,Metro,E_Commerce,Scooter,1.0,59,Full-Time,49.2,22,5690.06,4.7,1,1.0,1,26.8,13.6,33.9,31.52857142857143,19.0,155.14285714285714,0,1,1,0,1,0.26,1.045,46.08
ORD_52708,W_21e5f0fa359b064e,ZONE_HYD_01,2026-07-20,78,3,5690.06,5902.68,0.0,337.7,0.0,Hyderabad,Metro,E_Commerce,Scooter,1.0,59,Full-Time,49.2,22,5690.06,4.7,1,1.0,1,38.8,13.9,30.0,28.61428571428572,25.3,132.85714285714286,0,0,0,0,1,0.1869,1.065,44.24
ORD_52709,W_21e5f0fa359b064e,ZONE_HYD_01,2026-07-27,52,7,5690.06,3961.59,1728.47,273.9,0.291,Hyderabad,Metro,E_Commerce,Scooter,1.0,59,Full-Time,49.2,22,5690.06,4.7,1,1.0,1,70.5,24.9,30.6,28.585714285714285,24.3,137.0,0,0,0,0,1,0.2614,1.118,49.36
ORD_52710,W_21e5f0fa359b064e,ZONE_HYD_01,2026-08-03,72,3,5690.06,5451.1,238.96,299.1,0.0,Hyderabad,Metro,E_Commerce,Scooter,1.0,59,Full-Time,49.2,22,5690.06,4.7,1,1.0,1,20.5,9.0,30.6,29.442857142857143,20.0,136.28571428571428,0,0,0,0,1,0.1483,1.034,41.56
ORD_52711,W_21e5f0fa359b064e,ZONE_HYD_01,2026-08-10,77,3,5690.06,5845.79,0.0,379.4,0.0,Hyderabad,Metro,E_Commerce,Scooter,1.0,59,Full-Time,49.2,22,5690.06,4.7,1,1.0,1,12.6,3.6,30.8,29.82857142857143,19.8,137.42857142857142,0,0,0,1,1,0.1314,1.021,40.43
ORD_52712,W_21e5f0fa359b064e,ZONE_HYD_01,2026-08-17,62,7,5690.06,4687.53,1002.53,288.8,0.21,Hyderabad,Metro,E_Commerce,Scooter,1.0,59,Full-Time,49.2,22,5690.06,4.7,1,1.0,1,18.2,11.0,31.5,30.228571428571428,19.4,148.85714285714286,0,1,1,0,1,0.2359,1.03,44.55
ORD_52713,W_21e5f0fa359b064e,ZONE_HYD_01,2026-08-24,78,3,5690.06,5900.49,0.0,367.6,0.0,Hyderabad,Metro,E_Commerce,Scooter,1.0,59,Full-Time,49.2,22,5690.06,4.7,1,1.0,1,10.4,3.2,30.4,29.17142857142857,21.5,140.14285714285714,0,0,0,1,1,0.1285,1.017,40.17
ORD_52714,W_21e5f0fa359b064e,ZONE_HYD_01,2026-08-31,79,3,5690.06,5962.76,0.0,481.2,0.0,Hyderabad,Metro,E_Commerce,Scooter,1.0,59,Full-Time,49.2,22,5690.06,4.7,1,1.0,1,8.8,5.3,32.0,30.228571428571428,19.7,159.14285714285714,0,0,0,1,1,0.1392,1.015,40.47
ORD_52715,W_21e5f0fa359b064e,ZONE_HYD_01,2026-09-07,63,5,5690.06,4753.91,936.15,371.2,0.15,Hyderabad,Metro,E_Commerce,Scooter,1.0,59,Full-Time,49.2,22,5690.06,4.7,1,1.0,1,26.3,11.7,32.2,31.057142857142857,15.3,156.57142857142858,1,0,1,0,1,0.2599,1.044,46.04
ORD_52716,W_21e5f0fa359b064e,ZONE_HYD_01,2026-09-14,78,3,5690.06,5887.85,0.0,317.4,0.0,Hyderabad,Metro,E_Commerce,Scooter,1.0,59,Full-Time,49.2,22,5690.06,4.7,1,1.0,1,12.7,5.5,33.4,31.525,10.7,147.5,0,0,0,0,1,0.1392,1.021,40.71
ORD_52717,W_fe57a5c12bf8a432,ZONE_DEL_01,2026-06-22,71,3,5284.72,5350.4,0.0,262.4,0.0,Delhi_NCR,Metro,E_Commerce,Scooter,1.0,332,Full-Time,46.6,26,5284.72,4.46,1,1.0,1,4.0,1.2,41.9,40.425,14.3,188.25,0,0,0,1,1,0.1502,1.007,40.54
ORD_52718,W_fe57a5c12bf8a432,ZONE_DEL_01,2026-06-29,61,5,5284.72,4615.95,668.77,242.2,0.155,Delhi_NCR,Metro,E_Commerce,Scooter,1.0,332,Full-Time,46.6,26,5284.72,4.46,1,1.0,1,20.0,6.8,41.7,35.84285714285714,14.4,157.71428571428572,0,0,0,0,1,0.1633,1.033,42.06
ORD_52719,W_fe57a5c12bf8a432,ZONE_DEL_01,2026-07-06,23,5,5284.72,1757.1,3527.62,116.3,0.664,Delhi_NCR,Metro,E_Commerce,Scooter,1.0,332,Full-Time,46.6,26,5284.72,4.46,1,1.0,1,122.9,99.8,36.7,32.9,18.9,156.0,1,0,2,0,1,0.5602,1.205,65.8
ORD_52720,W_fe57a5c12bf8a432,ZONE_DEL_01,2026-07-13,72,3,5284.72,5472.28,0.0,441.4,0.0,Delhi_NCR,Metro,E_Commerce,Scooter,1.0,332,Full-Time,46.6,26,5284.72,4.46,1,1.0,1,9.8,3.7,37.4,36.55714285714286,19.6,129.42857142857142,0,0,0,0,1,0.1191,1.016,39.8
ORD_52721,W_fe57a5c12bf8a432,ZONE_DEL_01,2026-07-20,52,5,5284.72,3961.49,1323.23,287.2,0.216,Delhi_NCR,Metro,E_Commerce,Scooter,1.0,332,Full-Time,46.6,26,5284.72,4.46,1,1.0,1,74.3,31.9,33.7,31.8,16.5,132.71428571428572,0,0,0,0,1,0.2667,1.124,49.83
ORD_52722,W_fe57a5c12bf8a432,ZONE_DEL_01,2026-07-27,70,3,5284.72,5319.16,0.0,329.7,0.0,Delhi_NCR,Metro,E_Commerce,Scooter,1.0,332,Full-Time,46.6,26,5284.72,4.46,1,1.0,1,51.900000000000006,19.5,35.3,32.94285714285714,14.4,172.57142857142858,0,0,0,0,1,0.2462,1.086,47.37
ORD_52723,W_fe57a5c12bf8a432,ZONE_DEL_01,2026-08-03,30,6,5284.72,2316.04,2968.68,132.4,0.562,Delhi_NCR,Metro,E_Commerce,Scooter,1.0,332,Full-Time,46.6,26,5284.72,4.46,1,1.0,1,132.8,58.3,33.8,31.17142857142857,15.8,126.57142857142856,0,0,1,0,1,0.4771,1.221,63.12
ORD_52724,W_fe57a5c12bf8a432,ZONE_DEL_01,2026-08-10,72,3,5284.72,5420.54,0.0,357.7,0.0,Delhi_NCR,Metro,E_Commerce,Scooter,1.0,332,Full-Time,46.6,26,5284.72,4.46,1,1.0,1,45.8,12.5,34.4,32.614285714285714,11.1,170.42857142857142,0,0,0,1,1,0.2309,1.076,46.36
ORD_52725,W_fe57a5c12bf8a432,ZONE_DEL_01,2026-08-17,62,5,5284.72,4661.29,623.43,308.0,0.15,Delhi_NCR,Metro,E_Commerce,Scooter,1.0,332,Full-Time,46.6,26,5284.72,4.46,1,1.0,1,34.3,8.2,33.6,33.15714285714286,11.7,140.0,1,0,1,0,1,0.2655,1.057,46.82
ORD_52726,W_fe57a5c12bf8a432,ZONE_DEL_01,2026-08-24,68,3,5284.72,5146.4,138.32,394.3,0.0,Delhi_NCR,Metro,E_Commerce,Scooter,1.0,332,Full-Time,46.6,26,5284.72,4.46,1,1.0,1,24.5,13.5,34.9,33.44285714285714,13.9,168.0,0,0,0,1,1,0.1811,1.041,43.03
ORD_52727,W_fe57a5c12bf8a432,ZONE_DEL_01,2026-08-31,66,3,5284.72,4957.52,327.2,342.1,0.034,Delhi_NCR,Metro,E_Commerce,Scooter,1.0,332,Full-Time,46.6,26,5284.72,4.46,1,1.0,1,76.6,23.5,34.4,31.24285714285714,13.1,145.57142857142858,0,0,0,1,1,0.2815,1.128,50.59
ORD_52728,W_fe57a5c12bf8a432,ZONE_DEL_01,2026-09-07,69,3,5284.72,5209.53,75.19,398.8,0.0,Delhi_NCR,Metro,E_Commerce,Scooter,1.0,332,Full-Time,46.6,26,5284.72,4.46,1,1.0,1,19.1,8.7,34.4,32.471428571428575,14.1,142.0,0,0,0,0,1,0.1495,1.032,41.52
ORD_52729,W_fe57a5c12bf8a432,ZONE_DEL_01,2026-09-14,70,3,5284.72,5260.04,24.68,382.3,0.0,Delhi_NCR,Metro,E_Commerce,Scooter,1.0,332,Full-Time,46.6,26,5284.72,4.46,1,1.0,1,7.6,3.7,35.0,33.05,14.4,149.0,0,0,0,0,1,0.1288,1.013,40.02
ORD_52730,W_20541588942f189c,ZONE_HYD_01,2026-06-22,60,3,4747.26,4555.25,192.01,274.2,0.0,Hyderabad,Metro,Food_Delivery,Bike,1.2,102,Full-Time,48.4,25,4747.26,4.69,1,1.05,1,21.8,14.6,32.6,30.65,17.3,156.25,1,0,1,1,1,0.2496,1.036,47.58
ORD_52731,W_20541588942f189c,ZONE_HYD_01,2026-06-29,66,3,4747.26,4976.67,0.0,375.1,0.0,Hyderabad,Metro,Food_Delivery,Bike,1.2,102,Full-Time,48.4,25,4747.26,4.69,1,1.05,1,35.9,10.7,29.8,28.357142857142858,25.4,132.14285714285714,0,0,0,0,1,0.1799,1.06,45.96
ORD_52732,W_20541588942f189c,ZONE_HYD_01,2026-07-06,61,3,4747.26,4585.83,161.43,259.2,0.0,Hyderabad,Metro,Food_Delivery,Bike,1.2,102,Full-Time,48.4,25,4747.26,4.69,1,1.05,1,6.2,2.2,33.3,32.27142857142857,25.7,165.28571428571428,0,0,0,0,1,0.1379,1.01,42.24
ORD_52733,W_20541588942f189c,ZONE_HYD_01,2026-07-13,52,4,4747.26,3966.5,780.76,273.3,0.15,Hyderabad,Metro,Food_Delivery,Bike,1.2,102,Full-Time,48.4,25,4747.26,4.69,1,1.05,1,26.8,13.6,33.9,31.52857142857143,19.0,155.14285714285714,0,1,1,0,1,0.26,1.045,48.39
ORD_52734,W_20541588942f189c,ZONE_HYD_01,2026-07-20,64,3,4747.26,4869.26,0.0,353.5,0.0,Hyderabad,Metro,Food_Delivery,Bike,1.2,102,Full-Time,48.4,25,4747.26,4.69,1,1.05,1,38.8,13.9,30.0,28.61428571428572,25.3,132.85714285714286,0,0,0,0,1,0.1869,1.065,46.45
ORD_52735,W_20541588942f189c,ZONE_HYD_01,2026-07-27,47,6,4747.26,3564.51,1182.75,220.0,0.272,Hyderabad,Metro,Food_Delivery,Bike,1.2,102,Full-Time,48.4,25,4747.26,4.69,1,1.05,1,70.5,24.9,30.6,28.585714285714285,24.3,137.0,0,0,0,0,1,0.2614,1.118,51.83
ORD_52736,W_20541588942f189c,ZONE_HYD_01,2026-08-03,60,3,4747.26,4568.71,178.55,301.4,0.0,Hyderabad,Metro,Food_Delivery,Bike,1.2,102,Full-Time,48.4,25,4747.26,4.69,1,1.05,1,20.5,9.0,30.6,29.442857142857143,20.0,136.28571428571428,0,0,0,0,1,0.1483,1.034,43.63
ORD_52737,W_20541588942f189c,ZONE_HYD_01,2026-08-10,66,3,4747.26,4961.98,0.0,372.3,0.0,Hyderabad,Metro,Food_Delivery,Bike,1.2,102,Full-Time,48.4,25,4747.26,4.69,1,1.05,1,12.6,3.6,30.8,29.82857142857143,19.8,137.42857142857142,0,0,0,1,1,0.1314,1.021,42.45
ORD_52738,W_20541588942f189c,ZONE_HYD_01,2026-08-17,50,5,4747.26,3779.85,967.41,262.3,0.21,Hyderabad,Metro,Food_Delivery,Bike,1.2,102,Full-Time,48.4,25,4747.26,4.69,1,1.05,1,18.2,11.0,31.5,30.228571428571428,19.4,148.85714285714286,0,1,1,0,1,0.2359,1.03,46.78
ORD_52739,W_20541588942f189c,ZONE_HYD_01,2026-08-24,66,3,4747.26,4951.66,0.0,307.3,0.0,Hyderabad,Metro,Food_Delivery,Bike,1.2,102,Full-Time,48.4,25,4747.26,4.69,1,1.05,1,10.4,3.2,30.4,29.17142857142857,21.5,140.14285714285714,0,0,0,1,1,0.1285,1.017,42.18
ORD_52740,W_20541588942f189c,ZONE_HYD_01,2026-08-31,62,3,4747.26,4667.22,80.04,380.6,0.0,Hyderabad,Metro,Food_Delivery,Bike,1.2,102,Full-Time,48.4,25,4747.26,4.69,1,1.05,1,8.8,5.3,32.0,30.228571428571428,19.7,159.14285714285714,0,0,0,1,1,0.1392,1.015,42.49
ORD_52741,W_20541588942f189c,ZONE_HYD_01,2026-09-07,55,5,4747.26,4181.83,565.43,240.5,0.15,Hyderabad,Metro,Food_Delivery,Bike,1.2,102,Full-Time,48.4,25,4747.26,4.69,1,1.05,1,26.3,11.7,32.2,31.057142857142857,15.3,156.57142857142858,1,0,1,0,1,0.2599,1.044,48.34
ORD_52742,W_20541588942f189c,ZONE_HYD_01,2026-09-14,63,3,4747.26,4730.07,17.19,291.1,0.0,Hyderabad,Metro,Food_Delivery,Bike,1.2,102,Full-Time,48.4,25,4747.26,4.69,1,1.05,1,12.7,5.5,33.4,31.525,10.7,147.5,0,0,0,0,1,0.1392,1.021,42.74
ORD_52743,W_4191324fcc89de5b,ZONE_DEL_01,2026-06-22,37,1,2894.24,2792.68,101.56,225.2,0.0,Delhi_NCR,Metro,Food_Delivery,Scooter,1.0,127,Part-Time,27.3,15,2894.24,4.71,1,1.0,0,4.0,1.2,41.9,40.425,14.3,188.25,0,0,0,1,1,0.1502,1.007,40.54
ORD_52744,W_4191324fcc89de5b,ZONE_DEL_01,2026-06-29,32,3,2894.24,2422.23,472.01,187.6,0.155,Delhi_NCR,Metro,Food_Delivery,Scooter,1.0,127,Part-Time,27.3,15,2894.24,4.71,1,1.0,0,20.0,6.8,41.7,35.84285714285714,14.4,157.71428571428572,0,0,0,0,1,0.1633,1.033,42.06
ORD_52745,W_4191324fcc89de5b,ZONE_DEL_01,2026-07-06,12,3,2894.24,907.7,1986.54,42.8,0.688,Delhi_NCR,Metro,Food_Delivery,Scooter,1.0,127,Part-Time,27.3,15,2894.24,4.71,1,1.0,0,122.9,99.8,36.7,32.9,18.9,156.0,1,0,2,0,1,0.5602,1.205,65.8
ORD_52746,W_4191324fcc89de5b,ZONE_DEL_01,2026-07-13,39,1,2894.24,2970.71,0.0,197.7,0.0,Delhi_NCR,Metro,Food_Delivery,Scooter,1.0,127,Part-Time,27.3,15,2894.24,4.71,1,1.0,0,9.8,3.7,37.4,36.55714285714286,19.6,129.42857142857142,0,0,0,0,1,0.1191,1.016,39.8
ORD_52747,W_4191324fcc89de5b,ZONE_DEL_01,2026-07-20,27,3,2894.24,2090.41,803.83,109.9,0.244,Delhi_NCR,Metro,Food_Delivery,Scooter,1.0,127,Part-Time,27.3,15,2894.24,4.71,1,1.0,0,74.3,31.9,33.7,31.8,16.5,132.71428571428572,0,0,0,0,1,0.2667,1.124,49.83
ORD_52748,W_4191324fcc89de5b,ZONE_DEL_01,2026-07-27,36,1,2894.24,2771.04,123.2,154.1,0.0,Delhi_NCR,Metro,Food_Delivery,Scooter,1.0,127,Part-Time,27.3,15,2894.24,4.71,1,1.0,0,51.900000000000006,19.5,35.3,32.94285714285714,14.4,172.57142857142858,0,0,0,0,1,0.2462,1.086,47.37
ORD_52749,W_4191324fcc89de5b,ZONE_DEL_01,2026-08-03,14,3,2894.24,1091.1,1803.14,72.1,0.625,Delhi_NCR,Metro,Food_Delivery,Scooter,1.0,127,Part-Time,27.3,15,2894.24,4.71,1,1.0,0,132.8,58.3,33.8,31.17142857142857,15.8,126.57142857142856,0,0,1,0,1,0.4771,1.221,63.12
ORD_52750,W_4191324fcc89de5b,ZONE_DEL_01,2026-08-10,38,1,2894.24,2908.49,0.0,161.0,0.0,Delhi_NCR,Metro,Food_Delivery,Scooter,1.0,127,Part-Time,27.3,15,2894.24,4.71,1,1.0,0,45.8,12.5,34.4,32.614285714285714,11.1,170.42857142857142,0,0,0,1,1,0.2309,1.076,46.36
ORD_52751,W_4191324fcc89de5b,ZONE_DEL_01,2026-08-17,31,2,2894.24,2397.25,496.99,120.0,0.15,Delhi_NCR,Metro,Food_Delivery,Scooter,1.0,127,Part-Time,27.3,15,2894.24,4.71,1,1.0,0,34.3,8.2,33.6,33.15714285714286,11.7,140.0,1,0,1,0,1,0.2655,1.057,46.82
ORD_52752,W_4191324fcc89de5b,ZONE_DEL_01,2026-08-24,39,1,2894.24,2995.27,0.0,201.4,0.0,Delhi_NCR,Metro,Food_Delivery,Scooter,1.0,127,Part-Time,27.3,15,2894.24,4.71,1,1.0,0,24.5,13.5,34.9,33.44285714285714,13.9,168.0,0,0,0,1,1,0.1811,1.041,43.03
ORD_52753,W_4191324fcc89de5b,ZONE_DEL_01,2026-08-31,37,1,2894.24,2800.82,93.42,216.7,0.0,Delhi_NCR,Metro,Food_Delivery,Scooter,1.0,127,Part-Time,27.3,15,2894.24,4.71,1,1.0,0,76.6,23.5,34.4,31.24285714285714,13.1,145.57142857142858,0,0,0,1,1,0.2815,1.128,50.59
ORD_52754,W_4191324fcc89de5b,ZONE_DEL_01,2026-09-07,39,1,2894.24,2964.49,0.0,205.9,0.0,Delhi_NCR,Metro,Food_Delivery,Scooter,1.0,127,Part-Time,27.3,15,2894.24,4.71,1,1.0,0,19.1,8.7,34.4,32.471428571428575,14.1,142.0,0,0,0,0,1,0.1495,1.032,41.52
ORD_52755,W_4191324fcc89de5b,ZONE_DEL_01,2026-09-14,38,1,2894.24,2867.28,26.96,159.9,0.0,Delhi_NCR,Metro,Food_Delivery,Scooter,1.0,127,Part-Time,27.3,15,2894.24,4.71,1,1.0,0,7.6,3.7,35.0,33.05,14.4,149.0,0,0,0,0,1,0.1288,1.013,40.02
ORD_52756,W_9c08dd861479a8c2,ZONE_HYD_01,2026-06-22,86,4,6211.45,6509.26,0.0,486.1,0.0,Hyderabad,Metro,E_Commerce,Bike,1.2,683,Full-Time,56.6,27,6211.45,4.98,1,1.05,1,21.8,14.6,32.6,30.65,17.3,156.25,1,0,1,1,1,0.2496,1.036,47.58
ORD_52757,W_9c08dd861479a8c2,ZONE_HYD_01,2026-06-29,81,4,6211.45,6088.33,123.12,468.9,0.0,Hyderabad,Metro,E_Commerce,Bike,1.2,683,Full-Time,56.6,27,6211.45,4.98,1,1.05,1,35.9,10.7,29.8,28.357142857142858,25.4,132.14285714285714,0,0,0,0,1,0.1799,1.06,45.96
ORD_52758,W_9c08dd861479a8c2,ZONE_HYD_01,2026-07-06,84,4,6211.45,6372.28,0.0,361.4,0.0,Hyderabad,Metro,E_Commerce,Bike,1.2,683,Full-Time,56.6,27,6211.45,4.98,1,1.05,1,6.2,2.2,33.3,32.27142857142857,25.7,165.28571428571428,0,0,0,0,1,0.1379,1.01,42.24
ORD_52759,W_9c08dd861479a8c2,ZONE_HYD_01,2026-07-13,69,6,6211.45,5240.95,970.5,276.1,0.15,Hyderabad,Metro,E_Commerce,Bike,1.2,683,Full-Time,56.6,27,6211.45,4.98,1,1.05,1,26.8,13.6,33.9,31.52857142857143,19.0,155.14285714285714,0,1,1,0,1,0.26,1.045,48.39
ORD_52760,W_9c08dd861479a8c2,ZONE_HYD_01,2026-07-20,79,3,6211.45,5969.86,241.59,430.7,0.0,Hyderabad,Metro,E_Commerce,Bike,1.2,683,Full-Time,56.6,27,6211.45,4.98,1,1.05,1,38.8,13.9,30.0,28.61428571428572,25.3,132.85714285714286,0,0,0,0,1,0.1869,1.065,46.45
ORD_52761,W_9c08dd861479a8c2,ZONE_HYD_01,2026-07-27,65,7,6211.45,4947.74,1263.71,402.2,0.228,Hyderabad,Metro,E_Commerce,Bike,1.2,683,Full-Time,56.6,27,6211.45,4.98,1,1.05,1,70.5,24.9,30.6,28.585714285714285,24.3,137.0,0,0,0,0,1,0.2614,1.118,51.83
ORD_52762,W_9c08dd861479a8c2,ZONE_HYD_01,2026-08-03,79,3,6211.45,5948.47,262.98,377.4,0.0,Hyderabad,Metro,E_Commerce,Bike,1.2,683,Full-Time,56.6,27,6211.45,4.98,1,1.05,1,20.5,9.0,30.6,29.442857142857143,20.0,136.28571428571428,0,0,0,0,1,0.1483,1.034,43.63
ORD_52763,W_9c08dd861479a8c2,ZONE_HYD_01,2026-08-10,85,4,6211.45,6399.07,0.0,478.6,0.0,Hyderabad,Metro,E_Commerce,Bike,1.2,683,Full-Time,56.6,27,6211.45,4.98,1,1.05,1,12.6,3.6,30.8,29.82857142857143,19.8,137.42857142857142,0,0,0,1,1,0.1314,1.021,42.45
ORD_52764,W_9c08dd861479a8c2,ZONE_HYD_01,2026-08-17,67,7,6211.45,5034.63,1176.82,297.6,0.21,Hyderabad,Metro,E_Commerce,Bike,1.2,683,Full-Time,56.6,27,6211.45,4.98,1,1.05,1,18.2,11.0,31.5,30.228571428571428,19.4,148.85714285714286,0,1,1,0,1,0.2359,1.03,46.78
ORD_52765,W_9c08dd861479a8c2,ZONE_HYD_01,2026-08-24,82,4,6211.45,6182.79,28.66,418.7,0.0,Hyderabad,Metro,E_Commerce,Bike,1.2,683,Full-Time,56.6,27,6211.45,4.98,1,1.05,1,10.4,3.2,30.4,29.17142857142857,21.5,140.14285714285714,0,0,0,1,1,0.1285,1.017,42.18
ORD_52766,W_9c08dd861479a8c2,ZONE_HYD_01,2026-08-31,86,4,6211.45,6505.84,0.0,377.1,0.0,Hyderabad,Metro,E_Commerce,Bike,1.2,683,Full-Time,56.6,27,6211.45,4.98,1,1.05,1,8.8,5.3,32.0,30.228571428571428,19.7,159.14285714285714,0,0,0,1,1,0.1392,1.015,42.49
ORD_52767,W_9c08dd861479a8c2,ZONE_HYD_01,2026-09-07,73,6,6211.45,5503.14,708.31,308.6,0.15,Hyderabad,Metro,E_Commerce,Bike,1.2,683,Full-Time,56.6,27,6211.45,4.98,1,1.05,1,26.3,11.7,32.2,31.057142857142857,15.3,156.57142857142858,1,0,1,0,1,0.2599,1.044,48.34
ORD_52768,W_9c08dd861479a8c2,ZONE_HYD_01,2026-09-14,86,4,6211.45,6515.24,0.0,456.6,0.0,Hyderabad,Metro,E_Commerce,Bike,1.2,683,Full-Time,56.6,27,6211.45,4.98,1,1.05,1,12.7,5.5,33.4,31.525,10.7,147.5,0,0,0,0,1,0.1392,1.021,42.74
ORD_52769,W_60cf4047962e17f3,ZONE_BOM_01,2026-06-22,39,1,2948.51,2937.75,10.76,201.1,0.0,Mumbai,Metro,Food_Delivery,Bike,1.2,33,Part-Time,30.3,17,2948.51,5.0,1,1.05,0,24.8,11.5,31.1,30.425,15.3,184.0,0,0,0,1,1,0.1938,1.041,45.67
ORD_52770,W_60cf4047962e17f3,ZONE_BOM_01,2026-06-29,5,1,2948.51,432.29,2516.22,19.0,0.85,Mumbai,Metro,Food_Delivery,Bike,1.2,33,Part-Time,30.3,17,2948.51,5.0,1,1.05,0,493.0,136.9,28.6,27.642857142857142,30.3,147.0,0,0,6,0,1,1.0,1.822,79.0
ORD_52771,W_60cf4047962e17f3,ZONE_BOM_01,2026-07-06,9,2,2948.51,733.53,2214.98,50.0,0.747,Mumbai,Metro,Food_Delivery,Bike,1.2,33,Part-Time,30.3,17,2948.51,5.0,1,1.05,0,235.5,131.8,30.2,29.142857142857142,34.6,143.85714285714286,0,0,2,0,1,0.8044,1.392,79.0
ORD_52772,W_60cf4047962e17f3,ZONE_BOM_01,2026-07-13,21,3,2948.51,1587.15,1361.36,121.8,0.439,Mumbai,Metro,Food_Delivery,Bike,1.2,33,Part-Time,30.3,17,2948.51,5.0,1,1.05,0,92.5,33.1,30.6,29.82857142857143,21.8,156.42857142857142,1,0,1,0,1,0.4088,1.154,59.75
ORD_52773,W_60cf4047962e17f3,ZONE_BOM_01,2026-07-20,6,1,2948.51,462.66,2485.85,31.9,0.85,Mumbai,Metro,Food_Delivery,Bike,1.2,33,Part-Time,30.3,17,2948.51,5.0,1,1.05,0,354.8,107.0,29.6,28.74285714285714,34.0,158.42857142857142,0,0,4,0,1,1.0,1.591,79.0
ORD_52774,W_60cf4047962e17f3,ZONE_BOM_01,2026-07-27,21,3,2948.51,1582.02,1366.49,110.3,0.462,Mumbai,Metro,Food_Delivery,Bike,1.2,33,Part-Time,30.3,17,2948.51,5.0,1,1.05,0,120.9,42.9,29.6,28.957142857142856,25.3,151.42857142857142,0,0,0,0,1,0.3856,1.202,61.21
ORD_52775,W_60cf4047962e17f3,ZONE_BOM_01,2026-08-03,25,3,2948.51,1879.43,1069.08,96.2,0.33,Mumbai,Metro,Food_Delivery,Bike,1.2,33,Part-Time,30.3,17,2948.51,5.0,1,1.05,0,76.8,18.7,29.7,29.285714285714285,21.2,139.0,0,0,0,0,1,0.277,1.128,52.94
ORD_52776,W_60cf4047962e17f3,ZONE_BOM_01,2026-08-10,28,3,2948.51,2106.8,841.71,134.9,0.28,Mumbai,Metro,Food_Delivery,Bike,1.2,33,Part-Time,30.3,17,2948.51,5.0,1,1.05,0,96.6,30.6,29.7,28.61428571428572,19.0,142.57142857142858,0,0,0,1,1,0.3243,1.161,56.5
ORD_52777,W_60cf4047962e17f3,ZONE_BOM_01,2026-08-17,20,3,2948.51,1515.28,1433.23,102.2,0.495,Mumbai,Metro,Food_Delivery,Bike,1.2,33,Part-Time,30.3,17,2948.51,5.0,1,1.05,0,61.0,16.7,29.7,29.228571428571428,20.6,146.28571428571428,1,0,1,0,1,0.3303,1.102,53.88
ORD_52778,W_60cf4047962e17f3,ZONE_BOM_01,2026-08-24,38,1,2948.51,2887.91,60.6,134.4,0.0,Mumbai,Metro,Food_Delivery,Bike,1.2,33,Part-Time,30.3,17,2948.51,5.0,1,1.05,0,36.4,7.6,29.6,29.25714285714286,21.1,134.0,1,0,1,1,1,0.2657,1.061,49.35
ORD_52779,W_60cf4047962e17f3,ZONE_BOM_01,2026-08-31,38,1,2948.51,2916.58,31.93,148.8,0.0,Mumbai,Metro,Food_Delivery,Bike,1.2,33,Part-Time,30.3,17,2948.51,5.0,1,1.05,0,61.0,16.1,29.6,29.042857142857144,18.4,158.28571428571428,0,0,0,1,1,0.256,1.102,50.87
ORD_52780,W_60cf4047962e17f3,ZONE_BOM_01,2026-09-07,38,1,2948.51,2912.19,36.32,197.5,0.0,Mumbai,Metro,Food_Delivery,Bike,1.2,33,Part-Time,30.3,17,2948.51,5.0,1,1.05,0,52.9,25.5,30.0,29.071428571428573,15.3,169.57142857142858,0,0,0,0,1,0.2462,1.088,49.83
ORD_52781,W_60cf4047962e17f3,ZONE_BOM_01,2026-09-14,39,1,2948.51,2962.44,0.0,160.8,0.0,Mumbai,Metro,Food_Delivery,Bike,1.2,33,Part-Time,30.3,17,2948.51,5.0,1,1.05,0,23.3,10.3,30.0,29.625,20.1,162.0,0,0,0,0,1,0.1739,1.039,44.82
ORD_52782,W_832c807f831f172c,ZONE_MAA_01,2026-06-22,46,2,3546.01,3490.63,55.38,237.3,0.0,Chennai,Metro,Food_Delivery,Scooter,1.0,72,Part-Time,30.9,15,3546.01,4.82,1,1.0,0,33.7,24.5,37.6,36.225,17.3,159.25,0,0,0,1,1,0.1953,1.056,44.18
ORD_52783,W_832c807f831f172c,ZONE_MAA_01,2026-06-29,48,2,3546.01,3673.97,0.0,265.6,0.0,Chennai,Metro,Food_Delivery,Scooter,1.0,72,Part-Time,30.9,15,3546.01,4.82,1,1.0,0,11.8,5.8,38.4,35.55714285714286,23.0,123.0,0,0,0,0,1,0.1188,1.02,39.94
ORD_52784,W_832c807f831f172c,ZONE_MAA_01,2026-07-06,40,3,3546.01,3030.2,515.81,179.1,0.15,Chennai,Metro,Food_Delivery,Scooter,1.0,72,Part-Time,30.9,15,3546.01,4.82,1,1.0,0,9.3,5.2,39.2,37.55714285714286,26.3,163.28571428571428,1,0,1,0,1,0.2267,1.016,43.62
ORD_52785,W_832c807f831f172c,ZONE_MAA_01,2026-07-13,46,2,3546.01,3498.16,47.85,270.2,0.0,Chennai,Metro,Food_Delivery,Scooter,1.0,72,Part-Time,30.9,15,3546.01,4.82,1,1.0,0,11.3,4.9,38.7,36.51428571428571,19.1,141.57142857142858,0,0,0,0,1,0.1316,1.019,40.36
ORD_52786,W_832c807f831f172c,ZONE_MAA_01,2026-07-20,39,3,3546.01,2976.71,569.3,240.5,0.12,Chennai,Metro,Food_Delivery,Scooter,1.0,72,Part-Time,30.9,15,3546.01,4.82,1,1.0,0,35.6,10.7,36.4,34.714285714285715,17.5,131.57142857142858,0,0,0,0,1,0.1788,1.059,43.69
ORD_52787,W_832c807f831f172c,ZONE_MAA_01,2026-07-27,48,2,3546.01,3604.3,0.0,256.3,0.0,Chennai,Metro,Food_Delivery,Scooter,1.0,72,Part-Time,30.9,15,3546.01,4.82,1,1.0,0,26.0,8.2,37.6,36.48571428571429,23.1,145.14285714285714,0,0,0,0,1,0.1674,1.043,42.62
ORD_52788,W_832c807f831f172c,ZONE_MAA_01,2026-08-03,45,2,3546.01,3382.18,163.83,231.1,0.0,Chennai,Metro,Food_Delivery,Scooter,1.0,72,Part-Time,30.9,15,3546.01,4.82,1,1.0,0,38.5,6.7,34.8,33.94285714285714,19.7,150.71428571428572,0,0,0,0,1,0.1997,1.064,44.68
ORD_52789,W_832c807f831f172c,ZONE_MAA_01,2026-08-10,47,2,3546.01,3540.61,5.4,177.9,0.0,Chennai,Metro,Food_Delivery,Scooter,1.0,72,Part-Time,30.9,15,3546.01,4.82,1,1.0,0,15.6,9.3,35.5,35.08571428571428,18.4,153.57142857142858,1,0,1,1,1,0.2336,1.026,44.3
ORD_52790,W_832c807f831f172c,ZONE_MAA_01,2026-08-17,46,2,3546.01,3467.26,78.75,271.6,0.0,Chennai,Metro,Food_Delivery,Scooter,1.0,72,Part-Time,30.9,15,3546.01,4.82,1,1.0,0,29.4,12.9,36.3,35.75714285714285,20.7,143.71428571428572,0,0,0,0,1,0.1739,1.049,43.1
ORD_52791,W_832c807f831f172c,ZONE_MAA_01,2026-08-24,47,2,3546.01,3563.74,0.0,217.0,0.0,Chennai,Metro,Food_Delivery,Scooter,1.0,72,Part-Time,30.9,15,3546.01,4.82,1,1.0,0,15.1,7.6,36.6,34.77142857142857,18.4,144.14285714285714,1,0,1,1,1,0.2254,1.025,43.96
ORD_52792,W_832c807f831f172c,ZONE_MAA_01,2026-08-31,45,2,3546.01,3394.48,151.53,244.3,0.0,Chennai,Metro,Food_Delivery,Scooter,1.0,72,Part-Time,30.9,15,3546.01,4.82,1,1.0,0,13.1,3.6,35.6,34.41428571428571,16.9,156.85714285714286,1,0,1,1,1,0.2305,1.022,44.01
ORD_52793,W_832c807f831f172c,ZONE_MAA_01,2026-09-07,48,2,3546.01,3617.94,0.0,247.6,0.0,Chennai,Metro,Food_Delivery,Scooter,1.0,72,Part-Time,30.9,15,3546.01,4.82,1,1.0,0,23.3,11.4,35.6,34.214285714285715,14.8,136.57142857142858,0,0,0,0,1,0.1549,1.039,42.0
ORD_52794,W_832c807f831f172c,ZONE_MAA_01,2026-09-14,40,3,3546.01,3017.2,528.81,186.8,0.15,Chennai,Metro,Food_Delivery,Scooter,1.0,72,Part-Time,30.9,15,3546.01,4.82,1,1.0,0,27.4,22.7,36.0,33.525,13.4,152.75,0,1,1,0,1,0.2595,1.046,46.11
ORD_52795,W_c7d8708e6d8df9e1,ZONE_BLR_01,2026-06-22,34,1,2532.51,2556.13,0.0,140.4,0.0,Bangalore,Metro,E_Commerce,Scooter,1.0,25,Part-Time,24.4,18,2532.51,4.91,1,1.0,0,16.3,5.3,30.1,29.475,20.2,135.25,0,0,0,1,1,0.1381,1.027,40.91
ORD_52796,W_c7d8708e6d8df9e1,ZONE_BLR_01,2026-06-29,29,2,2532.51,2247.62,284.89,147.6,0.15,Bangalore,Metro,E_Commerce,Scooter,1.0,25,Part-Time,24.4,18,2532.51,4.91,1,1.0,0,20.1,8.4,29.2,27.985714285714288,29.9,153.85714285714286,1,0,1,0,1,0.244,1.034,45.02
ORD_52797,W_c7d8708e6d8df9e1,ZONE_BLR_01,2026-07-06,33,1,2532.51,2484.69,47.82,155.6,0.0,Bangalore,Metro,E_Commerce,Scooter,1.0,25,Part-Time,24.4,18,2532.51,4.91,1,1.0,0,8.399999999999999,3.3,31.8,29.77142857142857,29.7,172.71428571428572,0,0,0,0,1,0.1484,1.014,40.76
ORD_52798,W_c7d8708e6d8df9e1,ZONE_BLR_01,2026-07-13,34,1,2532.51,2609.92,0.0,133.8,0.0,Bangalore,Metro,E_Commerce,Scooter,1.0,25,Part-Time,24.4,18,2532.51,4.91,1,1.0,0,16.8,9.8,32.1,29.785714285714285,20.5,124.57142857142856,0,0,0,0,1,0.1312,1.028,40.7
ORD_52799,W_c7d8708e6d8df9e1,ZONE_BLR_01,2026-07-20,28,2,2532.51,2108.04,424.47,149.4,0.15,Bangalore,Metro,E_Commerce,Scooter,1.0,25,Part-Time,24.4,18,2532.51,4.91,1,1.0,0,33.4,8.9,29.5,28.414285714285715,21.1,162.85714285714286,1,0,1,0,1,0.2806,1.056,47.33
ORD_52800,W_c7d8708e6d8df9e1,ZONE_BLR_01,2026-07-27,33,1,2532.51,2485.78,46.73,186.1,0.0,Bangalore,Metro,E_Commerce,Scooter,1.0,25,Part-Time,24.4,18,2532.51,4.91,1,1.0,0,28.8,17.0,29.7,28.685714285714287,25.0,169.42857142857142,0,0,0,0,1,0.1919,1.048,43.72
ORD_52801,W_c7d8708e6d8df9e1,ZONE_BLR_01,2026-08-03,28,2,2532.51,2158.32,374.19,103.2,0.17,Bangalore,Metro,E_Commerce,Scooter,1.0,25,Part-Time,24.4,18,2532.51,4.91,1,1.0,0,76.3,18.5,28.3,27.285714285714285,21.1,143.0,0,0,0,0,1,0.2789,1.127,50.45
ORD_52802,W_c7d8708e6d8df9e1,ZONE_BLR_01,2026-08-10,32,1,2532.51,2409.07,123.44,189.6,0.0,Bangalore,Metro,E_Commerce,Scooter,1.0,25,Part-Time,24.4,18,2532.51,4.91,1,1.0,0,19.9,5.6,30.7,29.17142857142857,21.8,129.0,0,0,0,1,1,0.1415,1.033,41.27
ORD_52803,W_c7d8708e6d8df9e1,ZONE_BLR_01,2026-08-17,28,2,2532.51,2170.14,362.37,124.6,0.15,Bangalore,Metro,E_Commerce,Scooter,1.0,25,Part-Time,24.4,18,2532.51,4.91,1,1.0,0,31.4,9.8,29.9,28.4,22.2,146.57142857142858,1,0,1,0,1,0.2639,1.052,46.54
ORD_52804,W_c7d8708e6d8df9e1,ZONE_BLR_01,2026-08-24,32,1,2532.51,2464.79,67.72,165.3,0.0,Bangalore,Metro,E_Commerce,Scooter,1.0,25,Part-Time,24.4,18,2532.51,4.91,1,1.0,0,35.7,18.2,28.8,28.014285714285712,22.3,167.14285714285714,0,0,0,1,1,0.2057,1.06,44.73
ORD_52805,W_c7d8708e6d8df9e1,ZONE_BLR_01,2026-08-31,33,1,2532.51,2534.79,0.0,203.9,0.0,Bangalore,Metro,E_Commerce,Scooter,1.0,25,Part-Time,24.4,18,2532.51,4.91,1,1.0,0,13.2,3.6,30.8,29.542857142857144,19.3,142.71428571428572,1,0,1,1,1,0.2201,1.022,43.64
ORD_52806,W_c7d8708e6d8df9e1,ZONE_BLR_01,2026-09-07,35,1,2532.51,2654.88,0.0,182.5,0.0,Bangalore,Metro,E_Commerce,Scooter,1.0,25,Part-Time,24.4,18,2532.51,4.91,1,1.0,0,8.5,5.1,31.0,30.62857142857143,14.9,128.28571428571428,0,0,0,0,1,0.1153,1.014,39.58
ORD_52807,W_c7d8708e6d8df9e1,ZONE_BLR_01,2026-09-14,33,1,2532.51,2518.04,14.47,159.3,0.0,Bangalore,Metro,E_Commerce,Scooter,1.0,25,Part-Time,24.4,18,2532.51,4.91,1,1.0,0,33.1,9.6,30.8,30.425,13.6,137.5,0,0,0,0,1,0.1776,1.055,43.48
ORD_52808,W_a7883198270353c0,ZONE_HYD_01,2026-06-22,89,4,6600.24,6720.68,0.0,335.9,0.0,Hyderabad,Metro,Food_Delivery,Scooter,1.0,122,Full-Time,58.0,26,6600.24,4.45,1,1.0,1,21.8,14.6,32.6,30.65,17.3,156.25,1,0,1,1,1,0.2496,1.036,45.31
ORD_52809,W_a7883198270353c0,ZONE_HYD_01,2026-06-29,86,4,6600.24,6486.95,113.29,318.5,0.0,Hyderabad,Metro,Food_Delivery,Scooter,1.0,122,Full-Time,58.0,26,6600.24,4.45,1,1.0,1,35.9,10.7,29.8,28.357142857142858,25.4,132.14285714285714,0,0,0,0,1,0.1799,1.06,43.77
ORD_52810,W_a7883198270353c0,ZONE_HYD_01,2026-07-06,84,4,6600.24,6318.65,281.59,338.4,0.0,Hyderabad,Metro,Food_Delivery,Scooter,1.0,122,Full-Time,58.0,26,6600.24,4.45,1,1.0,1,6.2,2.2,33.3,32.27142857142857,25.7,165.28571428571428,0,0,0,0,1,0.1379,1.01,40.22
ORD_52811,W_a7883198270353c0,ZONE_HYD_01,2026-07-13,74,7,6600.24,5601.93,998.31,415.8,0.15,Hyderabad,Metro,Food_Delivery,Scooter,1.0,122,Full-Time,58.0,26,6600.24,4.45,1,1.0,1,26.8,13.6,33.9,31.52857142857143,19.0,155.14285714285714,0,1,1,0,1,0.26,1.045,46.08
ORD_52812,W_a7883198270353c0,ZONE_HYD_01,2026-07-20,87,4,6600.24,6590.67,9.57,383.3,0.0,Hyderabad,Metro,Food_Delivery,Scooter,1.0,122,Full-Time,58.0,26,6600.24,4.45,1,1.0,1,38.8,13.9,30.0,28.61428571428572,25.3,132.85714285714286,0,0,0,0,1,0.1869,1.065,44.24
ORD_52813,W_a7883198270353c0,ZONE_HYD_01,2026-07-27,74,7,6600.24,5556.48,1043.76,313.2,0.162,Hyderabad,Metro,Food_Delivery,Scooter,1.0,122,Full-Time,58.0,26,6600.24,4.45,1,1.0,1,70.5,24.9,30.6,28.585714285714285,24.3,137.0,0,0,0,0,1,0.2614,1.118,49.36
ORD_52814,W_a7883198270353c0,ZONE_HYD_01,2026-08-03,89,4,6600.24,6676.1,0.0,546.3,0.0,Hyderabad,Metro,Food_Delivery,Scooter,1.0,122,Full-Time,58.0,26,6600.24,4.45,1,1.0,1,20.5,9.0,30.6,29.442857142857143,20.0,136.28571428571428,0,0,0,0,1,0.1483,1.034,41.56
ORD_52815,W_a7883198270353c0,ZONE_HYD_01,2026-08-10,84,4,6600.24,6343.7,256.54,342.1,0.0,Hyderabad,Metro,Food_Delivery,Scooter,1.0,122,Full-Time,58.0,26,6600.24,4.45,1,1.0,1,12.6,3.6,30.8,29.82857142857143,19.8,137.42857142857142,0,0,0,1,1,0.1314,1.021,40.43
ORD_52816,W_a7883198270353c0,ZONE_HYD_01,2026-08-17,69,7,6600.24,5200.16,1400.08,422.0,0.21,Hyderabad,Metro,Food_Delivery,Scooter,1.0,122,Full-Time,58.0,26,6600.24,4.45,1,1.0,1,18.2,11.0,31.5,30.228571428571428,19.4,148.85714285714286,0,1,1,0,1,0.2359,1.03,44.55
ORD_52817,W_a7883198270353c0,ZONE_HYD_01,2026-08-24,90,4,6600.24,6779.64,0.0,533.3,0.0,Hyderabad,Metro,Food_Delivery,Scooter,1.0,122,Full-Time,58.0,26,6600.24,4.45,1,1.0,1,10.4,3.2,30.4,29.17142857142857,21.5,140.14285714285714,0,0,0,1,1,0.1285,1.017,40.17
ORD_52818,W_a7883198270353c0,ZONE_HYD_01,2026-08-31,86,4,6600.24,6490.49,109.75,531.4,0.0,Hyderabad,Metro,Food_Delivery,Scooter,1.0,122,Full-Time,58.0,26,6600.24,4.45,1,1.0,1,8.8,5.3,32.0,30.228571428571428,19.7,159.14285714285714,0,0,0,1,1,0.1392,1.015,40.47
ORD_52819,W_a7883198270353c0,ZONE_HYD_01,2026-09-07,71,6,6600.24,5387.39,1212.85,258.7,0.15,Hyderabad,Metro,Food_Delivery,Scooter,1.0,122,Full-Time,58.0,26,6600.24,4.45,1,1.0,1,26.3,11.7,32.2,31.057142857142857,15.3,156.57142857142858,1,0,1,0,1,0.2599,1.044,46.04
ORD_52820,W_a7883198270353c0,ZONE_HYD_01,2026-09-14,91,4,6600.24,6834.95,0.0,546.3,0.0,Hyderabad,Metro,Food_Delivery,Scooter,1.0,122,Full-Time,58.0,26,6600.24,4.45,1,1.0,1,12.7,5.5,33.4,31.525,10.7,147.5,0,0,0,0,1,0.1392,1.021,40.71
ORD_52821,W_5d6a8bde2fe4ea03,ZONE_BOM_01,2026-06-22,63,3,4994.55,4790.07,204.48,239.8,0.0,Mumbai,Metro,Q_Commerce,Bike,1.2,34,Full-Time,51.5,26,4994.55,4.26,1,1.05,1,24.8,11.5,31.1,30.425,15.3,184.0,0,0,0,1,1,0.1938,1.041,45.67
ORD_52822,W_5d6a8bde2fe4ea03,ZONE_BOM_01,2026-06-29,9,2,4994.55,719.55,4275.0,36.6,0.85,Mumbai,Metro,Q_Commerce,Bike,1.2,34,Full-Time,51.5,26,4994.55,4.26,1,1.05,1,493.0,136.9,28.6,27.642857142857142,30.3,147.0,0,0,6,0,1,1.0,1.822,79.0
ORD_52823,W_5d6a8bde2fe4ea03,ZONE_BOM_01,2026-07-06,10,3,4994.55,761.76,4232.79,56.0,0.85,Mumbai,Metro,Q_Commerce,Bike,1.2,34,Full-Time,51.5,26,4994.55,4.26,1,1.05,1,235.5,131.8,30.2,29.142857142857142,34.6,143.85714285714286,0,0,2,0,1,0.8044,1.392,79.0
ORD_52824,W_5d6a8bde2fe4ea03,ZONE_BOM_01,2026-07-13,35,6,4994.55,2657.87,2336.68,197.9,0.47,Mumbai,Metro,Q_Commerce,Bike,1.2,34,Full-Time,51.5,26,4994.55,4.26,1,1.05,1,92.5,33.1,30.6,29.82857142857143,21.8,156.42857142857142,1,0,1,0,1,0.4088,1.154,59.75
ORD_52825,W_5d6a8bde2fe4ea03,ZONE_BOM_01,2026-07-20,9,2,4994.55,735.29,4259.26,45.1,0.85,Mumbai,Metro,Q_Commerce,Bike,1.2,34,Full-Time,51.5,26,4994.55,4.26,1,1.05,1,354.8,107.0,29.6,28.74285714285714,34.0,158.42857142857142,0,0,4,0,1,1.0,1.591,79.0
ORD_52826,W_5d6a8bde2fe4ea03,ZONE_BOM_01,2026-07-27,31,6,4994.55,2330.34,2664.21,190.7,0.548,Mumbai,Metro,Q_Commerce,Bike,1.2,34,Full-Time,51.5,26,4994.55,4.26,1,1.05,1,120.9,42.9,29.6,28.957142857142856,25.3,151.42857142857142,0,0,0,0,1,0.3856,1.202,61.21
ORD_52827,W_5d6a8bde2fe4ea03,ZONE_BOM_01,2026-08-03,41,6,4994.55,3080.85,1913.7,154.5,0.399,Mumbai,Metro,Q_Commerce,Bike,1.2,34,Full-Time,51.5,26,4994.55,4.26,1,1.05,1,76.8,18.7,29.7,29.285714285714285,21.2,139.0,0,0,0,0,1,0.277,1.128,52.94
ORD_52828,W_5d6a8bde2fe4ea03,ZONE_BOM_01,2026-08-10,39,6,4994.55,2926.45,2068.1,140.6,0.406,Mumbai,Metro,Q_Commerce,Bike,1.2,34,Full-Time,51.5,26,4994.55,4.26,1,1.05,1,96.6,30.6,29.7,28.61428571428572,19.0,142.57142857142858,0,0,0,1,1,0.3243,1.161,56.5
ORD_52829,W_5d6a8bde2fe4ea03,ZONE_BOM_01,2026-08-17,31,6,4994.55,2346.22,2648.33,118.5,0.535,Mumbai,Metro,Q_Commerce,Bike,1.2,34,Full-Time,51.5,26,4994.55,4.26,1,1.05,1,61.0,16.7,29.7,29.228571428571428,20.6,146.28571428571428,1,0,1,0,1,0.3303,1.102,53.88
ORD_52830,W_5d6a8bde2fe4ea03,ZONE_BOM_01,2026-08-24,69,3,4994.55,5206.34,0.0,256.0,0.0,Mumbai,Metro,Q_Commerce,Bike,1.2,34,Full-Time,51.5,26,4994.55,4.26,1,1.05,1,36.4,7.6,29.6,29.25714285714286,21.1,134.0,1,0,1,1,1,0.2657,1.061,49.35
ORD_52831,W_5d6a8bde2fe4ea03,ZONE_BOM_01,2026-08-31,57,5,4994.55,4346.55,648.0,250.2,0.147,Mumbai,Metro,Q_Commerce,Bike,1.2,34,Full-Time,51.5,26,4994.55,4.26,1,1.05,1,61.0,16.1,29.6,29.042857142857144,18.4,158.28571428571428,0,0,0,1,1,0.256,1.102,50.87
ORD_52832,W_5d6a8bde2fe4ea03,ZONE_BOM_01,2026-09-07,65,3,4994.55,4939.98,54.57,357.5,0.0,Mumbai,Metro,Q_Commerce,Bike,1.2,34,Full-Time,51.5,26,4994.55,4.26,1,1.05,1,52.9,25.5,30.0,29.071428571428573,15.3,169.57142857142858,0,0,0,0,1,0.2462,1.088,49.83
ORD_52833,W_5d6a8bde2fe4ea03,ZONE_BOM_01,2026-09-14,67,3,4994.55,5045.23,0.0,356.0,0.0,Mumbai,Metro,Q_Commerce,Bike,1.2,34,Full-Time,51.5,26,4994.55,4.26,1,1.05,1,23.3,10.3,30.0,29.625,20.1,162.0,0,0,0,0,1,0.1739,1.039,44.82
ORD_52834,W_f4470ec81aeb9bab,ZONE_BOM_01,2026-06-22,91,4,6957.37,6880.26,77.11,438.4,0.0,Mumbai,Metro,Q_Commerce,Bike,1.2,149,Full-Time,66.8,26,6957.37,5.0,1,1.05,1,24.8,11.5,31.1,30.425,15.3,184.0,0,0,0,1,1,0.1938,1.041,45.67
ORD_52835,W_f4470ec81aeb9bab,ZONE_BOM_01,2026-06-29,13,3,6957.37,1013.75,5943.62,60.2,0.85,Mumbai,Metro,Q_Commerce,Bike,1.2,149,Full-Time,66.8,26,6957.37,5.0,1,1.05,1,493.0,136.9,28.6,27.642857142857142,30.3,147.0,0,0,6,0,1,1.0,1.822,79.0
ORD_52836,W_f4470ec81aeb9bab,ZONE_BOM_01,2026-07-06,19,5,6957.37,1499.51,5457.86,105.7,0.79,Mumbai,Metro,Q_Commerce,Bike,1.2,149,Full-Time,66.8,26,6957.37,5.0,1,1.05,1,235.5,131.8,30.2,29.142857142857142,34.6,143.85714285714286,0,0,2,0,1,0.8044,1.392,79.0
ORD_52837,W_f4470ec81aeb9bab,ZONE_BOM_01,2026-07-13,54,8,6957.37,4115.4,2841.97,190.7,0.383,Mumbai,Metro,Q_Commerce,Bike,1.2,149,Full-Time,66.8,26,6957.37,5.0,1,1.05,1,92.5,33.1,30.6,29.82857142857143,21.8,156.42857142857142,1,0,1,0,1,0.4088,1.154,59.75
ORD_52838,W_f4470ec81aeb9bab,ZONE_BOM_01,2026-07-20,13,3,6957.37,1034.25,5923.12,80.2,0.85,Mumbai,Metro,Q_Commerce,Bike,1.2,149,Full-Time,66.8,26,6957.37,5.0,1,1.05,1,354.8,107.0,29.6,28.74285714285714,34.0,158.42857142857142,0,0,4,0,1,1.0,1.591,79.0
ORD_52839,W_f4470ec81aeb9bab,ZONE_BOM_01,2026-07-27,42,8,6957.37,3171.63,3785.74,248.1,0.533,Mumbai,Metro,Q_Commerce,Bike,1.2,149,Full-Time,66.8,26,6957.37,5.0,1,1.05,1,120.9,42.9,29.6,28.957142857142856,25.3,151.42857142857142,0,0,0,0,1,0.3856,1.202,61.21
ORD_52840,W_f4470ec81aeb9bab,ZONE_BOM_01,2026-08-03,54,9,6957.37,4121.72,2835.65,202.9,0.413,Mumbai,Metro,Q_Commerce,Bike,1.2,149,Full-Time,66.8,26,6957.37,5.0,1,1.05,1,76.8,18.7,29.7,29.285714285714285,21.2,139.0,0,0,0,0,1,0.277,1.128,52.94
ORD_52841,W_f4470ec81aeb9bab,ZONE_BOM_01,2026-08-10,66,9,6957.37,5000.03,1957.34,336.0,0.312,Mumbai,Metro,Q_Commerce,Bike,1.2,149,Full-Time,66.8,26,6957.37,5.0,1,1.05,1,96.6,30.6,29.7,28.61428571428572,19.0,142.57142857142858,0,0,0,1,1,0.3243,1.161,56.5
ORD_52842,W_f4470ec81aeb9bab,ZONE_BOM_01,2026-08-17,43,9,6957.37,3296.89,3660.48,256.2,0.532,Mumbai,Metro,Q_Commerce,Bike,1.2,149,Full-Time,66.8,26,6957.37,5.0,1,1.05,1,61.0,16.7,29.7,29.228571428571428,20.6,146.28571428571428,1,0,1,0,1,0.3303,1.102,53.88
ORD_52843,W_f4470ec81aeb9bab,ZONE_BOM_01,2026-08-24,90,4,6957.37,6800.13,157.24,437.7,0.0,Mumbai,Metro,Q_Commerce,Bike,1.2,149,Full-Time,66.8,26,6957.37,5.0,1,1.05,1,36.4,7.6,29.6,29.25714285714286,21.1,134.0,1,0,1,1,1,0.2657,1.061,49.35
ORD_52844,W_f4470ec81aeb9bab,ZONE_BOM_01,2026-08-31,76,7,6957.37,5702.77,1254.6,413.7,0.153,Mumbai,Metro,Q_Commerce,Bike,1.2,149,Full-Time,66.8,26,6957.37,5.0,1,1.05,1,61.0,16.1,29.6,29.042857142857144,18.4,158.28571428571428,0,0,0,1,1,0.256,1.102,50.87
ORD_52845,W_f4470ec81aeb9bab,ZONE_BOM_01,2026-09-07,93,4,6957.37,7037.02,0.0,496.2,0.0,Mumbai,Metro,Q_Commerce,Bike,1.2,149,Full-Time,66.8,26,6957.37,5.0,1,1.05,1,52.9,25.5,30.0,29.071428571428573,15.3,169.57142857142858,0,0,0,0,1,0.2462,1.088,49.83
ORD_52846,W_f4470ec81aeb9bab,ZONE_BOM_01,2026-09-14,91,4,6957.37,6853.86,103.51,395.6,0.0,Mumbai,Metro,Q_Commerce,Bike,1.2,149,Full-Time,66.8,26,6957.37,5.0,1,1.05,1,23.3,10.3,30.0,29.625,20.1,162.0,0,0,0,0,1,0.1739,1.039,44.82
ORD_52847,W_f1f1fac7d9116b07,ZONE_DEL_01,2026-06-22,72,3,5336.92,5435.23,0.0,293.9,0.0,Delhi_NCR,Metro,Food_Delivery,Bike,1.2,24,Full-Time,56.7,28,5336.92,4.72,1,1.05,1,4.0,1.2,41.9,40.425,14.3,188.25,0,0,0,1,1,0.1502,1.007,42.57
ORD_52848,W_f1f1fac7d9116b07,ZONE_DEL_01,2026-06-29,59,5,5336.92,4473.46,863.46,236.5,0.155,Delhi_NCR,Metro,Food_Delivery,Bike,1.2,24,Full-Time,56.7,28,5336.92,4.72,1,1.05,1,20.0,6.8,41.7,35.84285714285714,14.4,157.71428571428572,0,0,0,0,1,0.1633,1.033,44.16
ORD_52849,W_f1f1fac7d9116b07,ZONE_DEL_01,2026-07-06,20,5,5336.92,1553.44,3783.48,93.3,0.722,Delhi_NCR,Metro,Food_Delivery,Bike,1.2,24,Full-Time,56.7,28,5336.92,4.72,1,1.05,1,122.9,99.8,36.7,32.9,18.9,156.0,1,0,2,0,1,0.5602,1.205,69.09
ORD_52850,W_f1f1fac7d9116b07,ZONE_DEL_01,2026-07-13,74,3,5336.92,5587.41,0.0,287.0,0.0,Delhi_NCR,Metro,Food_Delivery,Bike,1.2,24,Full-Time,56.7,28,5336.92,4.72,1,1.05,1,9.8,3.7,37.4,36.55714285714286,19.6,129.42857142857142,0,0,0,0,1,0.1191,1.016,41.78
ORD_52851,W_f1f1fac7d9116b07,ZONE_DEL_01,2026-07-20,49,6,5336.92,3698.03,1638.89,276.0,0.286,Delhi_NCR,Metro,Food_Delivery,Bike,1.2,24,Full-Time,56.7,28,5336.92,4.72,1,1.05,1,74.3,31.9,33.7,31.8,16.5,132.71428571428572,0,0,0,0,1,0.2667,1.124,52.32
ORD_52852,W_f1f1fac7d9116b07,ZONE_DEL_01,2026-07-27,73,3,5336.92,5488.33,0.0,277.7,0.0,Delhi_NCR,Metro,Food_Delivery,Bike,1.2,24,Full-Time,56.7,28,5336.92,4.72,1,1.05,1,51.900000000000006,19.5,35.3,32.94285714285714,14.4,172.57142857142858,0,0,0,0,1,0.2462,1.086,49.74
ORD_52853,W_f1f1fac7d9116b07,ZONE_DEL_01,2026-08-03,14,4,5336.92,1092.24,4244.68,72.2,0.789,Delhi_NCR,Metro,Food_Delivery,Bike,1.2,24,Full-Time,56.7,28,5336.92,4.72,1,1.05,1,132.8,58.3,33.8,31.17142857142857,15.8,126.57142857142856,0,0,1,0,1,0.4771,1.221,66.28
ORD_52854,W_f1f1fac7d9116b07,ZONE_DEL_01,2026-08-10,74,3,5336.92,5596.1,0.0,435.3,0.0,Delhi_NCR,Metro,Food_Delivery,Bike,1.2,24,Full-Time,56.7,28,5336.92,4.72,1,1.05,1,45.8,12.5,34.4,32.614285714285714,11.1,170.42857142857142,0,0,0,1,1,0.2309,1.076,48.67
ORD_52855,W_f1f1fac7d9116b07,ZONE_DEL_01,2026-08-17,63,5,5336.92,4743.5,593.42,278.8,0.15,Delhi_NCR,Metro,Food_Delivery,Bike,1.2,24,Full-Time,56.7,28,5336.92,4.72,1,1.05,1,34.3,8.2,33.6,33.15714285714286,11.7,140.0,1,0,1,0,1,0.2655,1.057,49.16
ORD_52856,W_f1f1fac7d9116b07,ZONE_DEL_01,2026-08-24,68,3,5336.92,5126.42,210.5,272.6,0.0,Delhi_NCR,Metro,Food_Delivery,Bike,1.2,24,Full-Time,56.7,28,5336.92,4.72,1,1.05,1,24.5,13.5,34.9,33.44285714285714,13.9,168.0,0,0,0,1,1,0.1811,1.041,45.19
ORD_52857,W_f1f1fac7d9116b07,ZONE_DEL_01,2026-08-31,68,4,5336.92,5108.39,228.53,265.6,0.07,Delhi_NCR,Metro,Food_Delivery,Bike,1.2,24,Full-Time,56.7,28,5336.92,4.72,1,1.05,1,76.6,23.5,34.4,31.24285714285714,13.1,145.57142857142858,0,0,0,1,1,0.2815,1.128,53.12
ORD_52858,W_f1f1fac7d9116b07,ZONE_DEL_01,2026-09-07,72,3,5336.92,5422.17,0.0,314.9,0.0,Delhi_NCR,Metro,Food_Delivery,Bike,1.2,24,Full-Time,56.7,28,5336.92,4.72,1,1.05,1,19.1,8.7,34.4,32.471428571428575,14.1,142.0,0,0,0,0,1,0.1495,1.032,43.6
ORD_52859,W_f1f1fac7d9116b07,ZONE_DEL_01,2026-09-14,70,3,5336.92,5252.17,84.75,370.1,0.0,Delhi_NCR,Metro,Food_Delivery,Bike,1.2,24,Full-Time,56.7,28,5336.92,4.72,1,1.05,1,7.6,3.7,35.0,33.05,14.4,149.0,0,0,0,0,1,0.1288,1.013,42.02
ORD_52860,W_76ead4db0148350b,ZONE_HYD_01,2026-06-22,81,4,6129.34,6109.11,20.23,461.1,0.0,Hyderabad,Metro,Food_Delivery,Scooter,1.0,258,Full-Time,56.5,28,6129.34,4.39,1,1.0,1,21.8,14.6,32.6,30.65,17.3,156.25,1,0,1,1,1,0.2496,1.036,45.31
ORD_52861,W_76ead4db0148350b,ZONE_HYD_01,2026-06-29,78,3,6129.34,5918.44,210.9,439.4,0.0,Hyderabad,Metro,Food_Delivery,Scooter,1.0,258,Full-Time,56.5,28,6129.34,4.39,1,1.0,1,35.9,10.7,29.8,28.357142857142858,25.4,132.14285714285714,0,0,0,0,1,0.1799,1.06,43.77
ORD_52862,W_76ead4db0148350b,ZONE_HYD_01,2026-07-06,78,3,6129.34,5862.24,267.1,313.9,0.0,Hyderabad,Metro,Food_Delivery,Scooter,1.0,258,Full-Time,56.5,28,6129.34,4.39,1,1.0,1,6.2,2.2,33.3,32.27142857142857,25.7,165.28571428571428,0,0,0,0,1,0.1379,1.01,40.22
ORD_52863,W_76ead4db0148350b,ZONE_HYD_01,2026-07-13,70,6,6129.34,5291.29,838.05,406.6,0.15,Hyderabad,Metro,Food_Delivery,Scooter,1.0,258,Full-Time,56.5,28,6129.34,4.39,1,1.0,1,26.8,13.6,33.9,31.52857142857143,19.0,155.14285714285714,0,1,1,0,1,0.26,1.045,46.08
ORD_52864,W_76ead4db0148350b,ZONE_HYD_01,2026-07-20,79,3,6129.34,5977.75,151.59,346.3,0.0,Hyderabad,Metro,Food_Delivery,Scooter,1.0,258,Full-Time,56.5,28,6129.34,4.39,1,1.0,1,38.8,13.9,30.0,28.61428571428572,25.3,132.85714285714286,0,0,0,0,1,0.1869,1.065,44.24
ORD_52865,W_76ead4db0148350b,ZONE_HYD_01,2026-07-27,61,7,6129.34,4580.08,1549.26,347.1,0.231,Hyderabad,Metro,Food_Delivery,Scooter,1.0,258,Full-Time,56.5,28,6129.34,4.39,1,1.0,1,70.5,24.9,30.6,28.585714285714285,24.3,137.0,0,0,0,0,1,0.2614,1.118,49.36
ORD_52866,W_76ead4db0148350b,ZONE_HYD_01,2026-08-03,83,4,6129.34,6297.06,0.0,323.1,0.0,Hyderabad,Metro,Food_Delivery,Scooter,1.0,258,Full-Time,56.5,28,6129.34,4.39,1,1.0,1,20.5,9.0,30.6,29.442857142857143,20.0,136.28571428571428,0,0,0,0,1,0.1483,1.034,41.56
ORD_52867,W_76ead4db0148350b,ZONE_HYD_01,2026-08-10,81,4,6129.34,6107.17,22.17,453.0,0.0,Hyderabad,Metro,Food_Delivery,Scooter,1.0,258,Full-Time,56.5,28,6129.34,4.39,1,1.0,1,12.6,3.6,30.8,29.82857142857143,19.8,137.42857142857142,0,0,0,1,1,0.1314,1.021,40.43
ORD_52868,W_76ead4db0148350b,ZONE_HYD_01,2026-08-17,63,7,6129.34,4763.41,1365.93,328.2,0.21,Hyderabad,Metro,Food_Delivery,Scooter,1.0,258,Full-Time,56.5,28,6129.34,4.39,1,1.0,1,18.2,11.0,31.5,30.228571428571428,19.4,148.85714285714286,0,1,1,0,1,0.2359,1.03,44.55
ORD_52869,W_76ead4db0148350b,ZONE_HYD_01,2026-08-24,78,3,6129.34,5853.65,275.69,401.2,0.0,Hyderabad,Metro,Food_Delivery,Scooter,1.0,258,Full-Time,56.5,28,6129.34,4.39,1,1.0,1,10.4,3.2,30.4,29.17142857142857,21.5,140.14285714285714,0,0,0,1,1,0.1285,1.017,40.17
ORD_52870,W_76ead4db0148350b,ZONE_HYD_01,2026-08-31,78,3,6129.34,5916.44,212.9,447.9,0.0,Hyderabad,Metro,Food_Delivery,Scooter,1.0,258,Full-Time,56.5,28,6129.34,4.39,1,1.0,1,8.8,5.3,32.0,30.228571428571428,19.7,159.14285714285714,0,0,0,1,1,0.1392,1.015,40.47
ORD_52871,W_76ead4db0148350b,ZONE_HYD_01,2026-09-07,68,6,6129.34,5134.63,994.71,289.7,0.15,Hyderabad,Metro,Food_Delivery,Scooter,1.0,258,Full-Time,56.5,28,6129.34,4.39,1,1.0,1,26.3,11.7,32.2,31.057142857142857,15.3,156.57142857142858,1,0,1,0,1,0.2599,1.044,46.04
ORD_52872,W_76ead4db0148350b,ZONE_HYD_01,2026-09-14,84,4,6129.34,6338.28,0.0,305.4,0.0,Hyderabad,Metro,Food_Delivery,Scooter,1.0,258,Full-Time,56.5,28,6129.34,4.39,1,1.0,1,12.7,5.5,33.4,31.525,10.7,147.5,0,0,0,0,1,0.1392,1.021,40.71
ORD_52873,W_ded54ba83bded451,ZONE_MAA_01,2026-06-22,73,3,5572.11,5514.5,57.61,328.4,0.0,Chennai,Metro,Food_Delivery,Scooter,1.0,144,Full-Time,55.8,27,5572.11,4.99,1,1.0,1,33.7,24.5,37.6,36.225,17.3,159.25,0,0,0,1,1,0.1953,1.056,44.18
ORD_52874,W_ded54ba83bded451,ZONE_MAA_01,2026-06-29,72,3,5572.11,5452.2,119.91,429.2,0.0,Chennai,Metro,Food_Delivery,Scooter,1.0,144,Full-Time,55.8,27,5572.11,4.99,1,1.0,1,11.8,5.8,38.4,35.55714285714286,23.0,123.0,0,0,0,0,1,0.1188,1.02,39.94
ORD_52875,W_ded54ba83bded451,ZONE_MAA_01,2026-07-06,64,6,5572.11,4855.14,716.97,235.0,0.15,Chennai,Metro,Food_Delivery,Scooter,1.0,144,Full-Time,55.8,27,5572.11,4.99,1,1.0,1,9.3,5.2,39.2,37.55714285714286,26.3,163.28571428571428,1,0,1,0,1,0.2267,1.016,43.62
ORD_52876,W_ded54ba83bded451,ZONE_MAA_01,2026-07-13,75,3,5572.11,5691.74,0.0,369.3,0.0,Chennai,Metro,Food_Delivery,Scooter,1.0,144,Full-Time,55.8,27,5572.11,4.99,1,1.0,1,11.3,4.9,38.7,36.51428571428571,19.1,141.57142857142858,0,0,0,0,1,0.1316,1.019,40.36
ORD_52877,W_ded54ba83bded451,ZONE_MAA_01,2026-07-20,68,5,5572.11,5100.02,472.09,295.5,0.12,Chennai,Metro,Food_Delivery,Scooter,1.0,144,Full-Time,55.8,27,5572.11,4.99,1,1.0,1,35.6,10.7,36.4,34.714285714285715,17.5,131.57142857142858,0,0,0,0,1,0.1788,1.059,43.69
ORD_52878,W_ded54ba83bded451,ZONE_MAA_01,2026-07-27,74,3,5572.11,5613.43,0.0,359.1,0.0,Chennai,Metro,Food_Delivery,Scooter,1.0,144,Full-Time,55.8,27,5572.11,4.99,1,1.0,1,26.0,8.2,37.6,36.48571428571429,23.1,145.14285714285714,0,0,0,0,1,0.1674,1.043,42.62
ORD_52879,W_ded54ba83bded451,ZONE_MAA_01,2026-08-03,74,3,5572.11,5566.29,5.82,350.1,0.0,Chennai,Metro,Food_Delivery,Scooter,1.0,144,Full-Time,55.8,27,5572.11,4.99,1,1.0,1,38.5,6.7,34.8,33.94285714285714,19.7,150.71428571428572,0,0,0,0,1,0.1997,1.064,44.68
ORD_52880,W_ded54ba83bded451,ZONE_MAA_01,2026-08-10,72,3,5572.11,5408.08,164.03,398.9,0.0,Chennai,Metro,Food_Delivery,Scooter,1.0,144,Full-Time,55.8,27,5572.11,4.99,1,1.0,1,15.6,9.3,35.5,35.08571428571428,18.4,153.57142857142858,1,0,1,1,1,0.2336,1.026,44.3
ORD_52881,W_ded54ba83bded451,ZONE_MAA_01,2026-08-17,73,3,5572.11,5544.99,27.12,444.4,0.0,Chennai,Metro,Food_Delivery,Scooter,1.0,144,Full-Time,55.8,27,5572.11,4.99,1,1.0,1,29.4,12.9,36.3,35.75714285714285,20.7,143.71428571428572,0,0,0,0,1,0.1739,1.049,43.1
ORD_52882,W_ded54ba83bded451,ZONE_MAA_01,2026-08-24,72,3,5572.11,5438.83,133.28,384.7,0.0,Chennai,Metro,Food_Delivery,Scooter,1.0,144,Full-Time,55.8,27,5572.11,4.99,1,1.0,1,15.1,7.6,36.6,34.77142857142857,18.4,144.14285714285714,1,0,1,1,1,0.2254,1.025,43.96
ORD_52883,W_ded54ba83bded451,ZONE_MAA_01,2026-08-31,77,3,5572.11,5817.68,0.0,407.4,0.0,Chennai,Metro,Food_Delivery,Scooter,1.0,144,Full-Time,55.8,27,5572.11,4.99,1,1.0,1,13.1,3.6,35.6,34.41428571428571,16.9,156.85714285714286,1,0,1,1,1,0.2305,1.022,44.01
ORD_52884,W_ded54ba83bded451,ZONE_MAA_01,2026-09-07,77,3,5572.11,5778.99,0.0,441.5,0.0,Chennai,Metro,Food_Delivery,Scooter,1.0,144,Full-Time,55.8,27,5572.11,4.99,1,1.0,1,23.3,11.4,35.6,34.214285714285715,14.8,136.57142857142858,0,0,0,0,1,0.1549,1.039,42.0
ORD_52885,W_ded54ba83bded451,ZONE_MAA_01,2026-09-14,62,5,5572.11,4670.04,902.07,317.5,0.15,Chennai,Metro,Food_Delivery,Scooter,1.0,144,Full-Time,55.8,27,5572.11,4.99,1,1.0,1,27.4,22.7,36.0,33.525,13.4,152.75,0,1,1,0,1,0.2595,1.046,46.11
ORD_52886,W_ac902edef4df6a26,ZONE_BLR_01,2026-06-22,85,4,6612.88,6385.57,227.31,420.4,0.0,Bangalore,Metro,Food_Delivery,Scooter,1.0,338,Full-Time,59.8,27,6612.88,4.53,1,1.0,1,16.3,5.3,30.1,29.475,20.2,135.25,0,0,0,1,1,0.1381,1.027,40.91
ORD_52887,W_ac902edef4df6a26,ZONE_BLR_01,2026-06-29,72,6,6612.88,5469.42,1143.46,396.6,0.15,Bangalore,Metro,Food_Delivery,Scooter,1.0,338,Full-Time,59.8,27,6612.88,4.53,1,1.0,1,20.1,8.4,29.2,27.985714285714288,29.9,153.85714285714286,1,0,1,0,1,0.244,1.034,45.02
ORD_52888,W_ac902edef4df6a26,ZONE_BLR_01,2026-07-06,88,4,6612.88,6631.43,0.0,405.7,0.0,Bangalore,Metro,Food_Delivery,Scooter,1.0,338,Full-Time,59.8,27,6612.88,4.53,1,1.0,1,8.399999999999999,3.3,31.8,29.77142857142857,29.7,172.71428571428572,0,0,0,0,1,0.1484,1.014,40.76
ORD_52889,W_ac902edef4df6a26,ZONE_BLR_01,2026-07-13,86,4,6612.88,6459.99,152.89,532.9,0.0,Bangalore,Metro,Food_Delivery,Scooter,1.0,338,Full-Time,59.8,27,6612.88,4.53,1,1.0,1,16.8,9.8,32.1,29.785714285714285,20.5,124.57142857142856,0,0,0,0,1,0.1312,1.028,40.7
ORD_52890,W_ac902edef4df6a26,ZONE_BLR_01,2026-07-20,71,6,6612.88,5380.21,1232.67,256.9,0.15,Bangalore,Metro,Food_Delivery,Scooter,1.0,338,Full-Time,59.8,27,6612.88,4.53,1,1.0,1,33.4,8.9,29.5,28.414285714285715,21.1,162.85714285714286,1,0,1,0,1,0.2806,1.056,47.33
ORD_52891,W_ac902edef4df6a26,ZONE_BLR_01,2026-07-27,85,4,6612.88,6425.91,186.97,520.4,0.0,Bangalore,Metro,Food_Delivery,Scooter,1.0,338,Full-Time,59.8,27,6612.88,4.53,1,1.0,1,28.8,17.0,29.7,28.685714285714287,25.0,169.42857142857142,0,0,0,0,1,0.1919,1.048,43.72
ORD_52892,W_ac902edef4df6a26,ZONE_BLR_01,2026-08-03,62,8,6612.88,4721.65,1891.23,364.3,0.297,Bangalore,Metro,Food_Delivery,Scooter,1.0,338,Full-Time,59.8,27,6612.88,4.53,1,1.0,1,76.3,18.5,28.3,27.285714285714285,21.1,143.0,0,0,0,0,1,0.2789,1.127,50.45
ORD_52893,W_ac902edef4df6a26,ZONE_BLR_01,2026-08-10,85,4,6612.88,6423.73,189.15,520.6,0.0,Bangalore,Metro,Food_Delivery,Scooter,1.0,338,Full-Time,59.8,27,6612.88,4.53,1,1.0,1,19.9,5.6,30.7,29.17142857142857,21.8,129.0,0,0,0,1,1,0.1415,1.033,41.27
ORD_52894,W_ac902edef4df6a26,ZONE_BLR_01,2026-08-17,72,6,6612.88,5420.16,1192.72,271.7,0.15,Bangalore,Metro,Food_Delivery,Scooter,1.0,338,Full-Time,59.8,27,6612.88,4.53,1,1.0,1,31.4,9.8,29.9,28.4,22.2,146.57142857142858,1,0,1,0,1,0.2639,1.052,46.54
ORD_52895,W_ac902edef4df6a26,ZONE_BLR_01,2026-08-24,84,4,6612.88,6356.44,256.44,424.0,0.0,Bangalore,Metro,Food_Delivery,Scooter,1.0,338,Full-Time,59.8,27,6612.88,4.53,1,1.0,1,35.7,18.2,28.8,28.014285714285712,22.3,167.14285714285714,0,0,0,1,1,0.2057,1.06,44.73
ORD_52896,W_ac902edef4df6a26,ZONE_BLR_01,2026-08-31,90,4,6612.88,6798.68,0.0,404.1,0.0,Bangalore,Metro,Food_Delivery,Scooter,1.0,338,Full-Time,59.8,27,6612.88,4.53,1,1.0,1,13.2,3.6,30.8,29.542857142857144,19.3,142.71428571428572,1,0,1,1,1,0.2201,1.022,43.64
ORD_52897,W_ac902edef4df6a26,ZONE_BLR_01,2026-09-07,92,4,6612.88,6928.91,0.0,429.9,0.0,Bangalore,Metro,Food_Delivery,Scooter,1.0,338,Full-Time,59.8,27,6612.88,4.53,1,1.0,1,8.5,5.1,31.0,30.62857142857143,14.9,128.28571428571428,0,0,0,0,1,0.1153,1.014,39.58
ORD_52898,W_ac902edef4df6a26,ZONE_BLR_01,2026-09-14,85,4,6612.88,6381.73,231.15,404.4,0.0,Bangalore,Metro,Food_Delivery,Scooter,1.0,338,Full-Time,59.8,27,6612.88,4.53,1,1.0,1,33.1,9.6,30.8,30.425,13.6,137.5,0,0,0,0,1,0.1776,1.055,43.48
ORD_52899,W_d10a27ff5b0cc8e9,ZONE_BLR_01,2026-06-22,78,3,5777.86,5881.31,0.0,448.3,0.0,Bangalore,Metro,Food_Delivery,Scooter,1.0,189,Full-Time,56.5,27,5777.86,4.82,1,1.0,1,16.3,5.3,30.1,29.475,20.2,135.25,0,0,0,1,1,0.1381,1.027,40.91
ORD_52900,W_d10a27ff5b0cc8e9,ZONE_BLR_01,2026-06-29,65,6,5777.86,4890.93,886.93,331.7,0.15,Bangalore,Metro,Food_Delivery,Scooter,1.0,189,Full-Time,56.5,27,5777.86,4.82,1,1.0,1,20.1,8.4,29.2,27.985714285714288,29.9,153.85714285714286,1,0,1,0,1,0.244,1.034,45.02
ORD_52901,W_d10a27ff5b0cc8e9,ZONE_BLR_01,2026-07-06,75,3,5777.86,5643.44,134.42,393.3,0.0,Bangalore,Metro,Food_Delivery,Scooter,1.0,189,Full-Time,56.5,27,5777.86,4.82,1,1.0,1,8.399999999999999,3.3,31.8,29.77142857142857,29.7,172.71428571428572,0,0,0,0,1,0.1484,1.014,40.76
ORD_52902,W_d10a27ff5b0cc8e9,ZONE_BLR_01,2026-07-13,80,4,5777.86,6058.65,0.0,290.6,0.0,Bangalore,Metro,Food_Delivery,Scooter,1.0,189,Full-Time,56.5,27,5777.86,4.82,1,1.0,1,16.8,9.8,32.1,29.785714285714285,20.5,124.57142857142856,0,0,0,0,1,0.1312,1.028,40.7
ORD_52903,W_d10a27ff5b0cc8e9,ZONE_BLR_01,2026-07-20,68,6,5777.86,5101.01,676.85,341.2,0.15,Bangalore,Metro,Food_Delivery,Scooter,1.0,189,Full-Time,56.5,27,5777.86,4.82,1,1.0,1,33.4,8.9,29.5,28.414285714285715,21.1,162.85714285714286,1,0,1,0,1,0.2806,1.056,47.33
ORD_52904,W_d10a27ff5b0cc8e9,ZONE_BLR_01,2026-07-27,75,3,5777.86,5634.63,143.23,455.9,0.0,Bangalore,Metro,Food_Delivery,Scooter,1.0,189,Full-Time,56.5,27,5777.86,4.82,1,1.0,1,28.8,17.0,29.7,28.685714285714287,25.0,169.42857142857142,0,0,0,0,1,0.1919,1.048,43.72
ORD_52905,W_d10a27ff5b0cc8e9,ZONE_BLR_01,2026-08-03,58,6,5777.86,4416.66,1361.2,231.4,0.223,Bangalore,Metro,Food_Delivery,Scooter,1.0,189,Full-Time,56.5,27,5777.86,4.82,1,1.0,1,76.3,18.5,28.3,27.285714285714285,21.1,143.0,0,0,0,0,1,0.2789,1.127,50.45
ORD_52906,W_d10a27ff5b0cc8e9,ZONE_BLR_01,2026-08-10,75,3,5777.86,5630.21,147.65,431.2,0.0,Bangalore,Metro,Food_Delivery,Scooter,1.0,189,Full-Time,56.5,27,5777.86,4.82,1,1.0,1,19.9,5.6,30.7,29.17142857142857,21.8,129.0,0,0,0,1,1,0.1415,1.033,41.27
ORD_52907,W_d10a27ff5b0cc8e9,ZONE_BLR_01,2026-08-17,66,6,5777.86,4967.37,810.49,393.7,0.15,Bangalore,Metro,Food_Delivery,Scooter,1.0,189,Full-Time,56.5,27,5777.86,4.82,1,1.0,1,31.4,9.8,29.9,28.4,22.2,146.57142857142858,1,0,1,0,1,0.2639,1.052,46.54
ORD_52908,W_d10a27ff5b0cc8e9,ZONE_BLR_01,2026-08-24,74,3,5777.86,5623.0,154.86,283.2,0.0,Bangalore,Metro,Food_Delivery,Scooter,1.0,189,Full-Time,56.5,27,5777.86,4.82,1,1.0,1,35.7,18.2,28.8,28.014285714285712,22.3,167.14285714285714,0,0,0,1,1,0.2057,1.06,44.73
ORD_52909,W_d10a27ff5b0cc8e9,ZONE_BLR_01,2026-08-31,73,3,5777.86,5492.48,285.38,355.6,0.0,Bangalore,Metro,Food_Delivery,Scooter,1.0,189,Full-Time,56.5,27,5777.86,4.82,1,1.0,1,13.2,3.6,30.8,29.542857142857144,19.3,142.71428571428572,1,0,1,1,1,0.2201,1.022,43.64
ORD_52910,W_d10a27ff5b0cc8e9,ZONE_BLR_01,2026-09-07,80,4,5777.86,6065.77,0.0,430.1,0.0,Bangalore,Metro,Food_Delivery,Scooter,1.0,189,Full-Time,56.5,27,5777.86,4.82,1,1.0,1,8.5,5.1,31.0,30.62857142857143,14.9,128.28571428571428,0,0,0,0,1,0.1153,1.014,39.58
ORD_52911,W_d10a27ff5b0cc8e9,ZONE_BLR_01,2026-09-14,75,3,5777.86,5667.15,110.71,440.1,0.0,Bangalore,Metro,Food_Delivery,Scooter,1.0,189,Full-Time,56.5,27,5777.86,4.82,1,1.0,1,33.1,9.6,30.8,30.425,13.6,137.5,0,0,0,0,1,0.1776,1.055,43.48
ORD_52912,W_31bcb1c09c0ef4d4,ZONE_HYD_01,2026-06-22,77,3,5653.46,5812.73,0.0,272.7,0.0,Hyderabad,Metro,E_Commerce,Bike,1.2,43,Full-Time,52.0,29,5653.46,4.34,1,1.05,1,21.8,14.6,32.6,30.65,17.3,156.25,1,0,1,1,1,0.2496,1.036,47.58
ORD_52913,W_31bcb1c09c0ef4d4,ZONE_HYD_01,2026-06-29,77,3,5653.46,5832.6,0.0,332.0,0.0,Hyderabad,Metro,E_Commerce,Bike,1.2,43,Full-Time,52.0,29,5653.46,4.34,1,1.05,1,35.9,10.7,29.8,28.357142857142858,25.4,132.14285714285714,0,0,0,0,1,0.1799,1.06,45.96
ORD_52914,W_31bcb1c09c0ef4d4,ZONE_HYD_01,2026-07-06,72,3,5653.46,5455.4,198.06,296.0,0.0,Hyderabad,Metro,E_Commerce,Bike,1.2,43,Full-Time,52.0,29,5653.46,4.34,1,1.05,1,6.2,2.2,33.3,32.27142857142857,25.7,165.28571428571428,0,0,0,0,1,0.1379,1.01,42.24
ORD_52915,W_31bcb1c09c0ef4d4,ZONE_HYD_01,2026-07-13,63,5,5653.46,4790.34,863.12,292.8,0.15,Hyderabad,Metro,E_Commerce,Bike,1.2,43,Full-Time,52.0,29,5653.46,4.34,1,1.05,1,26.8,13.6,33.9,31.52857142857143,19.0,155.14285714285714,0,1,1,0,1,0.26,1.045,48.39
ORD_52916,W_31bcb1c09c0ef4d4,ZONE_HYD_01,2026-07-20,73,3,5653.46,5534.11,119.35,289.4,0.0,Hyderabad,Metro,E_Commerce,Bike,1.2,43,Full-Time,52.0,29,5653.46,4.34,1,1.05,1,38.8,13.9,30.0,28.61428571428572,25.3,132.85714285714286,0,0,0,0,1,0.1869,1.065,46.45
ORD_52917,W_31bcb1c09c0ef4d4,ZONE_HYD_01,2026-07-27,53,7,5653.46,4049.36,1604.1,296.8,0.317,Hyderabad,Metro,E_Commerce,Bike,1.2,43,Full-Time,52.0,29,5653.46,4.34,1,1.05,1,70.5,24.9,30.6,28.585714285714285,24.3,137.0,0,0,0,0,1,0.2614,1.118,51.83
ORD_52918,W_31bcb1c09c0ef4d4,ZONE_HYD_01,2026-08-03,73,3,5653.46,5538.09,115.37,303.8,0.0,Hyderabad,Metro,E_Commerce,Bike,1.2,43,Full-Time,52.0,29,5653.46,4.34,1,1.05,1,20.5,9.0,30.6,29.442857142857143,20.0,136.28571428571428,0,0,0,0,1,0.1483,1.034,43.63
ORD_52919,W_31bcb1c09c0ef4d4,ZONE_HYD_01,2026-08-10,73,3,5653.46,5493.84,159.62,282.4,0.0,Hyderabad,Metro,E_Commerce,Bike,1.2,43,Full-Time,52.0,29,5653.46,4.34,1,1.05,1,12.6,3.6,30.8,29.82857142857143,19.8,137.42857142857142,0,0,0,1,1,0.1314,1.021,42.45
ORD_52920,W_31bcb1c09c0ef4d4,ZONE_HYD_01,2026-08-17,59,6,5653.46,4489.16,1164.3,302.9,0.21,Hyderabad,Metro,E_Commerce,Bike,1.2,43,Full-Time,52.0,29,5653.46,4.34,1,1.05,1,18.2,11.0,31.5,30.228571428571428,19.4,148.85714285714286,0,1,1,0,1,0.2359,1.03,46.78
ORD_52921,W_31bcb1c09c0ef4d4,ZONE_HYD_01,2026-08-24,76,3,5653.46,5769.64,0.0,405.6,0.0,Hyderabad,Metro,E_Commerce,Bike,1.2,43,Full-Time,52.0,29,5653.46,4.34,1,1.05,1,10.4,3.2,30.4,29.17142857142857,21.5,140.14285714285714,0,0,0,1,1,0.1285,1.017,42.18
ORD_52922,W_31bcb1c09c0ef4d4,ZONE_HYD_01,2026-08-31,73,3,5653.46,5536.06,117.4,320.6,0.0,Hyderabad,Metro,E_Commerce,Bike,1.2,43,Full-Time,52.0,29,5653.46,4.34,1,1.05,1,8.8,5.3,32.0,30.228571428571428,19.7,159.14285714285714,0,0,0,1,1,0.1392,1.015,42.49
ORD_52923,W_31bcb1c09c0ef4d4,ZONE_HYD_01,2026-09-07,65,6,5653.46,4892.67,760.79,288.8,0.15,Hyderabad,Metro,E_Commerce,Bike,1.2,43,Full-Time,52.0,29,5653.46,4.34,1,1.05,1,26.3,11.7,32.2,31.057142857142857,15.3,156.57142857142858,1,0,1,0,1,0.2599,1.044,48.34
ORD_52924,W_31bcb1c09c0ef4d4,ZONE_HYD_01,2026-09-14,73,3,5653.46,5490.99,162.47,329.3,0.0,Hyderabad,Metro,E_Commerce,Bike,1.2,43,Full-Time,52.0,29,5653.46,4.34,1,1.05,1,12.7,5.5,33.4,31.525,10.7,147.5,0,0,0,0,1,0.1392,1.021,42.74
ORD_52925,W_785315a8d4fb0dfe,ZONE_BLR_01,2026-06-22,83,4,6372.41,6227.17,145.24,310.3,0.0,Bangalore,Metro,Food_Delivery,Scooter,1.0,54,Full-Time,56.1,22,6372.41,4.58,1,1.0,1,16.3,5.3,30.1,29.475,20.2,135.25,0,0,0,1,1,0.1381,1.027,40.91
ORD_52926,W_785315a8d4fb0dfe,ZONE_BLR_01,2026-06-29,74,7,6372.41,5595.37,777.04,429.5,0.15,Bangalore,Metro,Food_Delivery,Scooter,1.0,54,Full-Time,56.1,22,6372.41,4.58,1,1.0,1,20.1,8.4,29.2,27.985714285714288,29.9,153.85714285714286,1,0,1,0,1,0.244,1.034,45.02
ORD_52927,W_785315a8d4fb0dfe,ZONE_BLR_01,2026-07-06,82,4,6372.41,6193.82,178.59,301.3,0.0,Bangalore,Metro,Food_Delivery,Scooter,1.0,54,Full-Time,56.1,22,6372.41,4.58,1,1.0,1,8.399999999999999,3.3,31.8,29.77142857142857,29.7,172.71428571428572,0,0,0,0,1,0.1484,1.014,40.76
ORD_52928,W_785315a8d4fb0dfe,ZONE_BLR_01,2026-07-13,86,4,6372.41,6524.6,0.0,350.1,0.0,Bangalore,Metro,Food_Delivery,Scooter,1.0,54,Full-Time,56.1,22,6372.41,4.58,1,1.0,1,16.8,9.8,32.1,29.785714285714285,20.5,124.57142857142856,0,0,0,0,1,0.1312,1.028,40.7
ORD_52929,W_785315a8d4fb0dfe,ZONE_BLR_01,2026-07-20,71,6,6372.41,5358.83,1013.58,260.8,0.15,Bangalore,Metro,Food_Delivery,Scooter,1.0,54,Full-Time,56.1,22,6372.41,4.58,1,1.0,1,33.4,8.9,29.5,28.414285714285715,21.1,162.85714285714286,1,0,1,0,1,0.2806,1.056,47.33
ORD_52930,W_785315a8d4fb0dfe,ZONE_BLR_01,2026-07-27,82,4,6372.41,6197.98,174.43,462.5,0.0,Bangalore,Metro,Food_Delivery,Scooter,1.0,54,Full-Time,56.1,22,6372.41,4.58,1,1.0,1,28.8,17.0,29.7,28.685714285714287,25.0,169.42857142857142,0,0,0,0,1,0.1919,1.048,43.72
ORD_52931,W_785315a8d4fb0dfe,ZONE_BLR_01,2026-08-03,60,7,6372.41,4511.52,1860.89,264.4,0.271,Bangalore,Metro,Food_Delivery,Scooter,1.0,54,Full-Time,56.1,22,6372.41,4.58,1,1.0,1,76.3,18.5,28.3,27.285714285714285,21.1,143.0,0,0,0,0,1,0.2789,1.127,50.45
ORD_52932,W_785315a8d4fb0dfe,ZONE_BLR_01,2026-08-10,81,4,6372.41,6139.33,233.08,299.7,0.0,Bangalore,Metro,Food_Delivery,Scooter,1.0,54,Full-Time,56.1,22,6372.41,4.58,1,1.0,1,19.9,5.6,30.7,29.17142857142857,21.8,129.0,0,0,0,1,1,0.1415,1.033,41.27
ORD_52933,W_785315a8d4fb0dfe,ZONE_BLR_01,2026-08-17,75,7,6372.41,5683.14,689.27,395.3,0.15,Bangalore,Metro,Food_Delivery,Scooter,1.0,54,Full-Time,56.1,22,6372.41,4.58,1,1.0,1,31.4,9.8,29.9,28.4,22.2,146.57142857142858,1,0,1,0,1,0.2639,1.052,46.54
ORD_52934,W_785315a8d4fb0dfe,ZONE_BLR_01,2026-08-24,85,4,6372.41,6399.24,0.0,473.2,0.0,Bangalore,Metro,Food_Delivery,Scooter,1.0,54,Full-Time,56.1,22,6372.41,4.58,1,1.0,1,35.7,18.2,28.8,28.014285714285712,22.3,167.14285714285714,0,0,0,1,1,0.2057,1.06,44.73
ORD_52935,W_785315a8d4fb0dfe,ZONE_BLR_01,2026-08-31,87,4,6372.41,6589.12,0.0,494.0,0.0,Bangalore,Metro,Food_Delivery,Scooter,1.0,54,Full-Time,56.1,22,6372.41,4.58,1,1.0,1,13.2,3.6,30.8,29.542857142857144,19.3,142.71428571428572,1,0,1,1,1,0.2201,1.022,43.64
ORD_52936,W_785315a8d4fb0dfe,ZONE_BLR_01,2026-09-07,80,4,6372.41,6064.33,308.08,320.4,0.0,Bangalore,Metro,Food_Delivery,Scooter,1.0,54,Full-Time,56.1,22,6372.41,4.58,1,1.0,1,8.5,5.1,31.0,30.62857142857143,14.9,128.28571428571428,0,0,0,0,1,0.1153,1.014,39.58
ORD_52937,W_785315a8d4fb0dfe,ZONE_BLR_01,2026-09-14,86,4,6372.41,6471.12,0.0,388.3,0.0,Bangalore,Metro,Food_Delivery,Scooter,1.0,54,Full-Time,56.1,22,6372.41,4.58,1,1.0,1,33.1,9.6,30.8,30.425,13.6,137.5,0,0,0,0,1,0.1776,1.055,43.48
ORD_52938,W_00370cf42f741cc4,ZONE_DEL_01,2026-06-22,40,2,2894.85,3034.52,0.0,211.9,0.0,Delhi_NCR,Metro,E_Commerce,Bike,1.2,79,Part-Time,27.6,15,2894.85,4.5,1,1.05,0,4.0,1.2,41.9,40.425,14.3,188.25,0,0,0,1,1,0.1502,1.007,42.57
ORD_52939,W_00370cf42f741cc4,ZONE_DEL_01,2026-06-29,34,3,2894.85,2557.83,337.02,137.5,0.155,Delhi_NCR,Metro,E_Commerce,Bike,1.2,79,Part-Time,27.6,15,2894.85,4.5,1,1.05,0,20.0,6.8,41.7,35.84285714285714,14.4,157.71428571428572,0,0,0,0,1,0.1633,1.033,44.16
ORD_52940,W_00370cf42f741cc4,ZONE_DEL_01,2026-07-06,5,1,2894.85,426.47,2468.38,30.9,0.85,Delhi_NCR,Metro,E_Commerce,Bike,1.2,79,Part-Time,27.6,15,2894.85,4.5,1,1.05,0,122.9,99.8,36.7,32.9,18.9,156.0,1,0,2,0,1,0.5602,1.205,69.09
ORD_52941,W_00370cf42f741cc4,ZONE_DEL_01,2026-07-13,37,1,2894.85,2795.76,99.09,181.1,0.0,Delhi_NCR,Metro,E_Commerce,Bike,1.2,79,Part-Time,27.6,15,2894.85,4.5,1,1.05,0,9.8,3.7,37.4,36.55714285714286,19.6,129.42857142857142,0,0,0,0,1,0.1191,1.016,41.78
ORD_52942,W_00370cf42f741cc4,ZONE_DEL_01,2026-07-20,25,3,2894.85,1947.44,947.41,119.1,0.323,Delhi_NCR,Metro,E_Commerce,Bike,1.2,79,Part-Time,27.6,15,2894.85,4.5,1,1.05,0,74.3,31.9,33.7,31.8,16.5,132.71428571428572,0,0,0,0,1,0.2667,1.124,52.32
ORD_52943,W_00370cf42f741cc4,ZONE_DEL_01,2026-07-27,40,2,2894.85,3035.64,0.0,185.9,0.0,Delhi_NCR,Metro,E_Commerce,Bike,1.2,79,Part-Time,27.6,15,2894.85,4.5,1,1.05,0,51.900000000000006,19.5,35.3,32.94285714285714,14.4,172.57142857142858,0,0,0,0,1,0.2462,1.086,49.74
ORD_52944,W_00370cf42f741cc4,ZONE_DEL_01,2026-08-03,10,2,2894.85,788.34,2106.51,57.7,0.715,Delhi_NCR,Metro,E_Commerce,Bike,1.2,79,Part-Time,27.6,15,2894.85,4.5,1,1.05,0,132.8,58.3,33.8,31.17142857142857,15.8,126.57142857142856,0,0,1,0,1,0.4771,1.221,66.28
ORD_52945,W_00370cf42f741cc4,ZONE_DEL_01,2026-08-10,39,1,2894.85,2937.74,0.0,179.0,0.0,Delhi_NCR,Metro,E_Commerce,Bike,1.2,79,Part-Time,27.6,15,2894.85,4.5,1,1.05,0,45.8,12.5,34.4,32.614285714285714,11.1,170.42857142857142,0,0,0,1,1,0.2309,1.076,48.67
ORD_52946,W_00370cf42f741cc4,ZONE_DEL_01,2026-08-17,31,2,2894.85,2341.57,553.28,158.0,0.15,Delhi_NCR,Metro,E_Commerce,Bike,1.2,79,Part-Time,27.6,15,2894.85,4.5,1,1.05,0,34.3,8.2,33.6,33.15714285714286,11.7,140.0,1,0,1,0,1,0.2655,1.057,49.16
ORD_52947,W_00370cf42f741cc4,ZONE_DEL_01,2026-08-24,36,1,2894.85,2753.77,141.08,126.1,0.0,Delhi_NCR,Metro,E_Commerce,Bike,1.2,79,Part-Time,27.6,15,2894.85,4.5,1,1.05,0,24.5,13.5,34.9,33.44285714285714,13.9,168.0,0,0,0,1,1,0.1811,1.041,45.19
ORD_52948,W_00370cf42f741cc4,ZONE_DEL_01,2026-08-31,33,2,2894.85,2549.87,344.98,132.6,0.091,Delhi_NCR,Metro,E_Commerce,Bike,1.2,79,Part-Time,27.6,15,2894.85,4.5,1,1.05,0,76.6,23.5,34.4,31.24285714285714,13.1,145.57142857142858,0,0,0,1,1,0.2815,1.128,53.12
ORD_52949,W_00370cf42f741cc4,ZONE_DEL_01,2026-09-07,39,1,2894.85,2939.22,0.0,142.2,0.0,Delhi_NCR,Metro,E_Commerce,Bike,1.2,79,Part-Time,27.6,15,2894.85,4.5,1,1.05,0,19.1,8.7,34.4,32.471428571428575,14.1,142.0,0,0,0,0,1,0.1495,1.032,43.6
ORD_52950,W_00370cf42f741cc4,ZONE_DEL_01,2026-09-14,37,1,2894.85,2840.83,54.02,144.4,0.0,Delhi_NCR,Metro,E_Commerce,Bike,1.2,79,Part-Time,27.6,15,2894.85,4.5,1,1.05,0,7.6,3.7,35.0,33.05,14.4,149.0,0,0,0,0,1,0.1288,1.013,42.02
ORD_52951,W_bf44c008157b871e,ZONE_MAA_01,2026-06-22,59,2,4452.86,4488.56,0.0,311.9,0.0,Chennai,Metro,Food_Delivery,Bike,1.2,200,Full-Time,46.4,25,4452.86,4.74,1,1.05,1,33.7,24.5,37.6,36.225,17.3,159.25,0,0,0,1,1,0.1953,1.056,46.39
ORD_52952,W_bf44c008157b871e,ZONE_MAA_01,2026-06-29,60,3,4452.86,4551.33,0.0,251.3,0.0,Chennai,Metro,Food_Delivery,Bike,1.2,200,Full-Time,46.4,25,4452.86,4.74,1,1.05,1,11.8,5.8,38.4,35.55714285714286,23.0,123.0,0,0,0,0,1,0.1188,1.02,41.94
ORD_52953,W_bf44c008157b871e,ZONE_MAA_01,2026-07-06,48,4,4452.86,3629.46,823.4,178.2,0.15,Chennai,Metro,Food_Delivery,Bike,1.2,200,Full-Time,46.4,25,4452.86,4.74,1,1.05,1,9.3,5.2,39.2,37.55714285714286,26.3,163.28571428571428,1,0,1,0,1,0.2267,1.016,45.8
ORD_52954,W_bf44c008157b871e,ZONE_MAA_01,2026-07-13,58,2,4452.86,4419.98,32.88,351.1,0.0,Chennai,Metro,Food_Delivery,Bike,1.2,200,Full-Time,46.4,25,4452.86,4.74,1,1.05,1,11.3,4.9,38.7,36.51428571428571,19.1,141.57142857142858,0,0,0,0,1,0.1316,1.019,42.38
ORD_52955,W_bf44c008157b871e,ZONE_MAA_01,2026-07-20,50,4,4452.86,3807.91,644.95,209.7,0.12,Chennai,Metro,Food_Delivery,Bike,1.2,200,Full-Time,46.4,25,4452.86,4.74,1,1.05,1,35.6,10.7,36.4,34.714285714285715,17.5,131.57142857142858,0,0,0,0,1,0.1788,1.059,45.88
ORD_52956,W_bf44c008157b871e,ZONE_MAA_01,2026-07-27,57,2,4452.86,4275.14,177.72,292.7,0.0,Chennai,Metro,Food_Delivery,Bike,1.2,200,Full-Time,46.4,25,4452.86,4.74,1,1.05,1,26.0,8.2,37.6,36.48571428571429,23.1,145.14285714285714,0,0,0,0,1,0.1674,1.043,44.75
ORD_52957,W_bf44c008157b871e,ZONE_MAA_01,2026-08-03,60,3,4452.86,4532.95,0.0,314.2,0.0,Chennai,Metro,Food_Delivery,Bike,1.2,200,Full-Time,46.4,25,4452.86,4.74,1,1.05,1,38.5,6.7,34.8,33.94285714285714,19.7,150.71428571428572,0,0,0,0,1,0.1997,1.064,46.91
ORD_52958,W_bf44c008157b871e,ZONE_MAA_01,2026-08-10,61,3,4452.86,4613.67,0.0,293.6,0.0,Chennai,Metro,Food_Delivery,Bike,1.2,200,Full-Time,46.4,25,4452.86,4.74,1,1.05,1,15.6,9.3,35.5,35.08571428571428,18.4,153.57142857142858,1,0,1,1,1,0.2336,1.026,46.51
ORD_52959,W_bf44c008157b871e,ZONE_MAA_01,2026-08-17,57,2,4452.86,4290.09,162.77,244.0,0.0,Chennai,Metro,Food_Delivery,Bike,1.2,200,Full-Time,46.4,25,4452.86,4.74,1,1.05,1,29.4,12.9,36.3,35.75714285714285,20.7,143.71428571428572,0,0,0,0,1,0.1739,1.049,45.25
ORD_52960,W_bf44c008157b871e,ZONE_MAA_01,2026-08-24,60,3,4452.86,4525.19,0.0,309.3,0.0,Chennai,Metro,Food_Delivery,Bike,1.2,200,Full-Time,46.4,25,4452.86,4.74,1,1.05,1,15.1,7.6,36.6,34.77142857142857,18.4,144.14285714285714,1,0,1,1,1,0.2254,1.025,46.16
ORD_52961,W_bf44c008157b871e,ZONE_MAA_01,2026-08-31,59,2,4452.86,4466.67,0.0,315.3,0.0,Chennai,Metro,Food_Delivery,Bike,1.2,200,Full-Time,46.4,25,4452.86,4.74,1,1.05,1,13.1,3.6,35.6,34.41428571428571,16.9,156.85714285714286,1,0,1,1,1,0.2305,1.022,46.22
ORD_52962,W_bf44c008157b871e,ZONE_MAA_01,2026-09-07,60,3,4452.86,4514.04,0.0,352.8,0.0,Chennai,Metro,Food_Delivery,Bike,1.2,200,Full-Time,46.4,25,4452.86,4.74,1,1.05,1,23.3,11.4,35.6,34.214285714285715,14.8,136.57142857142858,0,0,0,0,1,0.1549,1.039,44.1
ORD_52963,W_bf44c008157b871e,ZONE_MAA_01,2026-09-14,50,4,4452.86,3817.49,635.37,280.1,0.15,Chennai,Metro,Food_Delivery,Bike,1.2,200,Full-Time,46.4,25,4452.86,4.74,1,1.05,1,27.4,22.7,36.0,33.525,13.4,152.75,0,1,1,0,1,0.2595,1.046,48.42
ORD_52964,W_0d329d7b67cfbc2d,ZONE_MAA_01,2026-06-22,63,3,4852.17,4730.24,121.93,335.9,0.0,Chennai,Metro,Q_Commerce,Scooter,1.0,96,Full-Time,48.2,25,4852.17,4.47,1,1.0,1,33.7,24.5,37.6,36.225,17.3,159.25,0,0,0,1,1,0.1953,1.056,44.18
ORD_52965,W_0d329d7b67cfbc2d,ZONE_MAA_01,2026-06-29,67,3,4852.17,5047.32,0.0,304.3,0.0,Chennai,Metro,Q_Commerce,Scooter,1.0,96,Full-Time,48.2,25,4852.17,4.47,1,1.0,1,11.8,5.8,38.4,35.55714285714286,23.0,123.0,0,0,0,0,1,0.1188,1.02,39.94
ORD_52966,W_0d329d7b67cfbc2d,ZONE_MAA_01,2026-07-06,56,5,4852.17,4239.46,612.71,305.6,0.15,Chennai,Metro,Q_Commerce,Scooter,1.0,96,Full-Time,48.2,25,4852.17,4.47,1,1.0,1,9.3,5.2,39.2,37.55714285714286,26.3,163.28571428571428,1,0,1,0,1,0.2267,1.016,43.62
ORD_52967,W_0d329d7b67cfbc2d,ZONE_MAA_01,2026-07-13,61,3,4852.17,4638.44,213.73,309.3,0.0,Chennai,Metro,Q_Commerce,Scooter,1.0,96,Full-Time,48.2,25,4852.17,4.47,1,1.0,1,11.3,4.9,38.7,36.51428571428571,19.1,141.57142857142858,0,0,0,0,1,0.1316,1.019,40.36
ORD_52968,W_0d329d7b67cfbc2d,ZONE_MAA_01,2026-07-20,54,4,4852.17,4112.0,740.17,330.0,0.12,Chennai,Metro,Q_Commerce,Scooter,1.0,96,Full-Time,48.2,25,4852.17,4.47,1,1.0,1,35.6,10.7,36.4,34.714285714285715,17.5,131.57142857142858,0,0,0,0,1,0.1788,1.059,43.69
ORD_52969,W_0d329d7b67cfbc2d,ZONE_MAA_01,2026-07-27,66,3,4852.17,5003.27,0.0,250.6,0.0,Chennai,Metro,Q_Commerce,Scooter,1.0,96,Full-Time,48.2,25,4852.17,4.47,1,1.0,1,26.0,8.2,37.6,36.48571428571429,23.1,145.14285714285714,0,0,0,0,1,0.1674,1.043,42.62
ORD_52970,W_0d329d7b67cfbc2d,ZONE_MAA_01,2026-08-03,62,3,4852.17,4668.64,183.53,316.5,0.0,Chennai,Metro,Q_Commerce,Scooter,1.0,96,Full-Time,48.2,25,4852.17,4.47,1,1.0,1,38.5,6.7,34.8,33.94285714285714,19.7,150.71428571428572,0,0,0,0,1,0.1997,1.064,44.68
ORD_52971,W_0d329d7b67cfbc2d,ZONE_MAA_01,2026-08-10,63,3,4852.17,4776.91,75.26,226.4,0.0,Chennai,Metro,Q_Commerce,Scooter,1.0,96,Full-Time,48.2,25,4852.17,4.47,1,1.0,1,15.6,9.3,35.5,35.08571428571428,18.4,153.57142857142858,1,0,1,1,1,0.2336,1.026,44.3
ORD_52972,W_0d329d7b67cfbc2d,ZONE_MAA_01,2026-08-17,64,3,4852.17,4872.38,0.0,291.0,0.0,Chennai,Metro,Q_Commerce,Scooter,1.0,96,Full-Time,48.2,25,4852.17,4.47,1,1.0,1,29.4,12.9,36.3,35.75714285714285,20.7,143.71428571428572,0,0,0,0,1,0.1739,1.049,43.1
ORD_52973,W_0d329d7b67cfbc2d,ZONE_MAA_01,2026-08-24,62,3,4852.17,4658.61,193.56,351.2,0.0,Chennai,Metro,Q_Commerce,Scooter,1.0,96,Full-Time,48.2,25,4852.17,4.47,1,1.0,1,15.1,7.6,36.6,34.77142857142857,18.4,144.14285714285714,1,0,1,1,1,0.2254,1.025,43.96
ORD_52974,W_0d329d7b67cfbc2d,ZONE_MAA_01,2026-08-31,67,3,4852.17,5053.57,0.0,371.4,0.0,Chennai,Metro,Q_Commerce,Scooter,1.0,96,Full-Time,48.2,25,4852.17,4.47,1,1.0,1,13.1,3.6,35.6,34.41428571428571,16.9,156.85714285714286,1,0,1,1,1,0.2305,1.022,44.01
ORD_52975,W_0d329d7b67cfbc2d,ZONE_MAA_01,2026-09-07,66,3,4852.17,5008.61,0.0,269.6,0.0,Chennai,Metro,Q_Commerce,Scooter,1.0,96,Full-Time,48.2,25,4852.17,4.47,1,1.0,1,23.3,11.4,35.6,34.214285714285715,14.8,136.57142857142858,0,0,0,0,1,0.1549,1.039,42.0
ORD_52976,W_0d329d7b67cfbc2d,ZONE_MAA_01,2026-09-14,53,5,4852.17,4026.83,825.34,215.3,0.15,Chennai,Metro,Q_Commerce,Scooter,1.0,96,Full-Time,48.2,25,4852.17,4.47,1,1.0,1,27.4,22.7,36.0,33.525,13.4,152.75,0,1,1,0,1,0.2595,1.046,46.11
ORD_52977,W_bd15eb9adbf10ac6,ZONE_MAA_01,2026-06-22,67,3,4940.13,5071.07,0.0,406.0,0.0,Chennai,Metro,Q_Commerce,Bike,1.2,336,Full-Time,47.9,27,4940.13,4.62,1,1.05,1,33.7,24.5,37.6,36.225,17.3,159.25,0,0,0,1,1,0.1953,1.056,46.39
ORD_52978,W_bd15eb9adbf10ac6,ZONE_MAA_01,2026-06-29,67,3,4940.13,5047.25,0.0,394.0,0.0,Chennai,Metro,Q_Commerce,Bike,1.2,336,Full-Time,47.9,27,4940.13,4.62,1,1.05,1,11.8,5.8,38.4,35.55714285714286,23.0,123.0,0,0,0,0,1,0.1188,1.02,41.94
ORD_52979,W_bd15eb9adbf10ac6,ZONE_MAA_01,2026-07-06,56,5,4940.13,4257.35,682.78,254.6,0.15,Chennai,Metro,Q_Commerce,Bike,1.2,336,Full-Time,47.9,27,4940.13,4.62,1,1.05,1,9.3,5.2,39.2,37.55714285714286,26.3,163.28571428571428,1,0,1,0,1,0.2267,1.016,45.8
ORD_52980,W_bd15eb9adbf10ac6,ZONE_MAA_01,2026-07-13,65,3,4940.13,4903.46,36.67,240.7,0.0,Chennai,Metro,Q_Commerce,Bike,1.2,336,Full-Time,47.9,27,4940.13,4.62,1,1.05,1,11.3,4.9,38.7,36.51428571428571,19.1,141.57142857142858,0,0,0,0,1,0.1316,1.019,42.38
ORD_52981,W_bd15eb9adbf10ac6,ZONE_MAA_01,2026-07-20,55,4,4940.13,4143.62,796.51,295.8,0.12,Chennai,Metro,Q_Commerce,Bike,1.2,336,Full-Time,47.9,27,4940.13,4.62,1,1.05,1,35.6,10.7,36.4,34.714285714285715,17.5,131.57142857142858,0,0,0,0,1,0.1788,1.059,45.88
ORD_52982,W_bd15eb9adbf10ac6,ZONE_MAA_01,2026-07-27,65,3,4940.13,4909.71,30.42,324.4,0.0,Chennai,Metro,Q_Commerce,Bike,1.2,336,Full-Time,47.9,27,4940.13,4.62,1,1.05,1,26.0,8.2,37.6,36.48571428571429,23.1,145.14285714285714,0,0,0,0,1,0.1674,1.043,44.75
ORD_52983,W_bd15eb9adbf10ac6,ZONE_MAA_01,2026-08-03,66,3,4940.13,4968.62,0.0,280.4,0.0,Chennai,Metro,Q_Commerce,Bike,1.2,336,Full-Time,47.9,27,4940.13,4.62,1,1.05,1,38.5,6.7,34.8,33.94285714285714,19.7,150.71428571428572,0,0,0,0,1,0.1997,1.064,46.91
ORD_52984,W_bd15eb9adbf10ac6,ZONE_MAA_01,2026-08-10,65,3,4940.13,4928.22,11.91,310.1,0.0,Chennai,Metro,Q_Commerce,Bike,1.2,336,Full-Time,47.9,27,4940.13,4.62,1,1.05,1,15.6,9.3,35.5,35.08571428571428,18.4,153.57142857142858,1,0,1,1,1,0.2336,1.026,46.51
ORD_52985,W_bd15eb9adbf10ac6,ZONE_MAA_01,2026-08-17,65,3,4940.13,4885.01,55.12,371.5,0.0,Chennai,Metro,Q_Commerce,Bike,1.2,336,Full-Time,47.9,27,4940.13,4.62,1,1.05,1,29.4,12.9,36.3,35.75714285714285,20.7,143.71428571428572,0,0,0,0,1,0.1739,1.049,45.25
ORD_52986,W_bd15eb9adbf10ac6,ZONE_MAA_01,2026-08-24,65,3,4940.13,4916.0,24.13,333.4,0.0,Chennai,Metro,Q_Commerce,Bike,1.2,336,Full-Time,47.9,27,4940.13,4.62,1,1.05,1,15.1,7.6,36.6,34.77142857142857,18.4,144.14285714285714,1,0,1,1,1,0.2254,1.025,46.16
ORD_52987,W_bd15eb9adbf10ac6,ZONE_MAA_01,2026-08-31,68,3,4940.13,5135.52,0.0,397.0,0.0,Chennai,Metro,Q_Commerce,Bike,1.2,336,Full-Time,47.9,27,4940.13,4.62,1,1.05,1,13.1,3.6,35.6,34.41428571428571,16.9,156.85714285714286,1,0,1,1,1,0.2305,1.022,46.22
ORD_52988,W_bd15eb9adbf10ac6,ZONE_MAA_01,2026-09-07,68,3,4940.13,5133.0,0.0,287.6,0.0,Chennai,Metro,Q_Commerce,Bike,1.2,336,Full-Time,47.9,27,4940.13,4.62,1,1.05,1,23.3,11.4,35.6,34.214285714285715,14.8,136.57142857142858,0,0,0,0,1,0.1549,1.039,44.1
ORD_52989,W_bd15eb9adbf10ac6,ZONE_MAA_01,2026-09-14,53,5,4940.13,4003.84,936.29,222.9,0.15,Chennai,Metro,Q_Commerce,Bike,1.2,336,Full-Time,47.9,27,4940.13,4.62,1,1.05,1,27.4,22.7,36.0,33.525,13.4,152.75,0,1,1,0,1,0.2595,1.046,48.42
ORD_52990,W_f345d1e6302a5109,ZONE_BLR_01,2026-06-22,66,3,5105.83,4992.84,112.99,393.0,0.0,Bangalore,Metro,Food_Delivery,Scooter,1.0,35,Full-Time,45.5,27,5105.83,4.68,1,1.0,1,16.3,5.3,30.1,29.475,20.2,135.25,0,0,0,1,1,0.1381,1.027,40.91
ORD_52991,W_f345d1e6302a5109,ZONE_BLR_01,2026-06-29,58,5,5105.83,4404.73,701.1,215.8,0.15,Bangalore,Metro,Food_Delivery,Scooter,1.0,35,Full-Time,45.5,27,5105.83,4.68,1,1.0,1,20.1,8.4,29.2,27.985714285714288,29.9,153.85714285714286,1,0,1,0,1,0.244,1.034,45.02
ORD_52992,W_f345d1e6302a5109,ZONE_BLR_01,2026-07-06,65,3,5105.83,4919.66,186.17,254.8,0.0,Bangalore,Metro,Food_Delivery,Scooter,1.0,35,Full-Time,45.5,27,5105.83,4.68,1,1.0,1,8.399999999999999,3.3,31.8,29.77142857142857,29.7,172.71428571428572,0,0,0,0,1,0.1484,1.014,40.76
ORD_52993,W_f345d1e6302a5109,ZONE_BLR_01,2026-07-13,68,3,5105.83,5172.42,0.0,373.0,0.0,Bangalore,Metro,Food_Delivery,Scooter,1.0,35,Full-Time,45.5,27,5105.83,4.68,1,1.0,1,16.8,9.8,32.1,29.785714285714285,20.5,124.57142857142856,0,0,0,0,1,0.1312,1.028,40.7
ORD_52994,W_f345d1e6302a5109,ZONE_BLR_01,2026-07-20,59,5,5105.83,4496.04,609.79,356.3,0.15,Bangalore,Metro,Food_Delivery,Scooter,1.0,35,Full-Time,45.5,27,5105.83,4.68,1,1.0,1,33.4,8.9,29.5,28.414285714285715,21.1,162.85714285714286,1,0,1,0,1,0.2806,1.056,47.33
ORD_52995,W_f345d1e6302a5109,ZONE_BLR_01,2026-07-27,66,3,5105.83,4953.53,152.3,286.2,0.0,Bangalore,Metro,Food_Delivery,Scooter,1.0,35,Full-Time,45.5,27,5105.83,4.68,1,1.0,1,28.8,17.0,29.7,28.685714285714287,25.0,169.42857142857142,0,0,0,0,1,0.1919,1.048,43.72
ORD_52996,W_f345d1e6302a5109,ZONE_BLR_01,2026-08-03,54,5,5105.83,4097.2,1008.63,322.4,0.186,Bangalore,Metro,Food_Delivery,Scooter,1.0,35,Full-Time,45.5,27,5105.83,4.68,1,1.0,1,76.3,18.5,28.3,27.285714285714285,21.1,143.0,0,0,0,0,1,0.2789,1.127,50.45
ORD_52997,W_f345d1e6302a5109,ZONE_BLR_01,2026-08-10,68,3,5105.83,5144.18,0.0,373.5,0.0,Bangalore,Metro,Food_Delivery,Scooter,1.0,35,Full-Time,45.5,27,5105.83,4.68,1,1.0,1,19.9,5.6,30.7,29.17142857142857,21.8,129.0,0,0,0,1,1,0.1415,1.033,41.27
ORD_52998,W_f345d1e6302a5109,ZONE_BLR_01,2026-08-17,57,5,5105.83,4335.67,770.16,203.9,0.15,Bangalore,Metro,Food_Delivery,Scooter,1.0,35,Full-Time,45.5,27,5105.83,4.68,1,1.0,1,31.4,9.8,29.9,28.4,22.2,146.57142857142858,1,0,1,0,1,0.2639,1.052,46.54
ORD_52999,W_f345d1e6302a5109,ZONE_BLR_01,2026-08-24,65,3,5105.83,4883.32,222.51,321.9,0.0,Bangalore,Metro,Food_Delivery,Scooter,1.0,35,Full-Time,45.5,27,5105.83,4.68,1,1.0,1,35.7,18.2,28.8,28.014285714285712,22.3,167.14285714285714,0,0,0,1,1,0.2057,1.06,44.73
ORD_53000,W_f345d1e6302a5109,ZONE_BLR_01,2026-08-31,69,3,5105.83,5217.54,0.0,281.6,0.0,Bangalore,Metro,Food_Delivery,Scooter,1.0,35,Full-Time,45.5,27,5105.83,4.68,1,1.0,1,13.2,3.6,30.8,29.542857142857144,19.3,142.71428571428572,1,0,1,1,1,0.2201,1.022,43.64
ORD_53001,W_f345d1e6302a5109,ZONE_BLR_01,2026-09-07,69,3,5105.83,5219.13,0.0,392.5,0.0,Bangalore,Metro,Food_Delivery,Scooter,1.0,35,Full-Time,45.5,27,5105.83,4.68,1,1.0,1,8.5,5.1,31.0,30.62857142857143,14.9,128.28571428571428,0,0,0,0,1,0.1153,1.014,39.58
ORD_53002,W_f345d1e6302a5109,ZONE_BLR_01,2026-09-14,67,3,5105.83,5060.85,44.98,369.5,0.0,Bangalore,Metro,Food_Delivery,Scooter,1.0,35,Full-Time,45.5,27,5105.83,4.68,1,1.0,1,33.1,9.6,30.8,30.425,13.6,137.5,0,0,0,0,1,0.1776,1.055,43.48
ORD_53003,W_229b1e6b7f228932,ZONE_MAA_01,2026-06-22,79,3,6015.15,5957.42,57.73,421.2,0.0,Chennai,Metro,Q_Commerce,Scooter,1.0,523,Full-Time,52.5,28,6015.15,4.46,1,1.0,1,33.7,24.5,37.6,36.225,17.3,159.25,0,0,0,1,1,0.1953,1.056,44.18
ORD_53004,W_229b1e6b7f228932,ZONE_MAA_01,2026-06-29,82,4,6015.15,6173.95,0.0,506.6,0.0,Chennai,Metro,Q_Commerce,Scooter,1.0,523,Full-Time,52.5,28,6015.15,4.46,1,1.0,1,11.8,5.8,38.4,35.55714285714286,23.0,123.0,0,0,0,0,1,0.1188,1.02,39.94
ORD_53005,W_229b1e6b7f228932,ZONE_MAA_01,2026-07-06,67,6,6015.15,5033.83,981.32,308.9,0.15,Chennai,Metro,Q_Commerce,Scooter,1.0,523,Full-Time,52.5,28,6015.15,4.46,1,1.0,1,9.3,5.2,39.2,37.55714285714286,26.3,163.28571428571428,1,0,1,0,1,0.2267,1.016,43.62
ORD_53006,W_229b1e6b7f228932,ZONE_MAA_01,2026-07-13,77,3,6015.15,5814.02,201.13,311.9,0.0,Chennai,Metro,Q_Commerce,Scooter,1.0,523,Full-Time,52.5,28,6015.15,4.46,1,1.0,1,11.3,4.9,38.7,36.51428571428571,19.1,141.57142857142858,0,0,0,0,1,0.1316,1.019,40.36
ORD_53007,W_229b1e6b7f228932,ZONE_MAA_01,2026-07-20,71,6,6015.15,5395.7,619.45,424.3,0.12,Chennai,Metro,Q_Commerce,Scooter,1.0,523,Full-Time,52.5,28,6015.15,4.46,1,1.0,1,35.6,10.7,36.4,34.714285714285715,17.5,131.57142857142858,0,0,0,0,1,0.1788,1.059,43.69
ORD_53008,W_229b1e6b7f228932,ZONE_MAA_01,2026-07-27,79,3,6015.15,5951.75,63.4,314.9,0.0,Chennai,Metro,Q_Commerce,Scooter,1.0,523,Full-Time,52.5,28,6015.15,4.46,1,1.0,1,26.0,8.2,37.6,36.48571428571429,23.1,145.14285714285714,0,0,0,0,1,0.1674,1.043,42.62
ORD_53009,W_229b1e6b7f228932,ZONE_MAA_01,2026-08-03,78,3,6015.15,5885.88,129.27,368.8,0.0,Chennai,Metro,Q_Commerce,Scooter,1.0,523,Full-Time,52.5,28,6015.15,4.46,1,1.0,1,38.5,6.7,34.8,33.94285714285714,19.7,150.71428571428572,0,0,0,0,1,0.1997,1.064,44.68
ORD_53010,W_229b1e6b7f228932,ZONE_MAA_01,2026-08-10,78,3,6015.15,5889.22,125.93,322.2,0.0,Chennai,Metro,Q_Commerce,Scooter,1.0,523,Full-Time,52.5,28,6015.15,4.46,1,1.0,1,15.6,9.3,35.5,35.08571428571428,18.4,153.57142857142858,1,0,1,1,1,0.2336,1.026,44.3
ORD_53011,W_229b1e6b7f228932,ZONE_MAA_01,2026-08-17,82,4,6015.15,6157.1,0.0,288.7,0.0,Chennai,Metro,Q_Commerce,Scooter,1.0,523,Full-Time,52.5,28,6015.15,4.46,1,1.0,1,29.4,12.9,36.3,35.75714285714285,20.7,143.71428571428572,0,0,0,0,1,0.1739,1.049,43.1
ORD_53012,W_229b1e6b7f228932,ZONE_MAA_01,2026-08-24,80,4,6015.15,6038.75,0.0,451.5,0.0,Chennai,Metro,Q_Commerce,Scooter,1.0,523,Full-Time,52.5,28,6015.15,4.46,1,1.0,1,15.1,7.6,36.6,34.77142857142857,18.4,144.14285714285714,1,0,1,1,1,0.2254,1.025,43.96
ORD_53013,W_229b1e6b7f228932,ZONE_MAA_01,2026-08-31,78,3,6015.15,5874.53,140.62,400.1,0.0,Chennai,Metro,Q_Commerce,Scooter,1.0,523,Full-Time,52.5,28,6015.15,4.46,1,1.0,1,13.1,3.6,35.6,34.41428571428571,16.9,156.85714285714286,1,0,1,1,1,0.2305,1.022,44.01
ORD_53014,W_229b1e6b7f228932,ZONE_MAA_01,2026-09-07,81,4,6015.15,6116.75,0.0,426.8,0.0,Chennai,Metro,Q_Commerce,Scooter,1.0,523,Full-Time,52.5,28,6015.15,4.46,1,1.0,1,23.3,11.4,35.6,34.214285714285715,14.8,136.57142857142858,0,0,0,0,1,0.1549,1.039,42.0
ORD_53015,W_229b1e6b7f228932,ZONE_MAA_01,2026-09-14,67,6,6015.15,5085.19,929.96,297.2,0.15,Chennai,Metro,Q_Commerce,Scooter,1.0,523,Full-Time,52.5,28,6015.15,4.46,1,1.0,1,27.4,22.7,36.0,33.525,13.4,152.75,0,1,1,0,1,0.2595,1.046,46.11
ORD_53016,W_2f8b622f24ec0cc4,ZONE_BLR_01,2026-06-22,79,3,5738.95,5931.74,0.0,438.3,0.0,Bangalore,Metro,E_Commerce,Bike,1.2,15,Full-Time,58.4,25,5738.95,4.54,1,1.05,1,16.3,5.3,30.1,29.475,20.2,135.25,0,0,0,1,1,0.1381,1.027,42.95
ORD_53017,W_2f8b622f24ec0cc4,ZONE_BLR_01,2026-06-29,63,5,5738.95,4790.91,948.04,238.0,0.15,Bangalore,Metro,E_Commerce,Bike,1.2,15,Full-Time,58.4,25,5738.95,4.54,1,1.05,1,20.1,8.4,29.2,27.985714285714288,29.9,153.85714285714286,1,0,1,0,1,0.244,1.034,47.27
ORD_53018,W_2f8b622f24ec0cc4,ZONE_BLR_01,2026-07-06,73,3,5738.95,5493.21,245.74,274.1,0.0,Bangalore,Metro,E_Commerce,Bike,1.2,15,Full-Time,58.4,25,5738.95,4.54,1,1.05,1,8.399999999999999,3.3,31.8,29.77142857142857,29.7,172.71428571428572,0,0,0,0,1,0.1484,1.014,42.79
ORD_53019,W_2f8b622f24ec0cc4,ZONE_BLR_01,2026-07-13,77,3,5738.95,5786.51,0.0,280.2,0.0,Bangalore,Metro,E_Commerce,Bike,1.2,15,Full-Time,58.4,25,5738.95,4.54,1,1.05,1,16.8,9.8,32.1,29.785714285714285,20.5,124.57142857142856,0,0,0,0,1,0.1312,1.028,42.74
ORD_53020,W_2f8b622f24ec0cc4,ZONE_BLR_01,2026-07-20,63,5,5738.95,4798.56,940.39,348.6,0.15,Bangalore,Metro,E_Commerce,Bike,1.2,15,Full-Time,58.4,25,5738.95,4.54,1,1.05,1,33.4,8.9,29.5,28.414285714285715,21.1,162.85714285714286,1,0,1,0,1,0.2806,1.056,49.7
ORD_53021,W_2f8b622f24ec0cc4,ZONE_BLR_01,2026-07-27,74,3,5738.95,5620.93,118.02,411.5,0.0,Bangalore,Metro,E_Commerce,Bike,1.2,15,Full-Time,58.4,25,5738.95,4.54,1,1.05,1,28.8,17.0,29.7,28.685714285714287,25.0,169.42857142857142,0,0,0,0,1,0.1919,1.048,45.9
ORD_53022,W_2f8b622f24ec0cc4,ZONE_BLR_01,2026-08-03,51,7,5738.95,3835.82,1903.13,278.9,0.314,Bangalore,Metro,E_Commerce,Bike,1.2,15,Full-Time,58.4,25,5738.95,4.54,1,1.05,1,76.3,18.5,28.3,27.285714285714285,21.1,143.0,0,0,0,0,1,0.2789,1.127,52.97
ORD_53023,W_2f8b622f24ec0cc4,ZONE_BLR_01,2026-08-10,78,3,5738.95,5881.15,0.0,356.7,0.0,Bangalore,Metro,E_Commerce,Bike,1.2,15,Full-Time,58.4,25,5738.95,4.54,1,1.05,1,19.9,5.6,30.7,29.17142857142857,21.8,129.0,0,0,0,1,1,0.1415,1.033,43.33
ORD_53024,W_2f8b622f24ec0cc4,ZONE_BLR_01,2026-08-17,63,5,5738.95,4736.85,1002.1,309.2,0.15,Bangalore,Metro,E_Commerce,Bike,1.2,15,Full-Time,58.4,25,5738.95,4.54,1,1.05,1,31.4,9.8,29.9,28.4,22.2,146.57142857142858,1,0,1,0,1,0.2639,1.052,48.86
ORD_53025,W_2f8b622f24ec0cc4,ZONE_BLR_01,2026-08-24,79,3,5738.95,5980.79,0.0,412.9,0.0,Bangalore,Metro,E_Commerce,Bike,1.2,15,Full-Time,58.4,25,5738.95,4.54,1,1.05,1,35.7,18.2,28.8,28.014285714285712,22.3,167.14285714285714,0,0,0,1,1,0.2057,1.06,46.97
ORD_53026,W_2f8b622f24ec0cc4,ZONE_BLR_01,2026-08-31,74,3,5738.95,5551.24,187.71,395.4,0.0,Bangalore,Metro,E_Commerce,Bike,1.2,15,Full-Time,58.4,25,5738.95,4.54,1,1.05,1,13.2,3.6,30.8,29.542857142857144,19.3,142.71428571428572,1,0,1,1,1,0.2201,1.022,45.83
ORD_53027,W_2f8b622f24ec0cc4,ZONE_BLR_01,2026-09-07,75,3,5738.95,5697.17,41.78,382.3,0.0,Bangalore,Metro,E_Commerce,Bike,1.2,15,Full-Time,58.4,25,5738.95,4.54,1,1.05,1,8.5,5.1,31.0,30.62857142857143,14.9,128.28571428571428,0,0,0,0,1,0.1153,1.014,41.56
ORD_53028,W_2f8b622f24ec0cc4,ZONE_BLR_01,2026-09-14,78,3,5738.95,5873.28,0.0,381.4,0.0,Bangalore,Metro,E_Commerce,Bike,1.2,15,Full-Time,58.4,25,5738.95,4.54,1,1.05,1,33.1,9.6,30.8,30.425,13.6,137.5,0,0,0,0,1,0.1776,1.055,45.66
ORD_53029,W_e943601f7bb4f5cd,ZONE_DEL_01,2026-06-22,64,3,4717.74,4865.87,0.0,348.8,0.0,Delhi_NCR,Metro,Food_Delivery,Scooter,1.0,205,Full-Time,46.0,26,4717.74,4.57,1,1.0,1,4.0,1.2,41.9,40.425,14.3,188.25,0,0,0,1,1,0.1502,1.007,40.54
ORD_53030,W_e943601f7bb4f5cd,ZONE_DEL_01,2026-06-29,53,5,4717.74,4032.36,685.38,207.1,0.155,Delhi_NCR,Metro,Food_Delivery,Scooter,1.0,205,Full-Time,46.0,26,4717.74,4.57,1,1.0,1,20.0,6.8,41.7,35.84285714285714,14.4,157.71428571428572,0,0,0,0,1,0.1633,1.033,42.06
ORD_53031,W_e943601f7bb4f5cd,ZONE_DEL_01,2026-07-06,12,3,4717.74,900.05,3817.69,46.4,0.817,Delhi_NCR,Metro,Food_Delivery,Scooter,1.0,205,Full-Time,46.0,26,4717.74,4.57,1,1.0,1,122.9,99.8,36.7,32.9,18.9,156.0,1,0,2,0,1,0.5602,1.205,65.8
ORD_53032,W_e943601f7bb4f5cd,ZONE_DEL_01,2026-07-13,62,3,4717.74,4712.19,5.55,260.3,0.0,Delhi_NCR,Metro,Food_Delivery,Scooter,1.0,205,Full-Time,46.0,26,4717.74,4.57,1,1.0,1,9.8,3.7,37.4,36.55714285714286,19.6,129.42857142857142,0,0,0,0,1,0.1191,1.016,39.8
ORD_53033,W_e943601f7bb4f5cd,ZONE_DEL_01,2026-07-20,47,6,4717.74,3553.17,1164.57,182.4,0.263,Delhi_NCR,Metro,Food_Delivery,Scooter,1.0,205,Full-Time,46.0,26,4717.74,4.57,1,1.0,1,74.3,31.9,33.7,31.8,16.5,132.71428571428572,0,0,0,0,1,0.2667,1.124,49.83
ORD_53034,W_e943601f7bb4f5cd,ZONE_DEL_01,2026-07-27,65,3,4717.74,4895.61,0.0,259.3,0.0,Delhi_NCR,Metro,Food_Delivery,Scooter,1.0,205,Full-Time,46.0,26,4717.74,4.57,1,1.0,1,51.900000000000006,19.5,35.3,32.94285714285714,14.4,172.57142857142858,0,0,0,0,1,0.2462,1.086,47.37
ORD_53035,W_e943601f7bb4f5cd,ZONE_DEL_01,2026-08-03,21,5,4717.74,1599.71,3118.03,92.1,0.659,Delhi_NCR,Metro,Food_Delivery,Scooter,1.0,205,Full-Time,46.0,26,4717.74,4.57,1,1.0,1,132.8,58.3,33.8,31.17142857142857,15.8,126.57142857142856,0,0,1,0,1,0.4771,1.221,63.12
ORD_53036,W_e943601f7bb4f5cd,ZONE_DEL_01,2026-08-10,60,3,4717.74,4556.51,161.23,237.2,0.0,Delhi_NCR,Metro,Food_Delivery,Scooter,1.0,205,Full-Time,46.0,26,4717.74,4.57,1,1.0,1,45.8,12.5,34.4,32.614285714285714,11.1,170.42857142857142,0,0,0,1,1,0.2309,1.076,46.36
ORD_53037,W_e943601f7bb4f5cd,ZONE_DEL_01,2026-08-17,54,5,4717.74,4075.0,642.74,269.3,0.15,Delhi_NCR,Metro,Food_Delivery,Scooter,1.0,205,Full-Time,46.0,26,4717.74,4.57,1,1.0,1,34.3,8.2,33.6,33.15714285714286,11.7,140.0,1,0,1,0,1,0.2655,1.057,46.82
ORD_53038,W_e943601f7bb4f5cd,ZONE_DEL_01,2026-08-24,60,3,4717.74,4539.45,178.29,228.3,0.0,Delhi_NCR,Metro,Food_Delivery,Scooter,1.0,205,Full-Time,46.0,26,4717.74,4.57,1,1.0,1,24.5,13.5,34.9,33.44285714285714,13.9,168.0,0,0,0,1,1,0.1811,1.041,43.03
ORD_53039,W_e943601f7bb4f5cd,ZONE_DEL_01,2026-08-31,64,3,4717.74,4832.74,0.0,347.0,0.0,Delhi_NCR,Metro,Food_Delivery,Scooter,1.0,205,Full-Time,46.0,26,4717.74,4.57,1,1.0,1,76.6,23.5,34.4,31.24285714285714,13.1,145.57142857142858,0,0,0,1,1,0.2815,1.128,50.59
ORD_53040,W_e943601f7bb4f5cd,ZONE_DEL_01,2026-09-07,60,3,4717.74,4509.42,208.32,300.8,0.0,Delhi_NCR,Metro,Food_Delivery,Scooter,1.0,205,Full-Time,46.0,26,4717.74,4.57,1,1.0,1,19.1,8.7,34.4,32.471428571428575,14.1,142.0,0,0,0,0,1,0.1495,1.032,41.52
ORD_53041,W_e943601f7bb4f5cd,ZONE_DEL_01,2026-09-14,60,3,4717.74,4521.8,195.94,356.4,0.0,Delhi_NCR,Metro,Food_Delivery,Scooter,1.0,205,Full-Time,46.0,26,4717.74,4.57,1,1.0,1,7.6,3.7,35.0,33.05,14.4,149.0,0,0,0,0,1,0.1288,1.013,40.02
ORD_53042,W_e585d06545500a30,ZONE_BOM_01,2026-06-22,76,3,5504.19,5728.28,0.0,409.3,0.0,Mumbai,Metro,E_Commerce,Bike,1.2,16,Full-Time,56.9,26,5504.19,5.0,1,1.05,1,24.8,11.5,31.1,30.425,15.3,184.0,0,0,0,1,1,0.1938,1.041,45.67
ORD_53043,W_e585d06545500a30,ZONE_BOM_01,2026-06-29,11,3,5504.19,851.34,4652.85,63.1,0.85,Mumbai,Metro,E_Commerce,Bike,1.2,16,Full-Time,56.9,26,5504.19,5.0,1,1.05,1,493.0,136.9,28.6,27.642857142857142,30.3,147.0,0,0,6,0,1,1.0,1.822,79.0
ORD_53044,W_e585d06545500a30,ZONE_BOM_01,2026-07-06,10,3,5504.19,809.62,4694.57,40.9,0.85,Mumbai,Metro,E_Commerce,Bike,1.2,16,Full-Time,56.9,26,5504.19,5.0,1,1.05,1,235.5,131.8,30.2,29.142857142857142,34.6,143.85714285714286,0,0,2,0,1,0.8044,1.392,79.0
ORD_53045,W_e585d06545500a30,ZONE_BOM_01,2026-07-13,45,7,5504.19,3406.85,2097.34,178.5,0.389,Mumbai,Metro,E_Commerce,Bike,1.2,16,Full-Time,56.9,26,5504.19,5.0,1,1.05,1,92.5,33.1,30.6,29.82857142857143,21.8,156.42857142857142,1,0,1,0,1,0.4088,1.154,59.75
ORD_53046,W_e585d06545500a30,ZONE_BOM_01,2026-07-20,10,3,5504.19,822.99,4681.2,41.3,0.85,Mumbai,Metro,E_Commerce,Bike,1.2,16,Full-Time,56.9,26,5504.19,5.0,1,1.05,1,354.8,107.0,29.6,28.74285714285714,34.0,158.42857142857142,0,0,4,0,1,1.0,1.591,79.0
ORD_53047,W_e585d06545500a30,ZONE_BOM_01,2026-07-27,33,7,5504.19,2517.02,2987.17,182.2,0.561,Mumbai,Metro,E_Commerce,Bike,1.2,16,Full-Time,56.9,26,5504.19,5.0,1,1.05,1,120.9,42.9,29.6,28.957142857142856,25.3,151.42857142857142,0,0,0,0,1,0.3856,1.202,61.21
ORD_53048,W_e585d06545500a30,ZONE_BOM_01,2026-08-03,41,7,5504.19,3080.34,2423.85,197.5,0.445,Mumbai,Metro,E_Commerce,Bike,1.2,16,Full-Time,56.9,26,5504.19,5.0,1,1.05,1,76.8,18.7,29.7,29.285714285714285,21.2,139.0,0,0,0,0,1,0.277,1.128,52.94
ORD_53049,W_e585d06545500a30,ZONE_BOM_01,2026-08-10,56,7,5504.19,4206.55,1297.64,233.6,0.265,Mumbai,Metro,E_Commerce,Bike,1.2,16,Full-Time,56.9,26,5504.19,5.0,1,1.05,1,96.6,30.6,29.7,28.61428571428572,19.0,142.57142857142858,0,0,0,1,1,0.3243,1.161,56.5
ORD_53050,W_e585d06545500a30,ZONE_BOM_01,2026-08-17,38,7,5504.19,2897.43,2606.76,151.0,0.486,Mumbai,Metro,E_Commerce,Bike,1.2,16,Full-Time,56.9,26,5504.19,5.0,1,1.05,1,61.0,16.7,29.7,29.228571428571428,20.6,146.28571428571428,1,0,1,0,1,0.3303,1.102,53.88
ORD_53051,W_e585d06545500a30,ZONE_BOM_01,2026-08-24,72,3,5504.19,5433.68,70.51,257.5,0.0,Mumbai,Metro,E_Commerce,Bike,1.2,16,Full-Time,56.9,26,5504.19,5.0,1,1.05,1,36.4,7.6,29.6,29.25714285714286,21.1,134.0,1,0,1,1,1,0.2657,1.061,49.35
ORD_53052,W_e585d06545500a30,ZONE_BOM_01,2026-08-31,70,3,5504.19,5299.44,204.75,255.3,0.005,Mumbai,Metro,E_Commerce,Bike,1.2,16,Full-Time,56.9,26,5504.19,5.0,1,1.05,1,61.0,16.1,29.6,29.042857142857144,18.4,158.28571428571428,0,0,0,1,1,0.256,1.102,50.87
ORD_53053,W_e585d06545500a30,ZONE_BOM_01,2026-09-07,74,3,5504.19,5590.42,0.0,426.2,0.0,Mumbai,Metro,E_Commerce,Bike,1.2,16,Full-Time,56.9,26,5504.19,5.0,1,1.05,1,52.9,25.5,30.0,29.071428571428573,15.3,169.57142857142858,0,0,0,0,1,0.2462,1.088,49.83
ORD_53054,W_e585d06545500a30,ZONE_BOM_01,2026-09-14,72,3,5504.19,5434.46,69.73,422.0,0.0,Mumbai,Metro,E_Commerce,Bike,1.2,16,Full-Time,56.9,26,5504.19,5.0,1,1.05,1,23.3,10.3,30.0,29.625,20.1,162.0,0,0,0,0,1,0.1739,1.039,44.82
ORD_53055,W_8b5c8b95ddabc107,ZONE_MAA_01,2026-06-22,28,1,2239.18,2174.99,64.19,122.6,0.0,Chennai,Metro,E_Commerce,Scooter,1.0,319,Part-Time,21.7,14,2239.18,4.58,1,1.0,0,33.7,24.5,37.6,36.225,17.3,159.25,0,0,0,1,1,0.1953,1.056,44.18
ORD_53056,W_8b5c8b95ddabc107,ZONE_MAA_01,2026-06-29,28,1,2239.18,2160.97,78.21,144.9,0.0,Chennai,Metro,E_Commerce,Scooter,1.0,319,Part-Time,21.7,14,2239.18,4.58,1,1.0,0,11.8,5.8,38.4,35.55714285714286,23.0,123.0,0,0,0,0,1,0.1188,1.02,39.94
ORD_53057,W_8b5c8b95ddabc107,ZONE_MAA_01,2026-07-06,25,2,2239.18,1888.05,351.13,128.9,0.15,Chennai,Metro,E_Commerce,Scooter,1.0,319,Part-Time,21.7,14,2239.18,4.58,1,1.0,0,9.3,5.2,39.2,37.55714285714286,26.3,163.28571428571428,1,0,1,0,1,0.2267,1.016,43.62
ORD_53058,W_8b5c8b95ddabc107,ZONE_MAA_01,2026-07-13,30,1,2239.18,2297.77,0.0,149.2,0.0,Chennai,Metro,E_Commerce,Scooter,1.0,319,Part-Time,21.7,14,2239.18,4.58,1,1.0,0,11.3,4.9,38.7,36.51428571428571,19.1,141.57142857142858,0,0,0,0,1,0.1316,1.019,40.36
ORD_53059,W_8b5c8b95ddabc107,ZONE_MAA_01,2026-07-20,26,2,2239.18,1995.63,243.55,156.7,0.12,Chennai,Metro,E_Commerce,Scooter,1.0,319,Part-Time,21.7,14,2239.18,4.58,1,1.0,0,35.6,10.7,36.4,34.714285714285715,17.5,131.57142857142858,0,0,0,0,1,0.1788,1.059,43.69
ORD_53060,W_8b5c8b95ddabc107,ZONE_MAA_01,2026-07-27,29,1,2239.18,2194.19,44.99,129.6,0.0,Chennai,Metro,E_Commerce,Scooter,1.0,319,Part-Time,21.7,14,2239.18,4.58,1,1.0,0,26.0,8.2,37.6,36.48571428571429,23.1,145.14285714285714,0,0,0,0,1,0.1674,1.043,42.62
ORD_53061,W_8b5c8b95ddabc107,ZONE_MAA_01,2026-08-03,30,1,2239.18,2287.93,0.0,154.5,0.0,Chennai,Metro,E_Commerce,Scooter,1.0,319,Part-Time,21.7,14,2239.18,4.58,1,1.0,0,38.5,6.7,34.8,33.94285714285714,19.7,150.71428571428572,0,0,0,0,1,0.1997,1.064,44.68
ORD_53062,W_8b5c8b95ddabc107,ZONE_MAA_01,2026-08-10,28,1,2239.18,2167.2,71.98,126.4,0.0,Chennai,Metro,E_Commerce,Scooter,1.0,319,Part-Time,21.7,14,2239.18,4.58,1,1.0,0,15.6,9.3,35.5,35.08571428571428,18.4,153.57142857142858,1,0,1,1,1,0.2336,1.026,44.3
ORD_53063,W_8b5c8b95ddabc107,ZONE_MAA_01,2026-08-17,29,1,2239.18,2231.98,7.2,134.3,0.0,Chennai,Metro,E_Commerce,Scooter,1.0,319,Part-Time,21.7,14,2239.18,4.58,1,1.0,0,29.4,12.9,36.3,35.75714285714285,20.7,143.71428571428572,0,0,0,0,1,0.1739,1.049,43.1
ORD_53064,W_8b5c8b95ddabc107,ZONE_MAA_01,2026-08-24,28,1,2239.18,2167.14,72.04,167.9,0.0,Chennai,Metro,E_Commerce,Scooter,1.0,319,Part-Time,21.7,14,2239.18,4.58,1,1.0,0,15.1,7.6,36.6,34.77142857142857,18.4,144.14285714285714,1,0,1,1,1,0.2254,1.025,43.96
ORD_53065,W_8b5c8b95ddabc107,ZONE_MAA_01,2026-08-31,30,1,2239.18,2297.92,0.0,144.0,0.0,Chennai,Metro,E_Commerce,Scooter,1.0,319,Part-Time,21.7,14,2239.18,4.58,1,1.0,0,13.1,3.6,35.6,34.41428571428571,16.9,156.85714285714286,1,0,1,1,1,0.2305,1.022,44.01
ORD_53066,W_8b5c8b95ddabc107,ZONE_MAA_01,2026-09-07,30,1,2239.18,2279.5,0.0,177.7,0.0,Chennai,Metro,E_Commerce,Scooter,1.0,319,Part-Time,21.7,14,2239.18,4.58,1,1.0,0,23.3,11.4,35.6,34.214285714285715,14.8,136.57142857142858,0,0,0,0,1,0.1549,1.039,42.0
ORD_53067,W_8b5c8b95ddabc107,ZONE_MAA_01,2026-09-14,24,2,2239.18,1834.06,405.12,100.2,0.15,Chennai,Metro,E_Commerce,Scooter,1.0,319,Part-Time,21.7,14,2239.18,4.58,1,1.0,0,27.4,22.7,36.0,33.525,13.4,152.75,0,1,1,0,1,0.2595,1.046,46.11
ORD_53068,W_f339fb94373aa11c,ZONE_BLR_01,2026-06-22,77,3,5776.48,5801.15,0.0,435.6,0.0,Bangalore,Metro,Food_Delivery,Bike,1.2,440,Full-Time,54.8,20,5776.48,4.97,1,1.05,1,16.3,5.3,30.1,29.475,20.2,135.25,0,0,0,1,1,0.1381,1.027,42.95
ORD_53069,W_f339fb94373aa11c,ZONE_BLR_01,2026-06-29,62,5,5776.48,4682.31,1094.17,381.7,0.15,Bangalore,Metro,Food_Delivery,Bike,1.2,440,Full-Time,54.8,20,5776.48,4.97,1,1.05,1,20.1,8.4,29.2,27.985714285714288,29.9,153.85714285714286,1,0,1,0,1,0.244,1.034,47.27
ORD_53070,W_f339fb94373aa11c,ZONE_BLR_01,2026-07-06,76,3,5776.48,5750.43,26.05,339.7,0.0,Bangalore,Metro,Food_Delivery,Bike,1.2,440,Full-Time,54.8,20,5776.48,4.97,1,1.05,1,8.399999999999999,3.3,31.8,29.77142857142857,29.7,172.71428571428572,0,0,0,0,1,0.1484,1.014,42.79
ORD_53071,W_f339fb94373aa11c,ZONE_BLR_01,2026-07-13,75,3,5776.48,5656.75,119.73,297.8,0.0,Bangalore,Metro,Food_Delivery,Bike,1.2,440,Full-Time,54.8,20,5776.48,4.97,1,1.05,1,16.8,9.8,32.1,29.785714285714285,20.5,124.57142857142856,0,0,0,0,1,0.1312,1.028,42.74
ORD_53072,W_f339fb94373aa11c,ZONE_BLR_01,2026-07-20,67,6,5776.48,5053.17,723.31,407.3,0.15,Bangalore,Metro,Food_Delivery,Bike,1.2,440,Full-Time,54.8,20,5776.48,4.97,1,1.05,1,33.4,8.9,29.5,28.414285714285715,21.1,162.85714285714286,1,0,1,0,1,0.2806,1.056,49.7
ORD_53073,W_f339fb94373aa11c,ZONE_BLR_01,2026-07-27,76,3,5776.48,5726.6,49.88,461.4,0.0,Bangalore,Metro,Food_Delivery,Bike,1.2,440,Full-Time,54.8,20,5776.48,4.97,1,1.05,1,28.8,17.0,29.7,28.685714285714287,25.0,169.42857142857142,0,0,0,0,1,0.1919,1.048,45.9
ORD_53074,W_f339fb94373aa11c,ZONE_BLR_01,2026-08-03,51,7,5776.48,3872.8,1903.68,271.3,0.328,Bangalore,Metro,Food_Delivery,Bike,1.2,440,Full-Time,54.8,20,5776.48,4.97,1,1.05,1,76.3,18.5,28.3,27.285714285714285,21.1,143.0,0,0,0,0,1,0.2789,1.127,52.97
ORD_53075,W_f339fb94373aa11c,ZONE_BLR_01,2026-08-10,76,3,5776.48,5738.92,37.56,380.7,0.0,Bangalore,Metro,Food_Delivery,Bike,1.2,440,Full-Time,54.8,20,5776.48,4.97,1,1.05,1,19.9,5.6,30.7,29.17142857142857,21.8,129.0,0,0,0,1,1,0.1415,1.033,43.33
ORD_53076,W_f339fb94373aa11c,ZONE_BLR_01,2026-08-17,62,5,5776.48,4693.01,1083.47,333.6,0.15,Bangalore,Metro,Food_Delivery,Bike,1.2,440,Full-Time,54.8,20,5776.48,4.97,1,1.05,1,31.4,9.8,29.9,28.4,22.2,146.57142857142858,1,0,1,0,1,0.2639,1.052,48.86
ORD_53077,W_f339fb94373aa11c,ZONE_BLR_01,2026-08-24,73,3,5776.48,5518.17,258.31,416.5,0.0,Bangalore,Metro,Food_Delivery,Bike,1.2,440,Full-Time,54.8,20,5776.48,4.97,1,1.05,1,35.7,18.2,28.8,28.014285714285712,22.3,167.14285714285714,0,0,0,1,1,0.2057,1.06,46.97
ORD_53078,W_f339fb94373aa11c,ZONE_BLR_01,2026-08-31,79,3,5776.48,5964.18,0.0,327.1,0.0,Bangalore,Metro,Food_Delivery,Bike,1.2,440,Full-Time,54.8,20,5776.48,4.97,1,1.05,1,13.2,3.6,30.8,29.542857142857144,19.3,142.71428571428572,1,0,1,1,1,0.2201,1.022,45.83
ORD_53079,W_f339fb94373aa11c,ZONE_BLR_01,2026-09-07,75,3,5776.48,5674.62,101.86,360.0,0.0,Bangalore,Metro,Food_Delivery,Bike,1.2,440,Full-Time,54.8,20,5776.48,4.97,1,1.05,1,8.5,5.1,31.0,30.62857142857143,14.9,128.28571428571428,0,0,0,0,1,0.1153,1.014,41.56
ORD_53080,W_f339fb94373aa11c,ZONE_BLR_01,2026-09-14,77,3,5776.48,5832.32,0.0,329.2,0.0,Bangalore,Metro,Food_Delivery,Bike,1.2,440,Full-Time,54.8,20,5776.48,4.97,1,1.05,1,33.1,9.6,30.8,30.425,13.6,137.5,0,0,0,0,1,0.1776,1.055,45.66
ORD_53081,W_eec38e5831cb6717,ZONE_DEL_01,2026-06-22,88,4,6611.81,6672.96,0.0,378.8,0.0,Delhi_NCR,Metro,Food_Delivery,Scooter,1.0,95,Full-Time,57.3,26,6611.81,4.49,1,1.0,1,4.0,1.2,41.9,40.425,14.3,188.25,0,0,0,1,1,0.1502,1.007,40.54
ORD_53082,W_eec38e5831cb6717,ZONE_DEL_01,2026-06-29,71,6,6611.81,5338.63,1273.18,249.0,0.155,Delhi_NCR,Metro,Food_Delivery,Scooter,1.0,95,Full-Time,57.3,26,6611.81,4.49,1,1.0,1,20.0,6.8,41.7,35.84285714285714,14.4,157.71428571428572,0,0,0,0,1,0.1633,1.033,42.06
ORD_53083,W_eec38e5831cb6717,ZONE_DEL_01,2026-07-06,29,7,6611.81,2244.1,4367.71,176.8,0.67,Delhi_NCR,Metro,Food_Delivery,Scooter,1.0,95,Full-Time,57.3,26,6611.81,4.49,1,1.0,1,122.9,99.8,36.7,32.9,18.9,156.0,1,0,2,0,1,0.5602,1.205,65.8
ORD_53084,W_eec38e5831cb6717,ZONE_DEL_01,2026-07-13,87,4,6611.81,6563.52,48.29,424.9,0.0,Delhi_NCR,Metro,Food_Delivery,Scooter,1.0,95,Full-Time,57.3,26,6611.81,4.49,1,1.0,1,9.8,3.7,37.4,36.55714285714286,19.6,129.42857142857142,0,0,0,0,1,0.1191,1.016,39.8
ORD_53085,W_eec38e5831cb6717,ZONE_DEL_01,2026-07-20,73,7,6611.81,5502.34,1109.47,284.0,0.172,Delhi_NCR,Metro,Food_Delivery,Scooter,1.0,95,Full-Time,57.3,26,6611.81,4.49,1,1.0,1,74.3,31.9,33.7,31.8,16.5,132.71428571428572,0,0,0,0,1,0.2667,1.124,49.83
ORD_53086,W_eec38e5831cb6717,ZONE_DEL_01,2026-07-27,89,4,6611.81,6685.34,0.0,535.8,0.0,Delhi_NCR,Metro,Food_Delivery,Scooter,1.0,95,Full-Time,57.3,26,6611.81,4.49,1,1.0,1,51.900000000000006,19.5,35.3,32.94285714285714,14.4,172.57142857142858,0,0,0,0,1,0.2462,1.086,47.37
ORD_53087,W_eec38e5831cb6717,ZONE_DEL_01,2026-08-03,41,8,6611.81,3127.74,3484.07,146.1,0.539,Delhi_NCR,Metro,Food_Delivery,Scooter,1.0,95,Full-Time,57.3,26,6611.81,4.49,1,1.0,1,132.8,58.3,33.8,31.17142857142857,15.8,126.57142857142856,0,0,1,0,1,0.4771,1.221,63.12
ORD_53088,W_eec38e5831cb6717,ZONE_DEL_01,2026-08-10,87,4,6611.81,6529.49,82.32,330.5,0.0,Delhi_NCR,Metro,Food_Delivery,Scooter,1.0,95,Full-Time,57.3,26,6611.81,4.49,1,1.0,1,45.8,12.5,34.4,32.614285714285714,11.1,170.42857142857142,0,0,0,1,1,0.2309,1.076,46.36
ORD_53089,W_eec38e5831cb6717,ZONE_DEL_01,2026-08-17,73,6,6611.81,5537.13,1074.68,289.7,0.15,Delhi_NCR,Metro,Food_Delivery,Scooter,1.0,95,Full-Time,57.3,26,6611.81,4.49,1,1.0,1,34.3,8.2,33.6,33.15714285714286,11.7,140.0,1,0,1,0,1,0.2655,1.057,46.82
ORD_53090,W_eec38e5831cb6717,ZONE_DEL_01,2026-08-24,87,4,6611.81,6528.04,83.77,402.6,0.0,Delhi_NCR,Metro,Food_Delivery,Scooter,1.0,95,Full-Time,57.3,26,6611.81,4.49,1,1.0,1,24.5,13.5,34.9,33.44285714285714,13.9,168.0,0,0,0,1,1,0.1811,1.041,43.03
ORD_53091,W_eec38e5831cb6717,ZONE_DEL_01,2026-08-31,89,4,6611.81,6715.37,0.0,532.3,0.0,Delhi_NCR,Metro,Food_Delivery,Scooter,1.0,95,Full-Time,57.3,26,6611.81,4.49,1,1.0,1,76.6,23.5,34.4,31.24285714285714,13.1,145.57142857142858,0,0,0,1,1,0.2815,1.128,50.59
ORD_53092,W_eec38e5831cb6717,ZONE_DEL_01,2026-09-07,87,4,6611.81,6546.09,65.72,349.7,0.0,Delhi_NCR,Metro,Food_Delivery,Scooter,1.0,95,Full-Time,57.3,26,6611.81,4.49,1,1.0,1,19.1,8.7,34.4,32.471428571428575,14.1,142.0,0,0,0,0,1,0.1495,1.032,41.52
ORD_53093,W_eec38e5831cb6717,ZONE_DEL_01,2026-09-14,86,4,6611.81,6460.22,151.59,499.3,0.0,Delhi_NCR,Metro,Food_Delivery,Scooter,1.0,95,Full-Time,57.3,26,6611.81,4.49,1,1.0,1,7.6,3.7,35.0,33.05,14.4,149.0,0,0,0,0,1,0.1288,1.013,40.02
ORD_53094,W_d7366d85e70820dd,ZONE_DEL_01,2026-06-22,72,3,5373.81,5412.31,0.0,340.5,0.0,Delhi_NCR,Metro,Q_Commerce,Bike,1.2,319,Full-Time,52.9,26,5373.81,4.99,1,1.05,1,4.0,1.2,41.9,40.425,14.3,188.25,0,0,0,1,1,0.1502,1.007,42.57
ORD_53095,W_d7366d85e70820dd,ZONE_DEL_01,2026-06-29,58,5,5373.81,4381.77,992.04,273.4,0.155,Delhi_NCR,Metro,Q_Commerce,Bike,1.2,319,Full-Time,52.9,26,5373.81,4.99,1,1.05,1,20.0,6.8,41.7,35.84285714285714,14.4,157.71428571428572,0,0,0,0,1,0.1633,1.033,44.16
ORD_53096,W_d7366d85e70820dd,ZONE_DEL_01,2026-07-06,15,4,5373.81,1196.26,4177.55,88.3,0.787,Delhi_NCR,Metro,Q_Commerce,Bike,1.2,319,Full-Time,52.9,26,5373.81,4.99,1,1.05,1,122.9,99.8,36.7,32.9,18.9,156.0,1,0,2,0,1,0.5602,1.205,69.09
ORD_53097,W_d7366d85e70820dd,ZONE_DEL_01,2026-07-13,68,3,5373.81,5150.21,223.6,332.9,0.0,Delhi_NCR,Metro,Q_Commerce,Bike,1.2,319,Full-Time,52.9,26,5373.81,4.99,1,1.05,1,9.8,3.7,37.4,36.55714285714286,19.6,129.42857142857142,0,0,0,0,1,0.1191,1.016,41.78
ORD_53098,W_d7366d85e70820dd,ZONE_DEL_01,2026-07-20,55,6,5373.81,4151.45,1222.36,322.7,0.221,Delhi_NCR,Metro,Q_Commerce,Bike,1.2,319,Full-Time,52.9,26,5373.81,4.99,1,1.05,1,74.3,31.9,33.7,31.8,16.5,132.71428571428572,0,0,0,0,1,0.2667,1.124,52.32
ORD_53099,W_d7366d85e70820dd,ZONE_DEL_01,2026-07-27,71,3,5373.81,5388.6,0.0,312.6,0.0,Delhi_NCR,Metro,Q_Commerce,Bike,1.2,319,Full-Time,52.9,26,5373.81,4.99,1,1.05,1,51.900000000000006,19.5,35.3,32.94285714285714,14.4,172.57142857142858,0,0,0,0,1,0.2462,1.086,49.74
ORD_53100,W_d7366d85e70820dd,ZONE_DEL_01,2026-08-03,28,6,5373.81,2103.97,3269.84,145.2,0.62,Delhi_NCR,Metro,Q_Commerce,Bike,1.2,319,Full-Time,52.9,26,5373.81,4.99,1,1.05,1,132.8,58.3,33.8,31.17142857142857,15.8,126.57142857142856,0,0,1,0,1,0.4771,1.221,66.28
ORD_53101,W_d7366d85e70820dd,ZONE_DEL_01,2026-08-10,71,3,5373.81,5356.65,17.16,290.2,0.0,Delhi_NCR,Metro,Q_Commerce,Bike,1.2,319,Full-Time,52.9,26,5373.81,4.99,1,1.05,1,45.8,12.5,34.4,32.614285714285714,11.1,170.42857142857142,0,0,0,1,1,0.2309,1.076,48.67
ORD_53102,W_d7366d85e70820dd,ZONE_DEL_01,2026-08-17,59,5,5373.81,4492.03,881.78,359.4,0.15,Delhi_NCR,Metro,Q_Commerce,Bike,1.2,319,Full-Time,52.9,26,5373.81,4.99,1,1.05,1,34.3,8.2,33.6,33.15714285714286,11.7,140.0,1,0,1,0,1,0.2655,1.057,49.16
ORD_53103,W_d7366d85e70820dd,ZONE_DEL_01,2026-08-24,71,3,5373.81,5384.61,0.0,325.3,0.0,Delhi_NCR,Metro,Q_Commerce,Bike,1.2,319,Full-Time,52.9,26,5373.81,4.99,1,1.05,1,24.5,13.5,34.9,33.44285714285714,13.9,168.0,0,0,0,1,1,0.1811,1.041,45.19
ORD_53104,W_d7366d85e70820dd,ZONE_DEL_01,2026-08-31,68,4,5373.81,5115.77,258.04,300.4,0.074,Delhi_NCR,Metro,Q_Commerce,Bike,1.2,319,Full-Time,52.9,26,5373.81,4.99,1,1.05,1,76.6,23.5,34.4,31.24285714285714,13.1,145.57142857142858,0,0,0,1,1,0.2815,1.128,53.12
ORD_53105,W_d7366d85e70820dd,ZONE_DEL_01,2026-09-07,69,3,5373.81,5201.15,172.66,350.5,0.0,Delhi_NCR,Metro,Q_Commerce,Bike,1.2,319,Full-Time,52.9,26,5373.81,4.99,1,1.05,1,19.1,8.7,34.4,32.471428571428575,14.1,142.0,0,0,0,0,1,0.1495,1.032,43.6
ORD_53106,W_d7366d85e70820dd,ZONE_DEL_01,2026-09-14,72,3,5373.81,5462.59,0.0,390.6,0.0,Delhi_NCR,Metro,Q_Commerce,Bike,1.2,319,Full-Time,52.9,26,5373.81,4.99,1,1.05,1,7.6,3.7,35.0,33.05,14.4,149.0,0,0,0,0,1,0.1288,1.013,42.02
ORD_53107,W_0f0fadf154903acc,ZONE_DEL_01,2026-06-22,70,3,5069.02,5262.65,0.0,315.2,0.0,Delhi_NCR,Metro,E_Commerce,Scooter,1.0,192,Full-Time,50.1,26,5069.02,4.6,1,1.0,1,4.0,1.2,41.9,40.425,14.3,188.25,0,0,0,1,1,0.1502,1.007,40.54
ORD_53108,W_0f0fadf154903acc,ZONE_DEL_01,2026-06-29,54,5,5069.02,4101.43,967.59,328.7,0.155,Delhi_NCR,Metro,E_Commerce,Scooter,1.0,192,Full-Time,50.1,26,5069.02,4.6,1,1.0,1,20.0,6.8,41.7,35.84285714285714,14.4,157.71428571428572,0,0,0,0,1,0.1633,1.033,42.06
ORD_53109,W_0f0fadf154903acc,ZONE_DEL_01,2026-07-06,17,4,5069.02,1349.57,3719.45,90.1,0.737,Delhi_NCR,Metro,E_Commerce,Scooter,1.0,192,Full-Time,50.1,26,5069.02,4.6,1,1.0,1,122.9,99.8,36.7,32.9,18.9,156.0,1,0,2,0,1,0.5602,1.205,65.8
ORD_53110,W_0f0fadf154903acc,ZONE_DEL_01,2026-07-13,67,3,5069.02,5092.6,0.0,271.6,0.0,Delhi_NCR,Metro,E_Commerce,Scooter,1.0,192,Full-Time,50.1,26,5069.02,4.6,1,1.0,1,9.8,3.7,37.4,36.55714285714286,19.6,129.42857142857142,0,0,0,0,1,0.1191,1.016,39.8
ORD_53111,W_0f0fadf154903acc,ZONE_DEL_01,2026-07-20,51,6,5069.02,3847.93,1221.09,254.6,0.263,Delhi_NCR,Metro,E_Commerce,Scooter,1.0,192,Full-Time,50.1,26,5069.02,4.6,1,1.0,1,74.3,31.9,33.7,31.8,16.5,132.71428571428572,0,0,0,0,1,0.2667,1.124,49.83
ORD_53112,W_0f0fadf154903acc,ZONE_DEL_01,2026-07-27,67,3,5069.02,5063.22,5.8,255.1,0.0,Delhi_NCR,Metro,E_Commerce,Scooter,1.0,192,Full-Time,50.1,26,5069.02,4.6,1,1.0,1,51.900000000000006,19.5,35.3,32.94285714285714,14.4,172.57142857142858,0,0,0,0,1,0.2462,1.086,47.37
ORD_53113,W_0f0fadf154903acc,ZONE_DEL_01,2026-08-03,32,6,5069.02,2410.1,2658.92,138.9,0.517,Delhi_NCR,Metro,E_Commerce,Scooter,1.0,192,Full-Time,50.1,26,5069.02,4.6,1,1.0,1,132.8,58.3,33.8,31.17142857142857,15.8,126.57142857142856,0,0,1,0,1,0.4771,1.221,63.12
ORD_53114,W_0f0fadf154903acc,ZONE_DEL_01,2026-08-10,70,3,5069.02,5298.98,0.0,393.1,0.0,Delhi_NCR,Metro,E_Commerce,Scooter,1.0,192,Full-Time,50.1,26,5069.02,4.6,1,1.0,1,45.8,12.5,34.4,32.614285714285714,11.1,170.42857142857142,0,0,0,1,1,0.2309,1.076,46.36
ORD_53115,W_0f0fadf154903acc,ZONE_DEL_01,2026-08-17,58,5,5069.02,4377.57,691.45,284.1,0.15,Delhi_NCR,Metro,E_Commerce,Scooter,1.0,192,Full-Time,50.1,26,5069.02,4.6,1,1.0,1,34.3,8.2,33.6,33.15714285714286,11.7,140.0,1,0,1,0,1,0.2655,1.057,46.82
ORD_53116,W_0f0fadf154903acc,ZONE_DEL_01,2026-08-24,65,3,5069.02,4900.41,168.61,399.2,0.0,Delhi_NCR,Metro,E_Commerce,Scooter,1.0,192,Full-Time,50.1,26,5069.02,4.6,1,1.0,1,24.5,13.5,34.9,33.44285714285714,13.9,168.0,0,0,0,1,1,0.1811,1.041,43.03
ORD_53117,W_0f0fadf154903acc,ZONE_DEL_01,2026-08-31,64,3,5069.02,4839.3,229.72,309.3,0.006,Delhi_NCR,Metro,E_Commerce,Scooter,1.0,192,Full-Time,50.1,26,5069.02,4.6,1,1.0,1,76.6,23.5,34.4,31.24285714285714,13.1,145.57142857142858,0,0,0,1,1,0.2815,1.128,50.59
ORD_53118,W_0f0fadf154903acc,ZONE_DEL_01,2026-09-07,70,3,5069.02,5258.6,0.0,412.7,0.0,Delhi_NCR,Metro,E_Commerce,Scooter,1.0,192,Full-Time,50.1,26,5069.02,4.6,1,1.0,1,19.1,8.7,34.4,32.471428571428575,14.1,142.0,0,0,0,0,1,0.1495,1.032,41.52
ORD_53119,W_0f0fadf154903acc,ZONE_DEL_01,2026-09-14,64,3,5069.02,4821.13,247.89,377.2,0.0,Delhi_NCR,Metro,E_Commerce,Scooter,1.0,192,Full-Time,50.1,26,5069.02,4.6,1,1.0,1,7.6,3.7,35.0,33.05,14.4,149.0,0,0,0,0,1,0.1288,1.013,40.02
ORD_53120,W_7f8fae32e08b63ff,ZONE_MAA_01,2026-06-22,76,3,5835.29,5701.94,133.35,274.0,0.0,Chennai,Metro,Food_Delivery,Scooter,1.0,141,Full-Time,56.1,24,5835.29,5.0,1,1.0,1,33.7,24.5,37.6,36.225,17.3,159.25,0,0,0,1,1,0.1953,1.056,44.18
ORD_53121,W_7f8fae32e08b63ff,ZONE_MAA_01,2026-06-29,80,4,5835.29,6038.24,0.0,466.6,0.0,Chennai,Metro,Food_Delivery,Scooter,1.0,141,Full-Time,56.1,24,5835.29,5.0,1,1.0,1,11.8,5.8,38.4,35.55714285714286,23.0,123.0,0,0,0,0,1,0.1188,1.02,39.94
ORD_53122,W_7f8fae32e08b63ff,ZONE_MAA_01,2026-07-06,66,6,5835.29,5007.73,827.56,333.4,0.15,Chennai,Metro,Food_Delivery,Scooter,1.0,141,Full-Time,56.1,24,5835.29,5.0,1,1.0,1,9.3,5.2,39.2,37.55714285714286,26.3,163.28571428571428,1,0,1,0,1,0.2267,1.016,43.62
ORD_53123,W_7f8fae32e08b63ff,ZONE_MAA_01,2026-07-13,80,4,5835.29,6018.0,0.0,449.8,0.0,Chennai,Metro,Food_Delivery,Scooter,1.0,141,Full-Time,56.1,24,5835.29,5.0,1,1.0,1,11.3,4.9,38.7,36.51428571428571,19.1,141.57142857142858,0,0,0,0,1,0.1316,1.019,40.36
ORD_53124,W_7f8fae32e08b63ff,ZONE_MAA_01,2026-07-20,71,6,5835.29,5335.38,499.91,354.5,0.12,Chennai,Metro,Food_Delivery,Scooter,1.0,141,Full-Time,56.1,24,5835.29,5.0,1,1.0,1,35.6,10.7,36.4,34.714285714285715,17.5,131.57142857142858,0,0,0,0,1,0.1788,1.059,43.69
ORD_53125,W_7f8fae32e08b63ff,ZONE_MAA_01,2026-07-27,81,4,5835.29,6108.18,0.0,501.4,0.0,Chennai,Metro,Food_Delivery,Scooter,1.0,141,Full-Time,56.1,24,5835.29,5.0,1,1.0,1,26.0,8.2,37.6,36.48571428571429,23.1,145.14285714285714,0,0,0,0,1,0.1674,1.043,42.62
ORD_53126,W_7f8fae32e08b63ff,ZONE_MAA_01,2026-08-03,74,3,5835.29,5611.53,223.76,428.7,0.0,Chennai,Metro,Food_Delivery,Scooter,1.0,141,Full-Time,56.1,24,5835.29,5.0,1,1.0,1,38.5,6.7,34.8,33.94285714285714,19.7,150.71428571428572,0,0,0,0,1,0.1997,1.064,44.68
ORD_53127,W_7f8fae32e08b63ff,ZONE_MAA_01,2026-08-10,77,3,5835.29,5835.19,0.1,350.1,0.0,Chennai,Metro,Food_Delivery,Scooter,1.0,141,Full-Time,56.1,24,5835.29,5.0,1,1.0,1,15.6,9.3,35.5,35.08571428571428,18.4,153.57142857142858,1,0,1,1,1,0.2336,1.026,44.3
ORD_53128,W_7f8fae32e08b63ff,ZONE_MAA_01,2026-08-17,78,3,5835.29,5901.27,0.0,284.8,0.0,Chennai,Metro,Food_Delivery,Scooter,1.0,141,Full-Time,56.1,24,5835.29,5.0,1,1.0,1,29.4,12.9,36.3,35.75714285714285,20.7,143.71428571428572,0,0,0,0,1,0.1739,1.049,43.1
ORD_53129,W_7f8fae32e08b63ff,ZONE_MAA_01,2026-08-24,77,3,5835.29,5839.06,0.0,450.6,0.0,Chennai,Metro,Food_Delivery,Scooter,1.0,141,Full-Time,56.1,24,5835.29,5.0,1,1.0,1,15.1,7.6,36.6,34.77142857142857,18.4,144.14285714285714,1,0,1,1,1,0.2254,1.025,43.96
ORD_53130,W_7f8fae32e08b63ff,ZONE_MAA_01,2026-08-31,75,3,5835.29,5668.09,167.2,348.8,0.0,Chennai,Metro,Food_Delivery,Scooter,1.0,141,Full-Time,56.1,24,5835.29,5.0,1,1.0,1,13.1,3.6,35.6,34.41428571428571,16.9,156.85714285714286,1,0,1,1,1,0.2305,1.022,44.01
ORD_53131,W_7f8fae32e08b63ff,ZONE_MAA_01,2026-09-07,81,4,5835.29,6091.74,0.0,377.2,0.0,Chennai,Metro,Food_Delivery,Scooter,1.0,141,Full-Time,56.1,24,5835.29,5.0,1,1.0,1,23.3,11.4,35.6,34.214285714285715,14.8,136.57142857142858,0,0,0,0,1,0.1549,1.039,42.0
ORD_53132,W_7f8fae32e08b63ff,ZONE_MAA_01,2026-09-14,65,6,5835.29,4889.75,945.54,304.8,0.15,Chennai,Metro,Food_Delivery,Scooter,1.0,141,Full-Time,56.1,24,5835.29,5.0,1,1.0,1,27.4,22.7,36.0,33.525,13.4,152.75,0,1,1,0,1,0.2595,1.046,46.11
ORD_53133,W_61c848c01c1489b0,ZONE_BOM_01,2026-06-22,61,3,4594.73,4603.67,0.0,317.6,0.0,Mumbai,Metro,Food_Delivery,Bike,1.2,113,Full-Time,48.9,28,4594.73,3.94,1,1.05,1,24.8,11.5,31.1,30.425,15.3,184.0,0,0,0,1,1,0.1938,1.041,45.67
ORD_53134,W_61c848c01c1489b0,ZONE_BOM_01,2026-06-29,9,2,4594.73,685.91,3908.82,51.4,0.85,Mumbai,Metro,Food_Delivery,Bike,1.2,113,Full-Time,48.9,28,4594.73,3.94,1,1.05,1,493.0,136.9,28.6,27.642857142857142,30.3,147.0,0,0,6,0,1,1.0,1.822,79.0
ORD_53135,W_61c848c01c1489b0,ZONE_BOM_01,2026-07-06,9,2,4594.73,686.7,3908.03,47.5,0.848,Mumbai,Metro,Food_Delivery,Bike,1.2,113,Full-Time,48.9,28,4594.73,3.94,1,1.05,1,235.5,131.8,30.2,29.142857142857142,34.6,143.85714285714286,0,0,2,0,1,0.8044,1.392,79.0
ORD_53136,W_61c848c01c1489b0,ZONE_BOM_01,2026-07-13,33,6,4594.73,2499.3,2095.43,120.5,0.459,Mumbai,Metro,Food_Delivery,Bike,1.2,113,Full-Time,48.9,28,4594.73,3.94,1,1.05,1,92.5,33.1,30.6,29.82857142857143,21.8,156.42857142857142,1,0,1,0,1,0.4088,1.154,59.75
ORD_53137,W_61c848c01c1489b0,ZONE_BOM_01,2026-07-20,8,2,4594.73,674.41,3920.32,34.1,0.85,Mumbai,Metro,Food_Delivery,Bike,1.2,113,Full-Time,48.9,28,4594.73,3.94,1,1.05,1,354.8,107.0,29.6,28.74285714285714,34.0,158.42857142857142,0,0,4,0,1,1.0,1.591,79.0
ORD_53138,W_61c848c01c1489b0,ZONE_BOM_01,2026-07-27,24,5,4594.73,1829.75,2764.98,133.0,0.582,Mumbai,Metro,Food_Delivery,Bike,1.2,113,Full-Time,48.9,28,4594.73,3.94,1,1.05,1,120.9,42.9,29.6,28.957142857142856,25.3,151.42857142857142,0,0,0,0,1,0.3856,1.202,61.21
ORD_53139,W_61c848c01c1489b0,ZONE_BOM_01,2026-08-03,37,5,4594.73,2827.24,1767.49,182.2,0.373,Mumbai,Metro,Food_Delivery,Bike,1.2,113,Full-Time,48.9,28,4594.73,3.94,1,1.05,1,76.8,18.7,29.7,29.285714285714285,21.2,139.0,0,0,0,0,1,0.277,1.128,52.94
ORD_53140,W_61c848c01c1489b0,ZONE_BOM_01,2026-08-10,46,6,4594.73,3474.42,1120.31,171.6,0.272,Mumbai,Metro,Food_Delivery,Bike,1.2,113,Full-Time,48.9,28,4594.73,3.94,1,1.05,1,96.6,30.6,29.7,28.61428571428572,19.0,142.57142857142858,0,0,0,1,1,0.3243,1.161,56.5
ORD_53141,W_61c848c01c1489b0,ZONE_BOM_01,2026-08-17,28,6,4594.73,2139.93,2454.8,144.6,0.55,Mumbai,Metro,Food_Delivery,Bike,1.2,113,Full-Time,48.9,28,4594.73,3.94,1,1.05,1,61.0,16.7,29.7,29.228571428571428,20.6,146.28571428571428,1,0,1,0,1,0.3303,1.102,53.88
ORD_53142,W_61c848c01c1489b0,ZONE_BOM_01,2026-08-24,59,2,4594.73,4499.31,95.42,273.5,0.0,Mumbai,Metro,Food_Delivery,Bike,1.2,113,Full-Time,48.9,28,4594.73,3.94,1,1.05,1,36.4,7.6,29.6,29.25714285714286,21.1,134.0,1,0,1,1,1,0.2657,1.061,49.35
ORD_53143,W_61c848c01c1489b0,ZONE_BOM_01,2026-08-31,57,4,4594.73,4296.29,298.44,337.0,0.107,Mumbai,Metro,Food_Delivery,Bike,1.2,113,Full-Time,48.9,28,4594.73,3.94,1,1.05,1,61.0,16.1,29.6,29.042857142857144,18.4,158.28571428571428,0,0,0,1,1,0.256,1.102,50.87
ORD_53144,W_61c848c01c1489b0,ZONE_BOM_01,2026-09-07,60,3,4594.73,4522.33,72.4,371.7,0.0,Mumbai,Metro,Food_Delivery,Bike,1.2,113,Full-Time,48.9,28,4594.73,3.94,1,1.05,1,52.9,25.5,30.0,29.071428571428573,15.3,169.57142857142858,0,0,0,0,1,0.2462,1.088,49.83
ORD_53145,W_61c848c01c1489b0,ZONE_BOM_01,2026-09-14,58,2,4594.73,4366.6,228.13,207.3,0.0,Mumbai,Metro,Food_Delivery,Bike,1.2,113,Full-Time,48.9,28,4594.73,3.94,1,1.05,1,23.3,10.3,30.0,29.625,20.1,162.0,0,0,0,0,1,0.1739,1.039,44.82
ORD_53146,W_19edd0cc57005c21,ZONE_BLR_01,2026-06-22,72,3,5261.86,5432.26,0.0,290.8,0.0,Bangalore,Metro,Food_Delivery,Scooter,1.0,93,Full-Time,51.8,26,5261.86,4.46,1,1.0,1,16.3,5.3,30.1,29.475,20.2,135.25,0,0,0,1,1,0.1381,1.027,40.91
ORD_53147,W_19edd0cc57005c21,ZONE_BLR_01,2026-06-29,57,5,5261.86,4276.13,985.73,236.0,0.15,Bangalore,Metro,Food_Delivery,Scooter,1.0,93,Full-Time,51.8,26,5261.86,4.46,1,1.0,1,20.1,8.4,29.2,27.985714285714288,29.9,153.85714285714286,1,0,1,0,1,0.244,1.034,45.02
ORD_53148,W_19edd0cc57005c21,ZONE_BLR_01,2026-07-06,69,3,5261.86,5222.97,38.89,377.6,0.0,Bangalore,Metro,Food_Delivery,Scooter,1.0,93,Full-Time,51.8,26,5261.86,4.46,1,1.0,1,8.399999999999999,3.3,31.8,29.77142857142857,29.7,172.71428571428572,0,0,0,0,1,0.1484,1.014,40.76
ORD_53149,W_19edd0cc57005c21,ZONE_BLR_01,2026-07-13,71,3,5261.86,5327.28,0.0,294.1,0.0,Bangalore,Metro,Food_Delivery,Scooter,1.0,93,Full-Time,51.8,26,5261.86,4.46,1,1.0,1,16.8,9.8,32.1,29.785714285714285,20.5,124.57142857142856,0,0,0,0,1,0.1312,1.028,40.7
ORD_53150,W_19edd0cc57005c21,ZONE_BLR_01,2026-07-20,59,5,5261.86,4474.04,787.82,354.0,0.15,Bangalore,Metro,Food_Delivery,Scooter,1.0,93,Full-Time,51.8,26,5261.86,4.46,1,1.0,1,33.4,8.9,29.5,28.414285714285715,21.1,162.85714285714286,1,0,1,0,1,0.2806,1.056,47.33
ORD_53151,W_19edd0cc57005c21,ZONE_BLR_01,2026-07-27,72,3,5261.86,5427.61,0.0,314.8,0.0,Bangalore,Metro,Food_Delivery,Scooter,1.0,93,Full-Time,51.8,26,5261.86,4.46,1,1.0,1,28.8,17.0,29.7,28.685714285714287,25.0,169.42857142857142,0,0,0,0,1,0.1919,1.048,43.72
ORD_53152,W_19edd0cc57005c21,ZONE_BLR_01,2026-08-03,50,6,5261.86,3774.43,1487.43,183.4,0.297,Bangalore,Metro,Food_Delivery,Scooter,1.0,93,Full-Time,51.8,26,5261.86,4.46,1,1.0,1,76.3,18.5,28.3,27.285714285714285,21.1,143.0,0,0,0,0,1,0.2789,1.127,50.45
ORD_53153,W_19edd0cc57005c21,ZONE_BLR_01,2026-08-10,66,3,5261.86,5017.27,244.59,261.0,0.0,Bangalore,Metro,Food_Delivery,Scooter,1.0,93,Full-Time,51.8,26,5261.86,4.46,1,1.0,1,19.9,5.6,30.7,29.17142857142857,21.8,129.0,0,0,0,1,1,0.1415,1.033,41.27
ORD_53154,W_19edd0cc57005c21,ZONE_BLR_01,2026-08-17,60,5,5261.86,4574.49,687.37,239.8,0.15,Bangalore,Metro,Food_Delivery,Scooter,1.0,93,Full-Time,51.8,26,5261.86,4.46,1,1.0,1,31.4,9.8,29.9,28.4,22.2,146.57142857142858,1,0,1,0,1,0.2639,1.052,46.54
ORD_53155,W_19edd0cc57005c21,ZONE_BLR_01,2026-08-24,70,3,5261.86,5267.9,0.0,262.6,0.0,Bangalore,Metro,Food_Delivery,Scooter,1.0,93,Full-Time,51.8,26,5261.86,4.46,1,1.0,1,35.7,18.2,28.8,28.014285714285712,22.3,167.14285714285714,0,0,0,1,1,0.2057,1.06,44.73
ORD_53156,W_19edd0cc57005c21,ZONE_BLR_01,2026-08-31,73,3,5261.86,5483.32,0.0,323.3,0.0,Bangalore,Metro,Food_Delivery,Scooter,1.0,93,Full-Time,51.8,26,5261.86,4.46,1,1.0,1,13.2,3.6,30.8,29.542857142857144,19.3,142.71428571428572,1,0,1,1,1,0.2201,1.022,43.64
ORD_53157,W_19edd0cc57005c21,ZONE_BLR_01,2026-09-07,73,3,5261.86,5476.61,0.0,441.7,0.0,Bangalore,Metro,Food_Delivery,Scooter,1.0,93,Full-Time,51.8,26,5261.86,4.46,1,1.0,1,8.5,5.1,31.0,30.62857142857143,14.9,128.28571428571428,0,0,0,0,1,0.1153,1.014,39.58
ORD_53158,W_19edd0cc57005c21,ZONE_BLR_01,2026-09-14,66,3,5261.86,5001.99,259.87,313.7,0.0,Bangalore,Metro,Food_Delivery,Scooter,1.0,93,Full-Time,51.8,26,5261.86,4.46,1,1.0,1,33.1,9.6,30.8,30.425,13.6,137.5,0,0,0,0,1,0.1776,1.055,43.48
ORD_53159,W_db413471d374ad93,ZONE_BLR_01,2026-06-22,31,1,2504.34,2385.3,119.04,184.6,0.0,Bangalore,Metro,Food_Delivery,Bike,1.2,56,Part-Time,24.6,14,2504.34,5.0,1,1.05,0,16.3,5.3,30.1,29.475,20.2,135.25,0,0,0,1,1,0.1381,1.027,42.95
ORD_53160,W_db413471d374ad93,ZONE_BLR_01,2026-06-29,28,2,2504.34,2132.61,371.73,103.7,0.15,Bangalore,Metro,Food_Delivery,Bike,1.2,56,Part-Time,24.6,14,2504.34,5.0,1,1.05,0,20.1,8.4,29.2,27.985714285714288,29.9,153.85714285714286,1,0,1,0,1,0.244,1.034,47.27
ORD_53161,W_db413471d374ad93,ZONE_BLR_01,2026-07-06,32,1,2504.34,2406.74,97.6,145.1,0.0,Bangalore,Metro,Food_Delivery,Bike,1.2,56,Part-Time,24.6,14,2504.34,5.0,1,1.05,0,8.399999999999999,3.3,31.8,29.77142857142857,29.7,172.71428571428572,0,0,0,0,1,0.1484,1.014,42.79
ORD_53162,W_db413471d374ad93,ZONE_BLR_01,2026-07-13,34,1,2504.34,2614.59,0.0,182.6,0.0,Bangalore,Metro,Food_Delivery,Bike,1.2,56,Part-Time,24.6,14,2504.34,5.0,1,1.05,0,16.8,9.8,32.1,29.785714285714285,20.5,124.57142857142856,0,0,0,0,1,0.1312,1.028,42.74
ORD_53163,W_db413471d374ad93,ZONE_BLR_01,2026-07-20,29,2,2504.34,2206.94,297.4,130.2,0.15,Bangalore,Metro,Food_Delivery,Bike,1.2,56,Part-Time,24.6,14,2504.34,5.0,1,1.05,0,33.4,8.9,29.5,28.414285714285715,21.1,162.85714285714286,1,0,1,0,1,0.2806,1.056,49.7
ORD_53164,W_db413471d374ad93,ZONE_BLR_01,2026-07-27,31,1,2504.34,2389.95,114.39,190.1,0.0,Bangalore,Metro,Food_Delivery,Bike,1.2,56,Part-Time,24.6,14,2504.34,5.0,1,1.05,0,28.8,17.0,29.7,28.685714285714287,25.0,169.42857142857142,0,0,0,0,1,0.1919,1.048,45.9
ORD_53165,W_db413471d374ad93,ZONE_BLR_01,2026-08-03,28,2,2504.34,2137.4,366.94,125.9,0.183,Bangalore,Metro,Food_Delivery,Bike,1.2,56,Part-Time,24.6,14,2504.34,5.0,1,1.05,0,76.3,18.5,28.3,27.285714285714285,21.1,143.0,0,0,0,0,1,0.2789,1.127,52.97
ORD_53166,W_db413471d374ad93,ZONE_BLR_01,2026-08-10,31,1,2504.34,2381.65,122.69,166.2,0.0,Bangalore,Metro,Food_Delivery,Bike,1.2,56,Part-Time,24.6,14,2504.34,5.0,1,1.05,0,19.9,5.6,30.7,29.17142857142857,21.8,129.0,0,0,0,1,1,0.1415,1.033,43.33
ORD_53167,W_db413471d374ad93,ZONE_BLR_01,2026-08-17,29,2,2504.34,2230.98,273.36,177.1,0.15,Bangalore,Metro,Food_Delivery,Bike,1.2,56,Part-Time,24.6,14,2504.34,5.0,1,1.05,0,31.4,9.8,29.9,28.4,22.2,146.57142857142858,1,0,1,0,1,0.2639,1.052,48.86
ORD_53168,W_db413471d374ad93,ZONE_BLR_01,2026-08-24,32,1,2504.34,2419.43,84.91,127.7,0.0,Bangalore,Metro,Food_Delivery,Bike,1.2,56,Part-Time,24.6,14,2504.34,5.0,1,1.05,0,35.7,18.2,28.8,28.014285714285712,22.3,167.14285714285714,0,0,0,1,1,0.2057,1.06,46.97
ORD_53169,W_db413471d374ad93,ZONE_BLR_01,2026-08-31,33,1,2504.34,2520.75,0.0,172.3,0.0,Bangalore,Metro,Food_Delivery,Bike,1.2,56,Part-Time,24.6,14,2504.34,5.0,1,1.05,0,13.2,3.6,30.8,29.542857142857144,19.3,142.71428571428572,1,0,1,1,1,0.2201,1.022,45.83
ORD_53170,W_db413471d374ad93,ZONE_BLR_01,2026-09-07,34,1,2504.34,2564.3,0.0,135.6,0.0,Bangalore,Metro,Food_Delivery,Bike,1.2,56,Part-Time,24.6,14,2504.34,5.0,1,1.05,0,8.5,5.1,31.0,30.62857142857143,14.9,128.28571428571428,0,0,0,0,1,0.1153,1.014,41.56
ORD_53171,W_db413471d374ad93,ZONE_BLR_01,2026-09-14,34,1,2504.34,2619.29,0.0,177.6,0.0,Bangalore,Metro,Food_Delivery,Bike,1.2,56,Part-Time,24.6,14,2504.34,5.0,1,1.05,0,33.1,9.6,30.8,30.425,13.6,137.5,0,0,0,0,1,0.1776,1.055,45.66
ORD_53172,W_6972b4e5745cde14,ZONE_DEL_01,2026-06-22,92,4,6717.4,6950.53,0.0,456.2,0.0,Delhi_NCR,Metro,Food_Delivery,Bicycle,1.8,305,Full-Time,68.6,24,6717.4,5.0,1,1.2,1,4.0,1.2,41.9,40.425,14.3,188.25,0,0,0,1,1,0.1502,1.007,48.65
ORD_53173,W_6972b4e5745cde14,ZONE_DEL_01,2026-06-29,75,7,6717.4,5627.54,1089.86,460.4,0.155,Delhi_NCR,Metro,Food_Delivery,Bicycle,1.8,305,Full-Time,68.6,24,6717.4,5.0,1,1.2,1,20.0,6.8,41.7,35.84285714285714,14.4,157.71428571428572,0,0,0,0,1,0.1633,1.033,50.47
ORD_53174,W_6972b4e5745cde14,ZONE_DEL_01,2026-07-06,13,3,6717.4,1044.58,5672.82,79.0,0.85,Delhi_NCR,Metro,Food_Delivery,Bicycle,1.8,305,Full-Time,68.6,24,6717.4,5.0,1,1.2,1,122.9,99.8,36.7,32.9,18.9,156.0,1,0,2,0,1,0.5602,1.205,78.96
ORD_53175,W_6972b4e5745cde14,ZONE_DEL_01,2026-07-13,91,4,6717.4,6835.19,0.0,453.4,0.0,Delhi_NCR,Metro,Food_Delivery,Bicycle,1.8,305,Full-Time,68.6,24,6717.4,5.0,1,1.2,1,9.8,3.7,37.4,36.55714285714286,19.6,129.42857142857142,0,0,0,0,1,0.1191,1.016,47.75
ORD_53176,W_6972b4e5745cde14,ZONE_DEL_01,2026-07-20,62,8,6717.4,4672.07,2045.33,250.6,0.271,Delhi_NCR,Metro,Food_Delivery,Bicycle,1.8,305,Full-Time,68.6,24,6717.4,5.0,1,1.2,1,74.3,31.9,33.7,31.8,16.5,132.71428571428572,0,0,0,0,1,0.2667,1.124,59.8
ORD_53177,W_6972b4e5745cde14,ZONE_DEL_01,2026-07-27,86,4,6717.4,6506.48,210.92,360.2,0.0,Delhi_NCR,Metro,Food_Delivery,Bicycle,1.8,305,Full-Time,68.6,24,6717.4,5.0,1,1.2,1,51.900000000000006,19.5,35.3,32.94285714285714,14.4,172.57142857142858,0,0,0,0,1,0.2462,1.086,56.84
ORD_53178,W_6972b4e5745cde14,ZONE_DEL_01,2026-08-03,13,3,6717.4,993.51,5723.89,60.3,0.85,Delhi_NCR,Metro,Food_Delivery,Bicycle,1.8,305,Full-Time,68.6,24,6717.4,5.0,1,1.2,1,132.8,58.3,33.8,31.17142857142857,15.8,126.57142857142856,0,0,1,0,1,0.4771,1.221,75.75
ORD_53179,W_6972b4e5745cde14,ZONE_DEL_01,2026-08-10,85,4,6717.4,6447.94,269.46,307.2,0.0,Delhi_NCR,Metro,Food_Delivery,Bicycle,1.8,305,Full-Time,68.6,24,6717.4,5.0,1,1.2,1,45.8,12.5,34.4,32.614285714285714,11.1,170.42857142857142,0,0,0,1,1,0.2309,1.076,55.63
ORD_53180,W_6972b4e5745cde14,ZONE_DEL_01,2026-08-17,77,7,6717.4,5809.11,908.29,381.2,0.15,Delhi_NCR,Metro,Food_Delivery,Bicycle,1.8,305,Full-Time,68.6,24,6717.4,5.0,1,1.2,1,34.3,8.2,33.6,33.15714285714286,11.7,140.0,1,0,1,0,1,0.2655,1.057,56.18
ORD_53181,W_6972b4e5745cde14,ZONE_DEL_01,2026-08-24,89,4,6717.4,6679.88,37.52,464.0,0.0,Delhi_NCR,Metro,Food_Delivery,Bicycle,1.8,305,Full-Time,68.6,24,6717.4,5.0,1,1.2,1,24.5,13.5,34.9,33.44285714285714,13.9,168.0,0,0,0,1,1,0.1811,1.041,51.64
ORD_53182,W_6972b4e5745cde14,ZONE_DEL_01,2026-08-31,62,8,6717.4,4711.7,2005.7,324.3,0.293,Delhi_NCR,Metro,Food_Delivery,Bicycle,1.8,305,Full-Time,68.6,24,6717.4,5.0,1,1.2,1,76.6,23.5,34.4,31.24285714285714,13.1,145.57142857142858,0,0,0,1,1,0.2815,1.128,60.71
ORD_53183,W_6972b4e5745cde14,ZONE_DEL_01,2026-09-07,93,4,6717.4,7022.08,0.0,536.3,0.0,Delhi_NCR,Metro,Food_Delivery,Bicycle,1.8,305,Full-Time,68.6,24,6717.4,5.0,1,1.2,1,19.1,8.7,34.4,32.471428571428575,14.1,142.0,0,0,0,0,1,0.1495,1.032,49.82
ORD_53184,W_6972b4e5745cde14,ZONE_DEL_01,2026-09-14,88,4,6717.4,6667.69,49.71,461.2,0.0,Delhi_NCR,Metro,Food_Delivery,Bicycle,1.8,305,Full-Time,68.6,24,6717.4,5.0,1,1.2,1,7.6,3.7,35.0,33.05,14.4,149.0,0,0,0,0,1,0.1288,1.013,48.03
ORD_53185,W_4ff28900e233d85d,ZONE_BOM_01,2026-06-22,72,3,5605.39,5424.38,181.01,361.0,0.0,Mumbai,Metro,Q_Commerce,Scooter,1.0,126,Full-Time,49.7,24,5605.39,4.45,1,1.0,1,24.8,11.5,31.1,30.425,15.3,184.0,0,0,0,1,1,0.1938,1.041,43.5
ORD_53186,W_4ff28900e233d85d,ZONE_BOM_01,2026-06-29,11,3,5605.39,842.35,4763.04,66.1,0.85,Mumbai,Metro,Q_Commerce,Scooter,1.0,126,Full-Time,49.7,24,5605.39,4.45,1,1.0,1,493.0,136.9,28.6,27.642857142857142,30.3,147.0,0,0,6,0,1,1.0,1.822,79.0
ORD_53187,W_4ff28900e233d85d,ZONE_BOM_01,2026-07-06,21,5,5605.39,1580.32,4025.07,106.3,0.731,Mumbai,Metro,Q_Commerce,Scooter,1.0,126,Full-Time,49.7,24,5605.39,4.45,1,1.0,1,235.5,131.8,30.2,29.142857142857142,34.6,143.85714285714286,0,0,2,0,1,0.8044,1.392,79.0
ORD_53188,W_4ff28900e233d85d,ZONE_BOM_01,2026-07-13,52,7,5605.39,3921.97,1683.42,220.6,0.306,Mumbai,Metro,Q_Commerce,Scooter,1.0,126,Full-Time,49.7,24,5605.39,4.45,1,1.0,1,92.5,33.1,30.6,29.82857142857143,21.8,156.42857142857142,1,0,1,0,1,0.4088,1.154,56.9
ORD_53189,W_4ff28900e233d85d,ZONE_BOM_01,2026-07-20,11,3,5605.39,867.79,4737.6,46.7,0.85,Mumbai,Metro,Q_Commerce,Scooter,1.0,126,Full-Time,49.7,24,5605.39,4.45,1,1.0,1,354.8,107.0,29.6,28.74285714285714,34.0,158.42857142857142,0,0,4,0,1,1.0,1.591,79.0
ORD_53190,W_4ff28900e233d85d,ZONE_BOM_01,2026-07-27,35,7,5605.39,2692.26,2913.13,140.9,0.509,Mumbai,Metro,Q_Commerce,Scooter,1.0,126,Full-Time,49.7,24,5605.39,4.45,1,1.0,1,120.9,42.9,29.6,28.957142857142856,25.3,151.42857142857142,0,0,0,0,1,0.3856,1.202,58.29
ORD_53191,W_4ff28900e233d85d,ZONE_BOM_01,2026-08-03,41,7,5605.39,3089.56,2515.83,210.1,0.441,Mumbai,Metro,Q_Commerce,Scooter,1.0,126,Full-Time,49.7,24,5605.39,4.45,1,1.0,1,76.8,18.7,29.7,29.285714285714285,21.2,139.0,0,0,0,0,1,0.277,1.128,50.42
ORD_53192,W_4ff28900e233d85d,ZONE_BOM_01,2026-08-10,54,7,5605.39,4105.42,1499.97,322.4,0.272,Mumbai,Metro,Q_Commerce,Scooter,1.0,126,Full-Time,49.7,24,5605.39,4.45,1,1.0,1,96.6,30.6,29.7,28.61428571428572,19.0,142.57142857142858,0,0,0,1,1,0.3243,1.161,53.81
ORD_53193,W_4ff28900e233d85d,ZONE_BOM_01,2026-08-17,33,7,5605.39,2547.18,3058.21,192.3,0.541,Mumbai,Metro,Q_Commerce,Scooter,1.0,126,Full-Time,49.7,24,5605.39,4.45,1,1.0,1,61.0,16.7,29.7,29.228571428571428,20.6,146.28571428571428,1,0,1,0,1,0.3303,1.102,51.31
ORD_53194,W_4ff28900e233d85d,ZONE_BOM_01,2026-08-24,72,3,5605.39,5426.61,178.78,357.8,0.0,Mumbai,Metro,Q_Commerce,Scooter,1.0,126,Full-Time,49.7,24,5605.39,4.45,1,1.0,1,36.4,7.6,29.6,29.25714285714286,21.1,134.0,1,0,1,1,1,0.2657,1.061,47.0
ORD_53195,W_4ff28900e233d85d,ZONE_BOM_01,2026-08-31,68,5,5605.39,5150.21,455.18,388.0,0.093,Mumbai,Metro,Q_Commerce,Scooter,1.0,126,Full-Time,49.7,24,5605.39,4.45,1,1.0,1,61.0,16.1,29.6,29.042857142857144,18.4,158.28571428571428,0,0,0,1,1,0.256,1.102,48.44
ORD_53196,W_4ff28900e233d85d,ZONE_BOM_01,2026-09-07,75,3,5605.39,5691.47,0.0,432.5,0.0,Mumbai,Metro,Q_Commerce,Scooter,1.0,126,Full-Time,49.7,24,5605.39,4.45,1,1.0,1,52.9,25.5,30.0,29.071428571428573,15.3,169.57142857142858,0,0,0,0,1,0.2462,1.088,47.46
ORD_53197,W_4ff28900e233d85d,ZONE_BOM_01,2026-09-14,78,3,5605.39,5854.54,0.0,330.5,0.0,Mumbai,Metro,Q_Commerce,Scooter,1.0,126,Full-Time,49.7,24,5605.39,4.45,1,1.0,1,23.3,10.3,30.0,29.625,20.1,162.0,0,0,0,0,1,0.1739,1.039,42.69
ORD_53198,W_aaf9a299ea466f7e,ZONE_DEL_01,2026-06-22,64,3,5021.57,4855.69,165.88,307.6,0.0,Delhi_NCR,Metro,Food_Delivery,Scooter,1.0,190,Full-Time,50.1,24,5021.57,5.0,1,1.0,1,4.0,1.2,41.9,40.425,14.3,188.25,0,0,0,1,1,0.1502,1.007,40.54
ORD_53199,W_aaf9a299ea466f7e,ZONE_DEL_01,2026-06-29,57,5,5021.57,4328.88,692.69,234.5,0.155,Delhi_NCR,Metro,Food_Delivery,Scooter,1.0,190,Full-Time,50.1,24,5021.57,5.0,1,1.0,1,20.0,6.8,41.7,35.84285714285714,14.4,157.71428571428572,0,0,0,0,1,0.1633,1.033,42.06
ORD_53200,W_aaf9a299ea466f7e,ZONE_DEL_01,2026-07-06,23,5,5021.57,1725.89,3295.68,140.7,0.651,Delhi_NCR,Metro,Food_Delivery,Scooter,1.0,190,Full-Time,50.1,24,5021.57,5.0,1,1.0,1,122.9,99.8,36.7,32.9,18.9,156.0,1,0,2,0,1,0.5602,1.205,65.8
ORD_53201,W_aaf9a299ea466f7e,ZONE_DEL_01,2026-07-13,68,3,5021.57,5119.47,0.0,311.7,0.0,Delhi_NCR,Metro,Food_Delivery,Scooter,1.0,190,Full-Time,50.1,24,5021.57,5.0,1,1.0,1,9.8,3.7,37.4,36.55714285714286,19.6,129.42857142857142,0,0,0,0,1,0.1191,1.016,39.8
ORD_53202,W_aaf9a299ea466f7e,ZONE_DEL_01,2026-07-20,54,5,5021.57,4063.94,957.63,213.8,0.179,Delhi_NCR,Metro,Food_Delivery,Scooter,1.0,190,Full-Time,50.1,24,5021.57,5.0,1,1.0,1,74.3,31.9,33.7,31.8,16.5,132.71428571428572,0,0,0,0,1,0.2667,1.124,49.83
ORD_53203,W_aaf9a299ea466f7e,ZONE_DEL_01,2026-07-27,64,3,5021.57,4823.87,197.7,380.7,0.0,Delhi_NCR,Metro,Food_Delivery,Scooter,1.0,190,Full-Time,50.1,24,5021.57,5.0,1,1.0,1,51.900000000000006,19.5,35.3,32.94285714285714,14.4,172.57142857142858,0,0,0,0,1,0.2462,1.086,47.37
ORD_53204,W_aaf9a299ea466f7e,ZONE_DEL_01,2026-08-03,19,4,5021.57,1458.15,3563.42,69.3,0.7,Delhi_NCR,Metro,Food_Delivery,Scooter,1.0,190,Full-Time,50.1,24,5021.57,5.0,1,1.0,1,132.8,58.3,33.8,31.17142857142857,15.8,126.57142857142856,0,0,1,0,1,0.4771,1.221,63.12
ORD_53205,W_aaf9a299ea466f7e,ZONE_DEL_01,2026-08-10,65,3,5021.57,4936.07,85.5,308.5,0.0,Delhi_NCR,Metro,Food_Delivery,Scooter,1.0,190,Full-Time,50.1,24,5021.57,5.0,1,1.0,1,45.8,12.5,34.4,32.614285714285714,11.1,170.42857142857142,0,0,0,1,1,0.2309,1.076,46.36
ORD_53206,W_aaf9a299ea466f7e,ZONE_DEL_01,2026-08-17,55,5,5021.57,4142.34,879.23,237.3,0.15,Delhi_NCR,Metro,Food_Delivery,Scooter,1.0,190,Full-Time,50.1,24,5021.57,5.0,1,1.0,1,34.3,8.2,33.6,33.15714285714286,11.7,140.0,1,0,1,0,1,0.2655,1.057,46.82
ORD_53207,W_aaf9a299ea466f7e,ZONE_DEL_01,2026-08-24,64,3,5021.57,4871.36,150.21,357.8,0.0,Delhi_NCR,Metro,Food_Delivery,Scooter,1.0,190,Full-Time,50.1,24,5021.57,5.0,1,1.0,1,24.5,13.5,34.9,33.44285714285714,13.9,168.0,0,0,0,1,1,0.1811,1.041,43.03
ORD_53208,W_aaf9a299ea466f7e,ZONE_DEL_01,2026-08-31,63,4,5021.57,4799.82,221.75,286.4,0.057,Delhi_NCR,Metro,Food_Delivery,Scooter,1.0,190,Full-Time,50.1,24,5021.57,5.0,1,1.0,1,76.6,23.5,34.4,31.24285714285714,13.1,145.57142857142858,0,0,0,1,1,0.2815,1.128,50.59
ORD_53209,W_aaf9a299ea466f7e,ZONE_DEL_01,2026-09-07,69,3,5021.57,5226.97,0.0,422.1,0.0,Delhi_NCR,Metro,Food_Delivery,Scooter,1.0,190,Full-Time,50.1,24,5021.57,5.0,1,1.0,1,19.1,8.7,34.4,32.471428571428575,14.1,142.0,0,0,0,0,1,0.1495,1.032,41.52
ORD_53210,W_aaf9a299ea466f7e,ZONE_DEL_01,2026-09-14,64,3,5021.57,4857.69,163.88,262.5,0.0,Delhi_NCR,Metro,Food_Delivery,Scooter,1.0,190,Full-Time,50.1,24,5021.57,5.0,1,1.0,1,7.6,3.7,35.0,33.05,14.4,149.0,0,0,0,0,1,0.1288,1.013,40.02
ORD_53211,W_4a85e6e041152ac7,ZONE_BOM_01,2026-06-22,31,1,2366.48,2372.55,0.0,116.1,0.0,Mumbai,Metro,Food_Delivery,Scooter,1.0,362,Part-Time,23.9,15,2366.48,4.42,1,1.0,0,24.8,11.5,31.1,30.425,15.3,184.0,0,0,0,1,1,0.1938,1.041,43.5
ORD_53212,W_4a85e6e041152ac7,ZONE_BOM_01,2026-06-29,4,1,2366.48,357.88,2008.6,19.6,0.85,Mumbai,Metro,Food_Delivery,Scooter,1.0,362,Part-Time,23.9,15,2366.48,4.42,1,1.0,0,493.0,136.9,28.6,27.642857142857142,30.3,147.0,0,0,6,0,1,1.0,1.822,79.0
ORD_53213,W_4a85e6e041152ac7,ZONE_BOM_01,2026-07-06,8,2,2366.48,674.5,1691.98,48.7,0.716,Mumbai,Metro,Food_Delivery,Scooter,1.0,362,Part-Time,23.9,15,2366.48,4.42,1,1.0,0,235.5,131.8,30.2,29.142857142857142,34.6,143.85714285714286,0,0,2,0,1,0.8044,1.392,79.0
ORD_53214,W_4a85e6e041152ac7,ZONE_BOM_01,2026-07-13,21,3,2366.48,1607.92,758.56,76.0,0.331,Mumbai,Metro,Food_Delivery,Scooter,1.0,362,Part-Time,23.9,15,2366.48,4.42,1,1.0,0,92.5,33.1,30.6,29.82857142857143,21.8,156.42857142857142,1,0,1,0,1,0.4088,1.154,56.9
ORD_53215,W_4a85e6e041152ac7,ZONE_BOM_01,2026-07-20,4,1,2366.48,356.81,2009.67,15.1,0.85,Mumbai,Metro,Food_Delivery,Scooter,1.0,362,Part-Time,23.9,15,2366.48,4.42,1,1.0,0,354.8,107.0,29.6,28.74285714285714,34.0,158.42857142857142,0,0,4,0,1,1.0,1.591,79.0
ORD_53216,W_4a85e6e041152ac7,ZONE_BOM_01,2026-07-27,19,2,2366.48,1477.45,889.03,95.5,0.354,Mumbai,Metro,Food_Delivery,Scooter,1.0,362,Part-Time,23.9,15,2366.48,4.42,1,1.0,0,120.9,42.9,29.6,28.957142857142856,25.3,151.42857142857142,0,0,0,0,1,0.3856,1.202,58.29
ORD_53217,W_4a85e6e041152ac7,ZONE_BOM_01,2026-08-03,18,3,2366.48,1376.49,989.99,95.5,0.401,Mumbai,Metro,Food_Delivery,Scooter,1.0,362,Part-Time,23.9,15,2366.48,4.42,1,1.0,0,76.8,18.7,29.7,29.285714285714285,21.2,139.0,0,0,0,0,1,0.277,1.128,50.42
ORD_53218,W_4a85e6e041152ac7,ZONE_BOM_01,2026-08-10,25,2,2366.48,1946.98,419.5,115.3,0.186,Mumbai,Metro,Food_Delivery,Scooter,1.0,362,Part-Time,23.9,15,2366.48,4.42,1,1.0,0,96.6,30.6,29.7,28.61428571428572,19.0,142.57142857142858,0,0,0,1,1,0.3243,1.161,53.81
ORD_53219,W_4a85e6e041152ac7,ZONE_BOM_01,2026-08-17,15,3,2366.48,1147.26,1219.22,90.5,0.538,Mumbai,Metro,Food_Delivery,Scooter,1.0,362,Part-Time,23.9,15,2366.48,4.42,1,1.0,0,61.0,16.7,29.7,29.228571428571428,20.6,146.28571428571428,1,0,1,0,1,0.3303,1.102,51.31
ORD_53220,W_4a85e6e041152ac7,ZONE_BOM_01,2026-08-24,29,1,2366.48,2249.17,117.31,170.8,0.0,Mumbai,Metro,Food_Delivery,Scooter,1.0,362,Part-Time,23.9,15,2366.48,4.42,1,1.0,0,36.4,7.6,29.6,29.25714285714286,21.1,134.0,1,0,1,1,1,0.2657,1.061,47.0
ORD_53221,W_4a85e6e041152ac7,ZONE_BOM_01,2026-08-31,32,1,2366.48,2473.69,0.0,136.3,0.0,Mumbai,Metro,Food_Delivery,Scooter,1.0,362,Part-Time,23.9,15,2366.48,4.42,1,1.0,0,61.0,16.1,29.6,29.042857142857144,18.4,158.28571428571428,0,0,0,1,1,0.256,1.102,48.44
ORD_53222,W_4a85e6e041152ac7,ZONE_BOM_01,2026-09-07,31,1,2366.48,2338.56,27.92,116.2,0.0,Mumbai,Metro,Food_Delivery,Scooter,1.0,362,Part-Time,23.9,15,2366.48,4.42,1,1.0,0,52.9,25.5,30.0,29.071428571428573,15.3,169.57142857142858,0,0,0,0,1,0.2462,1.088,47.46
ORD_53223,W_4a85e6e041152ac7,ZONE_BOM_01,2026-09-14,30,1,2366.48,2274.73,91.75,163.9,0.0,Mumbai,Metro,Food_Delivery,Scooter,1.0,362,Part-Time,23.9,15,2366.48,4.42,1,1.0,0,23.3,10.3,30.0,29.625,20.1,162.0,0,0,0,0,1,0.1739,1.039,42.69
ORD_53224,W_bfb5792dcc1b015f,ZONE_BLR_01,2026-06-22,81,4,5863.82,6124.37,0.0,417.1,0.0,Bangalore,Metro,Q_Commerce,Scooter,1.0,15,Full-Time,50.9,22,5863.82,4.43,1,1.0,1,16.3,5.3,30.1,29.475,20.2,135.25,0,0,0,1,1,0.1381,1.027,40.91
ORD_53225,W_bfb5792dcc1b015f,ZONE_BLR_01,2026-06-29,67,6,5863.82,5091.83,771.99,372.3,0.15,Bangalore,Metro,Q_Commerce,Scooter,1.0,15,Full-Time,50.9,22,5863.82,4.43,1,1.0,1,20.1,8.4,29.2,27.985714285714288,29.9,153.85714285714286,1,0,1,0,1,0.244,1.034,45.02
ORD_53226,W_bfb5792dcc1b015f,ZONE_BLR_01,2026-07-06,76,3,5863.82,5724.74,139.08,275.3,0.0,Bangalore,Metro,Q_Commerce,Scooter,1.0,15,Full-Time,50.9,22,5863.82,4.43,1,1.0,1,8.399999999999999,3.3,31.8,29.77142857142857,29.7,172.71428571428572,0,0,0,0,1,0.1484,1.014,40.76
ORD_53227,W_bfb5792dcc1b015f,ZONE_BLR_01,2026-07-13,74,3,5863.82,5571.73,292.09,329.1,0.0,Bangalore,Metro,Q_Commerce,Scooter,1.0,15,Full-Time,50.9,22,5863.82,4.43,1,1.0,1,16.8,9.8,32.1,29.785714285714285,20.5,124.57142857142856,0,0,0,0,1,0.1312,1.028,40.7
ORD_53228,W_bfb5792dcc1b015f,ZONE_BLR_01,2026-07-20,64,6,5863.82,4855.39,1008.43,234.8,0.15,Bangalore,Metro,Q_Commerce,Scooter,1.0,15,Full-Time,50.9,22,5863.82,4.43,1,1.0,1,33.4,8.9,29.5,28.414285714285715,21.1,162.85714285714286,1,0,1,0,1,0.2806,1.056,47.33
ORD_53229,W_bfb5792dcc1b015f,ZONE_BLR_01,2026-07-27,75,3,5863.82,5675.9,187.92,287.7,0.0,Bangalore,Metro,Q_Commerce,Scooter,1.0,15,Full-Time,50.9,22,5863.82,4.43,1,1.0,1,28.8,17.0,29.7,28.685714285714287,25.0,169.42857142857142,0,0,0,0,1,0.1919,1.048,43.72
ORD_53230,W_bfb5792dcc1b015f,ZONE_BLR_01,2026-08-03,53,7,5863.82,4029.19,1834.63,262.4,0.287,Bangalore,Metro,Q_Commerce,Scooter,1.0,15,Full-Time,50.9,22,5863.82,4.43,1,1.0,1,76.3,18.5,28.3,27.285714285714285,21.1,143.0,0,0,0,0,1,0.2789,1.127,50.45
ORD_53231,W_bfb5792dcc1b015f,ZONE_BLR_01,2026-08-10,78,3,5863.82,5918.42,0.0,387.5,0.0,Bangalore,Metro,Q_Commerce,Scooter,1.0,15,Full-Time,50.9,22,5863.82,4.43,1,1.0,1,19.9,5.6,30.7,29.17142857142857,21.8,129.0,0,0,0,1,1,0.1415,1.033,41.27
ORD_53232,W_bfb5792dcc1b015f,ZONE_BLR_01,2026-08-17,63,5,5863.82,4784.41,1079.41,274.7,0.15,Bangalore,Metro,Q_Commerce,Scooter,1.0,15,Full-Time,50.9,22,5863.82,4.43,1,1.0,1,31.4,9.8,29.9,28.4,22.2,146.57142857142858,1,0,1,0,1,0.2639,1.052,46.54
ORD_53233,W_bfb5792dcc1b015f,ZONE_BLR_01,2026-08-24,74,3,5863.82,5600.69,263.13,338.1,0.0,Bangalore,Metro,Q_Commerce,Scooter,1.0,15,Full-Time,50.9,22,5863.82,4.43,1,1.0,1,35.7,18.2,28.8,28.014285714285712,22.3,167.14285714285714,0,0,0,1,1,0.2057,1.06,44.73
ORD_53234,W_bfb5792dcc1b015f,ZONE_BLR_01,2026-08-31,75,3,5863.82,5681.22,182.6,376.2,0.0,Bangalore,Metro,Q_Commerce,Scooter,1.0,15,Full-Time,50.9,22,5863.82,4.43,1,1.0,1,13.2,3.6,30.8,29.542857142857144,19.3,142.71428571428572,1,0,1,1,1,0.2201,1.022,43.64
ORD_53235,W_bfb5792dcc1b015f,ZONE_BLR_01,2026-09-07,79,3,5863.82,5976.88,0.0,390.0,0.0,Bangalore,Metro,Q_Commerce,Scooter,1.0,15,Full-Time,50.9,22,5863.82,4.43,1,1.0,1,8.5,5.1,31.0,30.62857142857143,14.9,128.28571428571428,0,0,0,0,1,0.1153,1.014,39.58
ORD_53236,W_bfb5792dcc1b015f,ZONE_BLR_01,2026-09-14,77,3,5863.82,5825.26,38.56,350.0,0.0,Bangalore,Metro,Q_Commerce,Scooter,1.0,15,Full-Time,50.9,22,5863.82,4.43,1,1.0,1,33.1,9.6,30.8,30.425,13.6,137.5,0,0,0,0,1,0.1776,1.055,43.48
ORD_53237,W_1aefef70abfca3bd,ZONE_BLR_01,2026-06-22,35,1,2541.36,2628.2,0.0,143.2,0.0,Bangalore,Metro,Food_Delivery,Bike,1.2,57,Part-Time,24.2,20,2541.36,4.48,1,1.05,0,16.3,5.3,30.1,29.475,20.2,135.25,0,0,0,1,1,0.1381,1.027,42.95
ORD_53238,W_1aefef70abfca3bd,ZONE_BLR_01,2026-06-29,29,2,2541.36,2210.75,330.61,160.8,0.15,Bangalore,Metro,Food_Delivery,Bike,1.2,57,Part-Time,24.2,20,2541.36,4.48,1,1.05,0,20.1,8.4,29.2,27.985714285714288,29.9,153.85714285714286,1,0,1,0,1,0.244,1.034,47.27
ORD_53239,W_1aefef70abfca3bd,ZONE_BLR_01,2026-07-06,33,1,2541.36,2520.83,20.53,142.0,0.0,Bangalore,Metro,Food_Delivery,Bike,1.2,57,Part-Time,24.2,20,2541.36,4.48,1,1.05,0,8.399999999999999,3.3,31.8,29.77142857142857,29.7,172.71428571428572,0,0,0,0,1,0.1484,1.014,42.79
ORD_53240,W_1aefef70abfca3bd,ZONE_BLR_01,2026-07-13,33,1,2541.36,2533.87,7.49,123.8,0.0,Bangalore,Metro,Food_Delivery,Bike,1.2,57,Part-Time,24.2,20,2541.36,4.48,1,1.05,0,16.8,9.8,32.1,29.785714285714285,20.5,124.57142857142856,0,0,0,0,1,0.1312,1.028,42.74
ORD_53241,W_1aefef70abfca3bd,ZONE_BLR_01,2026-07-20,27,2,2541.36,2062.07,479.29,102.6,0.15,Bangalore,Metro,Food_Delivery,Bike,1.2,57,Part-Time,24.2,20,2541.36,4.48,1,1.05,0,33.4,8.9,29.5,28.414285714285715,21.1,162.85714285714286,1,0,1,0,1,0.2806,1.056,49.7
ORD_53242,W_1aefef70abfca3bd,ZONE_BLR_01,2026-07-27,32,1,2541.36,2461.85,79.51,155.6,0.0,Bangalore,Metro,Food_Delivery,Bike,1.2,57,Part-Time,24.2,20,2541.36,4.48,1,1.05,0,28.8,17.0,29.7,28.685714285714287,25.0,169.42857142857142,0,0,0,0,1,0.1919,1.048,45.9
ORD_53243,W_1aefef70abfca3bd,ZONE_BLR_01,2026-08-03,22,3,2541.36,1650.66,890.7,132.5,0.333,Bangalore,Metro,Food_Delivery,Bike,1.2,57,Part-Time,24.2,20,2541.36,4.48,1,1.05,0,76.3,18.5,28.3,27.285714285714285,21.1,143.0,0,0,0,0,1,0.2789,1.127,52.97
ORD_53244,W_1aefef70abfca3bd,ZONE_BLR_01,2026-08-10,35,1,2541.36,2656.97,0.0,213.1,0.0,Bangalore,Metro,Food_Delivery,Bike,1.2,57,Part-Time,24.2,20,2541.36,4.48,1,1.05,0,19.9,5.6,30.7,29.17142857142857,21.8,129.0,0,0,0,1,1,0.1415,1.033,43.33
ORD_53245,W_1aefef70abfca3bd,ZONE_BLR_01,2026-08-17,29,2,2541.36,2233.07,308.29,130.0,0.15,Bangalore,Metro,Food_Delivery,Bike,1.2,57,Part-Time,24.2,20,2541.36,4.48,1,1.05,0,31.4,9.8,29.9,28.4,22.2,146.57142857142858,1,0,1,0,1,0.2639,1.052,48.86
ORD_53246,W_1aefef70abfca3bd,ZONE_BLR_01,2026-08-24,32,1,2541.36,2432.76,108.6,161.1,0.0,Bangalore,Metro,Food_Delivery,Bike,1.2,57,Part-Time,24.2,20,2541.36,4.48,1,1.05,0,35.7,18.2,28.8,28.014285714285712,22.3,167.14285714285714,0,0,0,1,1,0.2057,1.06,46.97
ORD_53247,W_1aefef70abfca3bd,ZONE_BLR_01,2026-08-31,34,1,2541.36,2556.27,0.0,197.0,0.0,Bangalore,Metro,Food_Delivery,Bike,1.2,57,Part-Time,24.2,20,2541.36,4.48,1,1.05,0,13.2,3.6,30.8,29.542857142857144,19.3,142.71428571428572,1,0,1,1,1,0.2201,1.022,45.83
ORD_53248,W_1aefef70abfca3bd,ZONE_BLR_01,2026-09-07,35,1,2541.36,2667.41,0.0,170.5,0.0,Bangalore,Metro,Food_Delivery,Bike,1.2,57,Part-Time,24.2,20,2541.36,4.48,1,1.05,0,8.5,5.1,31.0,30.62857142857143,14.9,128.28571428571428,0,0,0,0,1,0.1153,1.014,41.56
ORD_53249,W_1aefef70abfca3bd,ZONE_BLR_01,2026-09-14,33,1,2541.36,2502.02,39.34,132.1,0.0,Bangalore,Metro,Food_Delivery,Bike,1.2,57,Part-Time,24.2,20,2541.36,4.48,1,1.05,0,33.1,9.6,30.8,30.425,13.6,137.5,0,0,0,0,1,0.1776,1.055,45.66
