worker_id,zone_id,week_start_date,zone_tier_code,tenure_days,vehicle_risk_factor,is_full_time,avg_active_hours_per_week,historical_weekly_income,weekly_total_rainfall_mm,weekly_max_temp_celsius,weekly_avg_aqi,zone_closure_days_count,is_monsoon,zone_disruption_risk_index,monsoon_loading,target_dynamic_weekly_premium
W_a4520496518a7d6c,ZONE_MAA_01,2026-06-22,1,57,1.0,0,24.2,2413.93,33.7,37.6,159.25,0,1,0.1953,1.056,44.18
W_a4520496518a7d6c,ZONE_MAA_01,2026-06-29,1,57,1.0,0,24.2,2413.93,11.8,38.4,123.0,0,1,0.1188,1.02,39.94
W_a4520496518a7d6c,ZONE_MAA_01,2026-07-06,1,57,1.0,0,24.2,2413.93,9.3,39.2,163.28571428571428,1,1,0.2267,1.016,43.62
W_a4520496518a7d6c,ZONE_MAA_01,2026-07-13,1,57,1.0,0,24.2,2413.93,11.3,38.7,141.57142857142858,0,1,0.1316,1.019,40.36
W_a4520496518a7d6c,ZONE_MAA_01,2026-07-20,1,57,1.0,0,24.2,2413.93,35.6,36.4,131.57142857142858,0,1,0.1788,1.059,43.69
W_a4520496518a7d6c,ZONE_MAA_01,2026-07-27,1,57,1.0,0,24.2,2413.93,26.0,37.6,145.14285714285714,0,1,0.1674,1.043,42.62
W_a4520496518a7d6c,ZONE_MAA_01,2026-08-03,1,57,1.0,0,24.2,2413.93,38.5,34.8,150.71428571428572,0,1,0.1997,1.064,44.68
W_a4520496518a7d6c,ZONE_MAA_01,2026-08-10,1,57,1.0,0,24.2,2413.93,15.6,35.5,153.57142857142858,1,1,0.2336,1.026,44.3
W_a4520496518a7d6c,ZONE_MAA_01,2026-08-17,1,57,1.0,0,24.2,2413.93,29.4,36.3,143.71428571428572,0,1,0.1739,1.049,43.1
W_a4520496518a7d6c,ZONE_MAA_01,2026-08-24,1,57,1.0,0,24.2,2413.93,15.1,36.6,144.14285714285714,1,1,0.2254,1.025,43.96
W_a4520496518a7d6c,ZONE_MAA_01,2026-08-31,1,57,1.0,0,24.2,2413.93,13.1,35.6,156.85714285714286,1,1,0.2305,1.022,44.01
W_a4520496518a7d6c,ZONE_MAA_01,2026-09-07,1,57,1.0,0,24.2,2413.93,23.3,35.6,136.57142857142858,0,1,0.1549,1.039,42.0
W_a4520496518a7d6c,ZONE_MAA_01,2026-09-14,1,57,1.0,0,24.2,2413.93,27.4,36.0,152.75,1,1,0.2595,1.046,46.11
W_902772cd82a60735,ZONE_DEL_01,2026-06-22,1,59,1.0,1,42.7,4668.72,4.0,41.9,188.25,0,1,0.1502,1.007,40.54
W_902772cd82a60735,ZONE_DEL_01,2026-06-29,1,59,1.0,1,42.7,4668.72,20.0,41.7,157.71428571428572,0,1,0.1633,1.033,42.06
W_902772cd82a60735,ZONE_DEL_01,2026-07-06,1,59,1.0,1,42.7,4668.72,122.9,36.7,156.0,2,1,0.5602,1.205,65.8
W_902772cd82a60735,ZONE_DEL_01,2026-07-13,1,59,1.0,1,42.7,4668.72,9.8,37.4,129.42857142857142,0,1,0.1191,1.016,39.8
W_902772cd82a60735,ZONE_DEL_01,2026-07-20,1,59,1.0,1,42.7,4668.72,74.3,33.7,132.71428571428572,0,1,0.2667,1.124,49.83
W_902772cd82a60735,ZONE_DEL_01,2026-07-27,1,59,1.0,1,42.7,4668.72,51.900000000000006,35.3,172.57142857142858,0,1,0.2462,1.086,47.37
W_902772cd82a60735,ZONE_DEL_01,2026-08-03,1,59,1.0,1,42.7,4668.72,132.8,33.8,126.57142857142856,1,1,0.4771,1.221,63.12
W_902772cd82a60735,ZONE_DEL_01,2026-08-10,1,59,1.0,1,42.7,4668.72,45.8,34.4,170.42857142857142,0,1,0.2309,1.076,46.36
W_902772cd82a60735,ZONE_DEL_01,2026-08-17,1,59,1.0,1,42.7,4668.72,34.3,33.6,140.0,1,1,0.2655,1.057,46.82
W_902772cd82a60735,ZONE_DEL_01,2026-08-24,1,59,1.0,1,42.7,4668.72,24.5,34.9,168.0,0,1,0.1811,1.041,43.03
W_902772cd82a60735,ZONE_DEL_01,2026-08-31,1,59,1.0,1,42.7,4668.72,76.6,34.4,145.57142857142858,0,1,0.2815,1.128,50.59
W_902772cd82a60735,ZONE_DEL_01,2026-09-07,1,59,1.0,1,42.7,4668.72,19.1,34.4,142.0,0,1,0.1495,1.032,41.52
W_902772cd82a60735,ZONE_DEL_01,2026-09-14,1,59,1.0,1,42.7,4668.72,7.6,35.0,149.0,0,1,0.1288,1.013,40.02
W_d55c074973f02352,ZONE_MAA_01,2026-06-22,1,132,1.0,1,57.1,5778.8,33.7,37.6,159.25,0,1,0.1953,1.056,44.18
W_d55c074973f02352,ZONE_MAA_01,2026-06-29,1,132,1.0,1,57.1,5778.8,11.8,38.4,123.0,0,1,0.1188,1.02,39.94
W_d55c074973f02352,ZONE_MAA_01,2026-07-06,1,132,1.0,1,57.1,5778.8,9.3,39.2,163.28571428571428,1,1,0.2267,1.016,43.62
W_d55c074973f02352,ZONE_MAA_01,2026-07-13,1,132,1.0,1,57.1,5778.8,11.3,38.7,141.57142857142858,0,1,0.1316,1.019,40.36
W_d55c074973f02352,ZONE_MAA_01,2026-07-20,1,132,1.0,1,57.1,5778.8,35.6,36.4,131.57142857142858,0,1,0.1788,1.059,43.69
W_d55c074973f02352,ZONE_MAA_01,2026-07-27,1,132,1.0,1,57.1,5778.8,26.0,37.6,145.14285714285714,0,1,0.1674,1.043,42.62
W_d55c074973f02352,ZONE_MAA_01,2026-08-03,1,132,1.0,1,57.1,5778.8,38.5,34.8,150.71428571428572,0,1,0.1997,1.064,44.68
W_d55c074973f02352,ZONE_MAA_01,2026-08-10,1,132,1.0,1,57.1,5778.8,15.6,35.5,153.57142857142858,1,1,0.2336,1.026,44.3
W_d55c074973f02352,ZONE_MAA_01,2026-08-17,1,132,1.0,1,57.1,5778.8,29.4,36.3,143.71428571428572,0,1,0.1739,1.049,43.1
W_d55c074973f02352,ZONE_MAA_01,2026-08-24,1,132,1.0,1,57.1,5778.8,15.1,36.6,144.14285714285714,1,1,0.2254,1.025,43.96
W_d55c074973f02352,ZONE_MAA_01,2026-08-31,1,132,1.0,1,57.1,5778.8,13.1,35.6,156.85714285714286,1,1,0.2305,1.022,44.01
W_d55c074973f02352,ZONE_MAA_01,2026-09-07,1,132,1.0,1,57.1,5778.8,23.3,35.6,136.57142857142858,0,1,0.1549,1.039,42.0
W_d55c074973f02352,ZONE_MAA_01,2026-09-14,1,132,1.0,1,57.1,5778.8,27.4,36.0,152.75,1,1,0.2595,1.046,46.11
W_fcefa50963905fbf,ZONE_BOM_01,2026-06-22,1,241,1.05,0,29.0,2908.64,24.8,31.1,184.0,0,1,0.1938,1.041,45.67
W_fcefa50963905fbf,ZONE_BOM_01,2026-06-29,1,241,1.05,0,29.0,2908.64,493.0,28.6,147.0,6,1,1.0,1.822,79.0
W_fcefa50963905fbf,ZONE_BOM_01,2026-07-06,1,241,1.05,0,29.0,2908.64,235.5,30.2,143.85714285714286,2,1,0.8044,1.392,79.0
W_fcefa50963905fbf,ZONE_BOM_01,2026-07-13,1,241,1.05,0,29.0,2908.64,92.5,30.6,156.42857142857142,1,1,0.4088,1.154,59.75
W_fcefa50963905fbf,ZONE_BOM_01,2026-07-20,1,241,1.05,0,29.0,2908.64,354.8,29.6,158.42857142857142,4,1,1.0,1.591,79.0
W_fcefa50963905fbf,ZONE_BOM_01,2026-07-27,1,241,1.05,0,29.0,2908.64,120.9,29.6,151.42857142857142,0,1,0.3856,1.202,61.21
W_fcefa50963905fbf,ZONE_BOM_01,2026-08-03,1,241,1.05,0,29.0,2908.64,76.8,29.7,139.0,0,1,0.277,1.128,52.94
W_fcefa50963905fbf,ZONE_BOM_01,2026-08-10,1,241,1.05,0,29.0,2908.64,96.6,29.7,142.57142857142858,0,1,0.3243,1.161,56.5
W_fcefa50963905fbf,ZONE_BOM_01,2026-08-17,1,241,1.05,0,29.0,2908.64,61.0,29.7,146.28571428571428,1,1,0.3303,1.102,53.88
W_fcefa50963905fbf,ZONE_BOM_01,2026-08-24,1,241,1.05,0,29.0,2908.64,36.4,29.6,134.0,1,1,0.2657,1.061,49.35
W_fcefa50963905fbf,ZONE_BOM_01,2026-08-31,1,241,1.05,0,29.0,2908.64,61.0,29.6,158.28571428571428,0,1,0.256,1.102,50.87
W_fcefa50963905fbf,ZONE_BOM_01,2026-09-07,1,241,1.05,0,29.0,2908.64,52.9,30.0,169.57142857142858,0,1,0.2462,1.088,49.83
W_fcefa50963905fbf,ZONE_BOM_01,2026-09-14,1,241,1.05,0,29.0,2908.64,23.3,30.0,162.0,0,1,0.1739,1.039,44.82
W_e6659cd15e081cc0,ZONE_HYD_01,2026-06-22,1,371,1.0,1,63.0,7046.39,21.8,32.6,156.25,1,1,0.2496,1.036,45.31
W_e6659cd15e081cc0,ZONE_HYD_01,2026-06-29,1,371,1.0,1,63.0,7046.39,35.9,29.8,132.14285714285714,0,1,0.1799,1.06,43.77
W_e6659cd15e081cc0,ZONE_HYD_01,2026-07-06,1,371,1.0,1,63.0,7046.39,6.2,33.3,165.28571428571428,0,1,0.1379,1.01,40.22
W_e6659cd15e081cc0,ZONE_HYD_01,2026-07-13,1,371,1.0,1,63.0,7046.39,26.8,33.9,155.14285714285714,1,1,0.26,1.045,46.08
W_e6659cd15e081cc0,ZONE_HYD_01,2026-07-20,1,371,1.0,1,63.0,7046.39,38.8,30.0,132.85714285714286,0,1,0.1869,1.065,44.24
W_e6659cd15e081cc0,ZONE_HYD_01,2026-07-27,1,371,1.0,1,63.0,7046.39,70.5,30.6,137.0,0,1,0.2614,1.118,49.36
W_e6659cd15e081cc0,ZONE_HYD_01,2026-08-03,1,371,1.0,1,63.0,7046.39,20.5,30.6,136.28571428571428,0,1,0.1483,1.034,41.56
W_e6659cd15e081cc0,ZONE_HYD_01,2026-08-10,1,371,1.0,1,63.0,7046.39,12.6,30.8,137.42857142857142,0,1,0.1314,1.021,40.43
W_e6659cd15e081cc0,ZONE_HYD_01,2026-08-17,1,371,1.0,1,63.0,7046.39,18.2,31.5,148.85714285714286,1,1,0.2359,1.03,44.55
W_e6659cd15e081cc0,ZONE_HYD_01,2026-08-24,1,371,1.0,1,63.0,7046.39,10.4,30.4,140.14285714285714,0,1,0.1285,1.017,40.17
W_e6659cd15e081cc0,ZONE_HYD_01,2026-08-31,1,371,1.0,1,63.0,7046.39,8.8,32.0,159.14285714285714,0,1,0.1392,1.015,40.47
W_e6659cd15e081cc0,ZONE_HYD_01,2026-09-07,1,371,1.0,1,63.0,7046.39,26.3,32.2,156.57142857142858,1,1,0.2599,1.044,46.04
W_e6659cd15e081cc0,ZONE_HYD_01,2026-09-14,1,371,1.0,1,63.0,7046.39,12.7,33.4,147.5,0,1,0.1392,1.021,40.71
W_3a0dc0499eeb1040,ZONE_HYD_01,2026-06-22,1,137,1.0,1,40.4,4494.13,21.8,32.6,156.25,1,1,0.2496,1.036,45.31
W_3a0dc0499eeb1040,ZONE_HYD_01,2026-06-29,1,137,1.0,1,40.4,4494.13,35.9,29.8,132.14285714285714,0,1,0.1799,1.06,43.77
W_3a0dc0499eeb1040,ZONE_HYD_01,2026-07-06,1,137,1.0,1,40.4,4494.13,6.2,33.3,165.28571428571428,0,1,0.1379,1.01,40.22
W_3a0dc0499eeb1040,ZONE_HYD_01,2026-07-13,1,137,1.0,1,40.4,4494.13,26.8,33.9,155.14285714285714,1,1,0.26,1.045,46.08
W_3a0dc0499eeb1040,ZONE_HYD_01,2026-07-20,1,137,1.0,1,40.4,4494.13,38.8,30.0,132.85714285714286,0,1,0.1869,1.065,44.24
W_3a0dc0499eeb1040,ZONE_HYD_01,2026-07-27,1,137,1.0,1,40.4,4494.13,70.5,30.6,137.0,0,1,0.2614,1.118,49.36
W_3a0dc0499eeb1040,ZONE_HYD_01,2026-08-03,1,137,1.0,1,40.4,4494.13,20.5,30.6,136.28571428571428,0,1,0.1483,1.034,41.56
W_3a0dc0499eeb1040,ZONE_HYD_01,2026-08-10,1,137,1.0,1,40.4,4494.13,12.6,30.8,137.42857142857142,0,1,0.1314,1.021,40.43
W_3a0dc0499eeb1040,ZONE_HYD_01,2026-08-17,1,137,1.0,1,40.4,4494.13,18.2,31.5,148.85714285714286,1,1,0.2359,1.03,44.55
W_3a0dc0499eeb1040,ZONE_HYD_01,2026-08-24,1,137,1.0,1,40.4,4494.13,10.4,30.4,140.14285714285714,0,1,0.1285,1.017,40.17
W_3a0dc0499eeb1040,ZONE_HYD_01,2026-08-31,1,137,1.0,1,40.4,4494.13,8.8,32.0,159.14285714285714,0,1,0.1392,1.015,40.47
W_3a0dc0499eeb1040,ZONE_HYD_01,2026-09-07,1,137,1.0,1,40.4,4494.13,26.3,32.2,156.57142857142858,1,1,0.2599,1.044,46.04
W_3a0dc0499eeb1040,ZONE_HYD_01,2026-09-14,1,137,1.0,1,40.4,4494.13,12.7,33.4,147.5,0,1,0.1392,1.021,40.71
W_21dfcbdd8d139506,ZONE_MAA_01,2026-06-22,1,111,1.0,1,50.2,5547.2,33.7,37.6,159.25,0,1,0.1953,1.056,44.18
W_21dfcbdd8d139506,ZONE_MAA_01,2026-06-29,1,111,1.0,1,50.2,5547.2,11.8,38.4,123.0,0,1,0.1188,1.02,39.94
W_21dfcbdd8d139506,ZONE_MAA_01,2026-07-06,1,111,1.0,1,50.2,5547.2,9.3,39.2,163.28571428571428,1,1,0.2267,1.016,43.62
W_21dfcbdd8d139506,ZONE_MAA_01,2026-07-13,1,111,1.0,1,50.2,5547.2,11.3,38.7,141.57142857142858,0,1,0.1316,1.019,40.36
W_21dfcbdd8d139506,ZONE_MAA_01,2026-07-20,1,111,1.0,1,50.2,5547.2,35.6,36.4,131.57142857142858,0,1,0.1788,1.059,43.69
W_21dfcbdd8d139506,ZONE_MAA_01,2026-07-27,1,111,1.0,1,50.2,5547.2,26.0,37.6,145.14285714285714,0,1,0.1674,1.043,42.62
W_21dfcbdd8d139506,ZONE_MAA_01,2026-08-03,1,111,1.0,1,50.2,5547.2,38.5,34.8,150.71428571428572,0,1,0.1997,1.064,44.68
W_21dfcbdd8d139506,ZONE_MAA_01,2026-08-10,1,111,1.0,1,50.2,5547.2,15.6,35.5,153.57142857142858,1,1,0.2336,1.026,44.3
W_21dfcbdd8d139506,ZONE_MAA_01,2026-08-17,1,111,1.0,1,50.2,5547.2,29.4,36.3,143.71428571428572,0,1,0.1739,1.049,43.1
W_21dfcbdd8d139506,ZONE_MAA_01,2026-08-24,1,111,1.0,1,50.2,5547.2,15.1,36.6,144.14285714285714,1,1,0.2254,1.025,43.96
W_21dfcbdd8d139506,ZONE_MAA_01,2026-08-31,1,111,1.0,1,50.2,5547.2,13.1,35.6,156.85714285714286,1,1,0.2305,1.022,44.01
W_21dfcbdd8d139506,ZONE_MAA_01,2026-09-07,1,111,1.0,1,50.2,5547.2,23.3,35.6,136.57142857142858,0,1,0.1549,1.039,42.0
W_21dfcbdd8d139506,ZONE_MAA_01,2026-09-14,1,111,1.0,1,50.2,5547.2,27.4,36.0,152.75,1,1,0.2595,1.046,46.11
W_609c85a6fdc90054,ZONE_HYD_01,2026-06-22,1,62,1.05,1,52.2,5447.71,21.8,32.6,156.25,1,1,0.2496,1.036,47.58
W_609c85a6fdc90054,ZONE_HYD_01,2026-06-29,1,62,1.05,1,52.2,5447.71,35.9,29.8,132.14285714285714,0,1,0.1799,1.06,45.96
W_609c85a6fdc90054,ZONE_HYD_01,2026-07-06,1,62,1.05,1,52.2,5447.71,6.2,33.3,165.28571428571428,0,1,0.1379,1.01,42.24
W_609c85a6fdc90054,ZONE_HYD_01,2026-07-13,1,62,1.05,1,52.2,5447.71,26.8,33.9,155.14285714285714,1,1,0.26,1.045,48.39
W_609c85a6fdc90054,ZONE_HYD_01,2026-07-20,1,62,1.05,1,52.2,5447.71,38.8,30.0,132.85714285714286,0,1,0.1869,1.065,46.45
W_609c85a6fdc90054,ZONE_HYD_01,2026-07-27,1,62,1.05,1,52.2,5447.71,70.5,30.6,137.0,0,1,0.2614,1.118,51.83
W_609c85a6fdc90054,ZONE_HYD_01,2026-08-03,1,62,1.05,1,52.2,5447.71,20.5,30.6,136.28571428571428,0,1,0.1483,1.034,43.63
W_609c85a6fdc90054,ZONE_HYD_01,2026-08-10,1,62,1.05,1,52.2,5447.71,12.6,30.8,137.42857142857142,0,1,0.1314,1.021,42.45
W_609c85a6fdc90054,ZONE_HYD_01,2026-08-17,1,62,1.05,1,52.2,5447.71,18.2,31.5,148.85714285714286,1,1,0.2359,1.03,46.78
W_609c85a6fdc90054,ZONE_HYD_01,2026-08-24,1,62,1.05,1,52.2,5447.71,10.4,30.4,140.14285714285714,0,1,0.1285,1.017,42.18
W_609c85a6fdc90054,ZONE_HYD_01,2026-08-31,1,62,1.05,1,52.2,5447.71,8.8,32.0,159.14285714285714,0,1,0.1392,1.015,42.49
W_609c85a6fdc90054,ZONE_HYD_01,2026-09-07,1,62,1.05,1,52.2,5447.71,26.3,32.2,156.57142857142858,1,1,0.2599,1.044,48.34
W_609c85a6fdc90054,ZONE_HYD_01,2026-09-14,1,62,1.05,1,52.2,5447.71,12.7,33.4,147.5,0,1,0.1392,1.021,42.74
W_792a0e4885181e53,ZONE_BLR_01,2026-06-22,1,136,1.05,1,50.7,5464.52,16.3,30.1,135.25,0,1,0.1381,1.027,42.95
W_792a0e4885181e53,ZONE_BLR_01,2026-06-29,1,136,1.05,1,50.7,5464.52,20.1,29.2,153.85714285714286,1,1,0.244,1.034,47.27
W_792a0e4885181e53,ZONE_BLR_01,2026-07-06,1,136,1.05,1,50.7,5464.52,8.399999999999999,31.8,172.71428571428572,0,1,0.1484,1.014,42.79
W_792a0e4885181e53,ZONE_BLR_01,2026-07-13,1,136,1.05,1,50.7,5464.52,16.8,32.1,124.57142857142856,0,1,0.1312,1.028,42.74
W_792a0e4885181e53,ZONE_BLR_01,2026-07-20,1,136,1.05,1,50.7,5464.52,33.4,29.5,162.85714285714286,1,1,0.2806,1.056,49.7
W_792a0e4885181e53,ZONE_BLR_01,2026-07-27,1,136,1.05,1,50.7,5464.52,28.8,29.7,169.42857142857142,0,1,0.1919,1.048,45.9
W_792a0e4885181e53,ZONE_BLR_01,2026-08-03,1,136,1.05,1,50.7,5464.52,76.3,28.3,143.0,0,1,0.2789,1.127,52.97
W_792a0e4885181e53,ZONE_BLR_01,2026-08-10,1,136,1.05,1,50.7,5464.52,19.9,30.7,129.0,0,1,0.1415,1.033,43.33
W_792a0e4885181e53,ZONE_BLR_01,2026-08-17,1,136,1.05,1,50.7,5464.52,31.4,29.9,146.57142857142858,1,1,0.2639,1.052,48.86
W_792a0e4885181e53,ZONE_BLR_01,2026-08-24,1,136,1.05,1,50.7,5464.52,35.7,28.8,167.14285714285714,0,1,0.2057,1.06,46.97
W_792a0e4885181e53,ZONE_BLR_01,2026-08-31,1,136,1.05,1,50.7,5464.52,13.2,30.8,142.71428571428572,1,1,0.2201,1.022,45.83
W_792a0e4885181e53,ZONE_BLR_01,2026-09-07,1,136,1.05,1,50.7,5464.52,8.5,31.0,128.28571428571428,0,1,0.1153,1.014,41.56
W_792a0e4885181e53,ZONE_BLR_01,2026-09-14,1,136,1.05,1,50.7,5464.52,33.1,30.8,137.5,0,1,0.1776,1.055,45.66
W_3977fff286ddbad0,ZONE_HYD_01,2026-06-22,1,418,1.0,1,50.8,5822.74,21.8,32.6,156.25,1,1,0.2496,1.036,45.31
W_3977fff286ddbad0,ZONE_HYD_01,2026-06-29,1,418,1.0,1,50.8,5822.74,35.9,29.8,132.14285714285714,0,1,0.1799,1.06,43.77
W_3977fff286ddbad0,ZONE_HYD_01,2026-07-06,1,418,1.0,1,50.8,5822.74,6.2,33.3,165.28571428571428,0,1,0.1379,1.01,40.22
W_3977fff286ddbad0,ZONE_HYD_01,2026-07-13,1,418,1.0,1,50.8,5822.74,26.8,33.9,155.14285714285714,1,1,0.26,1.045,46.08
W_3977fff286ddbad0,ZONE_HYD_01,2026-07-20,1,418,1.0,1,50.8,5822.74,38.8,30.0,132.85714285714286,0,1,0.1869,1.065,44.24
W_3977fff286ddbad0,ZONE_HYD_01,2026-07-27,1,418,1.0,1,50.8,5822.74,70.5,30.6,137.0,0,1,0.2614,1.118,49.36
W_3977fff286ddbad0,ZONE_HYD_01,2026-08-03,1,418,1.0,1,50.8,5822.74,20.5,30.6,136.28571428571428,0,1,0.1483,1.034,41.56
W_3977fff286ddbad0,ZONE_HYD_01,2026-08-10,1,418,1.0,1,50.8,5822.74,12.6,30.8,137.42857142857142,0,1,0.1314,1.021,40.43
W_3977fff286ddbad0,ZONE_HYD_01,2026-08-17,1,418,1.0,1,50.8,5822.74,18.2,31.5,148.85714285714286,1,1,0.2359,1.03,44.55
W_3977fff286ddbad0,ZONE_HYD_01,2026-08-24,1,418,1.0,1,50.8,5822.74,10.4,30.4,140.14285714285714,0,1,0.1285,1.017,40.17
W_3977fff286ddbad0,ZONE_HYD_01,2026-08-31,1,418,1.0,1,50.8,5822.74,8.8,32.0,159.14285714285714,0,1,0.1392,1.015,40.47
W_3977fff286ddbad0,ZONE_HYD_01,2026-09-07,1,418,1.0,1,50.8,5822.74,26.3,32.2,156.57142857142858,1,1,0.2599,1.044,46.04
W_3977fff286ddbad0,ZONE_HYD_01,2026-09-14,1,418,1.0,1,50.8,5822.74,12.7,33.4,147.5,0,1,0.1392,1.021,40.71
W_dd2424a5de7ce13b,ZONE_MAA_01,2026-06-22,1,59,1.0,0,27.1,2772.62,33.7,37.6,159.25,0,1,0.1953,1.056,44.18
W_dd2424a5de7ce13b,ZONE_MAA_01,2026-06-29,1,59,1.0,0,27.1,2772.62,11.8,38.4,123.0,0,1,0.1188,1.02,39.94
W_dd2424a5de7ce13b,ZONE_MAA_01,2026-07-06,1,59,1.0,0,27.1,2772.62,9.3,39.2,163.28571428571428,1,1,0.2267,1.016,43.62
W_dd2424a5de7ce13b,ZONE_MAA_01,2026-07-13,1,59,1.0,0,27.1,2772.62,11.3,38.7,141.57142857142858,0,1,0.1316,1.019,40.36
W_dd2424a5de7ce13b,ZONE_MAA_01,2026-07-20,1,59,1.0,0,27.1,2772.62,35.6,36.4,131.57142857142858,0,1,0.1788,1.059,43.69
W_dd2424a5de7ce13b,ZONE_MAA_01,2026-07-27,1,59,1.0,0,27.1,2772.62,26.0,37.6,145.14285714285714,0,1,0.1674,1.043,42.62
W_dd2424a5de7ce13b,ZONE_MAA_01,2026-08-03,1,59,1.0,0,27.1,2772.62,38.5,34.8,150.71428571428572,0,1,0.1997,1.064,44.68
W_dd2424a5de7ce13b,ZONE_MAA_01,2026-08-10,1,59,1.0,0,27.1,2772.62,15.6,35.5,153.57142857142858,1,1,0.2336,1.026,44.3
W_dd2424a5de7ce13b,ZONE_MAA_01,2026-08-17,1,59,1.0,0,27.1,2772.62,29.4,36.3,143.71428571428572,0,1,0.1739,1.049,43.1
W_dd2424a5de7ce13b,ZONE_MAA_01,2026-08-24,1,59,1.0,0,27.1,2772.62,15.1,36.6,144.14285714285714,1,1,0.2254,1.025,43.96
W_dd2424a5de7ce13b,ZONE_MAA_01,2026-08-31,1,59,1.0,0,27.1,2772.62,13.1,35.6,156.85714285714286,1,1,0.2305,1.022,44.01
W_dd2424a5de7ce13b,ZONE_MAA_01,2026-09-07,1,59,1.0,0,27.1,2772.62,23.3,35.6,136.57142857142858,0,1,0.1549,1.039,42.0
W_dd2424a5de7ce13b,ZONE_MAA_01,2026-09-14,1,59,1.0,0,27.1,2772.62,27.4,36.0,152.75,1,1,0.2595,1.046,46.11
W_09f1c178b8d4ab95,ZONE_MAA_01,2026-06-22,1,125,1.0,0,27.2,2750.94,33.7,37.6,159.25,0,1,0.1953,1.056,44.18
W_09f1c178b8d4ab95,ZONE_MAA_01,2026-06-29,1,125,1.0,0,27.2,2750.94,11.8,38.4,123.0,0,1,0.1188,1.02,39.94
W_09f1c178b8d4ab95,ZONE_MAA_01,2026-07-06,1,125,1.0,0,27.2,2750.94,9.3,39.2,163.28571428571428,1,1,0.2267,1.016,43.62
W_09f1c178b8d4ab95,ZONE_MAA_01,2026-07-13,1,125,1.0,0,27.2,2750.94,11.3,38.7,141.57142857142858,0,1,0.1316,1.019,40.36
W_09f1c178b8d4ab95,ZONE_MAA_01,2026-07-20,1,125,1.0,0,27.2,2750.94,35.6,36.4,131.57142857142858,0,1,0.1788,1.059,43.69
W_09f1c178b8d4ab95,ZONE_MAA_01,2026-07-27,1,125,1.0,0,27.2,2750.94,26.0,37.6,145.14285714285714,0,1,0.1674,1.043,42.62
W_09f1c178b8d4ab95,ZONE_MAA_01,2026-08-03,1,125,1.0,0,27.2,2750.94,38.5,34.8,150.71428571428572,0,1,0.1997,1.064,44.68
W_09f1c178b8d4ab95,ZONE_MAA_01,2026-08-10,1,125,1.0,0,27.2,2750.94,15.6,35.5,153.57142857142858,1,1,0.2336,1.026,44.3
W_09f1c178b8d4ab95,ZONE_MAA_01,2026-08-17,1,125,1.0,0,27.2,2750.94,29.4,36.3,143.71428571428572,0,1,0.1739,1.049,43.1
W_09f1c178b8d4ab95,ZONE_MAA_01,2026-08-24,1,125,1.0,0,27.2,2750.94,15.1,36.6,144.14285714285714,1,1,0.2254,1.025,43.96
W_09f1c178b8d4ab95,ZONE_MAA_01,2026-08-31,1,125,1.0,0,27.2,2750.94,13.1,35.6,156.85714285714286,1,1,0.2305,1.022,44.01
W_09f1c178b8d4ab95,ZONE_MAA_01,2026-09-07,1,125,1.0,0,27.2,2750.94,23.3,35.6,136.57142857142858,0,1,0.1549,1.039,42.0
W_09f1c178b8d4ab95,ZONE_MAA_01,2026-09-14,1,125,1.0,0,27.2,2750.94,27.4,36.0,152.75,1,1,0.2595,1.046,46.11
W_45d2919c6d443325,ZONE_HYD_01,2026-06-22,1,128,1.0,0,22.4,2555.82,21.8,32.6,156.25,1,1,0.2496,1.036,45.31
W_45d2919c6d443325,ZONE_HYD_01,2026-06-29,1,128,1.0,0,22.4,2555.82,35.9,29.8,132.14285714285714,0,1,0.1799,1.06,43.77
W_45d2919c6d443325,ZONE_HYD_01,2026-07-06,1,128,1.0,0,22.4,2555.82,6.2,33.3,165.28571428571428,0,1,0.1379,1.01,40.22
W_45d2919c6d443325,ZONE_HYD_01,2026-07-13,1,128,1.0,0,22.4,2555.82,26.8,33.9,155.14285714285714,1,1,0.26,1.045,46.08
W_45d2919c6d443325,ZONE_HYD_01,2026-07-20,1,128,1.0,0,22.4,2555.82,38.8,30.0,132.85714285714286,0,1,0.1869,1.065,44.24
W_45d2919c6d443325,ZONE_HYD_01,2026-07-27,1,128,1.0,0,22.4,2555.82,70.5,30.6,137.0,0,1,0.2614,1.118,49.36
W_45d2919c6d443325,ZONE_HYD_01,2026-08-03,1,128,1.0,0,22.4,2555.82,20.5,30.6,136.28571428571428,0,1,0.1483,1.034,41.56
W_45d2919c6d443325,ZONE_HYD_01,2026-08-10,1,128,1.0,0,22.4,2555.82,12.6,30.8,137.42857142857142,0,1,0.1314,1.021,40.43
W_45d2919c6d443325,ZONE_HYD_01,2026-08-17,1,128,1.0,0,22.4,2555.82,18.2,31.5,148.85714285714286,1,1,0.2359,1.03,44.55
W_45d2919c6d443325,ZONE_HYD_01,2026-08-24,1,128,1.0,0,22.4,2555.82,10.4,30.4,140.14285714285714,0,1,0.1285,1.017,40.17
W_45d2919c6d443325,ZONE_HYD_01,2026-08-31,1,128,1.0,0,22.4,2555.82,8.8,32.0,159.14285714285714,0,1,0.1392,1.015,40.47
W_45d2919c6d443325,ZONE_HYD_01,2026-09-07,1,128,1.0,0,22.4,2555.82,26.3,32.2,156.57142857142858,1,1,0.2599,1.044,46.04
W_45d2919c6d443325,ZONE_HYD_01,2026-09-14,1,128,1.0,0,22.4,2555.82,12.7,33.4,147.5,0,1,0.1392,1.021,40.71
W_1b04112ad75f09b0,ZONE_DEL_01,2026-06-22,1,131,1.0,1,50.8,5621.85,4.0,41.9,188.25,0,1,0.1502,1.007,40.54
W_1b04112ad75f09b0,ZONE_DEL_01,2026-06-29,1,131,1.0,1,50.8,5621.85,20.0,41.7,157.71428571428572,0,1,0.1633,1.033,42.06
W_1b04112ad75f09b0,ZONE_DEL_01,2026-07-06,1,131,1.0,1,50.8,5621.85,122.9,36.7,156.0,2,1,0.5602,1.205,65.8
W_1b04112ad75f09b0,ZONE_DEL_01,2026-07-13,1,131,1.0,1,50.8,5621.85,9.8,37.4,129.42857142857142,0,1,0.1191,1.016,39.8
W_1b04112ad75f09b0,ZONE_DEL_01,2026-07-20,1,131,1.0,1,50.8,5621.85,74.3,33.7,132.71428571428572,0,1,0.2667,1.124,49.83
W_1b04112ad75f09b0,ZONE_DEL_01,2026-07-27,1,131,1.0,1,50.8,5621.85,51.900000000000006,35.3,172.57142857142858,0,1,0.2462,1.086,47.37
W_1b04112ad75f09b0,ZONE_DEL_01,2026-08-03,1,131,1.0,1,50.8,5621.85,132.8,33.8,126.57142857142856,1,1,0.4771,1.221,63.12
W_1b04112ad75f09b0,ZONE_DEL_01,2026-08-10,1,131,1.0,1,50.8,5621.85,45.8,34.4,170.42857142857142,0,1,0.2309,1.076,46.36
W_1b04112ad75f09b0,ZONE_DEL_01,2026-08-17,1,131,1.0,1,50.8,5621.85,34.3,33.6,140.0,1,1,0.2655,1.057,46.82
W_1b04112ad75f09b0,ZONE_DEL_01,2026-08-24,1,131,1.0,1,50.8,5621.85,24.5,34.9,168.0,0,1,0.1811,1.041,43.03
W_1b04112ad75f09b0,ZONE_DEL_01,2026-08-31,1,131,1.0,1,50.8,5621.85,76.6,34.4,145.57142857142858,0,1,0.2815,1.128,50.59
W_1b04112ad75f09b0,ZONE_DEL_01,2026-09-07,1,131,1.0,1,50.8,5621.85,19.1,34.4,142.0,0,1,0.1495,1.032,41.52
W_1b04112ad75f09b0,ZONE_DEL_01,2026-09-14,1,131,1.0,1,50.8,5621.85,7.6,35.0,149.0,0,1,0.1288,1.013,40.02
W_86c0380f83020987,ZONE_BOM_01,2026-06-22,1,143,1.05,1,66.5,7228.62,24.8,31.1,184.0,0,1,0.1938,1.041,45.67
W_86c0380f83020987,ZONE_BOM_01,2026-06-29,1,143,1.05,1,66.5,7228.62,493.0,28.6,147.0,6,1,1.0,1.822,79.0
W_86c0380f83020987,ZONE_BOM_01,2026-07-06,1,143,1.05,1,66.5,7228.62,235.5,30.2,143.85714285714286,2,1,0.8044,1.392,79.0
W_86c0380f83020987,ZONE_BOM_01,2026-07-13,1,143,1.05,1,66.5,7228.62,92.5,30.6,156.42857142857142,1,1,0.4088,1.154,59.75
W_86c0380f83020987,ZONE_BOM_01,2026-07-20,1,143,1.05,1,66.5,7228.62,354.8,29.6,158.42857142857142,4,1,1.0,1.591,79.0
W_86c0380f83020987,ZONE_BOM_01,2026-07-27,1,143,1.05,1,66.5,7228.62,120.9,29.6,151.42857142857142,0,1,0.3856,1.202,61.21
W_86c0380f83020987,ZONE_BOM_01,2026-08-03,1,143,1.05,1,66.5,7228.62,76.8,29.7,139.0,0,1,0.277,1.128,52.94
W_86c0380f83020987,ZONE_BOM_01,2026-08-10,1,143,1.05,1,66.5,7228.62,96.6,29.7,142.57142857142858,0,1,0.3243,1.161,56.5
W_86c0380f83020987,ZONE_BOM_01,2026-08-17,1,143,1.05,1,66.5,7228.62,61.0,29.7,146.28571428571428,1,1,0.3303,1.102,53.88
W_86c0380f83020987,ZONE_BOM_01,2026-08-24,1,143,1.05,1,66.5,7228.62,36.4,29.6,134.0,1,1,0.2657,1.061,49.35
W_86c0380f83020987,ZONE_BOM_01,2026-08-31,1,143,1.05,1,66.5,7228.62,61.0,29.6,158.28571428571428,0,1,0.256,1.102,50.87
W_86c0380f83020987,ZONE_BOM_01,2026-09-07,1,143,1.05,1,66.5,7228.62,52.9,30.0,169.57142857142858,0,1,0.2462,1.088,49.83
W_86c0380f83020987,ZONE_BOM_01,2026-09-14,1,143,1.05,1,66.5,7228.62,23.3,30.0,162.0,0,1,0.1739,1.039,44.82
W_47079ae3154e5211,ZONE_MAA_01,2026-06-22,1,127,1.0,0,25.0,2607.25,33.7,37.6,159.25,0,1,0.1953,1.056,44.18
W_47079ae3154e5211,ZONE_MAA_01,2026-06-29,1,127,1.0,0,25.0,2607.25,11.8,38.4,123.0,0,1,0.1188,1.02,39.94
W_47079ae3154e5211,ZONE_MAA_01,2026-07-06,1,127,1.0,0,25.0,2607.25,9.3,39.2,163.28571428571428,1,1,0.2267,1.016,43.62
W_47079ae3154e5211,ZONE_MAA_01,2026-07-13,1,127,1.0,0,25.0,2607.25,11.3,38.7,141.57142857142858,0,1,0.1316,1.019,40.36
W_47079ae3154e5211,ZONE_MAA_01,2026-07-20,1,127,1.0,0,25.0,2607.25,35.6,36.4,131.57142857142858,0,1,0.1788,1.059,43.69
W_47079ae3154e5211,ZONE_MAA_01,2026-07-27,1,127,1.0,0,25.0,2607.25,26.0,37.6,145.14285714285714,0,1,0.1674,1.043,42.62
W_47079ae3154e5211,ZONE_MAA_01,2026-08-03,1,127,1.0,0,25.0,2607.25,38.5,34.8,150.71428571428572,0,1,0.1997,1.064,44.68
W_47079ae3154e5211,ZONE_MAA_01,2026-08-10,1,127,1.0,0,25.0,2607.25,15.6,35.5,153.57142857142858,1,1,0.2336,1.026,44.3
W_47079ae3154e5211,ZONE_MAA_01,2026-08-17,1,127,1.0,0,25.0,2607.25,29.4,36.3,143.71428571428572,0,1,0.1739,1.049,43.1
W_47079ae3154e5211,ZONE_MAA_01,2026-08-24,1,127,1.0,0,25.0,2607.25,15.1,36.6,144.14285714285714,1,1,0.2254,1.025,43.96
W_47079ae3154e5211,ZONE_MAA_01,2026-08-31,1,127,1.0,0,25.0,2607.25,13.1,35.6,156.85714285714286,1,1,0.2305,1.022,44.01
W_47079ae3154e5211,ZONE_MAA_01,2026-09-07,1,127,1.0,0,25.0,2607.25,23.3,35.6,136.57142857142858,0,1,0.1549,1.039,42.0
W_47079ae3154e5211,ZONE_MAA_01,2026-09-14,1,127,1.0,0,25.0,2607.25,27.4,36.0,152.75,1,1,0.2595,1.046,46.11
W_f7b997c785123d65,ZONE_HYD_01,2026-06-22,1,104,1.0,1,49.5,5557.15,21.8,32.6,156.25,1,1,0.2496,1.036,45.31
W_f7b997c785123d65,ZONE_HYD_01,2026-06-29,1,104,1.0,1,49.5,5557.15,35.9,29.8,132.14285714285714,0,1,0.1799,1.06,43.77
W_f7b997c785123d65,ZONE_HYD_01,2026-07-06,1,104,1.0,1,49.5,5557.15,6.2,33.3,165.28571428571428,0,1,0.1379,1.01,40.22
W_f7b997c785123d65,ZONE_HYD_01,2026-07-13,1,104,1.0,1,49.5,5557.15,26.8,33.9,155.14285714285714,1,1,0.26,1.045,46.08
W_f7b997c785123d65,ZONE_HYD_01,2026-07-20,1,104,1.0,1,49.5,5557.15,38.8,30.0,132.85714285714286,0,1,0.1869,1.065,44.24
W_f7b997c785123d65,ZONE_HYD_01,2026-07-27,1,104,1.0,1,49.5,5557.15,70.5,30.6,137.0,0,1,0.2614,1.118,49.36
W_f7b997c785123d65,ZONE_HYD_01,2026-08-03,1,104,1.0,1,49.5,5557.15,20.5,30.6,136.28571428571428,0,1,0.1483,1.034,41.56
W_f7b997c785123d65,ZONE_HYD_01,2026-08-10,1,104,1.0,1,49.5,5557.15,12.6,30.8,137.42857142857142,0,1,0.1314,1.021,40.43
W_f7b997c785123d65,ZONE_HYD_01,2026-08-17,1,104,1.0,1,49.5,5557.15,18.2,31.5,148.85714285714286,1,1,0.2359,1.03,44.55
W_f7b997c785123d65,ZONE_HYD_01,2026-08-24,1,104,1.0,1,49.5,5557.15,10.4,30.4,140.14285714285714,0,1,0.1285,1.017,40.17
W_f7b997c785123d65,ZONE_HYD_01,2026-08-31,1,104,1.0,1,49.5,5557.15,8.8,32.0,159.14285714285714,0,1,0.1392,1.015,40.47
W_f7b997c785123d65,ZONE_HYD_01,2026-09-07,1,104,1.0,1,49.5,5557.15,26.3,32.2,156.57142857142858,1,1,0.2599,1.044,46.04
W_f7b997c785123d65,ZONE_HYD_01,2026-09-14,1,104,1.0,1,49.5,5557.15,12.7,33.4,147.5,0,1,0.1392,1.021,40.71
W_1b7967e315ff5f4e,ZONE_BLR_01,2026-06-22,1,116,1.0,0,26.4,2940.28,16.3,30.1,135.25,0,1,0.1381,1.027,40.91
W_1b7967e315ff5f4e,ZONE_BLR_01,2026-06-29,1,116,1.0,0,26.4,2940.28,20.1,29.2,153.85714285714286,1,1,0.244,1.034,45.02
W_1b7967e315ff5f4e,ZONE_BLR_01,2026-07-06,1,116,1.0,0,26.4,2940.28,8.399999999999999,31.8,172.71428571428572,0,1,0.1484,1.014,40.76
W_1b7967e315ff5f4e,ZONE_BLR_01,2026-07-13,1,116,1.0,0,26.4,2940.28,16.8,32.1,124.57142857142856,0,1,0.1312,1.028,40.7
W_1b7967e315ff5f4e,ZONE_BLR_01,2026-07-20,1,116,1.0,0,26.4,2940.28,33.4,29.5,162.85714285714286,1,1,0.2806,1.056,47.33
W_1b7967e315ff5f4e,ZONE_BLR_01,2026-07-27,1,116,1.0,0,26.4,2940.28,28.8,29.7,169.42857142857142,0,1,0.1919,1.048,43.72
W_1b7967e315ff5f4e,ZONE_BLR_01,2026-08-03,1,116,1.0,0,26.4,2940.28,76.3,28.3,143.0,0,1,0.2789,1.127,50.45
W_1b7967e315ff5f4e,ZONE_BLR_01,2026-08-10,1,116,1.0,0,26.4,2940.28,19.9,30.7,129.0,0,1,0.1415,1.033,41.27
W_1b7967e315ff5f4e,ZONE_BLR_01,2026-08-17,1,116,1.0,0,26.4,2940.28,31.4,29.9,146.57142857142858,1,1,0.2639,1.052,46.54
W_1b7967e315ff5f4e,ZONE_BLR_01,2026-08-24,1,116,1.0,0,26.4,2940.28,35.7,28.8,167.14285714285714,0,1,0.2057,1.06,44.73
W_1b7967e315ff5f4e,ZONE_BLR_01,2026-08-31,1,116,1.0,0,26.4,2940.28,13.2,30.8,142.71428571428572,1,1,0.2201,1.022,43.64
W_1b7967e315ff5f4e,ZONE_BLR_01,2026-09-07,1,116,1.0,0,26.4,2940.28,8.5,31.0,128.28571428571428,0,1,0.1153,1.014,39.58
W_1b7967e315ff5f4e,ZONE_BLR_01,2026-09-14,1,116,1.0,0,26.4,2940.28,33.1,30.8,137.5,0,1,0.1776,1.055,43.48
W_c5d6935b8b864525,ZONE_BLR_01,2026-06-22,1,197,1.0,1,44.6,4426.24,16.3,30.1,135.25,0,1,0.1381,1.027,40.91
W_c5d6935b8b864525,ZONE_BLR_01,2026-06-29,1,197,1.0,1,44.6,4426.24,20.1,29.2,153.85714285714286,1,1,0.244,1.034,45.02
W_c5d6935b8b864525,ZONE_BLR_01,2026-07-06,1,197,1.0,1,44.6,4426.24,8.399999999999999,31.8,172.71428571428572,0,1,0.1484,1.014,40.76
W_c5d6935b8b864525,ZONE_BLR_01,2026-07-13,1,197,1.0,1,44.6,4426.24,16.8,32.1,124.57142857142856,0,1,0.1312,1.028,40.7
W_c5d6935b8b864525,ZONE_BLR_01,2026-07-20,1,197,1.0,1,44.6,4426.24,33.4,29.5,162.85714285714286,1,1,0.2806,1.056,47.33
W_c5d6935b8b864525,ZONE_BLR_01,2026-07-27,1,197,1.0,1,44.6,4426.24,28.8,29.7,169.42857142857142,0,1,0.1919,1.048,43.72
W_c5d6935b8b864525,ZONE_BLR_01,2026-08-03,1,197,1.0,1,44.6,4426.24,76.3,28.3,143.0,0,1,0.2789,1.127,50.45
W_c5d6935b8b864525,ZONE_BLR_01,2026-08-10,1,197,1.0,1,44.6,4426.24,19.9,30.7,129.0,0,1,0.1415,1.033,41.27
W_c5d6935b8b864525,ZONE_BLR_01,2026-08-17,1,197,1.0,1,44.6,4426.24,31.4,29.9,146.57142857142858,1,1,0.2639,1.052,46.54
W_c5d6935b8b864525,ZONE_BLR_01,2026-08-24,1,197,1.0,1,44.6,4426.24,35.7,28.8,167.14285714285714,0,1,0.2057,1.06,44.73
W_c5d6935b8b864525,ZONE_BLR_01,2026-08-31,1,197,1.0,1,44.6,4426.24,13.2,30.8,142.71428571428572,1,1,0.2201,1.022,43.64
W_c5d6935b8b864525,ZONE_BLR_01,2026-09-07,1,197,1.0,1,44.6,4426.24,8.5,31.0,128.28571428571428,0,1,0.1153,1.014,39.58
W_c5d6935b8b864525,ZONE_BLR_01,2026-09-14,1,197,1.0,1,44.6,4426.24,33.1,30.8,137.5,0,1,0.1776,1.055,43.48
W_914b535d96d4de31,ZONE_MAA_01,2026-06-22,1,610,1.2,0,29.3,2595.76,33.7,37.6,159.25,0,1,0.1953,1.056,53.01
W_914b535d96d4de31,ZONE_MAA_01,2026-06-29,1,610,1.2,0,29.3,2595.76,11.8,38.4,123.0,0,1,0.1188,1.02,47.93
W_914b535d96d4de31,ZONE_MAA_01,2026-07-06,1,610,1.2,0,29.3,2595.76,9.3,39.2,163.28571428571428,1,1,0.2267,1.016,52.35
W_914b535d96d4de31,ZONE_MAA_01,2026-07-13,1,610,1.2,0,29.3,2595.76,11.3,38.7,141.57142857142858,0,1,0.1316,1.019,48.43
W_914b535d96d4de31,ZONE_MAA_01,2026-07-20,1,610,1.2,0,29.3,2595.76,35.6,36.4,131.57142857142858,0,1,0.1788,1.059,52.43
W_914b535d96d4de31,ZONE_MAA_01,2026-07-27,1,610,1.2,0,29.3,2595.76,26.0,37.6,145.14285714285714,0,1,0.1674,1.043,51.14
W_914b535d96d4de31,ZONE_MAA_01,2026-08-03,1,610,1.2,0,29.3,2595.76,38.5,34.8,150.71428571428572,0,1,0.1997,1.064,53.61
W_914b535d96d4de31,ZONE_MAA_01,2026-08-10,1,610,1.2,0,29.3,2595.76,15.6,35.5,153.57142857142858,1,1,0.2336,1.026,53.16
W_914b535d96d4de31,ZONE_MAA_01,2026-08-17,1,610,1.2,0,29.3,2595.76,29.4,36.3,143.71428571428572,0,1,0.1739,1.049,51.72
W_914b535d96d4de31,ZONE_MAA_01,2026-08-24,1,610,1.2,0,29.3,2595.76,15.1,36.6,144.14285714285714,1,1,0.2254,1.025,52.75
W_914b535d96d4de31,ZONE_MAA_01,2026-08-31,1,610,1.2,0,29.3,2595.76,13.1,35.6,156.85714285714286,1,1,0.2305,1.022,52.82
W_914b535d96d4de31,ZONE_MAA_01,2026-09-07,1,610,1.2,0,29.3,2595.76,23.3,35.6,136.57142857142858,0,1,0.1549,1.039,50.4
W_914b535d96d4de31,ZONE_MAA_01,2026-09-14,1,610,1.2,0,29.3,2595.76,27.4,36.0,152.75,1,1,0.2595,1.046,55.33
W_537a103c7feb7b31,ZONE_MAA_01,2026-06-22,1,42,1.0,1,60.3,6228.87,33.7,37.6,159.25,0,1,0.1953,1.056,44.18
W_537a103c7feb7b31,ZONE_MAA_01,2026-06-29,1,42,1.0,1,60.3,6228.87,11.8,38.4,123.0,0,1,0.1188,1.02,39.94
W_537a103c7feb7b31,ZONE_MAA_01,2026-07-06,1,42,1.0,1,60.3,6228.87,9.3,39.2,163.28571428571428,1,1,0.2267,1.016,43.62
W_537a103c7feb7b31,ZONE_MAA_01,2026-07-13,1,42,1.0,1,60.3,6228.87,11.3,38.7,141.57142857142858,0,1,0.1316,1.019,40.36
W_537a103c7feb7b31,ZONE_MAA_01,2026-07-20,1,42,1.0,1,60.3,6228.87,35.6,36.4,131.57142857142858,0,1,0.1788,1.059,43.69
W_537a103c7feb7b31,ZONE_MAA_01,2026-07-27,1,42,1.0,1,60.3,6228.87,26.0,37.6,145.14285714285714,0,1,0.1674,1.043,42.62
W_537a103c7feb7b31,ZONE_MAA_01,2026-08-03,1,42,1.0,1,60.3,6228.87,38.5,34.8,150.71428571428572,0,1,0.1997,1.064,44.68
W_537a103c7feb7b31,ZONE_MAA_01,2026-08-10,1,42,1.0,1,60.3,6228.87,15.6,35.5,153.57142857142858,1,1,0.2336,1.026,44.3
W_537a103c7feb7b31,ZONE_MAA_01,2026-08-17,1,42,1.0,1,60.3,6228.87,29.4,36.3,143.71428571428572,0,1,0.1739,1.049,43.1
W_537a103c7feb7b31,ZONE_MAA_01,2026-08-24,1,42,1.0,1,60.3,6228.87,15.1,36.6,144.14285714285714,1,1,0.2254,1.025,43.96
W_537a103c7feb7b31,ZONE_MAA_01,2026-08-31,1,42,1.0,1,60.3,6228.87,13.1,35.6,156.85714285714286,1,1,0.2305,1.022,44.01
W_537a103c7feb7b31,ZONE_MAA_01,2026-09-07,1,42,1.0,1,60.3,6228.87,23.3,35.6,136.57142857142858,0,1,0.1549,1.039,42.0
W_537a103c7feb7b31,ZONE_MAA_01,2026-09-14,1,42,1.0,1,60.3,6228.87,27.4,36.0,152.75,1,1,0.2595,1.046,46.11
W_438d1cd789e8f44c,ZONE_DEL_01,2026-06-22,1,26,1.0,0,23.2,2655.12,4.0,41.9,188.25,0,1,0.1502,1.007,40.54
W_438d1cd789e8f44c,ZONE_DEL_01,2026-06-29,1,26,1.0,0,23.2,2655.12,20.0,41.7,157.71428571428572,0,1,0.1633,1.033,42.06
W_438d1cd789e8f44c,ZONE_DEL_01,2026-07-06,1,26,1.0,0,23.2,2655.12,122.9,36.7,156.0,2,1,0.5602,1.205,65.8
W_438d1cd789e8f44c,ZONE_DEL_01,2026-07-13,1,26,1.0,0,23.2,2655.12,9.8,37.4,129.42857142857142,0,1,0.1191,1.016,39.8
W_438d1cd789e8f44c,ZONE_DEL_01,2026-07-20,1,26,1.0,0,23.2,2655.12,74.3,33.7,132.71428571428572,0,1,0.2667,1.124,49.83
W_438d1cd789e8f44c,ZONE_DEL_01,2026-07-27,1,26,1.0,0,23.2,2655.12,51.900000000000006,35.3,172.57142857142858,0,1,0.2462,1.086,47.37
W_438d1cd789e8f44c,ZONE_DEL_01,2026-08-03,1,26,1.0,0,23.2,2655.12,132.8,33.8,126.57142857142856,1,1,0.4771,1.221,63.12
W_438d1cd789e8f44c,ZONE_DEL_01,2026-08-10,1,26,1.0,0,23.2,2655.12,45.8,34.4,170.42857142857142,0,1,0.2309,1.076,46.36
W_438d1cd789e8f44c,ZONE_DEL_01,2026-08-17,1,26,1.0,0,23.2,2655.12,34.3,33.6,140.0,1,1,0.2655,1.057,46.82
W_438d1cd789e8f44c,ZONE_DEL_01,2026-08-24,1,26,1.0,0,23.2,2655.12,24.5,34.9,168.0,0,1,0.1811,1.041,43.03
W_438d1cd789e8f44c,ZONE_DEL_01,2026-08-31,1,26,1.0,0,23.2,2655.12,76.6,34.4,145.57142857142858,0,1,0.2815,1.128,50.59
W_438d1cd789e8f44c,ZONE_DEL_01,2026-09-07,1,26,1.0,0,23.2,2655.12,19.1,34.4,142.0,0,1,0.1495,1.032,41.52
W_438d1cd789e8f44c,ZONE_DEL_01,2026-09-14,1,26,1.0,0,23.2,2655.12,7.6,35.0,149.0,0,1,0.1288,1.013,40.02
W_110d9988d5961d9b,ZONE_BLR_01,2026-06-22,1,52,1.0,1,48.1,5492.11,16.3,30.1,135.25,0,1,0.1381,1.027,40.91
W_110d9988d5961d9b,ZONE_BLR_01,2026-06-29,1,52,1.0,1,48.1,5492.11,20.1,29.2,153.85714285714286,1,1,0.244,1.034,45.02
W_110d9988d5961d9b,ZONE_BLR_01,2026-07-06,1,52,1.0,1,48.1,5492.11,8.399999999999999,31.8,172.71428571428572,0,1,0.1484,1.014,40.76
W_110d9988d5961d9b,ZONE_BLR_01,2026-07-13,1,52,1.0,1,48.1,5492.11,16.8,32.1,124.57142857142856,0,1,0.1312,1.028,40.7
W_110d9988d5961d9b,ZONE_BLR_01,2026-07-20,1,52,1.0,1,48.1,5492.11,33.4,29.5,162.85714285714286,1,1,0.2806,1.056,47.33
W_110d9988d5961d9b,ZONE_BLR_01,2026-07-27,1,52,1.0,1,48.1,5492.11,28.8,29.7,169.42857142857142,0,1,0.1919,1.048,43.72
W_110d9988d5961d9b,ZONE_BLR_01,2026-08-03,1,52,1.0,1,48.1,5492.11,76.3,28.3,143.0,0,1,0.2789,1.127,50.45
W_110d9988d5961d9b,ZONE_BLR_01,2026-08-10,1,52,1.0,1,48.1,5492.11,19.9,30.7,129.0,0,1,0.1415,1.033,41.27
W_110d9988d5961d9b,ZONE_BLR_01,2026-08-17,1,52,1.0,1,48.1,5492.11,31.4,29.9,146.57142857142858,1,1,0.2639,1.052,46.54
W_110d9988d5961d9b,ZONE_BLR_01,2026-08-24,1,52,1.0,1,48.1,5492.11,35.7,28.8,167.14285714285714,0,1,0.2057,1.06,44.73
W_110d9988d5961d9b,ZONE_BLR_01,2026-08-31,1,52,1.0,1,48.1,5492.11,13.2,30.8,142.71428571428572,1,1,0.2201,1.022,43.64
W_110d9988d5961d9b,ZONE_BLR_01,2026-09-07,1,52,1.0,1,48.1,5492.11,8.5,31.0,128.28571428571428,0,1,0.1153,1.014,39.58
W_110d9988d5961d9b,ZONE_BLR_01,2026-09-14,1,52,1.0,1,48.1,5492.11,33.1,30.8,137.5,0,1,0.1776,1.055,43.48
W_d98a52f9cbeb1634,ZONE_DEL_01,2026-06-22,1,242,1.05,1,56.4,5522.19,4.0,41.9,188.25,0,1,0.1502,1.007,42.57
W_d98a52f9cbeb1634,ZONE_DEL_01,2026-06-29,1,242,1.05,1,56.4,5522.19,20.0,41.7,157.71428571428572,0,1,0.1633,1.033,44.16
W_d98a52f9cbeb1634,ZONE_DEL_01,2026-07-06,1,242,1.05,1,56.4,5522.19,122.9,36.7,156.0,2,1,0.5602,1.205,69.09
W_d98a52f9cbeb1634,ZONE_DEL_01,2026-07-13,1,242,1.05,1,56.4,5522.19,9.8,37.4,129.42857142857142,0,1,0.1191,1.016,41.78
W_d98a52f9cbeb1634,ZONE_DEL_01,2026-07-20,1,242,1.05,1,56.4,5522.19,74.3,33.7,132.71428571428572,0,1,0.2667,1.124,52.32
W_d98a52f9cbeb1634,ZONE_DEL_01,2026-07-27,1,242,1.05,1,56.4,5522.19,51.900000000000006,35.3,172.57142857142858,0,1,0.2462,1.086,49.74
W_d98a52f9cbeb1634,ZONE_DEL_01,2026-08-03,1,242,1.05,1,56.4,5522.19,132.8,33.8,126.57142857142856,1,1,0.4771,1.221,66.28
W_d98a52f9cbeb1634,ZONE_DEL_01,2026-08-10,1,242,1.05,1,56.4,5522.19,45.8,34.4,170.42857142857142,0,1,0.2309,1.076,48.67
W_d98a52f9cbeb1634,ZONE_DEL_01,2026-08-17,1,242,1.05,1,56.4,5522.19,34.3,33.6,140.0,1,1,0.2655,1.057,49.16
W_d98a52f9cbeb1634,ZONE_DEL_01,2026-08-24,1,242,1.05,1,56.4,5522.19,24.5,34.9,168.0,0,1,0.1811,1.041,45.19
W_d98a52f9cbeb1634,ZONE_DEL_01,2026-08-31,1,242,1.05,1,56.4,5522.19,76.6,34.4,145.57142857142858,0,1,0.2815,1.128,53.12
W_d98a52f9cbeb1634,ZONE_DEL_01,2026-09-07,1,242,1.05,1,56.4,5522.19,19.1,34.4,142.0,0,1,0.1495,1.032,43.6
W_d98a52f9cbeb1634,ZONE_DEL_01,2026-09-14,1,242,1.05,1,56.4,5522.19,7.6,35.0,149.0,0,1,0.1288,1.013,42.02
W_08e6fccb88fab6c5,ZONE_DEL_01,2026-06-22,1,51,1.2,1,45.4,3961.41,4.0,41.9,188.25,0,1,0.1502,1.007,48.65
W_08e6fccb88fab6c5,ZONE_DEL_01,2026-06-29,1,51,1.2,1,45.4,3961.41,20.0,41.7,157.71428571428572,0,1,0.1633,1.033,50.47
W_08e6fccb88fab6c5,ZONE_DEL_01,2026-07-06,1,51,1.2,1,45.4,3961.41,122.9,36.7,156.0,2,1,0.5602,1.205,78.96
W_08e6fccb88fab6c5,ZONE_DEL_01,2026-07-13,1,51,1.2,1,45.4,3961.41,9.8,37.4,129.42857142857142,0,1,0.1191,1.016,47.75
W_08e6fccb88fab6c5,ZONE_DEL_01,2026-07-20,1,51,1.2,1,45.4,3961.41,74.3,33.7,132.71428571428572,0,1,0.2667,1.124,59.8
W_08e6fccb88fab6c5,ZONE_DEL_01,2026-07-27,1,51,1.2,1,45.4,3961.41,51.900000000000006,35.3,172.57142857142858,0,1,0.2462,1.086,56.84
W_08e6fccb88fab6c5,ZONE_DEL_01,2026-08-03,1,51,1.2,1,45.4,3961.41,132.8,33.8,126.57142857142856,1,1,0.4771,1.221,75.75
W_08e6fccb88fab6c5,ZONE_DEL_01,2026-08-10,1,51,1.2,1,45.4,3961.41,45.8,34.4,170.42857142857142,0,1,0.2309,1.076,55.63
W_08e6fccb88fab6c5,ZONE_DEL_01,2026-08-17,1,51,1.2,1,45.4,3961.41,34.3,33.6,140.0,1,1,0.2655,1.057,56.18
W_08e6fccb88fab6c5,ZONE_DEL_01,2026-08-24,1,51,1.2,1,45.4,3961.41,24.5,34.9,168.0,0,1,0.1811,1.041,51.64
W_08e6fccb88fab6c5,ZONE_DEL_01,2026-08-31,1,51,1.2,1,45.4,3961.41,76.6,34.4,145.57142857142858,0,1,0.2815,1.128,60.71
W_08e6fccb88fab6c5,ZONE_DEL_01,2026-09-07,1,51,1.2,1,45.4,3961.41,19.1,34.4,142.0,0,1,0.1495,1.032,49.82
W_08e6fccb88fab6c5,ZONE_DEL_01,2026-09-14,1,51,1.2,1,45.4,3961.41,7.6,35.0,149.0,0,1,0.1288,1.013,48.03
W_0e34004535fe526f,ZONE_BLR_01,2026-06-22,1,41,1.05,1,40.7,4450.23,16.3,30.1,135.25,0,1,0.1381,1.027,42.95
W_0e34004535fe526f,ZONE_BLR_01,2026-06-29,1,41,1.05,1,40.7,4450.23,20.1,29.2,153.85714285714286,1,1,0.244,1.034,47.27
W_0e34004535fe526f,ZONE_BLR_01,2026-07-06,1,41,1.05,1,40.7,4450.23,8.399999999999999,31.8,172.71428571428572,0,1,0.1484,1.014,42.79
W_0e34004535fe526f,ZONE_BLR_01,2026-07-13,1,41,1.05,1,40.7,4450.23,16.8,32.1,124.57142857142856,0,1,0.1312,1.028,42.74
W_0e34004535fe526f,ZONE_BLR_01,2026-07-20,1,41,1.05,1,40.7,4450.23,33.4,29.5,162.85714285714286,1,1,0.2806,1.056,49.7
W_0e34004535fe526f,ZONE_BLR_01,2026-07-27,1,41,1.05,1,40.7,4450.23,28.8,29.7,169.42857142857142,0,1,0.1919,1.048,45.9
W_0e34004535fe526f,ZONE_BLR_01,2026-08-03,1,41,1.05,1,40.7,4450.23,76.3,28.3,143.0,0,1,0.2789,1.127,52.97
W_0e34004535fe526f,ZONE_BLR_01,2026-08-10,1,41,1.05,1,40.7,4450.23,19.9,30.7,129.0,0,1,0.1415,1.033,43.33
W_0e34004535fe526f,ZONE_BLR_01,2026-08-17,1,41,1.05,1,40.7,4450.23,31.4,29.9,146.57142857142858,1,1,0.2639,1.052,48.86
W_0e34004535fe526f,ZONE_BLR_01,2026-08-24,1,41,1.05,1,40.7,4450.23,35.7,28.8,167.14285714285714,0,1,0.2057,1.06,46.97
W_0e34004535fe526f,ZONE_BLR_01,2026-08-31,1,41,1.05,1,40.7,4450.23,13.2,30.8,142.71428571428572,1,1,0.2201,1.022,45.83
W_0e34004535fe526f,ZONE_BLR_01,2026-09-07,1,41,1.05,1,40.7,4450.23,8.5,31.0,128.28571428571428,0,1,0.1153,1.014,41.56
W_0e34004535fe526f,ZONE_BLR_01,2026-09-14,1,41,1.05,1,40.7,4450.23,33.1,30.8,137.5,0,1,0.1776,1.055,45.66
W_1506ca04b01f071b,ZONE_BLR_01,2026-06-22,1,208,1.05,1,50.3,5321.87,16.3,30.1,135.25,0,1,0.1381,1.027,42.95
W_1506ca04b01f071b,ZONE_BLR_01,2026-06-29,1,208,1.05,1,50.3,5321.87,20.1,29.2,153.85714285714286,1,1,0.244,1.034,47.27
W_1506ca04b01f071b,ZONE_BLR_01,2026-07-06,1,208,1.05,1,50.3,5321.87,8.399999999999999,31.8,172.71428571428572,0,1,0.1484,1.014,42.79
W_1506ca04b01f071b,ZONE_BLR_01,2026-07-13,1,208,1.05,1,50.3,5321.87,16.8,32.1,124.57142857142856,0,1,0.1312,1.028,42.74
W_1506ca04b01f071b,ZONE_BLR_01,2026-07-20,1,208,1.05,1,50.3,5321.87,33.4,29.5,162.85714285714286,1,1,0.2806,1.056,49.7
W_1506ca04b01f071b,ZONE_BLR_01,2026-07-27,1,208,1.05,1,50.3,5321.87,28.8,29.7,169.42857142857142,0,1,0.1919,1.048,45.9
W_1506ca04b01f071b,ZONE_BLR_01,2026-08-03,1,208,1.05,1,50.3,5321.87,76.3,28.3,143.0,0,1,0.2789,1.127,52.97
W_1506ca04b01f071b,ZONE_BLR_01,2026-08-10,1,208,1.05,1,50.3,5321.87,19.9,30.7,129.0,0,1,0.1415,1.033,43.33
W_1506ca04b01f071b,ZONE_BLR_01,2026-08-17,1,208,1.05,1,50.3,5321.87,31.4,29.9,146.57142857142858,1,1,0.2639,1.052,48.86
W_1506ca04b01f071b,ZONE_BLR_01,2026-08-24,1,208,1.05,1,50.3,5321.87,35.7,28.8,167.14285714285714,0,1,0.2057,1.06,46.97
W_1506ca04b01f071b,ZONE_BLR_01,2026-08-31,1,208,1.05,1,50.3,5321.87,13.2,30.8,142.71428571428572,1,1,0.2201,1.022,45.83
W_1506ca04b01f071b,ZONE_BLR_01,2026-09-07,1,208,1.05,1,50.3,5321.87,8.5,31.0,128.28571428571428,0,1,0.1153,1.014,41.56
W_1506ca04b01f071b,ZONE_BLR_01,2026-09-14,1,208,1.05,1,50.3,5321.87,33.1,30.8,137.5,0,1,0.1776,1.055,45.66
W_ebc11507125ea7ab,ZONE_BOM_01,2026-06-22,1,33,1.0,0,28.2,3155.52,24.8,31.1,184.0,0,1,0.1938,1.041,43.5
W_ebc11507125ea7ab,ZONE_BOM_01,2026-06-29,1,33,1.0,0,28.2,3155.52,493.0,28.6,147.0,6,1,1.0,1.822,79.0
W_ebc11507125ea7ab,ZONE_BOM_01,2026-07-06,1,33,1.0,0,28.2,3155.52,235.5,30.2,143.85714285714286,2,1,0.8044,1.392,79.0
W_ebc11507125ea7ab,ZONE_BOM_01,2026-07-13,1,33,1.0,0,28.2,3155.52,92.5,30.6,156.42857142857142,1,1,0.4088,1.154,56.9
W_ebc11507125ea7ab,ZONE_BOM_01,2026-07-20,1,33,1.0,0,28.2,3155.52,354.8,29.6,158.42857142857142,4,1,1.0,1.591,79.0
W_ebc11507125ea7ab,ZONE_BOM_01,2026-07-27,1,33,1.0,0,28.2,3155.52,120.9,29.6,151.42857142857142,0,1,0.3856,1.202,58.29
W_ebc11507125ea7ab,ZONE_BOM_01,2026-08-03,1,33,1.0,0,28.2,3155.52,76.8,29.7,139.0,0,1,0.277,1.128,50.42
W_ebc11507125ea7ab,ZONE_BOM_01,2026-08-10,1,33,1.0,0,28.2,3155.52,96.6,29.7,142.57142857142858,0,1,0.3243,1.161,53.81
W_ebc11507125ea7ab,ZONE_BOM_01,2026-08-17,1,33,1.0,0,28.2,3155.52,61.0,29.7,146.28571428571428,1,1,0.3303,1.102,51.31
W_ebc11507125ea7ab,ZONE_BOM_01,2026-08-24,1,33,1.0,0,28.2,3155.52,36.4,29.6,134.0,1,1,0.2657,1.061,47.0
W_ebc11507125ea7ab,ZONE_BOM_01,2026-08-31,1,33,1.0,0,28.2,3155.52,61.0,29.6,158.28571428571428,0,1,0.256,1.102,48.44
W_ebc11507125ea7ab,ZONE_BOM_01,2026-09-07,1,33,1.0,0,28.2,3155.52,52.9,30.0,169.57142857142858,0,1,0.2462,1.088,47.46
W_ebc11507125ea7ab,ZONE_BOM_01,2026-09-14,1,33,1.0,0,28.2,3155.52,23.3,30.0,162.0,0,1,0.1739,1.039,42.69
W_aa3cde79f1b0b184,ZONE_HYD_01,2026-06-22,1,208,1.05,0,31.1,2934.89,21.8,32.6,156.25,1,1,0.2496,1.036,47.58
W_aa3cde79f1b0b184,ZONE_HYD_01,2026-06-29,1,208,1.05,0,31.1,2934.89,35.9,29.8,132.14285714285714,0,1,0.1799,1.06,45.96
W_aa3cde79f1b0b184,ZONE_HYD_01,2026-07-06,1,208,1.05,0,31.1,2934.89,6.2,33.3,165.28571428571428,0,1,0.1379,1.01,42.24
W_aa3cde79f1b0b184,ZONE_HYD_01,2026-07-13,1,208,1.05,0,31.1,2934.89,26.8,33.9,155.14285714285714,1,1,0.26,1.045,48.39
W_aa3cde79f1b0b184,ZONE_HYD_01,2026-07-20,1,208,1.05,0,31.1,2934.89,38.8,30.0,132.85714285714286,0,1,0.1869,1.065,46.45
W_aa3cde79f1b0b184,ZONE_HYD_01,2026-07-27,1,208,1.05,0,31.1,2934.89,70.5,30.6,137.0,0,1,0.2614,1.118,51.83
W_aa3cde79f1b0b184,ZONE_HYD_01,2026-08-03,1,208,1.05,0,31.1,2934.89,20.5,30.6,136.28571428571428,0,1,0.1483,1.034,43.63
W_aa3cde79f1b0b184,ZONE_HYD_01,2026-08-10,1,208,1.05,0,31.1,2934.89,12.6,30.8,137.42857142857142,0,1,0.1314,1.021,42.45
W_aa3cde79f1b0b184,ZONE_HYD_01,2026-08-17,1,208,1.05,0,31.1,2934.89,18.2,31.5,148.85714285714286,1,1,0.2359,1.03,46.78
W_aa3cde79f1b0b184,ZONE_HYD_01,2026-08-24,1,208,1.05,0,31.1,2934.89,10.4,30.4,140.14285714285714,0,1,0.1285,1.017,42.18
W_aa3cde79f1b0b184,ZONE_HYD_01,2026-08-31,1,208,1.05,0,31.1,2934.89,8.8,32.0,159.14285714285714,0,1,0.1392,1.015,42.49
W_aa3cde79f1b0b184,ZONE_HYD_01,2026-09-07,1,208,1.05,0,31.1,2934.89,26.3,32.2,156.57142857142858,1,1,0.2599,1.044,48.34
W_aa3cde79f1b0b184,ZONE_HYD_01,2026-09-14,1,208,1.05,0,31.1,2934.89,12.7,33.4,147.5,0,1,0.1392,1.021,42.74
W_1081496b0d8c1a2e,ZONE_DEL_01,2026-06-22,1,20,1.0,1,52.5,5886.86,4.0,41.9,188.25,0,1,0.1502,1.007,40.54
W_1081496b0d8c1a2e,ZONE_DEL_01,2026-06-29,1,20,1.0,1,52.5,5886.86,20.0,41.7,157.71428571428572,0,1,0.1633,1.033,42.06
W_1081496b0d8c1a2e,ZONE_DEL_01,2026-07-06,1,20,1.0,1,52.5,5886.86,122.9,36.7,156.0,2,1,0.5602,1.205,65.8
W_1081496b0d8c1a2e,ZONE_DEL_01,2026-07-13,1,20,1.0,1,52.5,5886.86,9.8,37.4,129.42857142857142,0,1,0.1191,1.016,39.8
W_1081496b0d8c1a2e,ZONE_DEL_01,2026-07-20,1,20,1.0,1,52.5,5886.86,74.3,33.7,132.71428571428572,0,1,0.2667,1.124,49.83
W_1081496b0d8c1a2e,ZONE_DEL_01,2026-07-27,1,20,1.0,1,52.5,5886.86,51.900000000000006,35.3,172.57142857142858,0,1,0.2462,1.086,47.37
W_1081496b0d8c1a2e,ZONE_DEL_01,2026-08-03,1,20,1.0,1,52.5,5886.86,132.8,33.8,126.57142857142856,1,1,0.4771,1.221,63.12
W_1081496b0d8c1a2e,ZONE_DEL_01,2026-08-10,1,20,1.0,1,52.5,5886.86,45.8,34.4,170.42857142857142,0,1,0.2309,1.076,46.36
W_1081496b0d8c1a2e,ZONE_DEL_01,2026-08-17,1,20,1.0,1,52.5,5886.86,34.3,33.6,140.0,1,1,0.2655,1.057,46.82
W_1081496b0d8c1a2e,ZONE_DEL_01,2026-08-24,1,20,1.0,1,52.5,5886.86,24.5,34.9,168.0,0,1,0.1811,1.041,43.03
W_1081496b0d8c1a2e,ZONE_DEL_01,2026-08-31,1,20,1.0,1,52.5,5886.86,76.6,34.4,145.57142857142858,0,1,0.2815,1.128,50.59
W_1081496b0d8c1a2e,ZONE_DEL_01,2026-09-07,1,20,1.0,1,52.5,5886.86,19.1,34.4,142.0,0,1,0.1495,1.032,41.52
W_1081496b0d8c1a2e,ZONE_DEL_01,2026-09-14,1,20,1.0,1,52.5,5886.86,7.6,35.0,149.0,0,1,0.1288,1.013,40.02
W_2d22569d6034337e,ZONE_DEL_01,2026-06-22,1,61,1.0,1,52.8,5616.81,4.0,41.9,188.25,0,1,0.1502,1.007,40.54
W_2d22569d6034337e,ZONE_DEL_01,2026-06-29,1,61,1.0,1,52.8,5616.81,20.0,41.7,157.71428571428572,0,1,0.1633,1.033,42.06
W_2d22569d6034337e,ZONE_DEL_01,2026-07-06,1,61,1.0,1,52.8,5616.81,122.9,36.7,156.0,2,1,0.5602,1.205,65.8
W_2d22569d6034337e,ZONE_DEL_01,2026-07-13,1,61,1.0,1,52.8,5616.81,9.8,37.4,129.42857142857142,0,1,0.1191,1.016,39.8
W_2d22569d6034337e,ZONE_DEL_01,2026-07-20,1,61,1.0,1,52.8,5616.81,74.3,33.7,132.71428571428572,0,1,0.2667,1.124,49.83
W_2d22569d6034337e,ZONE_DEL_01,2026-07-27,1,61,1.0,1,52.8,5616.81,51.900000000000006,35.3,172.57142857142858,0,1,0.2462,1.086,47.37
W_2d22569d6034337e,ZONE_DEL_01,2026-08-03,1,61,1.0,1,52.8,5616.81,132.8,33.8,126.57142857142856,1,1,0.4771,1.221,63.12
W_2d22569d6034337e,ZONE_DEL_01,2026-08-10,1,61,1.0,1,52.8,5616.81,45.8,34.4,170.42857142857142,0,1,0.2309,1.076,46.36
W_2d22569d6034337e,ZONE_DEL_01,2026-08-17,1,61,1.0,1,52.8,5616.81,34.3,33.6,140.0,1,1,0.2655,1.057,46.82
W_2d22569d6034337e,ZONE_DEL_01,2026-08-24,1,61,1.0,1,52.8,5616.81,24.5,34.9,168.0,0,1,0.1811,1.041,43.03
W_2d22569d6034337e,ZONE_DEL_01,2026-08-31,1,61,1.0,1,52.8,5616.81,76.6,34.4,145.57142857142858,0,1,0.2815,1.128,50.59
W_2d22569d6034337e,ZONE_DEL_01,2026-09-07,1,61,1.0,1,52.8,5616.81,19.1,34.4,142.0,0,1,0.1495,1.032,41.52
W_2d22569d6034337e,ZONE_DEL_01,2026-09-14,1,61,1.0,1,52.8,5616.81,7.6,35.0,149.0,0,1,0.1288,1.013,40.02
W_0ad5761f7d7ef742,ZONE_DEL_01,2026-06-22,1,309,1.0,0,27.6,2890.96,4.0,41.9,188.25,0,1,0.1502,1.007,40.54
W_0ad5761f7d7ef742,ZONE_DEL_01,2026-06-29,1,309,1.0,0,27.6,2890.96,20.0,41.7,157.71428571428572,0,1,0.1633,1.033,42.06
W_0ad5761f7d7ef742,ZONE_DEL_01,2026-07-06,1,309,1.0,0,27.6,2890.96,122.9,36.7,156.0,2,1,0.5602,1.205,65.8
W_0ad5761f7d7ef742,ZONE_DEL_01,2026-07-13,1,309,1.0,0,27.6,2890.96,9.8,37.4,129.42857142857142,0,1,0.1191,1.016,39.8
W_0ad5761f7d7ef742,ZONE_DEL_01,2026-07-20,1,309,1.0,0,27.6,2890.96,74.3,33.7,132.71428571428572,0,1,0.2667,1.124,49.83
W_0ad5761f7d7ef742,ZONE_DEL_01,2026-07-27,1,309,1.0,0,27.6,2890.96,51.900000000000006,35.3,172.57142857142858,0,1,0.2462,1.086,47.37
W_0ad5761f7d7ef742,ZONE_DEL_01,2026-08-03,1,309,1.0,0,27.6,2890.96,132.8,33.8,126.57142857142856,1,1,0.4771,1.221,63.12
W_0ad5761f7d7ef742,ZONE_DEL_01,2026-08-10,1,309,1.0,0,27.6,2890.96,45.8,34.4,170.42857142857142,0,1,0.2309,1.076,46.36
W_0ad5761f7d7ef742,ZONE_DEL_01,2026-08-17,1,309,1.0,0,27.6,2890.96,34.3,33.6,140.0,1,1,0.2655,1.057,46.82
W_0ad5761f7d7ef742,ZONE_DEL_01,2026-08-24,1,309,1.0,0,27.6,2890.96,24.5,34.9,168.0,0,1,0.1811,1.041,43.03
W_0ad5761f7d7ef742,ZONE_DEL_01,2026-08-31,1,309,1.0,0,27.6,2890.96,76.6,34.4,145.57142857142858,0,1,0.2815,1.128,50.59
W_0ad5761f7d7ef742,ZONE_DEL_01,2026-09-07,1,309,1.0,0,27.6,2890.96,19.1,34.4,142.0,0,1,0.1495,1.032,41.52
W_0ad5761f7d7ef742,ZONE_DEL_01,2026-09-14,1,309,1.0,0,27.6,2890.96,7.6,35.0,149.0,0,1,0.1288,1.013,40.02
W_7f2b8b2f12987677,ZONE_BLR_01,2026-06-22,1,51,1.05,0,27.8,2865.4,16.3,30.1,135.25,0,1,0.1381,1.027,42.95
W_7f2b8b2f12987677,ZONE_BLR_01,2026-06-29,1,51,1.05,0,27.8,2865.4,20.1,29.2,153.85714285714286,1,1,0.244,1.034,47.27
W_7f2b8b2f12987677,ZONE_BLR_01,2026-07-06,1,51,1.05,0,27.8,2865.4,8.399999999999999,31.8,172.71428571428572,0,1,0.1484,1.014,42.79
W_7f2b8b2f12987677,ZONE_BLR_01,2026-07-13,1,51,1.05,0,27.8,2865.4,16.8,32.1,124.57142857142856,0,1,0.1312,1.028,42.74
W_7f2b8b2f12987677,ZONE_BLR_01,2026-07-20,1,51,1.05,0,27.8,2865.4,33.4,29.5,162.85714285714286,1,1,0.2806,1.056,49.7
W_7f2b8b2f12987677,ZONE_BLR_01,2026-07-27,1,51,1.05,0,27.8,2865.4,28.8,29.7,169.42857142857142,0,1,0.1919,1.048,45.9
W_7f2b8b2f12987677,ZONE_BLR_01,2026-08-03,1,51,1.05,0,27.8,2865.4,76.3,28.3,143.0,0,1,0.2789,1.127,52.97
W_7f2b8b2f12987677,ZONE_BLR_01,2026-08-10,1,51,1.05,0,27.8,2865.4,19.9,30.7,129.0,0,1,0.1415,1.033,43.33
W_7f2b8b2f12987677,ZONE_BLR_01,2026-08-17,1,51,1.05,0,27.8,2865.4,31.4,29.9,146.57142857142858,1,1,0.2639,1.052,48.86
W_7f2b8b2f12987677,ZONE_BLR_01,2026-08-24,1,51,1.05,0,27.8,2865.4,35.7,28.8,167.14285714285714,0,1,0.2057,1.06,46.97
W_7f2b8b2f12987677,ZONE_BLR_01,2026-08-31,1,51,1.05,0,27.8,2865.4,13.2,30.8,142.71428571428572,1,1,0.2201,1.022,45.83
W_7f2b8b2f12987677,ZONE_BLR_01,2026-09-07,1,51,1.05,0,27.8,2865.4,8.5,31.0,128.28571428571428,0,1,0.1153,1.014,41.56
W_7f2b8b2f12987677,ZONE_BLR_01,2026-09-14,1,51,1.05,0,27.8,2865.4,33.1,30.8,137.5,0,1,0.1776,1.055,45.66
W_fe0470c7deaf52e8,ZONE_HYD_01,2026-06-22,1,20,1.0,1,45.5,4897.67,21.8,32.6,156.25,1,1,0.2496,1.036,45.31
W_fe0470c7deaf52e8,ZONE_HYD_01,2026-06-29,1,20,1.0,1,45.5,4897.67,35.9,29.8,132.14285714285714,0,1,0.1799,1.06,43.77
W_fe0470c7deaf52e8,ZONE_HYD_01,2026-07-06,1,20,1.0,1,45.5,4897.67,6.2,33.3,165.28571428571428,0,1,0.1379,1.01,40.22
W_fe0470c7deaf52e8,ZONE_HYD_01,2026-07-13,1,20,1.0,1,45.5,4897.67,26.8,33.9,155.14285714285714,1,1,0.26,1.045,46.08
W_fe0470c7deaf52e8,ZONE_HYD_01,2026-07-20,1,20,1.0,1,45.5,4897.67,38.8,30.0,132.85714285714286,0,1,0.1869,1.065,44.24
W_fe0470c7deaf52e8,ZONE_HYD_01,2026-07-27,1,20,1.0,1,45.5,4897.67,70.5,30.6,137.0,0,1,0.2614,1.118,49.36
W_fe0470c7deaf52e8,ZONE_HYD_01,2026-08-03,1,20,1.0,1,45.5,4897.67,20.5,30.6,136.28571428571428,0,1,0.1483,1.034,41.56
W_fe0470c7deaf52e8,ZONE_HYD_01,2026-08-10,1,20,1.0,1,45.5,4897.67,12.6,30.8,137.42857142857142,0,1,0.1314,1.021,40.43
W_fe0470c7deaf52e8,ZONE_HYD_01,2026-08-17,1,20,1.0,1,45.5,4897.67,18.2,31.5,148.85714285714286,1,1,0.2359,1.03,44.55
W_fe0470c7deaf52e8,ZONE_HYD_01,2026-08-24,1,20,1.0,1,45.5,4897.67,10.4,30.4,140.14285714285714,0,1,0.1285,1.017,40.17
W_fe0470c7deaf52e8,ZONE_HYD_01,2026-08-31,1,20,1.0,1,45.5,4897.67,8.8,32.0,159.14285714285714,0,1,0.1392,1.015,40.47
W_fe0470c7deaf52e8,ZONE_HYD_01,2026-09-07,1,20,1.0,1,45.5,4897.67,26.3,32.2,156.57142857142858,1,1,0.2599,1.044,46.04
W_fe0470c7deaf52e8,ZONE_HYD_01,2026-09-14,1,20,1.0,1,45.5,4897.67,12.7,33.4,147.5,0,1,0.1392,1.021,40.71
W_7e05a7b9838db15e,ZONE_HYD_01,2026-06-22,1,350,1.05,1,42.8,4664.63,21.8,32.6,156.25,1,1,0.2496,1.036,47.58
W_7e05a7b9838db15e,ZONE_HYD_01,2026-06-29,1,350,1.05,1,42.8,4664.63,35.9,29.8,132.14285714285714,0,1,0.1799,1.06,45.96
W_7e05a7b9838db15e,ZONE_HYD_01,2026-07-06,1,350,1.05,1,42.8,4664.63,6.2,33.3,165.28571428571428,0,1,0.1379,1.01,42.24
W_7e05a7b9838db15e,ZONE_HYD_01,2026-07-13,1,350,1.05,1,42.8,4664.63,26.8,33.9,155.14285714285714,1,1,0.26,1.045,48.39
W_7e05a7b9838db15e,ZONE_HYD_01,2026-07-20,1,350,1.05,1,42.8,4664.63,38.8,30.0,132.85714285714286,0,1,0.1869,1.065,46.45
W_7e05a7b9838db15e,ZONE_HYD_01,2026-07-27,1,350,1.05,1,42.8,4664.63,70.5,30.6,137.0,0,1,0.2614,1.118,51.83
W_7e05a7b9838db15e,ZONE_HYD_01,2026-08-03,1,350,1.05,1,42.8,4664.63,20.5,30.6,136.28571428571428,0,1,0.1483,1.034,43.63
W_7e05a7b9838db15e,ZONE_HYD_01,2026-08-10,1,350,1.05,1,42.8,4664.63,12.6,30.8,137.42857142857142,0,1,0.1314,1.021,42.45
W_7e05a7b9838db15e,ZONE_HYD_01,2026-08-17,1,350,1.05,1,42.8,4664.63,18.2,31.5,148.85714285714286,1,1,0.2359,1.03,46.78
W_7e05a7b9838db15e,ZONE_HYD_01,2026-08-24,1,350,1.05,1,42.8,4664.63,10.4,30.4,140.14285714285714,0,1,0.1285,1.017,42.18
W_7e05a7b9838db15e,ZONE_HYD_01,2026-08-31,1,350,1.05,1,42.8,4664.63,8.8,32.0,159.14285714285714,0,1,0.1392,1.015,42.49
W_7e05a7b9838db15e,ZONE_HYD_01,2026-09-07,1,350,1.05,1,42.8,4664.63,26.3,32.2,156.57142857142858,1,1,0.2599,1.044,48.34
W_7e05a7b9838db15e,ZONE_HYD_01,2026-09-14,1,350,1.05,1,42.8,4664.63,12.7,33.4,147.5,0,1,0.1392,1.021,42.74
W_b75e4da4b81942bc,ZONE_BOM_01,2026-06-22,1,521,1.05,1,47.4,4975.09,24.8,31.1,184.0,0,1,0.1938,1.041,45.67
W_b75e4da4b81942bc,ZONE_BOM_01,2026-06-29,1,521,1.05,1,47.4,4975.09,493.0,28.6,147.0,6,1,1.0,1.822,79.0
W_b75e4da4b81942bc,ZONE_BOM_01,2026-07-06,1,521,1.05,1,47.4,4975.09,235.5,30.2,143.85714285714286,2,1,0.8044,1.392,79.0
W_b75e4da4b81942bc,ZONE_BOM_01,2026-07-13,1,521,1.05,1,47.4,4975.09,92.5,30.6,156.42857142857142,1,1,0.4088,1.154,59.75
W_b75e4da4b81942bc,ZONE_BOM_01,2026-07-20,1,521,1.05,1,47.4,4975.09,354.8,29.6,158.42857142857142,4,1,1.0,1.591,79.0
W_b75e4da4b81942bc,ZONE_BOM_01,2026-07-27,1,521,1.05,1,47.4,4975.09,120.9,29.6,151.42857142857142,0,1,0.3856,1.202,61.21
W_b75e4da4b81942bc,ZONE_BOM_01,2026-08-03,1,521,1.05,1,47.4,4975.09,76.8,29.7,139.0,0,1,0.277,1.128,52.94
W_b75e4da4b81942bc,ZONE_BOM_01,2026-08-10,1,521,1.05,1,47.4,4975.09,96.6,29.7,142.57142857142858,0,1,0.3243,1.161,56.5
W_b75e4da4b81942bc,ZONE_BOM_01,2026-08-17,1,521,1.05,1,47.4,4975.09,61.0,29.7,146.28571428571428,1,1,0.3303,1.102,53.88
W_b75e4da4b81942bc,ZONE_BOM_01,2026-08-24,1,521,1.05,1,47.4,4975.09,36.4,29.6,134.0,1,1,0.2657,1.061,49.35
W_b75e4da4b81942bc,ZONE_BOM_01,2026-08-31,1,521,1.05,1,47.4,4975.09,61.0,29.6,158.28571428571428,0,1,0.256,1.102,50.87
W_b75e4da4b81942bc,ZONE_BOM_01,2026-09-07,1,521,1.05,1,47.4,4975.09,52.9,30.0,169.57142857142858,0,1,0.2462,1.088,49.83
W_b75e4da4b81942bc,ZONE_BOM_01,2026-09-14,1,521,1.05,1,47.4,4975.09,23.3,30.0,162.0,0,1,0.1739,1.039,44.82
W_8f7bc390ef77a6ed,ZONE_MAA_01,2026-06-22,1,110,1.0,1,49.2,5146.99,33.7,37.6,159.25,0,1,0.1953,1.056,44.18
W_8f7bc390ef77a6ed,ZONE_MAA_01,2026-06-29,1,110,1.0,1,49.2,5146.99,11.8,38.4,123.0,0,1,0.1188,1.02,39.94
W_8f7bc390ef77a6ed,ZONE_MAA_01,2026-07-06,1,110,1.0,1,49.2,5146.99,9.3,39.2,163.28571428571428,1,1,0.2267,1.016,43.62
W_8f7bc390ef77a6ed,ZONE_MAA_01,2026-07-13,1,110,1.0,1,49.2,5146.99,11.3,38.7,141.57142857142858,0,1,0.1316,1.019,40.36
W_8f7bc390ef77a6ed,ZONE_MAA_01,2026-07-20,1,110,1.0,1,49.2,5146.99,35.6,36.4,131.57142857142858,0,1,0.1788,1.059,43.69
W_8f7bc390ef77a6ed,ZONE_MAA_01,2026-07-27,1,110,1.0,1,49.2,5146.99,26.0,37.6,145.14285714285714,0,1,0.1674,1.043,42.62
W_8f7bc390ef77a6ed,ZONE_MAA_01,2026-08-03,1,110,1.0,1,49.2,5146.99,38.5,34.8,150.71428571428572,0,1,0.1997,1.064,44.68
W_8f7bc390ef77a6ed,ZONE_MAA_01,2026-08-10,1,110,1.0,1,49.2,5146.99,15.6,35.5,153.57142857142858,1,1,0.2336,1.026,44.3
W_8f7bc390ef77a6ed,ZONE_MAA_01,2026-08-17,1,110,1.0,1,49.2,5146.99,29.4,36.3,143.71428571428572,0,1,0.1739,1.049,43.1
W_8f7bc390ef77a6ed,ZONE_MAA_01,2026-08-24,1,110,1.0,1,49.2,5146.99,15.1,36.6,144.14285714285714,1,1,0.2254,1.025,43.96
W_8f7bc390ef77a6ed,ZONE_MAA_01,2026-08-31,1,110,1.0,1,49.2,5146.99,13.1,35.6,156.85714285714286,1,1,0.2305,1.022,44.01
W_8f7bc390ef77a6ed,ZONE_MAA_01,2026-09-07,1,110,1.0,1,49.2,5146.99,23.3,35.6,136.57142857142858,0,1,0.1549,1.039,42.0
W_8f7bc390ef77a6ed,ZONE_MAA_01,2026-09-14,1,110,1.0,1,49.2,5146.99,27.4,36.0,152.75,1,1,0.2595,1.046,46.11
W_fbb5ef8af78d1c37,ZONE_MAA_01,2026-06-22,1,237,1.05,0,30.1,3079.18,33.7,37.6,159.25,0,1,0.1953,1.056,46.39
W_fbb5ef8af78d1c37,ZONE_MAA_01,2026-06-29,1,237,1.05,0,30.1,3079.18,11.8,38.4,123.0,0,1,0.1188,1.02,41.94
W_fbb5ef8af78d1c37,ZONE_MAA_01,2026-07-06,1,237,1.05,0,30.1,3079.18,9.3,39.2,163.28571428571428,1,1,0.2267,1.016,45.8
W_fbb5ef8af78d1c37,ZONE_MAA_01,2026-07-13,1,237,1.05,0,30.1,3079.18,11.3,38.7,141.57142857142858,0,1,0.1316,1.019,42.38
W_fbb5ef8af78d1c37,ZONE_MAA_01,2026-07-20,1,237,1.05,0,30.1,3079.18,35.6,36.4,131.57142857142858,0,1,0.1788,1.059,45.88
W_fbb5ef8af78d1c37,ZONE_MAA_01,2026-07-27,1,237,1.05,0,30.1,3079.18,26.0,37.6,145.14285714285714,0,1,0.1674,1.043,44.75
W_fbb5ef8af78d1c37,ZONE_MAA_01,2026-08-03,1,237,1.05,0,30.1,3079.18,38.5,34.8,150.71428571428572,0,1,0.1997,1.064,46.91
W_fbb5ef8af78d1c37,ZONE_MAA_01,2026-08-10,1,237,1.05,0,30.1,3079.18,15.6,35.5,153.57142857142858,1,1,0.2336,1.026,46.51
W_fbb5ef8af78d1c37,ZONE_MAA_01,2026-08-17,1,237,1.05,0,30.1,3079.18,29.4,36.3,143.71428571428572,0,1,0.1739,1.049,45.25
W_fbb5ef8af78d1c37,ZONE_MAA_01,2026-08-24,1,237,1.05,0,30.1,3079.18,15.1,36.6,144.14285714285714,1,1,0.2254,1.025,46.16
W_fbb5ef8af78d1c37,ZONE_MAA_01,2026-08-31,1,237,1.05,0,30.1,3079.18,13.1,35.6,156.85714285714286,1,1,0.2305,1.022,46.22
W_fbb5ef8af78d1c37,ZONE_MAA_01,2026-09-07,1,237,1.05,0,30.1,3079.18,23.3,35.6,136.57142857142858,0,1,0.1549,1.039,44.1
W_fbb5ef8af78d1c37,ZONE_MAA_01,2026-09-14,1,237,1.05,0,30.1,3079.18,27.4,36.0,152.75,1,1,0.2595,1.046,48.42
W_44ba6a5a94b29722,ZONE_BOM_01,2026-06-22,1,107,1.0,1,53.4,5837.93,24.8,31.1,184.0,0,1,0.1938,1.041,43.5
W_44ba6a5a94b29722,ZONE_BOM_01,2026-06-29,1,107,1.0,1,53.4,5837.93,493.0,28.6,147.0,6,1,1.0,1.822,79.0
W_44ba6a5a94b29722,ZONE_BOM_01,2026-07-06,1,107,1.0,1,53.4,5837.93,235.5,30.2,143.85714285714286,2,1,0.8044,1.392,79.0
W_44ba6a5a94b29722,ZONE_BOM_01,2026-07-13,1,107,1.0,1,53.4,5837.93,92.5,30.6,156.42857142857142,1,1,0.4088,1.154,56.9
W_44ba6a5a94b29722,ZONE_BOM_01,2026-07-20,1,107,1.0,1,53.4,5837.93,354.8,29.6,158.42857142857142,4,1,1.0,1.591,79.0
W_44ba6a5a94b29722,ZONE_BOM_01,2026-07-27,1,107,1.0,1,53.4,5837.93,120.9,29.6,151.42857142857142,0,1,0.3856,1.202,58.29
W_44ba6a5a94b29722,ZONE_BOM_01,2026-08-03,1,107,1.0,1,53.4,5837.93,76.8,29.7,139.0,0,1,0.277,1.128,50.42
W_44ba6a5a94b29722,ZONE_BOM_01,2026-08-10,1,107,1.0,1,53.4,5837.93,96.6,29.7,142.57142857142858,0,1,0.3243,1.161,53.81
W_44ba6a5a94b29722,ZONE_BOM_01,2026-08-17,1,107,1.0,1,53.4,5837.93,61.0,29.7,146.28571428571428,1,1,0.3303,1.102,51.31
W_44ba6a5a94b29722,ZONE_BOM_01,2026-08-24,1,107,1.0,1,53.4,5837.93,36.4,29.6,134.0,1,1,0.2657,1.061,47.0
W_44ba6a5a94b29722,ZONE_BOM_01,2026-08-31,1,107,1.0,1,53.4,5837.93,61.0,29.6,158.28571428571428,0,1,0.256,1.102,48.44
W_44ba6a5a94b29722,ZONE_BOM_01,2026-09-07,1,107,1.0,1,53.4,5837.93,52.9,30.0,169.57142857142858,0,1,0.2462,1.088,47.46
W_44ba6a5a94b29722,ZONE_BOM_01,2026-09-14,1,107,1.0,1,53.4,5837.93,23.3,30.0,162.0,0,1,0.1739,1.039,42.69
W_2d25d41da2176452,ZONE_HYD_01,2026-06-22,1,531,1.0,1,61.8,6097.81,21.8,32.6,156.25,1,1,0.2496,1.036,45.31
W_2d25d41da2176452,ZONE_HYD_01,2026-06-29,1,531,1.0,1,61.8,6097.81,35.9,29.8,132.14285714285714,0,1,0.1799,1.06,43.77
W_2d25d41da2176452,ZONE_HYD_01,2026-07-06,1,531,1.0,1,61.8,6097.81,6.2,33.3,165.28571428571428,0,1,0.1379,1.01,40.22
W_2d25d41da2176452,ZONE_HYD_01,2026-07-13,1,531,1.0,1,61.8,6097.81,26.8,33.9,155.14285714285714,1,1,0.26,1.045,46.08
W_2d25d41da2176452,ZONE_HYD_01,2026-07-20,1,531,1.0,1,61.8,6097.81,38.8,30.0,132.85714285714286,0,1,0.1869,1.065,44.24
W_2d25d41da2176452,ZONE_HYD_01,2026-07-27,1,531,1.0,1,61.8,6097.81,70.5,30.6,137.0,0,1,0.2614,1.118,49.36
W_2d25d41da2176452,ZONE_HYD_01,2026-08-03,1,531,1.0,1,61.8,6097.81,20.5,30.6,136.28571428571428,0,1,0.1483,1.034,41.56
W_2d25d41da2176452,ZONE_HYD_01,2026-08-10,1,531,1.0,1,61.8,6097.81,12.6,30.8,137.42857142857142,0,1,0.1314,1.021,40.43
W_2d25d41da2176452,ZONE_HYD_01,2026-08-17,1,531,1.0,1,61.8,6097.81,18.2,31.5,148.85714285714286,1,1,0.2359,1.03,44.55
W_2d25d41da2176452,ZONE_HYD_01,2026-08-24,1,531,1.0,1,61.8,6097.81,10.4,30.4,140.14285714285714,0,1,0.1285,1.017,40.17
W_2d25d41da2176452,ZONE_HYD_01,2026-08-31,1,531,1.0,1,61.8,6097.81,8.8,32.0,159.14285714285714,0,1,0.1392,1.015,40.47
W_2d25d41da2176452,ZONE_HYD_01,2026-09-07,1,531,1.0,1,61.8,6097.81,26.3,32.2,156.57142857142858,1,1,0.2599,1.044,46.04
W_2d25d41da2176452,ZONE_HYD_01,2026-09-14,1,531,1.0,1,61.8,6097.81,12.7,33.4,147.5,0,1,0.1392,1.021,40.71
W_a7415d1d0a8e7157,ZONE_HYD_01,2026-06-22,1,144,1.0,0,27.6,2948.4,21.8,32.6,156.25,1,1,0.2496,1.036,45.31
W_a7415d1d0a8e7157,ZONE_HYD_01,2026-06-29,1,144,1.0,0,27.6,2948.4,35.9,29.8,132.14285714285714,0,1,0.1799,1.06,43.77
W_a7415d1d0a8e7157,ZONE_HYD_01,2026-07-06,1,144,1.0,0,27.6,2948.4,6.2,33.3,165.28571428571428,0,1,0.1379,1.01,40.22
W_a7415d1d0a8e7157,ZONE_HYD_01,2026-07-13,1,144,1.0,0,27.6,2948.4,26.8,33.9,155.14285714285714,1,1,0.26,1.045,46.08
W_a7415d1d0a8e7157,ZONE_HYD_01,2026-07-20,1,144,1.0,0,27.6,2948.4,38.8,30.0,132.85714285714286,0,1,0.1869,1.065,44.24
W_a7415d1d0a8e7157,ZONE_HYD_01,2026-07-27,1,144,1.0,0,27.6,2948.4,70.5,30.6,137.0,0,1,0.2614,1.118,49.36
W_a7415d1d0a8e7157,ZONE_HYD_01,2026-08-03,1,144,1.0,0,27.6,2948.4,20.5,30.6,136.28571428571428,0,1,0.1483,1.034,41.56
W_a7415d1d0a8e7157,ZONE_HYD_01,2026-08-10,1,144,1.0,0,27.6,2948.4,12.6,30.8,137.42857142857142,0,1,0.1314,1.021,40.43
W_a7415d1d0a8e7157,ZONE_HYD_01,2026-08-17,1,144,1.0,0,27.6,2948.4,18.2,31.5,148.85714285714286,1,1,0.2359,1.03,44.55
W_a7415d1d0a8e7157,ZONE_HYD_01,2026-08-24,1,144,1.0,0,27.6,2948.4,10.4,30.4,140.14285714285714,0,1,0.1285,1.017,40.17
W_a7415d1d0a8e7157,ZONE_HYD_01,2026-08-31,1,144,1.0,0,27.6,2948.4,8.8,32.0,159.14285714285714,0,1,0.1392,1.015,40.47
W_a7415d1d0a8e7157,ZONE_HYD_01,2026-09-07,1,144,1.0,0,27.6,2948.4,26.3,32.2,156.57142857142858,1,1,0.2599,1.044,46.04
W_a7415d1d0a8e7157,ZONE_HYD_01,2026-09-14,1,144,1.0,0,27.6,2948.4,12.7,33.4,147.5,0,1,0.1392,1.021,40.71
W_d0aa81eeb84cae89,ZONE_BOM_01,2026-06-22,1,57,1.0,1,41.4,4245.16,24.8,31.1,184.0,0,1,0.1938,1.041,43.5
W_d0aa81eeb84cae89,ZONE_BOM_01,2026-06-29,1,57,1.0,1,41.4,4245.16,493.0,28.6,147.0,6,1,1.0,1.822,79.0
W_d0aa81eeb84cae89,ZONE_BOM_01,2026-07-06,1,57,1.0,1,41.4,4245.16,235.5,30.2,143.85714285714286,2,1,0.8044,1.392,79.0
W_d0aa81eeb84cae89,ZONE_BOM_01,2026-07-13,1,57,1.0,1,41.4,4245.16,92.5,30.6,156.42857142857142,1,1,0.4088,1.154,56.9
W_d0aa81eeb84cae89,ZONE_BOM_01,2026-07-20,1,57,1.0,1,41.4,4245.16,354.8,29.6,158.42857142857142,4,1,1.0,1.591,79.0
W_d0aa81eeb84cae89,ZONE_BOM_01,2026-07-27,1,57,1.0,1,41.4,4245.16,120.9,29.6,151.42857142857142,0,1,0.3856,1.202,58.29
W_d0aa81eeb84cae89,ZONE_BOM_01,2026-08-03,1,57,1.0,1,41.4,4245.16,76.8,29.7,139.0,0,1,0.277,1.128,50.42
W_d0aa81eeb84cae89,ZONE_BOM_01,2026-08-10,1,57,1.0,1,41.4,4245.16,96.6,29.7,142.57142857142858,0,1,0.3243,1.161,53.81
W_d0aa81eeb84cae89,ZONE_BOM_01,2026-08-17,1,57,1.0,1,41.4,4245.16,61.0,29.7,146.28571428571428,1,1,0.3303,1.102,51.31
W_d0aa81eeb84cae89,ZONE_BOM_01,2026-08-24,1,57,1.0,1,41.4,4245.16,36.4,29.6,134.0,1,1,0.2657,1.061,47.0
W_d0aa81eeb84cae89,ZONE_BOM_01,2026-08-31,1,57,1.0,1,41.4,4245.16,61.0,29.6,158.28571428571428,0,1,0.256,1.102,48.44
W_d0aa81eeb84cae89,ZONE_BOM_01,2026-09-07,1,57,1.0,1,41.4,4245.16,52.9,30.0,169.57142857142858,0,1,0.2462,1.088,47.46
W_d0aa81eeb84cae89,ZONE_BOM_01,2026-09-14,1,57,1.0,1,41.4,4245.16,23.3,30.0,162.0,0,1,0.1739,1.039,42.69
W_19de3fcfd11cddb9,ZONE_BOM_01,2026-06-22,1,224,1.0,0,25.3,2778.78,24.8,31.1,184.0,0,1,0.1938,1.041,43.5
W_19de3fcfd11cddb9,ZONE_BOM_01,2026-06-29,1,224,1.0,0,25.3,2778.78,493.0,28.6,147.0,6,1,1.0,1.822,79.0
W_19de3fcfd11cddb9,ZONE_BOM_01,2026-07-06,1,224,1.0,0,25.3,2778.78,235.5,30.2,143.85714285714286,2,1,0.8044,1.392,79.0
W_19de3fcfd11cddb9,ZONE_BOM_01,2026-07-13,1,224,1.0,0,25.3,2778.78,92.5,30.6,156.42857142857142,1,1,0.4088,1.154,56.9
W_19de3fcfd11cddb9,ZONE_BOM_01,2026-07-20,1,224,1.0,0,25.3,2778.78,354.8,29.6,158.42857142857142,4,1,1.0,1.591,79.0
W_19de3fcfd11cddb9,ZONE_BOM_01,2026-07-27,1,224,1.0,0,25.3,2778.78,120.9,29.6,151.42857142857142,0,1,0.3856,1.202,58.29
W_19de3fcfd11cddb9,ZONE_BOM_01,2026-08-03,1,224,1.0,0,25.3,2778.78,76.8,29.7,139.0,0,1,0.277,1.128,50.42
W_19de3fcfd11cddb9,ZONE_BOM_01,2026-08-10,1,224,1.0,0,25.3,2778.78,96.6,29.7,142.57142857142858,0,1,0.3243,1.161,53.81
W_19de3fcfd11cddb9,ZONE_BOM_01,2026-08-17,1,224,1.0,0,25.3,2778.78,61.0,29.7,146.28571428571428,1,1,0.3303,1.102,51.31
W_19de3fcfd11cddb9,ZONE_BOM_01,2026-08-24,1,224,1.0,0,25.3,2778.78,36.4,29.6,134.0,1,1,0.2657,1.061,47.0
W_19de3fcfd11cddb9,ZONE_BOM_01,2026-08-31,1,224,1.0,0,25.3,2778.78,61.0,29.6,158.28571428571428,0,1,0.256,1.102,48.44
W_19de3fcfd11cddb9,ZONE_BOM_01,2026-09-07,1,224,1.0,0,25.3,2778.78,52.9,30.0,169.57142857142858,0,1,0.2462,1.088,47.46
W_19de3fcfd11cddb9,ZONE_BOM_01,2026-09-14,1,224,1.0,0,25.3,2778.78,23.3,30.0,162.0,0,1,0.1739,1.039,42.69
W_7c0fe1dbaf8590e4,ZONE_HYD_01,2026-06-22,1,269,1.0,1,45.1,4766.95,21.8,32.6,156.25,1,1,0.2496,1.036,45.31
W_7c0fe1dbaf8590e4,ZONE_HYD_01,2026-06-29,1,269,1.0,1,45.1,4766.95,35.9,29.8,132.14285714285714,0,1,0.1799,1.06,43.77
W_7c0fe1dbaf8590e4,ZONE_HYD_01,2026-07-06,1,269,1.0,1,45.1,4766.95,6.2,33.3,165.28571428571428,0,1,0.1379,1.01,40.22
W_7c0fe1dbaf8590e4,ZONE_HYD_01,2026-07-13,1,269,1.0,1,45.1,4766.95,26.8,33.9,155.14285714285714,1,1,0.26,1.045,46.08
W_7c0fe1dbaf8590e4,ZONE_HYD_01,2026-07-20,1,269,1.0,1,45.1,4766.95,38.8,30.0,132.85714285714286,0,1,0.1869,1.065,44.24
W_7c0fe1dbaf8590e4,ZONE_HYD_01,2026-07-27,1,269,1.0,1,45.1,4766.95,70.5,30.6,137.0,0,1,0.2614,1.118,49.36
W_7c0fe1dbaf8590e4,ZONE_HYD_01,2026-08-03,1,269,1.0,1,45.1,4766.95,20.5,30.6,136.28571428571428,0,1,0.1483,1.034,41.56
W_7c0fe1dbaf8590e4,ZONE_HYD_01,2026-08-10,1,269,1.0,1,45.1,4766.95,12.6,30.8,137.42857142857142,0,1,0.1314,1.021,40.43
W_7c0fe1dbaf8590e4,ZONE_HYD_01,2026-08-17,1,269,1.0,1,45.1,4766.95,18.2,31.5,148.85714285714286,1,1,0.2359,1.03,44.55
W_7c0fe1dbaf8590e4,ZONE_HYD_01,2026-08-24,1,269,1.0,1,45.1,4766.95,10.4,30.4,140.14285714285714,0,1,0.1285,1.017,40.17
W_7c0fe1dbaf8590e4,ZONE_HYD_01,2026-08-31,1,269,1.0,1,45.1,4766.95,8.8,32.0,159.14285714285714,0,1,0.1392,1.015,40.47
W_7c0fe1dbaf8590e4,ZONE_HYD_01,2026-09-07,1,269,1.0,1,45.1,4766.95,26.3,32.2,156.57142857142858,1,1,0.2599,1.044,46.04
W_7c0fe1dbaf8590e4,ZONE_HYD_01,2026-09-14,1,269,1.0,1,45.1,4766.95,12.7,33.4,147.5,0,1,0.1392,1.021,40.71
W_23011d139948d52c,ZONE_DEL_01,2026-06-22,1,19,1.0,1,45.2,4634.75,4.0,41.9,188.25,0,1,0.1502,1.007,40.54
W_23011d139948d52c,ZONE_DEL_01,2026-06-29,1,19,1.0,1,45.2,4634.75,20.0,41.7,157.71428571428572,0,1,0.1633,1.033,42.06
W_23011d139948d52c,ZONE_DEL_01,2026-07-06,1,19,1.0,1,45.2,4634.75,122.9,36.7,156.0,2,1,0.5602,1.205,65.8
W_23011d139948d52c,ZONE_DEL_01,2026-07-13,1,19,1.0,1,45.2,4634.75,9.8,37.4,129.42857142857142,0,1,0.1191,1.016,39.8
W_23011d139948d52c,ZONE_DEL_01,2026-07-20,1,19,1.0,1,45.2,4634.75,74.3,33.7,132.71428571428572,0,1,0.2667,1.124,49.83
W_23011d139948d52c,ZONE_DEL_01,2026-07-27,1,19,1.0,1,45.2,4634.75,51.900000000000006,35.3,172.57142857142858,0,1,0.2462,1.086,47.37
W_23011d139948d52c,ZONE_DEL_01,2026-08-03,1,19,1.0,1,45.2,4634.75,132.8,33.8,126.57142857142856,1,1,0.4771,1.221,63.12
W_23011d139948d52c,ZONE_DEL_01,2026-08-10,1,19,1.0,1,45.2,4634.75,45.8,34.4,170.42857142857142,0,1,0.2309,1.076,46.36
W_23011d139948d52c,ZONE_DEL_01,2026-08-17,1,19,1.0,1,45.2,4634.75,34.3,33.6,140.0,1,1,0.2655,1.057,46.82
W_23011d139948d52c,ZONE_DEL_01,2026-08-24,1,19,1.0,1,45.2,4634.75,24.5,34.9,168.0,0,1,0.1811,1.041,43.03
W_23011d139948d52c,ZONE_DEL_01,2026-08-31,1,19,1.0,1,45.2,4634.75,76.6,34.4,145.57142857142858,0,1,0.2815,1.128,50.59
W_23011d139948d52c,ZONE_DEL_01,2026-09-07,1,19,1.0,1,45.2,4634.75,19.1,34.4,142.0,0,1,0.1495,1.032,41.52
W_23011d139948d52c,ZONE_DEL_01,2026-09-14,1,19,1.0,1,45.2,4634.75,7.6,35.0,149.0,0,1,0.1288,1.013,40.02
W_3c0e64a301ae5edc,ZONE_DEL_01,2026-06-22,1,20,1.0,1,49.0,5157.97,4.0,41.9,188.25,0,1,0.1502,1.007,40.54
W_3c0e64a301ae5edc,ZONE_DEL_01,2026-06-29,1,20,1.0,1,49.0,5157.97,20.0,41.7,157.71428571428572,0,1,0.1633,1.033,42.06
W_3c0e64a301ae5edc,ZONE_DEL_01,2026-07-06,1,20,1.0,1,49.0,5157.97,122.9,36.7,156.0,2,1,0.5602,1.205,65.8
W_3c0e64a301ae5edc,ZONE_DEL_01,2026-07-13,1,20,1.0,1,49.0,5157.97,9.8,37.4,129.42857142857142,0,1,0.1191,1.016,39.8
W_3c0e64a301ae5edc,ZONE_DEL_01,2026-07-20,1,20,1.0,1,49.0,5157.97,74.3,33.7,132.71428571428572,0,1,0.2667,1.124,49.83
W_3c0e64a301ae5edc,ZONE_DEL_01,2026-07-27,1,20,1.0,1,49.0,5157.97,51.900000000000006,35.3,172.57142857142858,0,1,0.2462,1.086,47.37
W_3c0e64a301ae5edc,ZONE_DEL_01,2026-08-03,1,20,1.0,1,49.0,5157.97,132.8,33.8,126.57142857142856,1,1,0.4771,1.221,63.12
W_3c0e64a301ae5edc,ZONE_DEL_01,2026-08-10,1,20,1.0,1,49.0,5157.97,45.8,34.4,170.42857142857142,0,1,0.2309,1.076,46.36
W_3c0e64a301ae5edc,ZONE_DEL_01,2026-08-17,1,20,1.0,1,49.0,5157.97,34.3,33.6,140.0,1,1,0.2655,1.057,46.82
W_3c0e64a301ae5edc,ZONE_DEL_01,2026-08-24,1,20,1.0,1,49.0,5157.97,24.5,34.9,168.0,0,1,0.1811,1.041,43.03
W_3c0e64a301ae5edc,ZONE_DEL_01,2026-08-31,1,20,1.0,1,49.0,5157.97,76.6,34.4,145.57142857142858,0,1,0.2815,1.128,50.59
W_3c0e64a301ae5edc,ZONE_DEL_01,2026-09-07,1,20,1.0,1,49.0,5157.97,19.1,34.4,142.0,0,1,0.1495,1.032,41.52
W_3c0e64a301ae5edc,ZONE_DEL_01,2026-09-14,1,20,1.0,1,49.0,5157.97,7.6,35.0,149.0,0,1,0.1288,1.013,40.02
W_b237d83a4d2a0e7d,ZONE_DEL_01,2026-06-22,1,165,1.0,1,56.9,5961.49,4.0,41.9,188.25,0,1,0.1502,1.007,40.54
W_b237d83a4d2a0e7d,ZONE_DEL_01,2026-06-29,1,165,1.0,1,56.9,5961.49,20.0,41.7,157.71428571428572,0,1,0.1633,1.033,42.06
W_b237d83a4d2a0e7d,ZONE_DEL_01,2026-07-06,1,165,1.0,1,56.9,5961.49,122.9,36.7,156.0,2,1,0.5602,1.205,65.8
W_b237d83a4d2a0e7d,ZONE_DEL_01,2026-07-13,1,165,1.0,1,56.9,5961.49,9.8,37.4,129.42857142857142,0,1,0.1191,1.016,39.8
W_b237d83a4d2a0e7d,ZONE_DEL_01,2026-07-20,1,165,1.0,1,56.9,5961.49,74.3,33.7,132.71428571428572,0,1,0.2667,1.124,49.83
W_b237d83a4d2a0e7d,ZONE_DEL_01,2026-07-27,1,165,1.0,1,56.9,5961.49,51.900000000000006,35.3,172.57142857142858,0,1,0.2462,1.086,47.37
W_b237d83a4d2a0e7d,ZONE_DEL_01,2026-08-03,1,165,1.0,1,56.9,5961.49,132.8,33.8,126.57142857142856,1,1,0.4771,1.221,63.12
W_b237d83a4d2a0e7d,ZONE_DEL_01,2026-08-10,1,165,1.0,1,56.9,5961.49,45.8,34.4,170.42857142857142,0,1,0.2309,1.076,46.36
W_b237d83a4d2a0e7d,ZONE_DEL_01,2026-08-17,1,165,1.0,1,56.9,5961.49,34.3,33.6,140.0,1,1,0.2655,1.057,46.82
W_b237d83a4d2a0e7d,ZONE_DEL_01,2026-08-24,1,165,1.0,1,56.9,5961.49,24.5,34.9,168.0,0,1,0.1811,1.041,43.03
W_b237d83a4d2a0e7d,ZONE_DEL_01,2026-08-31,1,165,1.0,1,56.9,5961.49,76.6,34.4,145.57142857142858,0,1,0.2815,1.128,50.59
W_b237d83a4d2a0e7d,ZONE_DEL_01,2026-09-07,1,165,1.0,1,56.9,5961.49,19.1,34.4,142.0,0,1,0.1495,1.032,41.52
W_b237d83a4d2a0e7d,ZONE_DEL_01,2026-09-14,1,165,1.0,1,56.9,5961.49,7.6,35.0,149.0,0,1,0.1288,1.013,40.02
W_0bcb7f8dc0134fd1,ZONE_MAA_01,2026-06-22,1,494,1.0,0,30.2,3398.63,33.7,37.6,159.25,0,1,0.1953,1.056,44.18
W_0bcb7f8dc0134fd1,ZONE_MAA_01,2026-06-29,1,494,1.0,0,30.2,3398.63,11.8,38.4,123.0,0,1,0.1188,1.02,39.94
W_0bcb7f8dc0134fd1,ZONE_MAA_01,2026-07-06,1,494,1.0,0,30.2,3398.63,9.3,39.2,163.28571428571428,1,1,0.2267,1.016,43.62
W_0bcb7f8dc0134fd1,ZONE_MAA_01,2026-07-13,1,494,1.0,0,30.2,3398.63,11.3,38.7,141.57142857142858,0,1,0.1316,1.019,40.36
W_0bcb7f8dc0134fd1,ZONE_MAA_01,2026-07-20,1,494,1.0,0,30.2,3398.63,35.6,36.4,131.57142857142858,0,1,0.1788,1.059,43.69
W_0bcb7f8dc0134fd1,ZONE_MAA_01,2026-07-27,1,494,1.0,0,30.2,3398.63,26.0,37.6,145.14285714285714,0,1,0.1674,1.043,42.62
W_0bcb7f8dc0134fd1,ZONE_MAA_01,2026-08-03,1,494,1.0,0,30.2,3398.63,38.5,34.8,150.71428571428572,0,1,0.1997,1.064,44.68
W_0bcb7f8dc0134fd1,ZONE_MAA_01,2026-08-10,1,494,1.0,0,30.2,3398.63,15.6,35.5,153.57142857142858,1,1,0.2336,1.026,44.3
W_0bcb7f8dc0134fd1,ZONE_MAA_01,2026-08-17,1,494,1.0,0,30.2,3398.63,29.4,36.3,143.71428571428572,0,1,0.1739,1.049,43.1
W_0bcb7f8dc0134fd1,ZONE_MAA_01,2026-08-24,1,494,1.0,0,30.2,3398.63,15.1,36.6,144.14285714285714,1,1,0.2254,1.025,43.96
W_0bcb7f8dc0134fd1,ZONE_MAA_01,2026-08-31,1,494,1.0,0,30.2,3398.63,13.1,35.6,156.85714285714286,1,1,0.2305,1.022,44.01
W_0bcb7f8dc0134fd1,ZONE_MAA_01,2026-09-07,1,494,1.0,0,30.2,3398.63,23.3,35.6,136.57142857142858,0,1,0.1549,1.039,42.0
W_0bcb7f8dc0134fd1,ZONE_MAA_01,2026-09-14,1,494,1.0,0,30.2,3398.63,27.4,36.0,152.75,1,1,0.2595,1.046,46.11
W_efb187f43ff6fab9,ZONE_MAA_01,2026-06-22,1,105,1.0,0,15.0,1563.93,33.7,37.6,159.25,0,1,0.1953,1.056,44.18
W_efb187f43ff6fab9,ZONE_MAA_01,2026-06-29,1,105,1.0,0,15.0,1563.93,11.8,38.4,123.0,0,1,0.1188,1.02,39.94
W_efb187f43ff6fab9,ZONE_MAA_01,2026-07-06,1,105,1.0,0,15.0,1563.93,9.3,39.2,163.28571428571428,1,1,0.2267,1.016,43.62
W_efb187f43ff6fab9,ZONE_MAA_01,2026-07-13,1,105,1.0,0,15.0,1563.93,11.3,38.7,141.57142857142858,0,1,0.1316,1.019,40.36
W_efb187f43ff6fab9,ZONE_MAA_01,2026-07-20,1,105,1.0,0,15.0,1563.93,35.6,36.4,131.57142857142858,0,1,0.1788,1.059,43.69
W_efb187f43ff6fab9,ZONE_MAA_01,2026-07-27,1,105,1.0,0,15.0,1563.93,26.0,37.6,145.14285714285714,0,1,0.1674,1.043,42.62
W_efb187f43ff6fab9,ZONE_MAA_01,2026-08-03,1,105,1.0,0,15.0,1563.93,38.5,34.8,150.71428571428572,0,1,0.1997,1.064,44.68
W_efb187f43ff6fab9,ZONE_MAA_01,2026-08-10,1,105,1.0,0,15.0,1563.93,15.6,35.5,153.57142857142858,1,1,0.2336,1.026,44.3
W_efb187f43ff6fab9,ZONE_MAA_01,2026-08-17,1,105,1.0,0,15.0,1563.93,29.4,36.3,143.71428571428572,0,1,0.1739,1.049,43.1
W_efb187f43ff6fab9,ZONE_MAA_01,2026-08-24,1,105,1.0,0,15.0,1563.93,15.1,36.6,144.14285714285714,1,1,0.2254,1.025,43.96
W_efb187f43ff6fab9,ZONE_MAA_01,2026-08-31,1,105,1.0,0,15.0,1563.93,13.1,35.6,156.85714285714286,1,1,0.2305,1.022,44.01
W_efb187f43ff6fab9,ZONE_MAA_01,2026-09-07,1,105,1.0,0,15.0,1563.93,23.3,35.6,136.57142857142858,0,1,0.1549,1.039,42.0
W_efb187f43ff6fab9,ZONE_MAA_01,2026-09-14,1,105,1.0,0,15.0,1563.93,27.4,36.0,152.75,1,1,0.2595,1.046,46.11
W_c9343b30f4467310,ZONE_DEL_01,2026-06-22,1,109,1.05,0,25.4,2527.19,4.0,41.9,188.25,0,1,0.1502,1.007,42.57
W_c9343b30f4467310,ZONE_DEL_01,2026-06-29,1,109,1.05,0,25.4,2527.19,20.0,41.7,157.71428571428572,0,1,0.1633,1.033,44.16
W_c9343b30f4467310,ZONE_DEL_01,2026-07-06,1,109,1.05,0,25.4,2527.19,122.9,36.7,156.0,2,1,0.5602,1.205,69.09
W_c9343b30f4467310,ZONE_DEL_01,2026-07-13,1,109,1.05,0,25.4,2527.19,9.8,37.4,129.42857142857142,0,1,0.1191,1.016,41.78
W_c9343b30f4467310,ZONE_DEL_01,2026-07-20,1,109,1.05,0,25.4,2527.19,74.3,33.7,132.71428571428572,0,1,0.2667,1.124,52.32
W_c9343b30f4467310,ZONE_DEL_01,2026-07-27,1,109,1.05,0,25.4,2527.19,51.900000000000006,35.3,172.57142857142858,0,1,0.2462,1.086,49.74
W_c9343b30f4467310,ZONE_DEL_01,2026-08-03,1,109,1.05,0,25.4,2527.19,132.8,33.8,126.57142857142856,1,1,0.4771,1.221,66.28
W_c9343b30f4467310,ZONE_DEL_01,2026-08-10,1,109,1.05,0,25.4,2527.19,45.8,34.4,170.42857142857142,0,1,0.2309,1.076,48.67
W_c9343b30f4467310,ZONE_DEL_01,2026-08-17,1,109,1.05,0,25.4,2527.19,34.3,33.6,140.0,1,1,0.2655,1.057,49.16
W_c9343b30f4467310,ZONE_DEL_01,2026-08-24,1,109,1.05,0,25.4,2527.19,24.5,34.9,168.0,0,1,0.1811,1.041,45.19
W_c9343b30f4467310,ZONE_DEL_01,2026-08-31,1,109,1.05,0,25.4,2527.19,76.6,34.4,145.57142857142858,0,1,0.2815,1.128,53.12
W_c9343b30f4467310,ZONE_DEL_01,2026-09-07,1,109,1.05,0,25.4,2527.19,19.1,34.4,142.0,0,1,0.1495,1.032,43.6
W_c9343b30f4467310,ZONE_DEL_01,2026-09-14,1,109,1.05,0,25.4,2527.19,7.6,35.0,149.0,0,1,0.1288,1.013,42.02
W_d7c92b49ddff2b6b,ZONE_DEL_01,2026-06-22,1,69,1.05,1,46.3,4829.52,4.0,41.9,188.25,0,1,0.1502,1.007,42.57
W_d7c92b49ddff2b6b,ZONE_DEL_01,2026-06-29,1,69,1.05,1,46.3,4829.52,20.0,41.7,157.71428571428572,0,1,0.1633,1.033,44.16
W_d7c92b49ddff2b6b,ZONE_DEL_01,2026-07-06,1,69,1.05,1,46.3,4829.52,122.9,36.7,156.0,2,1,0.5602,1.205,69.09
W_d7c92b49ddff2b6b,ZONE_DEL_01,2026-07-13,1,69,1.05,1,46.3,4829.52,9.8,37.4,129.42857142857142,0,1,0.1191,1.016,41.78
W_d7c92b49ddff2b6b,ZONE_DEL_01,2026-07-20,1,69,1.05,1,46.3,4829.52,74.3,33.7,132.71428571428572,0,1,0.2667,1.124,52.32
W_d7c92b49ddff2b6b,ZONE_DEL_01,2026-07-27,1,69,1.05,1,46.3,4829.52,51.900000000000006,35.3,172.57142857142858,0,1,0.2462,1.086,49.74
W_d7c92b49ddff2b6b,ZONE_DEL_01,2026-08-03,1,69,1.05,1,46.3,4829.52,132.8,33.8,126.57142857142856,1,1,0.4771,1.221,66.28
W_d7c92b49ddff2b6b,ZONE_DEL_01,2026-08-10,1,69,1.05,1,46.3,4829.52,45.8,34.4,170.42857142857142,0,1,0.2309,1.076,48.67
W_d7c92b49ddff2b6b,ZONE_DEL_01,2026-08-17,1,69,1.05,1,46.3,4829.52,34.3,33.6,140.0,1,1,0.2655,1.057,49.16
W_d7c92b49ddff2b6b,ZONE_DEL_01,2026-08-24,1,69,1.05,1,46.3,4829.52,24.5,34.9,168.0,0,1,0.1811,1.041,45.19
W_d7c92b49ddff2b6b,ZONE_DEL_01,2026-08-31,1,69,1.05,1,46.3,4829.52,76.6,34.4,145.57142857142858,0,1,0.2815,1.128,53.12
W_d7c92b49ddff2b6b,ZONE_DEL_01,2026-09-07,1,69,1.05,1,46.3,4829.52,19.1,34.4,142.0,0,1,0.1495,1.032,43.6
W_d7c92b49ddff2b6b,ZONE_DEL_01,2026-09-14,1,69,1.05,1,46.3,4829.52,7.6,35.0,149.0,0,1,0.1288,1.013,42.02
W_19ad745c3995d6f0,ZONE_BOM_01,2026-06-22,1,23,1.0,0,22.0,2207.51,24.8,31.1,184.0,0,1,0.1938,1.041,43.5
W_19ad745c3995d6f0,ZONE_BOM_01,2026-06-29,1,23,1.0,0,22.0,2207.51,493.0,28.6,147.0,6,1,1.0,1.822,79.0
W_19ad745c3995d6f0,ZONE_BOM_01,2026-07-06,1,23,1.0,0,22.0,2207.51,235.5,30.2,143.85714285714286,2,1,0.8044,1.392,79.0
W_19ad745c3995d6f0,ZONE_BOM_01,2026-07-13,1,23,1.0,0,22.0,2207.51,92.5,30.6,156.42857142857142,1,1,0.4088,1.154,56.9
W_19ad745c3995d6f0,ZONE_BOM_01,2026-07-20,1,23,1.0,0,22.0,2207.51,354.8,29.6,158.42857142857142,4,1,1.0,1.591,79.0
W_19ad745c3995d6f0,ZONE_BOM_01,2026-07-27,1,23,1.0,0,22.0,2207.51,120.9,29.6,151.42857142857142,0,1,0.3856,1.202,58.29
W_19ad745c3995d6f0,ZONE_BOM_01,2026-08-03,1,23,1.0,0,22.0,2207.51,76.8,29.7,139.0,0,1,0.277,1.128,50.42
W_19ad745c3995d6f0,ZONE_BOM_01,2026-08-10,1,23,1.0,0,22.0,2207.51,96.6,29.7,142.57142857142858,0,1,0.3243,1.161,53.81
W_19ad745c3995d6f0,ZONE_BOM_01,2026-08-17,1,23,1.0,0,22.0,2207.51,61.0,29.7,146.28571428571428,1,1,0.3303,1.102,51.31
W_19ad745c3995d6f0,ZONE_BOM_01,2026-08-24,1,23,1.0,0,22.0,2207.51,36.4,29.6,134.0,1,1,0.2657,1.061,47.0
W_19ad745c3995d6f0,ZONE_BOM_01,2026-08-31,1,23,1.0,0,22.0,2207.51,61.0,29.6,158.28571428571428,0,1,0.256,1.102,48.44
W_19ad745c3995d6f0,ZONE_BOM_01,2026-09-07,1,23,1.0,0,22.0,2207.51,52.9,30.0,169.57142857142858,0,1,0.2462,1.088,47.46
W_19ad745c3995d6f0,ZONE_BOM_01,2026-09-14,1,23,1.0,0,22.0,2207.51,23.3,30.0,162.0,0,1,0.1739,1.039,42.69
W_e4d6b1a96865b125,ZONE_BOM_01,2026-06-22,1,76,1.0,1,57.4,6507.64,24.8,31.1,184.0,0,1,0.1938,1.041,43.5
W_e4d6b1a96865b125,ZONE_BOM_01,2026-06-29,1,76,1.0,1,57.4,6507.64,493.0,28.6,147.0,6,1,1.0,1.822,79.0
W_e4d6b1a96865b125,ZONE_BOM_01,2026-07-06,1,76,1.0,1,57.4,6507.64,235.5,30.2,143.85714285714286,2,1,0.8044,1.392,79.0
W_e4d6b1a96865b125,ZONE_BOM_01,2026-07-13,1,76,1.0,1,57.4,6507.64,92.5,30.6,156.42857142857142,1,1,0.4088,1.154,56.9
W_e4d6b1a96865b125,ZONE_BOM_01,2026-07-20,1,76,1.0,1,57.4,6507.64,354.8,29.6,158.42857142857142,4,1,1.0,1.591,79.0
W_e4d6b1a96865b125,ZONE_BOM_01,2026-07-27,1,76,1.0,1,57.4,6507.64,120.9,29.6,151.42857142857142,0,1,0.3856,1.202,58.29
W_e4d6b1a96865b125,ZONE_BOM_01,2026-08-03,1,76,1.0,1,57.4,6507.64,76.8,29.7,139.0,0,1,0.277,1.128,50.42
W_e4d6b1a96865b125,ZONE_BOM_01,2026-08-10,1,76,1.0,1,57.4,6507.64,96.6,29.7,142.57142857142858,0,1,0.3243,1.161,53.81
W_e4d6b1a96865b125,ZONE_BOM_01,2026-08-17,1,76,1.0,1,57.4,6507.64,61.0,29.7,146.28571428571428,1,1,0.3303,1.102,51.31
W_e4d6b1a96865b125,ZONE_BOM_01,2026-08-24,1,76,1.0,1,57.4,6507.64,36.4,29.6,134.0,1,1,0.2657,1.061,47.0
W_e4d6b1a96865b125,ZONE_BOM_01,2026-08-31,1,76,1.0,1,57.4,6507.64,61.0,29.6,158.28571428571428,0,1,0.256,1.102,48.44
W_e4d6b1a96865b125,ZONE_BOM_01,2026-09-07,1,76,1.0,1,57.4,6507.64,52.9,30.0,169.57142857142858,0,1,0.2462,1.088,47.46
W_e4d6b1a96865b125,ZONE_BOM_01,2026-09-14,1,76,1.0,1,57.4,6507.64,23.3,30.0,162.0,0,1,0.1739,1.039,42.69
W_0be024ebb1180e4f,ZONE_MAA_01,2026-06-22,1,116,1.0,1,48.3,4778.57,33.7,37.6,159.25,0,1,0.1953,1.056,44.18
W_0be024ebb1180e4f,ZONE_MAA_01,2026-06-29,1,116,1.0,1,48.3,4778.57,11.8,38.4,123.0,0,1,0.1188,1.02,39.94
W_0be024ebb1180e4f,ZONE_MAA_01,2026-07-06,1,116,1.0,1,48.3,4778.57,9.3,39.2,163.28571428571428,1,1,0.2267,1.016,43.62
W_0be024ebb1180e4f,ZONE_MAA_01,2026-07-13,1,116,1.0,1,48.3,4778.57,11.3,38.7,141.57142857142858,0,1,0.1316,1.019,40.36
W_0be024ebb1180e4f,ZONE_MAA_01,2026-07-20,1,116,1.0,1,48.3,4778.57,35.6,36.4,131.57142857142858,0,1,0.1788,1.059,43.69
W_0be024ebb1180e4f,ZONE_MAA_01,2026-07-27,1,116,1.0,1,48.3,4778.57,26.0,37.6,145.14285714285714,0,1,0.1674,1.043,42.62
W_0be024ebb1180e4f,ZONE_MAA_01,2026-08-03,1,116,1.0,1,48.3,4778.57,38.5,34.8,150.71428571428572,0,1,0.1997,1.064,44.68
W_0be024ebb1180e4f,ZONE_MAA_01,2026-08-10,1,116,1.0,1,48.3,4778.57,15.6,35.5,153.57142857142858,1,1,0.2336,1.026,44.3
W_0be024ebb1180e4f,ZONE_MAA_01,2026-08-17,1,116,1.0,1,48.3,4778.57,29.4,36.3,143.71428571428572,0,1,0.1739,1.049,43.1
W_0be024ebb1180e4f,ZONE_MAA_01,2026-08-24,1,116,1.0,1,48.3,4778.57,15.1,36.6,144.14285714285714,1,1,0.2254,1.025,43.96
W_0be024ebb1180e4f,ZONE_MAA_01,2026-08-31,1,116,1.0,1,48.3,4778.57,13.1,35.6,156.85714285714286,1,1,0.2305,1.022,44.01
W_0be024ebb1180e4f,ZONE_MAA_01,2026-09-07,1,116,1.0,1,48.3,4778.57,23.3,35.6,136.57142857142858,0,1,0.1549,1.039,42.0
W_0be024ebb1180e4f,ZONE_MAA_01,2026-09-14,1,116,1.0,1,48.3,4778.57,27.4,36.0,152.75,1,1,0.2595,1.046,46.11
W_7409fa98753c15e8,ZONE_BLR_01,2026-06-22,1,136,1.05,1,42.0,4264.09,16.3,30.1,135.25,0,1,0.1381,1.027,42.95
W_7409fa98753c15e8,ZONE_BLR_01,2026-06-29,1,136,1.05,1,42.0,4264.09,20.1,29.2,153.85714285714286,1,1,0.244,1.034,47.27
W_7409fa98753c15e8,ZONE_BLR_01,2026-07-06,1,136,1.05,1,42.0,4264.09,8.399999999999999,31.8,172.71428571428572,0,1,0.1484,1.014,42.79
W_7409fa98753c15e8,ZONE_BLR_01,2026-07-13,1,136,1.05,1,42.0,4264.09,16.8,32.1,124.57142857142856,0,1,0.1312,1.028,42.74
W_7409fa98753c15e8,ZONE_BLR_01,2026-07-20,1,136,1.05,1,42.0,4264.09,33.4,29.5,162.85714285714286,1,1,0.2806,1.056,49.7
W_7409fa98753c15e8,ZONE_BLR_01,2026-07-27,1,136,1.05,1,42.0,4264.09,28.8,29.7,169.42857142857142,0,1,0.1919,1.048,45.9
W_7409fa98753c15e8,ZONE_BLR_01,2026-08-03,1,136,1.05,1,42.0,4264.09,76.3,28.3,143.0,0,1,0.2789,1.127,52.97
W_7409fa98753c15e8,ZONE_BLR_01,2026-08-10,1,136,1.05,1,42.0,4264.09,19.9,30.7,129.0,0,1,0.1415,1.033,43.33
W_7409fa98753c15e8,ZONE_BLR_01,2026-08-17,1,136,1.05,1,42.0,4264.09,31.4,29.9,146.57142857142858,1,1,0.2639,1.052,48.86
W_7409fa98753c15e8,ZONE_BLR_01,2026-08-24,1,136,1.05,1,42.0,4264.09,35.7,28.8,167.14285714285714,0,1,0.2057,1.06,46.97
W_7409fa98753c15e8,ZONE_BLR_01,2026-08-31,1,136,1.05,1,42.0,4264.09,13.2,30.8,142.71428571428572,1,1,0.2201,1.022,45.83
W_7409fa98753c15e8,ZONE_BLR_01,2026-09-07,1,136,1.05,1,42.0,4264.09,8.5,31.0,128.28571428571428,0,1,0.1153,1.014,41.56
W_7409fa98753c15e8,ZONE_BLR_01,2026-09-14,1,136,1.05,1,42.0,4264.09,33.1,30.8,137.5,0,1,0.1776,1.055,45.66
W_e9981c8467200278,ZONE_HYD_01,2026-06-22,1,177,1.05,0,20.6,2160.53,21.8,32.6,156.25,1,1,0.2496,1.036,47.58
W_e9981c8467200278,ZONE_HYD_01,2026-06-29,1,177,1.05,0,20.6,2160.53,35.9,29.8,132.14285714285714,0,1,0.1799,1.06,45.96
W_e9981c8467200278,ZONE_HYD_01,2026-07-06,1,177,1.05,0,20.6,2160.53,6.2,33.3,165.28571428571428,0,1,0.1379,1.01,42.24
W_e9981c8467200278,ZONE_HYD_01,2026-07-13,1,177,1.05,0,20.6,2160.53,26.8,33.9,155.14285714285714,1,1,0.26,1.045,48.39
W_e9981c8467200278,ZONE_HYD_01,2026-07-20,1,177,1.05,0,20.6,2160.53,38.8,30.0,132.85714285714286,0,1,0.1869,1.065,46.45
W_e9981c8467200278,ZONE_HYD_01,2026-07-27,1,177,1.05,0,20.6,2160.53,70.5,30.6,137.0,0,1,0.2614,1.118,51.83
W_e9981c8467200278,ZONE_HYD_01,2026-08-03,1,177,1.05,0,20.6,2160.53,20.5,30.6,136.28571428571428,0,1,0.1483,1.034,43.63
W_e9981c8467200278,ZONE_HYD_01,2026-08-10,1,177,1.05,0,20.6,2160.53,12.6,30.8,137.42857142857142,0,1,0.1314,1.021,42.45
W_e9981c8467200278,ZONE_HYD_01,2026-08-17,1,177,1.05,0,20.6,2160.53,18.2,31.5,148.85714285714286,1,1,0.2359,1.03,46.78
W_e9981c8467200278,ZONE_HYD_01,2026-08-24,1,177,1.05,0,20.6,2160.53,10.4,30.4,140.14285714285714,0,1,0.1285,1.017,42.18
W_e9981c8467200278,ZONE_HYD_01,2026-08-31,1,177,1.05,0,20.6,2160.53,8.8,32.0,159.14285714285714,0,1,0.1392,1.015,42.49
W_e9981c8467200278,ZONE_HYD_01,2026-09-07,1,177,1.05,0,20.6,2160.53,26.3,32.2,156.57142857142858,1,1,0.2599,1.044,48.34
W_e9981c8467200278,ZONE_HYD_01,2026-09-14,1,177,1.05,0,20.6,2160.53,12.7,33.4,147.5,0,1,0.1392,1.021,42.74
W_fa55d937b339bd13,ZONE_DEL_01,2026-06-22,1,127,1.05,1,46.0,4330.44,4.0,41.9,188.25,0,1,0.1502,1.007,42.57
W_fa55d937b339bd13,ZONE_DEL_01,2026-06-29,1,127,1.05,1,46.0,4330.44,20.0,41.7,157.71428571428572,0,1,0.1633,1.033,44.16
W_fa55d937b339bd13,ZONE_DEL_01,2026-07-06,1,127,1.05,1,46.0,4330.44,122.9,36.7,156.0,2,1,0.5602,1.205,69.09
W_fa55d937b339bd13,ZONE_DEL_01,2026-07-13,1,127,1.05,1,46.0,4330.44,9.8,37.4,129.42857142857142,0,1,0.1191,1.016,41.78
W_fa55d937b339bd13,ZONE_DEL_01,2026-07-20,1,127,1.05,1,46.0,4330.44,74.3,33.7,132.71428571428572,0,1,0.2667,1.124,52.32
W_fa55d937b339bd13,ZONE_DEL_01,2026-07-27,1,127,1.05,1,46.0,4330.44,51.900000000000006,35.3,172.57142857142858,0,1,0.2462,1.086,49.74
W_fa55d937b339bd13,ZONE_DEL_01,2026-08-03,1,127,1.05,1,46.0,4330.44,132.8,33.8,126.57142857142856,1,1,0.4771,1.221,66.28
W_fa55d937b339bd13,ZONE_DEL_01,2026-08-10,1,127,1.05,1,46.0,4330.44,45.8,34.4,170.42857142857142,0,1,0.2309,1.076,48.67
W_fa55d937b339bd13,ZONE_DEL_01,2026-08-17,1,127,1.05,1,46.0,4330.44,34.3,33.6,140.0,1,1,0.2655,1.057,49.16
W_fa55d937b339bd13,ZONE_DEL_01,2026-08-24,1,127,1.05,1,46.0,4330.44,24.5,34.9,168.0,0,1,0.1811,1.041,45.19
W_fa55d937b339bd13,ZONE_DEL_01,2026-08-31,1,127,1.05,1,46.0,4330.44,76.6,34.4,145.57142857142858,0,1,0.2815,1.128,53.12
W_fa55d937b339bd13,ZONE_DEL_01,2026-09-07,1,127,1.05,1,46.0,4330.44,19.1,34.4,142.0,0,1,0.1495,1.032,43.6
W_fa55d937b339bd13,ZONE_DEL_01,2026-09-14,1,127,1.05,1,46.0,4330.44,7.6,35.0,149.0,0,1,0.1288,1.013,42.02
W_e02e72a23df33b08,ZONE_BLR_01,2026-06-22,1,36,1.05,1,54.4,5727.59,16.3,30.1,135.25,0,1,0.1381,1.027,42.95
W_e02e72a23df33b08,ZONE_BLR_01,2026-06-29,1,36,1.05,1,54.4,5727.59,20.1,29.2,153.85714285714286,1,1,0.244,1.034,47.27
W_e02e72a23df33b08,ZONE_BLR_01,2026-07-06,1,36,1.05,1,54.4,5727.59,8.399999999999999,31.8,172.71428571428572,0,1,0.1484,1.014,42.79
W_e02e72a23df33b08,ZONE_BLR_01,2026-07-13,1,36,1.05,1,54.4,5727.59,16.8,32.1,124.57142857142856,0,1,0.1312,1.028,42.74
W_e02e72a23df33b08,ZONE_BLR_01,2026-07-20,1,36,1.05,1,54.4,5727.59,33.4,29.5,162.85714285714286,1,1,0.2806,1.056,49.7
W_e02e72a23df33b08,ZONE_BLR_01,2026-07-27,1,36,1.05,1,54.4,5727.59,28.8,29.7,169.42857142857142,0,1,0.1919,1.048,45.9
W_e02e72a23df33b08,ZONE_BLR_01,2026-08-03,1,36,1.05,1,54.4,5727.59,76.3,28.3,143.0,0,1,0.2789,1.127,52.97
W_e02e72a23df33b08,ZONE_BLR_01,2026-08-10,1,36,1.05,1,54.4,5727.59,19.9,30.7,129.0,0,1,0.1415,1.033,43.33
W_e02e72a23df33b08,ZONE_BLR_01,2026-08-17,1,36,1.05,1,54.4,5727.59,31.4,29.9,146.57142857142858,1,1,0.2639,1.052,48.86
W_e02e72a23df33b08,ZONE_BLR_01,2026-08-24,1,36,1.05,1,54.4,5727.59,35.7,28.8,167.14285714285714,0,1,0.2057,1.06,46.97
W_e02e72a23df33b08,ZONE_BLR_01,2026-08-31,1,36,1.05,1,54.4,5727.59,13.2,30.8,142.71428571428572,1,1,0.2201,1.022,45.83
W_e02e72a23df33b08,ZONE_BLR_01,2026-09-07,1,36,1.05,1,54.4,5727.59,8.5,31.0,128.28571428571428,0,1,0.1153,1.014,41.56
W_e02e72a23df33b08,ZONE_BLR_01,2026-09-14,1,36,1.05,1,54.4,5727.59,33.1,30.8,137.5,0,1,0.1776,1.055,45.66
W_69390287654665b0,ZONE_DEL_01,2026-06-22,1,133,1.0,1,59.2,6687.28,4.0,41.9,188.25,0,1,0.1502,1.007,40.54
W_69390287654665b0,ZONE_DEL_01,2026-06-29,1,133,1.0,1,59.2,6687.28,20.0,41.7,157.71428571428572,0,1,0.1633,1.033,42.06
W_69390287654665b0,ZONE_DEL_01,2026-07-06,1,133,1.0,1,59.2,6687.28,122.9,36.7,156.0,2,1,0.5602,1.205,65.8
W_69390287654665b0,ZONE_DEL_01,2026-07-13,1,133,1.0,1,59.2,6687.28,9.8,37.4,129.42857142857142,0,1,0.1191,1.016,39.8
W_69390287654665b0,ZONE_DEL_01,2026-07-20,1,133,1.0,1,59.2,6687.28,74.3,33.7,132.71428571428572,0,1,0.2667,1.124,49.83
W_69390287654665b0,ZONE_DEL_01,2026-07-27,1,133,1.0,1,59.2,6687.28,51.900000000000006,35.3,172.57142857142858,0,1,0.2462,1.086,47.37
W_69390287654665b0,ZONE_DEL_01,2026-08-03,1,133,1.0,1,59.2,6687.28,132.8,33.8,126.57142857142856,1,1,0.4771,1.221,63.12
W_69390287654665b0,ZONE_DEL_01,2026-08-10,1,133,1.0,1,59.2,6687.28,45.8,34.4,170.42857142857142,0,1,0.2309,1.076,46.36
W_69390287654665b0,ZONE_DEL_01,2026-08-17,1,133,1.0,1,59.2,6687.28,34.3,33.6,140.0,1,1,0.2655,1.057,46.82
W_69390287654665b0,ZONE_DEL_01,2026-08-24,1,133,1.0,1,59.2,6687.28,24.5,34.9,168.0,0,1,0.1811,1.041,43.03
W_69390287654665b0,ZONE_DEL_01,2026-08-31,1,133,1.0,1,59.2,6687.28,76.6,34.4,145.57142857142858,0,1,0.2815,1.128,50.59
W_69390287654665b0,ZONE_DEL_01,2026-09-07,1,133,1.0,1,59.2,6687.28,19.1,34.4,142.0,0,1,0.1495,1.032,41.52
W_69390287654665b0,ZONE_DEL_01,2026-09-14,1,133,1.0,1,59.2,6687.28,7.6,35.0,149.0,0,1,0.1288,1.013,40.02
W_3eedf2345c580b41,ZONE_MAA_01,2026-06-22,1,139,1.05,1,58.6,6038.33,33.7,37.6,159.25,0,1,0.1953,1.056,46.39
W_3eedf2345c580b41,ZONE_MAA_01,2026-06-29,1,139,1.05,1,58.6,6038.33,11.8,38.4,123.0,0,1,0.1188,1.02,41.94
W_3eedf2345c580b41,ZONE_MAA_01,2026-07-06,1,139,1.05,1,58.6,6038.33,9.3,39.2,163.28571428571428,1,1,0.2267,1.016,45.8
W_3eedf2345c580b41,ZONE_MAA_01,2026-07-13,1,139,1.05,1,58.6,6038.33,11.3,38.7,141.57142857142858,0,1,0.1316,1.019,42.38
W_3eedf2345c580b41,ZONE_MAA_01,2026-07-20,1,139,1.05,1,58.6,6038.33,35.6,36.4,131.57142857142858,0,1,0.1788,1.059,45.88
W_3eedf2345c580b41,ZONE_MAA_01,2026-07-27,1,139,1.05,1,58.6,6038.33,26.0,37.6,145.14285714285714,0,1,0.1674,1.043,44.75
W_3eedf2345c580b41,ZONE_MAA_01,2026-08-03,1,139,1.05,1,58.6,6038.33,38.5,34.8,150.71428571428572,0,1,0.1997,1.064,46.91
W_3eedf2345c580b41,ZONE_MAA_01,2026-08-10,1,139,1.05,1,58.6,6038.33,15.6,35.5,153.57142857142858,1,1,0.2336,1.026,46.51
W_3eedf2345c580b41,ZONE_MAA_01,2026-08-17,1,139,1.05,1,58.6,6038.33,29.4,36.3,143.71428571428572,0,1,0.1739,1.049,45.25
W_3eedf2345c580b41,ZONE_MAA_01,2026-08-24,1,139,1.05,1,58.6,6038.33,15.1,36.6,144.14285714285714,1,1,0.2254,1.025,46.16
W_3eedf2345c580b41,ZONE_MAA_01,2026-08-31,1,139,1.05,1,58.6,6038.33,13.1,35.6,156.85714285714286,1,1,0.2305,1.022,46.22
W_3eedf2345c580b41,ZONE_MAA_01,2026-09-07,1,139,1.05,1,58.6,6038.33,23.3,35.6,136.57142857142858,0,1,0.1549,1.039,44.1
W_3eedf2345c580b41,ZONE_MAA_01,2026-09-14,1,139,1.05,1,58.6,6038.33,27.4,36.0,152.75,1,1,0.2595,1.046,48.42
W_427b5c492ddd6098,ZONE_DEL_01,2026-06-22,1,358,1.0,1,54.3,5490.5,4.0,41.9,188.25,0,1,0.1502,1.007,40.54
W_427b5c492ddd6098,ZONE_DEL_01,2026-06-29,1,358,1.0,1,54.3,5490.5,20.0,41.7,157.71428571428572,0,1,0.1633,1.033,42.06
W_427b5c492ddd6098,ZONE_DEL_01,2026-07-06,1,358,1.0,1,54.3,5490.5,122.9,36.7,156.0,2,1,0.5602,1.205,65.8
W_427b5c492ddd6098,ZONE_DEL_01,2026-07-13,1,358,1.0,1,54.3,5490.5,9.8,37.4,129.42857142857142,0,1,0.1191,1.016,39.8
W_427b5c492ddd6098,ZONE_DEL_01,2026-07-20,1,358,1.0,1,54.3,5490.5,74.3,33.7,132.71428571428572,0,1,0.2667,1.124,49.83
W_427b5c492ddd6098,ZONE_DEL_01,2026-07-27,1,358,1.0,1,54.3,5490.5,51.900000000000006,35.3,172.57142857142858,0,1,0.2462,1.086,47.37
W_427b5c492ddd6098,ZONE_DEL_01,2026-08-03,1,358,1.0,1,54.3,5490.5,132.8,33.8,126.57142857142856,1,1,0.4771,1.221,63.12
W_427b5c492ddd6098,ZONE_DEL_01,2026-08-10,1,358,1.0,1,54.3,5490.5,45.8,34.4,170.42857142857142,0,1,0.2309,1.076,46.36
W_427b5c492ddd6098,ZONE_DEL_01,2026-08-17,1,358,1.0,1,54.3,5490.5,34.3,33.6,140.0,1,1,0.2655,1.057,46.82
W_427b5c492ddd6098,ZONE_DEL_01,2026-08-24,1,358,1.0,1,54.3,5490.5,24.5,34.9,168.0,0,1,0.1811,1.041,43.03
W_427b5c492ddd6098,ZONE_DEL_01,2026-08-31,1,358,1.0,1,54.3,5490.5,76.6,34.4,145.57142857142858,0,1,0.2815,1.128,50.59
W_427b5c492ddd6098,ZONE_DEL_01,2026-09-07,1,358,1.0,1,54.3,5490.5,19.1,34.4,142.0,0,1,0.1495,1.032,41.52
W_427b5c492ddd6098,ZONE_DEL_01,2026-09-14,1,358,1.0,1,54.3,5490.5,7.6,35.0,149.0,0,1,0.1288,1.013,40.02
W_704ed00ce5f65bc7,ZONE_HYD_01,2026-06-22,1,177,1.2,1,57.2,5363.3,21.8,32.6,156.25,1,1,0.2496,1.036,54.37
W_704ed00ce5f65bc7,ZONE_HYD_01,2026-06-29,1,177,1.2,1,57.2,5363.3,35.9,29.8,132.14285714285714,0,1,0.1799,1.06,52.53
W_704ed00ce5f65bc7,ZONE_HYD_01,2026-07-06,1,177,1.2,1,57.2,5363.3,6.2,33.3,165.28571428571428,0,1,0.1379,1.01,48.27
W_704ed00ce5f65bc7,ZONE_HYD_01,2026-07-13,1,177,1.2,1,57.2,5363.3,26.8,33.9,155.14285714285714,1,1,0.26,1.045,55.3
W_704ed00ce5f65bc7,ZONE_HYD_01,2026-07-20,1,177,1.2,1,57.2,5363.3,38.8,30.0,132.85714285714286,0,1,0.1869,1.065,53.09
W_704ed00ce5f65bc7,ZONE_HYD_01,2026-07-27,1,177,1.2,1,57.2,5363.3,70.5,30.6,137.0,0,1,0.2614,1.118,59.23
W_704ed00ce5f65bc7,ZONE_HYD_01,2026-08-03,1,177,1.2,1,57.2,5363.3,20.5,30.6,136.28571428571428,0,1,0.1483,1.034,49.87
W_704ed00ce5f65bc7,ZONE_HYD_01,2026-08-10,1,177,1.2,1,57.2,5363.3,12.6,30.8,137.42857142857142,0,1,0.1314,1.021,48.52
W_704ed00ce5f65bc7,ZONE_HYD_01,2026-08-17,1,177,1.2,1,57.2,5363.3,18.2,31.5,148.85714285714286,1,1,0.2359,1.03,53.47
W_704ed00ce5f65bc7,ZONE_HYD_01,2026-08-24,1,177,1.2,1,57.2,5363.3,10.4,30.4,140.14285714285714,0,1,0.1285,1.017,48.2
W_704ed00ce5f65bc7,ZONE_HYD_01,2026-08-31,1,177,1.2,1,57.2,5363.3,8.8,32.0,159.14285714285714,0,1,0.1392,1.015,48.56
W_704ed00ce5f65bc7,ZONE_HYD_01,2026-09-07,1,177,1.2,1,57.2,5363.3,26.3,32.2,156.57142857142858,1,1,0.2599,1.044,55.24
W_704ed00ce5f65bc7,ZONE_HYD_01,2026-09-14,1,177,1.2,1,57.2,5363.3,12.7,33.4,147.5,0,1,0.1392,1.021,48.85
W_36ef6d1e1def4cde,ZONE_MAA_01,2026-06-22,1,335,1.0,1,46.7,4677.0,33.7,37.6,159.25,0,1,0.1953,1.056,44.18
W_36ef6d1e1def4cde,ZONE_MAA_01,2026-06-29,1,335,1.0,1,46.7,4677.0,11.8,38.4,123.0,0,1,0.1188,1.02,39.94
W_36ef6d1e1def4cde,ZONE_MAA_01,2026-07-06,1,335,1.0,1,46.7,4677.0,9.3,39.2,163.28571428571428,1,1,0.2267,1.016,43.62
W_36ef6d1e1def4cde,ZONE_MAA_01,2026-07-13,1,335,1.0,1,46.7,4677.0,11.3,38.7,141.57142857142858,0,1,0.1316,1.019,40.36
W_36ef6d1e1def4cde,ZONE_MAA_01,2026-07-20,1,335,1.0,1,46.7,4677.0,35.6,36.4,131.57142857142858,0,1,0.1788,1.059,43.69
W_36ef6d1e1def4cde,ZONE_MAA_01,2026-07-27,1,335,1.0,1,46.7,4677.0,26.0,37.6,145.14285714285714,0,1,0.1674,1.043,42.62
W_36ef6d1e1def4cde,ZONE_MAA_01,2026-08-03,1,335,1.0,1,46.7,4677.0,38.5,34.8,150.71428571428572,0,1,0.1997,1.064,44.68
W_36ef6d1e1def4cde,ZONE_MAA_01,2026-08-10,1,335,1.0,1,46.7,4677.0,15.6,35.5,153.57142857142858,1,1,0.2336,1.026,44.3
W_36ef6d1e1def4cde,ZONE_MAA_01,2026-08-17,1,335,1.0,1,46.7,4677.0,29.4,36.3,143.71428571428572,0,1,0.1739,1.049,43.1
W_36ef6d1e1def4cde,ZONE_MAA_01,2026-08-24,1,335,1.0,1,46.7,4677.0,15.1,36.6,144.14285714285714,1,1,0.2254,1.025,43.96
W_36ef6d1e1def4cde,ZONE_MAA_01,2026-08-31,1,335,1.0,1,46.7,4677.0,13.1,35.6,156.85714285714286,1,1,0.2305,1.022,44.01
W_36ef6d1e1def4cde,ZONE_MAA_01,2026-09-07,1,335,1.0,1,46.7,4677.0,23.3,35.6,136.57142857142858,0,1,0.1549,1.039,42.0
W_36ef6d1e1def4cde,ZONE_MAA_01,2026-09-14,1,335,1.0,1,46.7,4677.0,27.4,36.0,152.75,1,1,0.2595,1.046,46.11
W_d7d3177e85e4dccd,ZONE_HYD_01,2026-06-22,1,85,1.0,1,55.9,5521.0,21.8,32.6,156.25,1,1,0.2496,1.036,45.31
W_d7d3177e85e4dccd,ZONE_HYD_01,2026-06-29,1,85,1.0,1,55.9,5521.0,35.9,29.8,132.14285714285714,0,1,0.1799,1.06,43.77
W_d7d3177e85e4dccd,ZONE_HYD_01,2026-07-06,1,85,1.0,1,55.9,5521.0,6.2,33.3,165.28571428571428,0,1,0.1379,1.01,40.22
W_d7d3177e85e4dccd,ZONE_HYD_01,2026-07-13,1,85,1.0,1,55.9,5521.0,26.8,33.9,155.14285714285714,1,1,0.26,1.045,46.08
W_d7d3177e85e4dccd,ZONE_HYD_01,2026-07-20,1,85,1.0,1,55.9,5521.0,38.8,30.0,132.85714285714286,0,1,0.1869,1.065,44.24
W_d7d3177e85e4dccd,ZONE_HYD_01,2026-07-27,1,85,1.0,1,55.9,5521.0,70.5,30.6,137.0,0,1,0.2614,1.118,49.36
W_d7d3177e85e4dccd,ZONE_HYD_01,2026-08-03,1,85,1.0,1,55.9,5521.0,20.5,30.6,136.28571428571428,0,1,0.1483,1.034,41.56
W_d7d3177e85e4dccd,ZONE_HYD_01,2026-08-10,1,85,1.0,1,55.9,5521.0,12.6,30.8,137.42857142857142,0,1,0.1314,1.021,40.43
W_d7d3177e85e4dccd,ZONE_HYD_01,2026-08-17,1,85,1.0,1,55.9,5521.0,18.2,31.5,148.85714285714286,1,1,0.2359,1.03,44.55
W_d7d3177e85e4dccd,ZONE_HYD_01,2026-08-24,1,85,1.0,1,55.9,5521.0,10.4,30.4,140.14285714285714,0,1,0.1285,1.017,40.17
W_d7d3177e85e4dccd,ZONE_HYD_01,2026-08-31,1,85,1.0,1,55.9,5521.0,8.8,32.0,159.14285714285714,0,1,0.1392,1.015,40.47
W_d7d3177e85e4dccd,ZONE_HYD_01,2026-09-07,1,85,1.0,1,55.9,5521.0,26.3,32.2,156.57142857142858,1,1,0.2599,1.044,46.04
W_d7d3177e85e4dccd,ZONE_HYD_01,2026-09-14,1,85,1.0,1,55.9,5521.0,12.7,33.4,147.5,0,1,0.1392,1.021,40.71
W_83dfd05e11e962e8,ZONE_MAA_01,2026-06-22,1,158,1.05,1,55.7,5304.21,33.7,37.6,159.25,0,1,0.1953,1.056,46.39
W_83dfd05e11e962e8,ZONE_MAA_01,2026-06-29,1,158,1.05,1,55.7,5304.21,11.8,38.4,123.0,0,1,0.1188,1.02,41.94
W_83dfd05e11e962e8,ZONE_MAA_01,2026-07-06,1,158,1.05,1,55.7,5304.21,9.3,39.2,163.28571428571428,1,1,0.2267,1.016,45.8
W_83dfd05e11e962e8,ZONE_MAA_01,2026-07-13,1,158,1.05,1,55.7,5304.21,11.3,38.7,141.57142857142858,0,1,0.1316,1.019,42.38
W_83dfd05e11e962e8,ZONE_MAA_01,2026-07-20,1,158,1.05,1,55.7,5304.21,35.6,36.4,131.57142857142858,0,1,0.1788,1.059,45.88
W_83dfd05e11e962e8,ZONE_MAA_01,2026-07-27,1,158,1.05,1,55.7,5304.21,26.0,37.6,145.14285714285714,0,1,0.1674,1.043,44.75
W_83dfd05e11e962e8,ZONE_MAA_01,2026-08-03,1,158,1.05,1,55.7,5304.21,38.5,34.8,150.71428571428572,0,1,0.1997,1.064,46.91
W_83dfd05e11e962e8,ZONE_MAA_01,2026-08-10,1,158,1.05,1,55.7,5304.21,15.6,35.5,153.57142857142858,1,1,0.2336,1.026,46.51
W_83dfd05e11e962e8,ZONE_MAA_01,2026-08-17,1,158,1.05,1,55.7,5304.21,29.4,36.3,143.71428571428572,0,1,0.1739,1.049,45.25
W_83dfd05e11e962e8,ZONE_MAA_01,2026-08-24,1,158,1.05,1,55.7,5304.21,15.1,36.6,144.14285714285714,1,1,0.2254,1.025,46.16
W_83dfd05e11e962e8,ZONE_MAA_01,2026-08-31,1,158,1.05,1,55.7,5304.21,13.1,35.6,156.85714285714286,1,1,0.2305,1.022,46.22
W_83dfd05e11e962e8,ZONE_MAA_01,2026-09-07,1,158,1.05,1,55.7,5304.21,23.3,35.6,136.57142857142858,0,1,0.1549,1.039,44.1
W_83dfd05e11e962e8,ZONE_MAA_01,2026-09-14,1,158,1.05,1,55.7,5304.21,27.4,36.0,152.75,1,1,0.2595,1.046,48.42
W_fffc6daf42faa934,ZONE_MAA_01,2026-06-22,1,414,1.0,1,42.5,4235.54,33.7,37.6,159.25,0,1,0.1953,1.056,44.18
W_fffc6daf42faa934,ZONE_MAA_01,2026-06-29,1,414,1.0,1,42.5,4235.54,11.8,38.4,123.0,0,1,0.1188,1.02,39.94
W_fffc6daf42faa934,ZONE_MAA_01,2026-07-06,1,414,1.0,1,42.5,4235.54,9.3,39.2,163.28571428571428,1,1,0.2267,1.016,43.62
W_fffc6daf42faa934,ZONE_MAA_01,2026-07-13,1,414,1.0,1,42.5,4235.54,11.3,38.7,141.57142857142858,0,1,0.1316,1.019,40.36
W_fffc6daf42faa934,ZONE_MAA_01,2026-07-20,1,414,1.0,1,42.5,4235.54,35.6,36.4,131.57142857142858,0,1,0.1788,1.059,43.69
W_fffc6daf42faa934,ZONE_MAA_01,2026-07-27,1,414,1.0,1,42.5,4235.54,26.0,37.6,145.14285714285714,0,1,0.1674,1.043,42.62
W_fffc6daf42faa934,ZONE_MAA_01,2026-08-03,1,414,1.0,1,42.5,4235.54,38.5,34.8,150.71428571428572,0,1,0.1997,1.064,44.68
W_fffc6daf42faa934,ZONE_MAA_01,2026-08-10,1,414,1.0,1,42.5,4235.54,15.6,35.5,153.57142857142858,1,1,0.2336,1.026,44.3
W_fffc6daf42faa934,ZONE_MAA_01,2026-08-17,1,414,1.0,1,42.5,4235.54,29.4,36.3,143.71428571428572,0,1,0.1739,1.049,43.1
W_fffc6daf42faa934,ZONE_MAA_01,2026-08-24,1,414,1.0,1,42.5,4235.54,15.1,36.6,144.14285714285714,1,1,0.2254,1.025,43.96
W_fffc6daf42faa934,ZONE_MAA_01,2026-08-31,1,414,1.0,1,42.5,4235.54,13.1,35.6,156.85714285714286,1,1,0.2305,1.022,44.01
W_fffc6daf42faa934,ZONE_MAA_01,2026-09-07,1,414,1.0,1,42.5,4235.54,23.3,35.6,136.57142857142858,0,1,0.1549,1.039,42.0
W_fffc6daf42faa934,ZONE_MAA_01,2026-09-14,1,414,1.0,1,42.5,4235.54,27.4,36.0,152.75,1,1,0.2595,1.046,46.11
W_048e554423539f57,ZONE_BOM_01,2026-06-22,1,83,1.0,1,62.1,6844.79,24.8,31.1,184.0,0,1,0.1938,1.041,43.5
W_048e554423539f57,ZONE_BOM_01,2026-06-29,1,83,1.0,1,62.1,6844.79,493.0,28.6,147.0,6,1,1.0,1.822,79.0
W_048e554423539f57,ZONE_BOM_01,2026-07-06,1,83,1.0,1,62.1,6844.79,235.5,30.2,143.85714285714286,2,1,0.8044,1.392,79.0
W_048e554423539f57,ZONE_BOM_01,2026-07-13,1,83,1.0,1,62.1,6844.79,92.5,30.6,156.42857142857142,1,1,0.4088,1.154,56.9
W_048e554423539f57,ZONE_BOM_01,2026-07-20,1,83,1.0,1,62.1,6844.79,354.8,29.6,158.42857142857142,4,1,1.0,1.591,79.0
W_048e554423539f57,ZONE_BOM_01,2026-07-27,1,83,1.0,1,62.1,6844.79,120.9,29.6,151.42857142857142,0,1,0.3856,1.202,58.29
W_048e554423539f57,ZONE_BOM_01,2026-08-03,1,83,1.0,1,62.1,6844.79,76.8,29.7,139.0,0,1,0.277,1.128,50.42
W_048e554423539f57,ZONE_BOM_01,2026-08-10,1,83,1.0,1,62.1,6844.79,96.6,29.7,142.57142857142858,0,1,0.3243,1.161,53.81
W_048e554423539f57,ZONE_BOM_01,2026-08-17,1,83,1.0,1,62.1,6844.79,61.0,29.7,146.28571428571428,1,1,0.3303,1.102,51.31
W_048e554423539f57,ZONE_BOM_01,2026-08-24,1,83,1.0,1,62.1,6844.79,36.4,29.6,134.0,1,1,0.2657,1.061,47.0
W_048e554423539f57,ZONE_BOM_01,2026-08-31,1,83,1.0,1,62.1,6844.79,61.0,29.6,158.28571428571428,0,1,0.256,1.102,48.44
W_048e554423539f57,ZONE_BOM_01,2026-09-07,1,83,1.0,1,62.1,6844.79,52.9,30.0,169.57142857142858,0,1,0.2462,1.088,47.46
W_048e554423539f57,ZONE_BOM_01,2026-09-14,1,83,1.0,1,62.1,6844.79,23.3,30.0,162.0,0,1,0.1739,1.039,42.69
W_a2433eb122c14254,ZONE_BOM_01,2026-06-22,1,957,1.05,1,46.4,4676.72,24.8,31.1,184.0,0,1,0.1938,1.041,45.67
W_a2433eb122c14254,ZONE_BOM_01,2026-06-29,1,957,1.05,1,46.4,4676.72,493.0,28.6,147.0,6,1,1.0,1.822,79.0
W_a2433eb122c14254,ZONE_BOM_01,2026-07-06,1,957,1.05,1,46.4,4676.72,235.5,30.2,143.85714285714286,2,1,0.8044,1.392,79.0
W_a2433eb122c14254,ZONE_BOM_01,2026-07-13,1,957,1.05,1,46.4,4676.72,92.5,30.6,156.42857142857142,1,1,0.4088,1.154,59.75
W_a2433eb122c14254,ZONE_BOM_01,2026-07-20,1,957,1.05,1,46.4,4676.72,354.8,29.6,158.42857142857142,4,1,1.0,1.591,79.0
W_a2433eb122c14254,ZONE_BOM_01,2026-07-27,1,957,1.05,1,46.4,4676.72,120.9,29.6,151.42857142857142,0,1,0.3856,1.202,61.21
W_a2433eb122c14254,ZONE_BOM_01,2026-08-03,1,957,1.05,1,46.4,4676.72,76.8,29.7,139.0,0,1,0.277,1.128,52.94
W_a2433eb122c14254,ZONE_BOM_01,2026-08-10,1,957,1.05,1,46.4,4676.72,96.6,29.7,142.57142857142858,0,1,0.3243,1.161,56.5
W_a2433eb122c14254,ZONE_BOM_01,2026-08-17,1,957,1.05,1,46.4,4676.72,61.0,29.7,146.28571428571428,1,1,0.3303,1.102,53.88
W_a2433eb122c14254,ZONE_BOM_01,2026-08-24,1,957,1.05,1,46.4,4676.72,36.4,29.6,134.0,1,1,0.2657,1.061,49.35
W_a2433eb122c14254,ZONE_BOM_01,2026-08-31,1,957,1.05,1,46.4,4676.72,61.0,29.6,158.28571428571428,0,1,0.256,1.102,50.87
W_a2433eb122c14254,ZONE_BOM_01,2026-09-07,1,957,1.05,1,46.4,4676.72,52.9,30.0,169.57142857142858,0,1,0.2462,1.088,49.83
W_a2433eb122c14254,ZONE_BOM_01,2026-09-14,1,957,1.05,1,46.4,4676.72,23.3,30.0,162.0,0,1,0.1739,1.039,44.82
W_0b08262ea0d9ba65,ZONE_BOM_01,2026-06-22,1,356,1.05,1,49.2,5112.43,24.8,31.1,184.0,0,1,0.1938,1.041,45.67
W_0b08262ea0d9ba65,ZONE_BOM_01,2026-06-29,1,356,1.05,1,49.2,5112.43,493.0,28.6,147.0,6,1,1.0,1.822,79.0
W_0b08262ea0d9ba65,ZONE_BOM_01,2026-07-06,1,356,1.05,1,49.2,5112.43,235.5,30.2,143.85714285714286,2,1,0.8044,1.392,79.0
W_0b08262ea0d9ba65,ZONE_BOM_01,2026-07-13,1,356,1.05,1,49.2,5112.43,92.5,30.6,156.42857142857142,1,1,0.4088,1.154,59.75
W_0b08262ea0d9ba65,ZONE_BOM_01,2026-07-20,1,356,1.05,1,49.2,5112.43,354.8,29.6,158.42857142857142,4,1,1.0,1.591,79.0
W_0b08262ea0d9ba65,ZONE_BOM_01,2026-07-27,1,356,1.05,1,49.2,5112.43,120.9,29.6,151.42857142857142,0,1,0.3856,1.202,61.21
W_0b08262ea0d9ba65,ZONE_BOM_01,2026-08-03,1,356,1.05,1,49.2,5112.43,76.8,29.7,139.0,0,1,0.277,1.128,52.94
W_0b08262ea0d9ba65,ZONE_BOM_01,2026-08-10,1,356,1.05,1,49.2,5112.43,96.6,29.7,142.57142857142858,0,1,0.3243,1.161,56.5
W_0b08262ea0d9ba65,ZONE_BOM_01,2026-08-17,1,356,1.05,1,49.2,5112.43,61.0,29.7,146.28571428571428,1,1,0.3303,1.102,53.88
W_0b08262ea0d9ba65,ZONE_BOM_01,2026-08-24,1,356,1.05,1,49.2,5112.43,36.4,29.6,134.0,1,1,0.2657,1.061,49.35
W_0b08262ea0d9ba65,ZONE_BOM_01,2026-08-31,1,356,1.05,1,49.2,5112.43,61.0,29.6,158.28571428571428,0,1,0.256,1.102,50.87
W_0b08262ea0d9ba65,ZONE_BOM_01,2026-09-07,1,356,1.05,1,49.2,5112.43,52.9,30.0,169.57142857142858,0,1,0.2462,1.088,49.83
W_0b08262ea0d9ba65,ZONE_BOM_01,2026-09-14,1,356,1.05,1,49.2,5112.43,23.3,30.0,162.0,0,1,0.1739,1.039,44.82
W_a7088775dee01a79,ZONE_DEL_01,2026-06-22,1,336,1.05,1,50.6,5286.64,4.0,41.9,188.25,0,1,0.1502,1.007,42.57
W_a7088775dee01a79,ZONE_DEL_01,2026-06-29,1,336,1.05,1,50.6,5286.64,20.0,41.7,157.71428571428572,0,1,0.1633,1.033,44.16
W_a7088775dee01a79,ZONE_DEL_01,2026-07-06,1,336,1.05,1,50.6,5286.64,122.9,36.7,156.0,2,1,0.5602,1.205,69.09
W_a7088775dee01a79,ZONE_DEL_01,2026-07-13,1,336,1.05,1,50.6,5286.64,9.8,37.4,129.42857142857142,0,1,0.1191,1.016,41.78
W_a7088775dee01a79,ZONE_DEL_01,2026-07-20,1,336,1.05,1,50.6,5286.64,74.3,33.7,132.71428571428572,0,1,0.2667,1.124,52.32
W_a7088775dee01a79,ZONE_DEL_01,2026-07-27,1,336,1.05,1,50.6,5286.64,51.900000000000006,35.3,172.57142857142858,0,1,0.2462,1.086,49.74
W_a7088775dee01a79,ZONE_DEL_01,2026-08-03,1,336,1.05,1,50.6,5286.64,132.8,33.8,126.57142857142856,1,1,0.4771,1.221,66.28
W_a7088775dee01a79,ZONE_DEL_01,2026-08-10,1,336,1.05,1,50.6,5286.64,45.8,34.4,170.42857142857142,0,1,0.2309,1.076,48.67
W_a7088775dee01a79,ZONE_DEL_01,2026-08-17,1,336,1.05,1,50.6,5286.64,34.3,33.6,140.0,1,1,0.2655,1.057,49.16
W_a7088775dee01a79,ZONE_DEL_01,2026-08-24,1,336,1.05,1,50.6,5286.64,24.5,34.9,168.0,0,1,0.1811,1.041,45.19
W_a7088775dee01a79,ZONE_DEL_01,2026-08-31,1,336,1.05,1,50.6,5286.64,76.6,34.4,145.57142857142858,0,1,0.2815,1.128,53.12
W_a7088775dee01a79,ZONE_DEL_01,2026-09-07,1,336,1.05,1,50.6,5286.64,19.1,34.4,142.0,0,1,0.1495,1.032,43.6
W_a7088775dee01a79,ZONE_DEL_01,2026-09-14,1,336,1.05,1,50.6,5286.64,7.6,35.0,149.0,0,1,0.1288,1.013,42.02
W_b5465b8ea3e6c59b,ZONE_BOM_01,2026-06-22,1,139,1.0,1,58.6,5815.73,24.8,31.1,184.0,0,1,0.1938,1.041,43.5
W_b5465b8ea3e6c59b,ZONE_BOM_01,2026-06-29,1,139,1.0,1,58.6,5815.73,493.0,28.6,147.0,6,1,1.0,1.822,79.0
W_b5465b8ea3e6c59b,ZONE_BOM_01,2026-07-06,1,139,1.0,1,58.6,5815.73,235.5,30.2,143.85714285714286,2,1,0.8044,1.392,79.0
W_b5465b8ea3e6c59b,ZONE_BOM_01,2026-07-13,1,139,1.0,1,58.6,5815.73,92.5,30.6,156.42857142857142,1,1,0.4088,1.154,56.9
W_b5465b8ea3e6c59b,ZONE_BOM_01,2026-07-20,1,139,1.0,1,58.6,5815.73,354.8,29.6,158.42857142857142,4,1,1.0,1.591,79.0
W_b5465b8ea3e6c59b,ZONE_BOM_01,2026-07-27,1,139,1.0,1,58.6,5815.73,120.9,29.6,151.42857142857142,0,1,0.3856,1.202,58.29
W_b5465b8ea3e6c59b,ZONE_BOM_01,2026-08-03,1,139,1.0,1,58.6,5815.73,76.8,29.7,139.0,0,1,0.277,1.128,50.42
W_b5465b8ea3e6c59b,ZONE_BOM_01,2026-08-10,1,139,1.0,1,58.6,5815.73,96.6,29.7,142.57142857142858,0,1,0.3243,1.161,53.81
W_b5465b8ea3e6c59b,ZONE_BOM_01,2026-08-17,1,139,1.0,1,58.6,5815.73,61.0,29.7,146.28571428571428,1,1,0.3303,1.102,51.31
W_b5465b8ea3e6c59b,ZONE_BOM_01,2026-08-24,1,139,1.0,1,58.6,5815.73,36.4,29.6,134.0,1,1,0.2657,1.061,47.0
W_b5465b8ea3e6c59b,ZONE_BOM_01,2026-08-31,1,139,1.0,1,58.6,5815.73,61.0,29.6,158.28571428571428,0,1,0.256,1.102,48.44
W_b5465b8ea3e6c59b,ZONE_BOM_01,2026-09-07,1,139,1.0,1,58.6,5815.73,52.9,30.0,169.57142857142858,0,1,0.2462,1.088,47.46
W_b5465b8ea3e6c59b,ZONE_BOM_01,2026-09-14,1,139,1.0,1,58.6,5815.73,23.3,30.0,162.0,0,1,0.1739,1.039,42.69
W_14b3cf65a0556b53,ZONE_BLR_01,2026-06-22,1,199,1.0,0,28.3,2965.38,16.3,30.1,135.25,0,1,0.1381,1.027,40.91
W_14b3cf65a0556b53,ZONE_BLR_01,2026-06-29,1,199,1.0,0,28.3,2965.38,20.1,29.2,153.85714285714286,1,1,0.244,1.034,45.02
W_14b3cf65a0556b53,ZONE_BLR_01,2026-07-06,1,199,1.0,0,28.3,2965.38,8.399999999999999,31.8,172.71428571428572,0,1,0.1484,1.014,40.76
W_14b3cf65a0556b53,ZONE_BLR_01,2026-07-13,1,199,1.0,0,28.3,2965.38,16.8,32.1,124.57142857142856,0,1,0.1312,1.028,40.7
W_14b3cf65a0556b53,ZONE_BLR_01,2026-07-20,1,199,1.0,0,28.3,2965.38,33.4,29.5,162.85714285714286,1,1,0.2806,1.056,47.33
W_14b3cf65a0556b53,ZONE_BLR_01,2026-07-27,1,199,1.0,0,28.3,2965.38,28.8,29.7,169.42857142857142,0,1,0.1919,1.048,43.72
W_14b3cf65a0556b53,ZONE_BLR_01,2026-08-03,1,199,1.0,0,28.3,2965.38,76.3,28.3,143.0,0,1,0.2789,1.127,50.45
W_14b3cf65a0556b53,ZONE_BLR_01,2026-08-10,1,199,1.0,0,28.3,2965.38,19.9,30.7,129.0,0,1,0.1415,1.033,41.27
W_14b3cf65a0556b53,ZONE_BLR_01,2026-08-17,1,199,1.0,0,28.3,2965.38,31.4,29.9,146.57142857142858,1,1,0.2639,1.052,46.54
W_14b3cf65a0556b53,ZONE_BLR_01,2026-08-24,1,199,1.0,0,28.3,2965.38,35.7,28.8,167.14285714285714,0,1,0.2057,1.06,44.73
W_14b3cf65a0556b53,ZONE_BLR_01,2026-08-31,1,199,1.0,0,28.3,2965.38,13.2,30.8,142.71428571428572,1,1,0.2201,1.022,43.64
W_14b3cf65a0556b53,ZONE_BLR_01,2026-09-07,1,199,1.0,0,28.3,2965.38,8.5,31.0,128.28571428571428,0,1,0.1153,1.014,39.58
W_14b3cf65a0556b53,ZONE_BLR_01,2026-09-14,1,199,1.0,0,28.3,2965.38,33.1,30.8,137.5,0,1,0.1776,1.055,43.48
W_fa42c58b8e9f42f3,ZONE_HYD_01,2026-06-22,1,252,1.0,0,26.8,2883.93,21.8,32.6,156.25,1,1,0.2496,1.036,45.31
W_fa42c58b8e9f42f3,ZONE_HYD_01,2026-06-29,1,252,1.0,0,26.8,2883.93,35.9,29.8,132.14285714285714,0,1,0.1799,1.06,43.77
W_fa42c58b8e9f42f3,ZONE_HYD_01,2026-07-06,1,252,1.0,0,26.8,2883.93,6.2,33.3,165.28571428571428,0,1,0.1379,1.01,40.22
W_fa42c58b8e9f42f3,ZONE_HYD_01,2026-07-13,1,252,1.0,0,26.8,2883.93,26.8,33.9,155.14285714285714,1,1,0.26,1.045,46.08
W_fa42c58b8e9f42f3,ZONE_HYD_01,2026-07-20,1,252,1.0,0,26.8,2883.93,38.8,30.0,132.85714285714286,0,1,0.1869,1.065,44.24
W_fa42c58b8e9f42f3,ZONE_HYD_01,2026-07-27,1,252,1.0,0,26.8,2883.93,70.5,30.6,137.0,0,1,0.2614,1.118,49.36
W_fa42c58b8e9f42f3,ZONE_HYD_01,2026-08-03,1,252,1.0,0,26.8,2883.93,20.5,30.6,136.28571428571428,0,1,0.1483,1.034,41.56
W_fa42c58b8e9f42f3,ZONE_HYD_01,2026-08-10,1,252,1.0,0,26.8,2883.93,12.6,30.8,137.42857142857142,0,1,0.1314,1.021,40.43
W_fa42c58b8e9f42f3,ZONE_HYD_01,2026-08-17,1,252,1.0,0,26.8,2883.93,18.2,31.5,148.85714285714286,1,1,0.2359,1.03,44.55
W_fa42c58b8e9f42f3,ZONE_HYD_01,2026-08-24,1,252,1.0,0,26.8,2883.93,10.4,30.4,140.14285714285714,0,1,0.1285,1.017,40.17
W_fa42c58b8e9f42f3,ZONE_HYD_01,2026-08-31,1,252,1.0,0,26.8,2883.93,8.8,32.0,159.14285714285714,0,1,0.1392,1.015,40.47
W_fa42c58b8e9f42f3,ZONE_HYD_01,2026-09-07,1,252,1.0,0,26.8,2883.93,26.3,32.2,156.57142857142858,1,1,0.2599,1.044,46.04
W_fa42c58b8e9f42f3,ZONE_HYD_01,2026-09-14,1,252,1.0,0,26.8,2883.93,12.7,33.4,147.5,0,1,0.1392,1.021,40.71
W_01624169e6774b8c,ZONE_MAA_01,2026-06-22,1,66,1.0,0,28.5,3264.66,33.7,37.6,159.25,0,1,0.1953,1.056,44.18
W_01624169e6774b8c,ZONE_MAA_01,2026-06-29,1,66,1.0,0,28.5,3264.66,11.8,38.4,123.0,0,1,0.1188,1.02,39.94
W_01624169e6774b8c,ZONE_MAA_01,2026-07-06,1,66,1.0,0,28.5,3264.66,9.3,39.2,163.28571428571428,1,1,0.2267,1.016,43.62
W_01624169e6774b8c,ZONE_MAA_01,2026-07-13,1,66,1.0,0,28.5,3264.66,11.3,38.7,141.57142857142858,0,1,0.1316,1.019,40.36
W_01624169e6774b8c,ZONE_MAA_01,2026-07-20,1,66,1.0,0,28.5,3264.66,35.6,36.4,131.57142857142858,0,1,0.1788,1.059,43.69
W_01624169e6774b8c,ZONE_MAA_01,2026-07-27,1,66,1.0,0,28.5,3264.66,26.0,37.6,145.14285714285714,0,1,0.1674,1.043,42.62
W_01624169e6774b8c,ZONE_MAA_01,2026-08-03,1,66,1.0,0,28.5,3264.66,38.5,34.8,150.71428571428572,0,1,0.1997,1.064,44.68
W_01624169e6774b8c,ZONE_MAA_01,2026-08-10,1,66,1.0,0,28.5,3264.66,15.6,35.5,153.57142857142858,1,1,0.2336,1.026,44.3
W_01624169e6774b8c,ZONE_MAA_01,2026-08-17,1,66,1.0,0,28.5,3264.66,29.4,36.3,143.71428571428572,0,1,0.1739,1.049,43.1
W_01624169e6774b8c,ZONE_MAA_01,2026-08-24,1,66,1.0,0,28.5,3264.66,15.1,36.6,144.14285714285714,1,1,0.2254,1.025,43.96
W_01624169e6774b8c,ZONE_MAA_01,2026-08-31,1,66,1.0,0,28.5,3264.66,13.1,35.6,156.85714285714286,1,1,0.2305,1.022,44.01
W_01624169e6774b8c,ZONE_MAA_01,2026-09-07,1,66,1.0,0,28.5,3264.66,23.3,35.6,136.57142857142858,0,1,0.1549,1.039,42.0
W_01624169e6774b8c,ZONE_MAA_01,2026-09-14,1,66,1.0,0,28.5,3264.66,27.4,36.0,152.75,1,1,0.2595,1.046,46.11
W_25440c2551afb2ba,ZONE_DEL_01,2026-06-22,1,46,1.2,1,50.9,4677.05,4.0,41.9,188.25,0,1,0.1502,1.007,48.65
W_25440c2551afb2ba,ZONE_DEL_01,2026-06-29,1,46,1.2,1,50.9,4677.05,20.0,41.7,157.71428571428572,0,1,0.1633,1.033,50.47
W_25440c2551afb2ba,ZONE_DEL_01,2026-07-06,1,46,1.2,1,50.9,4677.05,122.9,36.7,156.0,2,1,0.5602,1.205,78.96
W_25440c2551afb2ba,ZONE_DEL_01,2026-07-13,1,46,1.2,1,50.9,4677.05,9.8,37.4,129.42857142857142,0,1,0.1191,1.016,47.75
W_25440c2551afb2ba,ZONE_DEL_01,2026-07-20,1,46,1.2,1,50.9,4677.05,74.3,33.7,132.71428571428572,0,1,0.2667,1.124,59.8
W_25440c2551afb2ba,ZONE_DEL_01,2026-07-27,1,46,1.2,1,50.9,4677.05,51.900000000000006,35.3,172.57142857142858,0,1,0.2462,1.086,56.84
W_25440c2551afb2ba,ZONE_DEL_01,2026-08-03,1,46,1.2,1,50.9,4677.05,132.8,33.8,126.57142857142856,1,1,0.4771,1.221,75.75
W_25440c2551afb2ba,ZONE_DEL_01,2026-08-10,1,46,1.2,1,50.9,4677.05,45.8,34.4,170.42857142857142,0,1,0.2309,1.076,55.63
W_25440c2551afb2ba,ZONE_DEL_01,2026-08-17,1,46,1.2,1,50.9,4677.05,34.3,33.6,140.0,1,1,0.2655,1.057,56.18
W_25440c2551afb2ba,ZONE_DEL_01,2026-08-24,1,46,1.2,1,50.9,4677.05,24.5,34.9,168.0,0,1,0.1811,1.041,51.64
W_25440c2551afb2ba,ZONE_DEL_01,2026-08-31,1,46,1.2,1,50.9,4677.05,76.6,34.4,145.57142857142858,0,1,0.2815,1.128,60.71
W_25440c2551afb2ba,ZONE_DEL_01,2026-09-07,1,46,1.2,1,50.9,4677.05,19.1,34.4,142.0,0,1,0.1495,1.032,49.82
W_25440c2551afb2ba,ZONE_DEL_01,2026-09-14,1,46,1.2,1,50.9,4677.05,7.6,35.0,149.0,0,1,0.1288,1.013,48.03
W_a67e67df3e474a61,ZONE_HYD_01,2026-06-22,1,124,1.0,0,22.3,2348.95,21.8,32.6,156.25,1,1,0.2496,1.036,45.31
W_a67e67df3e474a61,ZONE_HYD_01,2026-06-29,1,124,1.0,0,22.3,2348.95,35.9,29.8,132.14285714285714,0,1,0.1799,1.06,43.77
W_a67e67df3e474a61,ZONE_HYD_01,2026-07-06,1,124,1.0,0,22.3,2348.95,6.2,33.3,165.28571428571428,0,1,0.1379,1.01,40.22
W_a67e67df3e474a61,ZONE_HYD_01,2026-07-13,1,124,1.0,0,22.3,2348.95,26.8,33.9,155.14285714285714,1,1,0.26,1.045,46.08
W_a67e67df3e474a61,ZONE_HYD_01,2026-07-20,1,124,1.0,0,22.3,2348.95,38.8,30.0,132.85714285714286,0,1,0.1869,1.065,44.24
W_a67e67df3e474a61,ZONE_HYD_01,2026-07-27,1,124,1.0,0,22.3,2348.95,70.5,30.6,137.0,0,1,0.2614,1.118,49.36
W_a67e67df3e474a61,ZONE_HYD_01,2026-08-03,1,124,1.0,0,22.3,2348.95,20.5,30.6,136.28571428571428,0,1,0.1483,1.034,41.56
W_a67e67df3e474a61,ZONE_HYD_01,2026-08-10,1,124,1.0,0,22.3,2348.95,12.6,30.8,137.42857142857142,0,1,0.1314,1.021,40.43
W_a67e67df3e474a61,ZONE_HYD_01,2026-08-17,1,124,1.0,0,22.3,2348.95,18.2,31.5,148.85714285714286,1,1,0.2359,1.03,44.55
W_a67e67df3e474a61,ZONE_HYD_01,2026-08-24,1,124,1.0,0,22.3,2348.95,10.4,30.4,140.14285714285714,0,1,0.1285,1.017,40.17
W_a67e67df3e474a61,ZONE_HYD_01,2026-08-31,1,124,1.0,0,22.3,2348.95,8.8,32.0,159.14285714285714,0,1,0.1392,1.015,40.47
W_a67e67df3e474a61,ZONE_HYD_01,2026-09-07,1,124,1.0,0,22.3,2348.95,26.3,32.2,156.57142857142858,1,1,0.2599,1.044,46.04
W_a67e67df3e474a61,ZONE_HYD_01,2026-09-14,1,124,1.0,0,22.3,2348.95,12.7,33.4,147.5,0,1,0.1392,1.021,40.71
W_74c5dc4729a717f3,ZONE_BLR_01,2026-06-22,1,171,1.0,0,24.7,2688.46,16.3,30.1,135.25,0,1,0.1381,1.027,40.91
W_74c5dc4729a717f3,ZONE_BLR_01,2026-06-29,1,171,1.0,0,24.7,2688.46,20.1,29.2,153.85714285714286,1,1,0.244,1.034,45.02
W_74c5dc4729a717f3,ZONE_BLR_01,2026-07-06,1,171,1.0,0,24.7,2688.46,8.399999999999999,31.8,172.71428571428572,0,1,0.1484,1.014,40.76
W_74c5dc4729a717f3,ZONE_BLR_01,2026-07-13,1,171,1.0,0,24.7,2688.46,16.8,32.1,124.57142857142856,0,1,0.1312,1.028,40.7
W_74c5dc4729a717f3,ZONE_BLR_01,2026-07-20,1,171,1.0,0,24.7,2688.46,33.4,29.5,162.85714285714286,1,1,0.2806,1.056,47.33
W_74c5dc4729a717f3,ZONE_BLR_01,2026-07-27,1,171,1.0,0,24.7,2688.46,28.8,29.7,169.42857142857142,0,1,0.1919,1.048,43.72
W_74c5dc4729a717f3,ZONE_BLR_01,2026-08-03,1,171,1.0,0,24.7,2688.46,76.3,28.3,143.0,0,1,0.2789,1.127,50.45
W_74c5dc4729a717f3,ZONE_BLR_01,2026-08-10,1,171,1.0,0,24.7,2688.46,19.9,30.7,129.0,0,1,0.1415,1.033,41.27
W_74c5dc4729a717f3,ZONE_BLR_01,2026-08-17,1,171,1.0,0,24.7,2688.46,31.4,29.9,146.57142857142858,1,1,0.2639,1.052,46.54
W_74c5dc4729a717f3,ZONE_BLR_01,2026-08-24,1,171,1.0,0,24.7,2688.46,35.7,28.8,167.14285714285714,0,1,0.2057,1.06,44.73
W_74c5dc4729a717f3,ZONE_BLR_01,2026-08-31,1,171,1.0,0,24.7,2688.46,13.2,30.8,142.71428571428572,1,1,0.2201,1.022,43.64
W_74c5dc4729a717f3,ZONE_BLR_01,2026-09-07,1,171,1.0,0,24.7,2688.46,8.5,31.0,128.28571428571428,0,1,0.1153,1.014,39.58
W_74c5dc4729a717f3,ZONE_BLR_01,2026-09-14,1,171,1.0,0,24.7,2688.46,33.1,30.8,137.5,0,1,0.1776,1.055,43.48
W_4122300498fcabb0,ZONE_BLR_01,2026-06-22,1,22,1.0,1,45.9,4691.66,16.3,30.1,135.25,0,1,0.1381,1.027,40.91
W_4122300498fcabb0,ZONE_BLR_01,2026-06-29,1,22,1.0,1,45.9,4691.66,20.1,29.2,153.85714285714286,1,1,0.244,1.034,45.02
W_4122300498fcabb0,ZONE_BLR_01,2026-07-06,1,22,1.0,1,45.9,4691.66,8.399999999999999,31.8,172.71428571428572,0,1,0.1484,1.014,40.76
W_4122300498fcabb0,ZONE_BLR_01,2026-07-13,1,22,1.0,1,45.9,4691.66,16.8,32.1,124.57142857142856,0,1,0.1312,1.028,40.7
W_4122300498fcabb0,ZONE_BLR_01,2026-07-20,1,22,1.0,1,45.9,4691.66,33.4,29.5,162.85714285714286,1,1,0.2806,1.056,47.33
W_4122300498fcabb0,ZONE_BLR_01,2026-07-27,1,22,1.0,1,45.9,4691.66,28.8,29.7,169.42857142857142,0,1,0.1919,1.048,43.72
W_4122300498fcabb0,ZONE_BLR_01,2026-08-03,1,22,1.0,1,45.9,4691.66,76.3,28.3,143.0,0,1,0.2789,1.127,50.45
W_4122300498fcabb0,ZONE_BLR_01,2026-08-10,1,22,1.0,1,45.9,4691.66,19.9,30.7,129.0,0,1,0.1415,1.033,41.27
W_4122300498fcabb0,ZONE_BLR_01,2026-08-17,1,22,1.0,1,45.9,4691.66,31.4,29.9,146.57142857142858,1,1,0.2639,1.052,46.54
W_4122300498fcabb0,ZONE_BLR_01,2026-08-24,1,22,1.0,1,45.9,4691.66,35.7,28.8,167.14285714285714,0,1,0.2057,1.06,44.73
W_4122300498fcabb0,ZONE_BLR_01,2026-08-31,1,22,1.0,1,45.9,4691.66,13.2,30.8,142.71428571428572,1,1,0.2201,1.022,43.64
W_4122300498fcabb0,ZONE_BLR_01,2026-09-07,1,22,1.0,1,45.9,4691.66,8.5,31.0,128.28571428571428,0,1,0.1153,1.014,39.58
W_4122300498fcabb0,ZONE_BLR_01,2026-09-14,1,22,1.0,1,45.9,4691.66,33.1,30.8,137.5,0,1,0.1776,1.055,43.48
W_4caaa9b9adefcce3,ZONE_DEL_01,2026-06-22,1,165,1.0,1,53.1,5304.19,4.0,41.9,188.25,0,1,0.1502,1.007,40.54
W_4caaa9b9adefcce3,ZONE_DEL_01,2026-06-29,1,165,1.0,1,53.1,5304.19,20.0,41.7,157.71428571428572,0,1,0.1633,1.033,42.06
W_4caaa9b9adefcce3,ZONE_DEL_01,2026-07-06,1,165,1.0,1,53.1,5304.19,122.9,36.7,156.0,2,1,0.5602,1.205,65.8
W_4caaa9b9adefcce3,ZONE_DEL_01,2026-07-13,1,165,1.0,1,53.1,5304.19,9.8,37.4,129.42857142857142,0,1,0.1191,1.016,39.8
W_4caaa9b9adefcce3,ZONE_DEL_01,2026-07-20,1,165,1.0,1,53.1,5304.19,74.3,33.7,132.71428571428572,0,1,0.2667,1.124,49.83
W_4caaa9b9adefcce3,ZONE_DEL_01,2026-07-27,1,165,1.0,1,53.1,5304.19,51.900000000000006,35.3,172.57142857142858,0,1,0.2462,1.086,47.37
W_4caaa9b9adefcce3,ZONE_DEL_01,2026-08-03,1,165,1.0,1,53.1,5304.19,132.8,33.8,126.57142857142856,1,1,0.4771,1.221,63.12
W_4caaa9b9adefcce3,ZONE_DEL_01,2026-08-10,1,165,1.0,1,53.1,5304.19,45.8,34.4,170.42857142857142,0,1,0.2309,1.076,46.36
W_4caaa9b9adefcce3,ZONE_DEL_01,2026-08-17,1,165,1.0,1,53.1,5304.19,34.3,33.6,140.0,1,1,0.2655,1.057,46.82
W_4caaa9b9adefcce3,ZONE_DEL_01,2026-08-24,1,165,1.0,1,53.1,5304.19,24.5,34.9,168.0,0,1,0.1811,1.041,43.03
W_4caaa9b9adefcce3,ZONE_DEL_01,2026-08-31,1,165,1.0,1,53.1,5304.19,76.6,34.4,145.57142857142858,0,1,0.2815,1.128,50.59
W_4caaa9b9adefcce3,ZONE_DEL_01,2026-09-07,1,165,1.0,1,53.1,5304.19,19.1,34.4,142.0,0,1,0.1495,1.032,41.52
W_4caaa9b9adefcce3,ZONE_DEL_01,2026-09-14,1,165,1.0,1,53.1,5304.19,7.6,35.0,149.0,0,1,0.1288,1.013,40.02
W_288eecdb59811787,ZONE_MAA_01,2026-06-22,1,84,1.0,0,28.2,3031.65,33.7,37.6,159.25,0,1,0.1953,1.056,44.18
W_288eecdb59811787,ZONE_MAA_01,2026-06-29,1,84,1.0,0,28.2,3031.65,11.8,38.4,123.0,0,1,0.1188,1.02,39.94
W_288eecdb59811787,ZONE_MAA_01,2026-07-06,1,84,1.0,0,28.2,3031.65,9.3,39.2,163.28571428571428,1,1,0.2267,1.016,43.62
W_288eecdb59811787,ZONE_MAA_01,2026-07-13,1,84,1.0,0,28.2,3031.65,11.3,38.7,141.57142857142858,0,1,0.1316,1.019,40.36
W_288eecdb59811787,ZONE_MAA_01,2026-07-20,1,84,1.0,0,28.2,3031.65,35.6,36.4,131.57142857142858,0,1,0.1788,1.059,43.69
W_288eecdb59811787,ZONE_MAA_01,2026-07-27,1,84,1.0,0,28.2,3031.65,26.0,37.6,145.14285714285714,0,1,0.1674,1.043,42.62
W_288eecdb59811787,ZONE_MAA_01,2026-08-03,1,84,1.0,0,28.2,3031.65,38.5,34.8,150.71428571428572,0,1,0.1997,1.064,44.68
W_288eecdb59811787,ZONE_MAA_01,2026-08-10,1,84,1.0,0,28.2,3031.65,15.6,35.5,153.57142857142858,1,1,0.2336,1.026,44.3
W_288eecdb59811787,ZONE_MAA_01,2026-08-17,1,84,1.0,0,28.2,3031.65,29.4,36.3,143.71428571428572,0,1,0.1739,1.049,43.1
W_288eecdb59811787,ZONE_MAA_01,2026-08-24,1,84,1.0,0,28.2,3031.65,15.1,36.6,144.14285714285714,1,1,0.2254,1.025,43.96
W_288eecdb59811787,ZONE_MAA_01,2026-08-31,1,84,1.0,0,28.2,3031.65,13.1,35.6,156.85714285714286,1,1,0.2305,1.022,44.01
W_288eecdb59811787,ZONE_MAA_01,2026-09-07,1,84,1.0,0,28.2,3031.65,23.3,35.6,136.57142857142858,0,1,0.1549,1.039,42.0
W_288eecdb59811787,ZONE_MAA_01,2026-09-14,1,84,1.0,0,28.2,3031.65,27.4,36.0,152.75,1,1,0.2595,1.046,46.11
W_30c19def9adcb74f,ZONE_BLR_01,2026-06-22,1,73,1.05,1,58.6,6248.3,16.3,30.1,135.25,0,1,0.1381,1.027,42.95
W_30c19def9adcb74f,ZONE_BLR_01,2026-06-29,1,73,1.05,1,58.6,6248.3,20.1,29.2,153.85714285714286,1,1,0.244,1.034,47.27
W_30c19def9adcb74f,ZONE_BLR_01,2026-07-06,1,73,1.05,1,58.6,6248.3,8.399999999999999,31.8,172.71428571428572,0,1,0.1484,1.014,42.79
W_30c19def9adcb74f,ZONE_BLR_01,2026-07-13,1,73,1.05,1,58.6,6248.3,16.8,32.1,124.57142857142856,0,1,0.1312,1.028,42.74
W_30c19def9adcb74f,ZONE_BLR_01,2026-07-20,1,73,1.05,1,58.6,6248.3,33.4,29.5,162.85714285714286,1,1,0.2806,1.056,49.7
W_30c19def9adcb74f,ZONE_BLR_01,2026-07-27,1,73,1.05,1,58.6,6248.3,28.8,29.7,169.42857142857142,0,1,0.1919,1.048,45.9
W_30c19def9adcb74f,ZONE_BLR_01,2026-08-03,1,73,1.05,1,58.6,6248.3,76.3,28.3,143.0,0,1,0.2789,1.127,52.97
W_30c19def9adcb74f,ZONE_BLR_01,2026-08-10,1,73,1.05,1,58.6,6248.3,19.9,30.7,129.0,0,1,0.1415,1.033,43.33
W_30c19def9adcb74f,ZONE_BLR_01,2026-08-17,1,73,1.05,1,58.6,6248.3,31.4,29.9,146.57142857142858,1,1,0.2639,1.052,48.86
W_30c19def9adcb74f,ZONE_BLR_01,2026-08-24,1,73,1.05,1,58.6,6248.3,35.7,28.8,167.14285714285714,0,1,0.2057,1.06,46.97
W_30c19def9adcb74f,ZONE_BLR_01,2026-08-31,1,73,1.05,1,58.6,6248.3,13.2,30.8,142.71428571428572,1,1,0.2201,1.022,45.83
W_30c19def9adcb74f,ZONE_BLR_01,2026-09-07,1,73,1.05,1,58.6,6248.3,8.5,31.0,128.28571428571428,0,1,0.1153,1.014,41.56
W_30c19def9adcb74f,ZONE_BLR_01,2026-09-14,1,73,1.05,1,58.6,6248.3,33.1,30.8,137.5,0,1,0.1776,1.055,45.66
W_2ab23fbe3087d5c4,ZONE_BOM_01,2026-06-22,1,556,1.0,0,21.7,2439.22,24.8,31.1,184.0,0,1,0.1938,1.041,43.5
W_2ab23fbe3087d5c4,ZONE_BOM_01,2026-06-29,1,556,1.0,0,21.7,2439.22,493.0,28.6,147.0,6,1,1.0,1.822,79.0
W_2ab23fbe3087d5c4,ZONE_BOM_01,2026-07-06,1,556,1.0,0,21.7,2439.22,235.5,30.2,143.85714285714286,2,1,0.8044,1.392,79.0
W_2ab23fbe3087d5c4,ZONE_BOM_01,2026-07-13,1,556,1.0,0,21.7,2439.22,92.5,30.6,156.42857142857142,1,1,0.4088,1.154,56.9
W_2ab23fbe3087d5c4,ZONE_BOM_01,2026-07-20,1,556,1.0,0,21.7,2439.22,354.8,29.6,158.42857142857142,4,1,1.0,1.591,79.0
W_2ab23fbe3087d5c4,ZONE_BOM_01,2026-07-27,1,556,1.0,0,21.7,2439.22,120.9,29.6,151.42857142857142,0,1,0.3856,1.202,58.29
W_2ab23fbe3087d5c4,ZONE_BOM_01,2026-08-03,1,556,1.0,0,21.7,2439.22,76.8,29.7,139.0,0,1,0.277,1.128,50.42
W_2ab23fbe3087d5c4,ZONE_BOM_01,2026-08-10,1,556,1.0,0,21.7,2439.22,96.6,29.7,142.57142857142858,0,1,0.3243,1.161,53.81
W_2ab23fbe3087d5c4,ZONE_BOM_01,2026-08-17,1,556,1.0,0,21.7,2439.22,61.0,29.7,146.28571428571428,1,1,0.3303,1.102,51.31
W_2ab23fbe3087d5c4,ZONE_BOM_01,2026-08-24,1,556,1.0,0,21.7,2439.22,36.4,29.6,134.0,1,1,0.2657,1.061,47.0
W_2ab23fbe3087d5c4,ZONE_BOM_01,2026-08-31,1,556,1.0,0,21.7,2439.22,61.0,29.6,158.28571428571428,0,1,0.256,1.102,48.44
W_2ab23fbe3087d5c4,ZONE_BOM_01,2026-09-07,1,556,1.0,0,21.7,2439.22,52.9,30.0,169.57142857142858,0,1,0.2462,1.088,47.46
W_2ab23fbe3087d5c4,ZONE_BOM_01,2026-09-14,1,556,1.0,0,21.7,2439.22,23.3,30.0,162.0,0,1,0.1739,1.039,42.69
W_debaf724a7b4b70e,ZONE_BOM_01,2026-06-22,1,184,1.0,1,54.2,5666.94,24.8,31.1,184.0,0,1,0.1938,1.041,43.5
W_debaf724a7b4b70e,ZONE_BOM_01,2026-06-29,1,184,1.0,1,54.2,5666.94,493.0,28.6,147.0,6,1,1.0,1.822,79.0
W_debaf724a7b4b70e,ZONE_BOM_01,2026-07-06,1,184,1.0,1,54.2,5666.94,235.5,30.2,143.85714285714286,2,1,0.8044,1.392,79.0
W_debaf724a7b4b70e,ZONE_BOM_01,2026-07-13,1,184,1.0,1,54.2,5666.94,92.5,30.6,156.42857142857142,1,1,0.4088,1.154,56.9
W_debaf724a7b4b70e,ZONE_BOM_01,2026-07-20,1,184,1.0,1,54.2,5666.94,354.8,29.6,158.42857142857142,4,1,1.0,1.591,79.0
W_debaf724a7b4b70e,ZONE_BOM_01,2026-07-27,1,184,1.0,1,54.2,5666.94,120.9,29.6,151.42857142857142,0,1,0.3856,1.202,58.29
W_debaf724a7b4b70e,ZONE_BOM_01,2026-08-03,1,184,1.0,1,54.2,5666.94,76.8,29.7,139.0,0,1,0.277,1.128,50.42
W_debaf724a7b4b70e,ZONE_BOM_01,2026-08-10,1,184,1.0,1,54.2,5666.94,96.6,29.7,142.57142857142858,0,1,0.3243,1.161,53.81
W_debaf724a7b4b70e,ZONE_BOM_01,2026-08-17,1,184,1.0,1,54.2,5666.94,61.0,29.7,146.28571428571428,1,1,0.3303,1.102,51.31
W_debaf724a7b4b70e,ZONE_BOM_01,2026-08-24,1,184,1.0,1,54.2,5666.94,36.4,29.6,134.0,1,1,0.2657,1.061,47.0
W_debaf724a7b4b70e,ZONE_BOM_01,2026-08-31,1,184,1.0,1,54.2,5666.94,61.0,29.6,158.28571428571428,0,1,0.256,1.102,48.44
W_debaf724a7b4b70e,ZONE_BOM_01,2026-09-07,1,184,1.0,1,54.2,5666.94,52.9,30.0,169.57142857142858,0,1,0.2462,1.088,47.46
W_debaf724a7b4b70e,ZONE_BOM_01,2026-09-14,1,184,1.0,1,54.2,5666.94,23.3,30.0,162.0,0,1,0.1739,1.039,42.69
W_f3201ecf78f39792,ZONE_DEL_01,2026-06-22,1,304,1.05,1,50.4,5019.97,4.0,41.9,188.25,0,1,0.1502,1.007,42.57
W_f3201ecf78f39792,ZONE_DEL_01,2026-06-29,1,304,1.05,1,50.4,5019.97,20.0,41.7,157.71428571428572,0,1,0.1633,1.033,44.16
W_f3201ecf78f39792,ZONE_DEL_01,2026-07-06,1,304,1.05,1,50.4,5019.97,122.9,36.7,156.0,2,1,0.5602,1.205,69.09
W_f3201ecf78f39792,ZONE_DEL_01,2026-07-13,1,304,1.05,1,50.4,5019.97,9.8,37.4,129.42857142857142,0,1,0.1191,1.016,41.78
W_f3201ecf78f39792,ZONE_DEL_01,2026-07-20,1,304,1.05,1,50.4,5019.97,74.3,33.7,132.71428571428572,0,1,0.2667,1.124,52.32
W_f3201ecf78f39792,ZONE_DEL_01,2026-07-27,1,304,1.05,1,50.4,5019.97,51.900000000000006,35.3,172.57142857142858,0,1,0.2462,1.086,49.74
W_f3201ecf78f39792,ZONE_DEL_01,2026-08-03,1,304,1.05,1,50.4,5019.97,132.8,33.8,126.57142857142856,1,1,0.4771,1.221,66.28
W_f3201ecf78f39792,ZONE_DEL_01,2026-08-10,1,304,1.05,1,50.4,5019.97,45.8,34.4,170.42857142857142,0,1,0.2309,1.076,48.67
W_f3201ecf78f39792,ZONE_DEL_01,2026-08-17,1,304,1.05,1,50.4,5019.97,34.3,33.6,140.0,1,1,0.2655,1.057,49.16
W_f3201ecf78f39792,ZONE_DEL_01,2026-08-24,1,304,1.05,1,50.4,5019.97,24.5,34.9,168.0,0,1,0.1811,1.041,45.19
W_f3201ecf78f39792,ZONE_DEL_01,2026-08-31,1,304,1.05,1,50.4,5019.97,76.6,34.4,145.57142857142858,0,1,0.2815,1.128,53.12
W_f3201ecf78f39792,ZONE_DEL_01,2026-09-07,1,304,1.05,1,50.4,5019.97,19.1,34.4,142.0,0,1,0.1495,1.032,43.6
W_f3201ecf78f39792,ZONE_DEL_01,2026-09-14,1,304,1.05,1,50.4,5019.97,7.6,35.0,149.0,0,1,0.1288,1.013,42.02
W_df7d87fe5dbc220a,ZONE_DEL_01,2026-06-22,1,155,1.0,0,18.9,2172.51,4.0,41.9,188.25,0,1,0.1502,1.007,40.54
W_df7d87fe5dbc220a,ZONE_DEL_01,2026-06-29,1,155,1.0,0,18.9,2172.51,20.0,41.7,157.71428571428572,0,1,0.1633,1.033,42.06
W_df7d87fe5dbc220a,ZONE_DEL_01,2026-07-06,1,155,1.0,0,18.9,2172.51,122.9,36.7,156.0,2,1,0.5602,1.205,65.8
W_df7d87fe5dbc220a,ZONE_DEL_01,2026-07-13,1,155,1.0,0,18.9,2172.51,9.8,37.4,129.42857142857142,0,1,0.1191,1.016,39.8
W_df7d87fe5dbc220a,ZONE_DEL_01,2026-07-20,1,155,1.0,0,18.9,2172.51,74.3,33.7,132.71428571428572,0,1,0.2667,1.124,49.83
W_df7d87fe5dbc220a,ZONE_DEL_01,2026-07-27,1,155,1.0,0,18.9,2172.51,51.900000000000006,35.3,172.57142857142858,0,1,0.2462,1.086,47.37
W_df7d87fe5dbc220a,ZONE_DEL_01,2026-08-03,1,155,1.0,0,18.9,2172.51,132.8,33.8,126.57142857142856,1,1,0.4771,1.221,63.12
W_df7d87fe5dbc220a,ZONE_DEL_01,2026-08-10,1,155,1.0,0,18.9,2172.51,45.8,34.4,170.42857142857142,0,1,0.2309,1.076,46.36
W_df7d87fe5dbc220a,ZONE_DEL_01,2026-08-17,1,155,1.0,0,18.9,2172.51,34.3,33.6,140.0,1,1,0.2655,1.057,46.82
W_df7d87fe5dbc220a,ZONE_DEL_01,2026-08-24,1,155,1.0,0,18.9,2172.51,24.5,34.9,168.0,0,1,0.1811,1.041,43.03
W_df7d87fe5dbc220a,ZONE_DEL_01,2026-08-31,1,155,1.0,0,18.9,2172.51,76.6,34.4,145.57142857142858,0,1,0.2815,1.128,50.59
W_df7d87fe5dbc220a,ZONE_DEL_01,2026-09-07,1,155,1.0,0,18.9,2172.51,19.1,34.4,142.0,0,1,0.1495,1.032,41.52
W_df7d87fe5dbc220a,ZONE_DEL_01,2026-09-14,1,155,1.0,0,18.9,2172.51,7.6,35.0,149.0,0,1,0.1288,1.013,40.02
W_a5b732a3ca5b34b8,ZONE_BLR_01,2026-06-22,1,61,1.05,1,55.0,5631.01,16.3,30.1,135.25,0,1,0.1381,1.027,42.95
W_a5b732a3ca5b34b8,ZONE_BLR_01,2026-06-29,1,61,1.05,1,55.0,5631.01,20.1,29.2,153.85714285714286,1,1,0.244,1.034,47.27
W_a5b732a3ca5b34b8,ZONE_BLR_01,2026-07-06,1,61,1.05,1,55.0,5631.01,8.399999999999999,31.8,172.71428571428572,0,1,0.1484,1.014,42.79
W_a5b732a3ca5b34b8,ZONE_BLR_01,2026-07-13,1,61,1.05,1,55.0,5631.01,16.8,32.1,124.57142857142856,0,1,0.1312,1.028,42.74
W_a5b732a3ca5b34b8,ZONE_BLR_01,2026-07-20,1,61,1.05,1,55.0,5631.01,33.4,29.5,162.85714285714286,1,1,0.2806,1.056,49.7
W_a5b732a3ca5b34b8,ZONE_BLR_01,2026-07-27,1,61,1.05,1,55.0,5631.01,28.8,29.7,169.42857142857142,0,1,0.1919,1.048,45.9
W_a5b732a3ca5b34b8,ZONE_BLR_01,2026-08-03,1,61,1.05,1,55.0,5631.01,76.3,28.3,143.0,0,1,0.2789,1.127,52.97
W_a5b732a3ca5b34b8,ZONE_BLR_01,2026-08-10,1,61,1.05,1,55.0,5631.01,19.9,30.7,129.0,0,1,0.1415,1.033,43.33
W_a5b732a3ca5b34b8,ZONE_BLR_01,2026-08-17,1,61,1.05,1,55.0,5631.01,31.4,29.9,146.57142857142858,1,1,0.2639,1.052,48.86
W_a5b732a3ca5b34b8,ZONE_BLR_01,2026-08-24,1,61,1.05,1,55.0,5631.01,35.7,28.8,167.14285714285714,0,1,0.2057,1.06,46.97
W_a5b732a3ca5b34b8,ZONE_BLR_01,2026-08-31,1,61,1.05,1,55.0,5631.01,13.2,30.8,142.71428571428572,1,1,0.2201,1.022,45.83
W_a5b732a3ca5b34b8,ZONE_BLR_01,2026-09-07,1,61,1.05,1,55.0,5631.01,8.5,31.0,128.28571428571428,0,1,0.1153,1.014,41.56
W_a5b732a3ca5b34b8,ZONE_BLR_01,2026-09-14,1,61,1.05,1,55.0,5631.01,33.1,30.8,137.5,0,1,0.1776,1.055,45.66
W_f498084b6dd51eef,ZONE_DEL_01,2026-06-22,1,24,1.0,1,48.9,5142.26,4.0,41.9,188.25,0,1,0.1502,1.007,40.54
W_f498084b6dd51eef,ZONE_DEL_01,2026-06-29,1,24,1.0,1,48.9,5142.26,20.0,41.7,157.71428571428572,0,1,0.1633,1.033,42.06
W_f498084b6dd51eef,ZONE_DEL_01,2026-07-06,1,24,1.0,1,48.9,5142.26,122.9,36.7,156.0,2,1,0.5602,1.205,65.8
W_f498084b6dd51eef,ZONE_DEL_01,2026-07-13,1,24,1.0,1,48.9,5142.26,9.8,37.4,129.42857142857142,0,1,0.1191,1.016,39.8
W_f498084b6dd51eef,ZONE_DEL_01,2026-07-20,1,24,1.0,1,48.9,5142.26,74.3,33.7,132.71428571428572,0,1,0.2667,1.124,49.83
W_f498084b6dd51eef,ZONE_DEL_01,2026-07-27,1,24,1.0,1,48.9,5142.26,51.900000000000006,35.3,172.57142857142858,0,1,0.2462,1.086,47.37
W_f498084b6dd51eef,ZONE_DEL_01,2026-08-03,1,24,1.0,1,48.9,5142.26,132.8,33.8,126.57142857142856,1,1,0.4771,1.221,63.12
W_f498084b6dd51eef,ZONE_DEL_01,2026-08-10,1,24,1.0,1,48.9,5142.26,45.8,34.4,170.42857142857142,0,1,0.2309,1.076,46.36
W_f498084b6dd51eef,ZONE_DEL_01,2026-08-17,1,24,1.0,1,48.9,5142.26,34.3,33.6,140.0,1,1,0.2655,1.057,46.82
W_f498084b6dd51eef,ZONE_DEL_01,2026-08-24,1,24,1.0,1,48.9,5142.26,24.5,34.9,168.0,0,1,0.1811,1.041,43.03
W_f498084b6dd51eef,ZONE_DEL_01,2026-08-31,1,24,1.0,1,48.9,5142.26,76.6,34.4,145.57142857142858,0,1,0.2815,1.128,50.59
W_f498084b6dd51eef,ZONE_DEL_01,2026-09-07,1,24,1.0,1,48.9,5142.26,19.1,34.4,142.0,0,1,0.1495,1.032,41.52
W_f498084b6dd51eef,ZONE_DEL_01,2026-09-14,1,24,1.0,1,48.9,5142.26,7.6,35.0,149.0,0,1,0.1288,1.013,40.02
W_0da839274534be02,ZONE_BOM_01,2026-06-22,1,160,1.05,1,37.0,3487.66,24.8,31.1,184.0,0,1,0.1938,1.041,45.67
W_0da839274534be02,ZONE_BOM_01,2026-06-29,1,160,1.05,1,37.0,3487.66,493.0,28.6,147.0,6,1,1.0,1.822,79.0
W_0da839274534be02,ZONE_BOM_01,2026-07-06,1,160,1.05,1,37.0,3487.66,235.5,30.2,143.85714285714286,2,1,0.8044,1.392,79.0
W_0da839274534be02,ZONE_BOM_01,2026-07-13,1,160,1.05,1,37.0,3487.66,92.5,30.6,156.42857142857142,1,1,0.4088,1.154,59.75
W_0da839274534be02,ZONE_BOM_01,2026-07-20,1,160,1.05,1,37.0,3487.66,354.8,29.6,158.42857142857142,4,1,1.0,1.591,79.0
W_0da839274534be02,ZONE_BOM_01,2026-07-27,1,160,1.05,1,37.0,3487.66,120.9,29.6,151.42857142857142,0,1,0.3856,1.202,61.21
W_0da839274534be02,ZONE_BOM_01,2026-08-03,1,160,1.05,1,37.0,3487.66,76.8,29.7,139.0,0,1,0.277,1.128,52.94
W_0da839274534be02,ZONE_BOM_01,2026-08-10,1,160,1.05,1,37.0,3487.66,96.6,29.7,142.57142857142858,0,1,0.3243,1.161,56.5
W_0da839274534be02,ZONE_BOM_01,2026-08-17,1,160,1.05,1,37.0,3487.66,61.0,29.7,146.28571428571428,1,1,0.3303,1.102,53.88
W_0da839274534be02,ZONE_BOM_01,2026-08-24,1,160,1.05,1,37.0,3487.66,36.4,29.6,134.0,1,1,0.2657,1.061,49.35
W_0da839274534be02,ZONE_BOM_01,2026-08-31,1,160,1.05,1,37.0,3487.66,61.0,29.6,158.28571428571428,0,1,0.256,1.102,50.87
W_0da839274534be02,ZONE_BOM_01,2026-09-07,1,160,1.05,1,37.0,3487.66,52.9,30.0,169.57142857142858,0,1,0.2462,1.088,49.83
W_0da839274534be02,ZONE_BOM_01,2026-09-14,1,160,1.05,1,37.0,3487.66,23.3,30.0,162.0,0,1,0.1739,1.039,44.82
W_5155baf7916a96d6,ZONE_HYD_01,2026-06-22,1,148,1.05,1,55.7,6047.52,21.8,32.6,156.25,1,1,0.2496,1.036,47.58
W_5155baf7916a96d6,ZONE_HYD_01,2026-06-29,1,148,1.05,1,55.7,6047.52,35.9,29.8,132.14285714285714,0,1,0.1799,1.06,45.96
W_5155baf7916a96d6,ZONE_HYD_01,2026-07-06,1,148,1.05,1,55.7,6047.52,6.2,33.3,165.28571428571428,0,1,0.1379,1.01,42.24
W_5155baf7916a96d6,ZONE_HYD_01,2026-07-13,1,148,1.05,1,55.7,6047.52,26.8,33.9,155.14285714285714,1,1,0.26,1.045,48.39
W_5155baf7916a96d6,ZONE_HYD_01,2026-07-20,1,148,1.05,1,55.7,6047.52,38.8,30.0,132.85714285714286,0,1,0.1869,1.065,46.45
W_5155baf7916a96d6,ZONE_HYD_01,2026-07-27,1,148,1.05,1,55.7,6047.52,70.5,30.6,137.0,0,1,0.2614,1.118,51.83
W_5155baf7916a96d6,ZONE_HYD_01,2026-08-03,1,148,1.05,1,55.7,6047.52,20.5,30.6,136.28571428571428,0,1,0.1483,1.034,43.63
W_5155baf7916a96d6,ZONE_HYD_01,2026-08-10,1,148,1.05,1,55.7,6047.52,12.6,30.8,137.42857142857142,0,1,0.1314,1.021,42.45
W_5155baf7916a96d6,ZONE_HYD_01,2026-08-17,1,148,1.05,1,55.7,6047.52,18.2,31.5,148.85714285714286,1,1,0.2359,1.03,46.78
W_5155baf7916a96d6,ZONE_HYD_01,2026-08-24,1,148,1.05,1,55.7,6047.52,10.4,30.4,140.14285714285714,0,1,0.1285,1.017,42.18
W_5155baf7916a96d6,ZONE_HYD_01,2026-08-31,1,148,1.05,1,55.7,6047.52,8.8,32.0,159.14285714285714,0,1,0.1392,1.015,42.49
W_5155baf7916a96d6,ZONE_HYD_01,2026-09-07,1,148,1.05,1,55.7,6047.52,26.3,32.2,156.57142857142858,1,1,0.2599,1.044,48.34
W_5155baf7916a96d6,ZONE_HYD_01,2026-09-14,1,148,1.05,1,55.7,6047.52,12.7,33.4,147.5,0,1,0.1392,1.021,42.74
W_6c840b2074eb7f1e,ZONE_BLR_01,2026-06-22,1,94,1.05,1,48.6,4755.62,16.3,30.1,135.25,0,1,0.1381,1.027,42.95
W_6c840b2074eb7f1e,ZONE_BLR_01,2026-06-29,1,94,1.05,1,48.6,4755.62,20.1,29.2,153.85714285714286,1,1,0.244,1.034,47.27
W_6c840b2074eb7f1e,ZONE_BLR_01,2026-07-06,1,94,1.05,1,48.6,4755.62,8.399999999999999,31.8,172.71428571428572,0,1,0.1484,1.014,42.79
W_6c840b2074eb7f1e,ZONE_BLR_01,2026-07-13,1,94,1.05,1,48.6,4755.62,16.8,32.1,124.57142857142856,0,1,0.1312,1.028,42.74
W_6c840b2074eb7f1e,ZONE_BLR_01,2026-07-20,1,94,1.05,1,48.6,4755.62,33.4,29.5,162.85714285714286,1,1,0.2806,1.056,49.7
W_6c840b2074eb7f1e,ZONE_BLR_01,2026-07-27,1,94,1.05,1,48.6,4755.62,28.8,29.7,169.42857142857142,0,1,0.1919,1.048,45.9
W_6c840b2074eb7f1e,ZONE_BLR_01,2026-08-03,1,94,1.05,1,48.6,4755.62,76.3,28.3,143.0,0,1,0.2789,1.127,52.97
W_6c840b2074eb7f1e,ZONE_BLR_01,2026-08-10,1,94,1.05,1,48.6,4755.62,19.9,30.7,129.0,0,1,0.1415,1.033,43.33
W_6c840b2074eb7f1e,ZONE_BLR_01,2026-08-17,1,94,1.05,1,48.6,4755.62,31.4,29.9,146.57142857142858,1,1,0.2639,1.052,48.86
W_6c840b2074eb7f1e,ZONE_BLR_01,2026-08-24,1,94,1.05,1,48.6,4755.62,35.7,28.8,167.14285714285714,0,1,0.2057,1.06,46.97
W_6c840b2074eb7f1e,ZONE_BLR_01,2026-08-31,1,94,1.05,1,48.6,4755.62,13.2,30.8,142.71428571428572,1,1,0.2201,1.022,45.83
W_6c840b2074eb7f1e,ZONE_BLR_01,2026-09-07,1,94,1.05,1,48.6,4755.62,8.5,31.0,128.28571428571428,0,1,0.1153,1.014,41.56
W_6c840b2074eb7f1e,ZONE_BLR_01,2026-09-14,1,94,1.05,1,48.6,4755.62,33.1,30.8,137.5,0,1,0.1776,1.055,45.66
W_8ca9d997fc2e6f36,ZONE_BOM_01,2026-06-22,1,25,1.0,1,57.8,5863.4,24.8,31.1,184.0,0,1,0.1938,1.041,43.5
W_8ca9d997fc2e6f36,ZONE_BOM_01,2026-06-29,1,25,1.0,1,57.8,5863.4,493.0,28.6,147.0,6,1,1.0,1.822,79.0
W_8ca9d997fc2e6f36,ZONE_BOM_01,2026-07-06,1,25,1.0,1,57.8,5863.4,235.5,30.2,143.85714285714286,2,1,0.8044,1.392,79.0
W_8ca9d997fc2e6f36,ZONE_BOM_01,2026-07-13,1,25,1.0,1,57.8,5863.4,92.5,30.6,156.42857142857142,1,1,0.4088,1.154,56.9
W_8ca9d997fc2e6f36,ZONE_BOM_01,2026-07-20,1,25,1.0,1,57.8,5863.4,354.8,29.6,158.42857142857142,4,1,1.0,1.591,79.0
W_8ca9d997fc2e6f36,ZONE_BOM_01,2026-07-27,1,25,1.0,1,57.8,5863.4,120.9,29.6,151.42857142857142,0,1,0.3856,1.202,58.29
W_8ca9d997fc2e6f36,ZONE_BOM_01,2026-08-03,1,25,1.0,1,57.8,5863.4,76.8,29.7,139.0,0,1,0.277,1.128,50.42
W_8ca9d997fc2e6f36,ZONE_BOM_01,2026-08-10,1,25,1.0,1,57.8,5863.4,96.6,29.7,142.57142857142858,0,1,0.3243,1.161,53.81
W_8ca9d997fc2e6f36,ZONE_BOM_01,2026-08-17,1,25,1.0,1,57.8,5863.4,61.0,29.7,146.28571428571428,1,1,0.3303,1.102,51.31
W_8ca9d997fc2e6f36,ZONE_BOM_01,2026-08-24,1,25,1.0,1,57.8,5863.4,36.4,29.6,134.0,1,1,0.2657,1.061,47.0
W_8ca9d997fc2e6f36,ZONE_BOM_01,2026-08-31,1,25,1.0,1,57.8,5863.4,61.0,29.6,158.28571428571428,0,1,0.256,1.102,48.44
W_8ca9d997fc2e6f36,ZONE_BOM_01,2026-09-07,1,25,1.0,1,57.8,5863.4,52.9,30.0,169.57142857142858,0,1,0.2462,1.088,47.46
W_8ca9d997fc2e6f36,ZONE_BOM_01,2026-09-14,1,25,1.0,1,57.8,5863.4,23.3,30.0,162.0,0,1,0.1739,1.039,42.69
W_774a75f4dd081a7b,ZONE_BLR_01,2026-06-22,1,83,1.05,1,47.6,5032.83,16.3,30.1,135.25,0,1,0.1381,1.027,42.95
W_774a75f4dd081a7b,ZONE_BLR_01,2026-06-29,1,83,1.05,1,47.6,5032.83,20.1,29.2,153.85714285714286,1,1,0.244,1.034,47.27
W_774a75f4dd081a7b,ZONE_BLR_01,2026-07-06,1,83,1.05,1,47.6,5032.83,8.399999999999999,31.8,172.71428571428572,0,1,0.1484,1.014,42.79
W_774a75f4dd081a7b,ZONE_BLR_01,2026-07-13,1,83,1.05,1,47.6,5032.83,16.8,32.1,124.57142857142856,0,1,0.1312,1.028,42.74
W_774a75f4dd081a7b,ZONE_BLR_01,2026-07-20,1,83,1.05,1,47.6,5032.83,33.4,29.5,162.85714285714286,1,1,0.2806,1.056,49.7
W_774a75f4dd081a7b,ZONE_BLR_01,2026-07-27,1,83,1.05,1,47.6,5032.83,28.8,29.7,169.42857142857142,0,1,0.1919,1.048,45.9
W_774a75f4dd081a7b,ZONE_BLR_01,2026-08-03,1,83,1.05,1,47.6,5032.83,76.3,28.3,143.0,0,1,0.2789,1.127,52.97
W_774a75f4dd081a7b,ZONE_BLR_01,2026-08-10,1,83,1.05,1,47.6,5032.83,19.9,30.7,129.0,0,1,0.1415,1.033,43.33
W_774a75f4dd081a7b,ZONE_BLR_01,2026-08-17,1,83,1.05,1,47.6,5032.83,31.4,29.9,146.57142857142858,1,1,0.2639,1.052,48.86
W_774a75f4dd081a7b,ZONE_BLR_01,2026-08-24,1,83,1.05,1,47.6,5032.83,35.7,28.8,167.14285714285714,0,1,0.2057,1.06,46.97
W_774a75f4dd081a7b,ZONE_BLR_01,2026-08-31,1,83,1.05,1,47.6,5032.83,13.2,30.8,142.71428571428572,1,1,0.2201,1.022,45.83
W_774a75f4dd081a7b,ZONE_BLR_01,2026-09-07,1,83,1.05,1,47.6,5032.83,8.5,31.0,128.28571428571428,0,1,0.1153,1.014,41.56
W_774a75f4dd081a7b,ZONE_BLR_01,2026-09-14,1,83,1.05,1,47.6,5032.83,33.1,30.8,137.5,0,1,0.1776,1.055,45.66
W_93ca4ee16cc4ed93,ZONE_HYD_01,2026-06-22,1,131,1.05,1,55.7,5724.06,21.8,32.6,156.25,1,1,0.2496,1.036,47.58
W_93ca4ee16cc4ed93,ZONE_HYD_01,2026-06-29,1,131,1.05,1,55.7,5724.06,35.9,29.8,132.14285714285714,0,1,0.1799,1.06,45.96
W_93ca4ee16cc4ed93,ZONE_HYD_01,2026-07-06,1,131,1.05,1,55.7,5724.06,6.2,33.3,165.28571428571428,0,1,0.1379,1.01,42.24
W_93ca4ee16cc4ed93,ZONE_HYD_01,2026-07-13,1,131,1.05,1,55.7,5724.06,26.8,33.9,155.14285714285714,1,1,0.26,1.045,48.39
W_93ca4ee16cc4ed93,ZONE_HYD_01,2026-07-20,1,131,1.05,1,55.7,5724.06,38.8,30.0,132.85714285714286,0,1,0.1869,1.065,46.45
W_93ca4ee16cc4ed93,ZONE_HYD_01,2026-07-27,1,131,1.05,1,55.7,5724.06,70.5,30.6,137.0,0,1,0.2614,1.118,51.83
W_93ca4ee16cc4ed93,ZONE_HYD_01,2026-08-03,1,131,1.05,1,55.7,5724.06,20.5,30.6,136.28571428571428,0,1,0.1483,1.034,43.63
W_93ca4ee16cc4ed93,ZONE_HYD_01,2026-08-10,1,131,1.05,1,55.7,5724.06,12.6,30.8,137.42857142857142,0,1,0.1314,1.021,42.45
W_93ca4ee16cc4ed93,ZONE_HYD_01,2026-08-17,1,131,1.05,1,55.7,5724.06,18.2,31.5,148.85714285714286,1,1,0.2359,1.03,46.78
W_93ca4ee16cc4ed93,ZONE_HYD_01,2026-08-24,1,131,1.05,1,55.7,5724.06,10.4,30.4,140.14285714285714,0,1,0.1285,1.017,42.18
W_93ca4ee16cc4ed93,ZONE_HYD_01,2026-08-31,1,131,1.05,1,55.7,5724.06,8.8,32.0,159.14285714285714,0,1,0.1392,1.015,42.49
W_93ca4ee16cc4ed93,ZONE_HYD_01,2026-09-07,1,131,1.05,1,55.7,5724.06,26.3,32.2,156.57142857142858,1,1,0.2599,1.044,48.34
W_93ca4ee16cc4ed93,ZONE_HYD_01,2026-09-14,1,131,1.05,1,55.7,5724.06,12.7,33.4,147.5,0,1,0.1392,1.021,42.74
W_440cfcfb6438fefd,ZONE_BOM_01,2026-06-22,1,185,1.0,1,44.1,4904.24,24.8,31.1,184.0,0,1,0.1938,1.041,43.5
W_440cfcfb6438fefd,ZONE_BOM_01,2026-06-29,1,185,1.0,1,44.1,4904.24,493.0,28.6,147.0,6,1,1.0,1.822,79.0
W_440cfcfb6438fefd,ZONE_BOM_01,2026-07-06,1,185,1.0,1,44.1,4904.24,235.5,30.2,143.85714285714286,2,1,0.8044,1.392,79.0
W_440cfcfb6438fefd,ZONE_BOM_01,2026-07-13,1,185,1.0,1,44.1,4904.24,92.5,30.6,156.42857142857142,1,1,0.4088,1.154,56.9
W_440cfcfb6438fefd,ZONE_BOM_01,2026-07-20,1,185,1.0,1,44.1,4904.24,354.8,29.6,158.42857142857142,4,1,1.0,1.591,79.0
W_440cfcfb6438fefd,ZONE_BOM_01,2026-07-27,1,185,1.0,1,44.1,4904.24,120.9,29.6,151.42857142857142,0,1,0.3856,1.202,58.29
W_440cfcfb6438fefd,ZONE_BOM_01,2026-08-03,1,185,1.0,1,44.1,4904.24,76.8,29.7,139.0,0,1,0.277,1.128,50.42
W_440cfcfb6438fefd,ZONE_BOM_01,2026-08-10,1,185,1.0,1,44.1,4904.24,96.6,29.7,142.57142857142858,0,1,0.3243,1.161,53.81
W_440cfcfb6438fefd,ZONE_BOM_01,2026-08-17,1,185,1.0,1,44.1,4904.24,61.0,29.7,146.28571428571428,1,1,0.3303,1.102,51.31
W_440cfcfb6438fefd,ZONE_BOM_01,2026-08-24,1,185,1.0,1,44.1,4904.24,36.4,29.6,134.0,1,1,0.2657,1.061,47.0
W_440cfcfb6438fefd,ZONE_BOM_01,2026-08-31,1,185,1.0,1,44.1,4904.24,61.0,29.6,158.28571428571428,0,1,0.256,1.102,48.44
W_440cfcfb6438fefd,ZONE_BOM_01,2026-09-07,1,185,1.0,1,44.1,4904.24,52.9,30.0,169.57142857142858,0,1,0.2462,1.088,47.46
W_440cfcfb6438fefd,ZONE_BOM_01,2026-09-14,1,185,1.0,1,44.1,4904.24,23.3,30.0,162.0,0,1,0.1739,1.039,42.69
W_17578dcbfaff6983,ZONE_BOM_01,2026-06-22,1,377,1.0,1,59.2,6648.88,24.8,31.1,184.0,0,1,0.1938,1.041,43.5
W_17578dcbfaff6983,ZONE_BOM_01,2026-06-29,1,377,1.0,1,59.2,6648.88,493.0,28.6,147.0,6,1,1.0,1.822,79.0
W_17578dcbfaff6983,ZONE_BOM_01,2026-07-06,1,377,1.0,1,59.2,6648.88,235.5,30.2,143.85714285714286,2,1,0.8044,1.392,79.0
W_17578dcbfaff6983,ZONE_BOM_01,2026-07-13,1,377,1.0,1,59.2,6648.88,92.5,30.6,156.42857142857142,1,1,0.4088,1.154,56.9
W_17578dcbfaff6983,ZONE_BOM_01,2026-07-20,1,377,1.0,1,59.2,6648.88,354.8,29.6,158.42857142857142,4,1,1.0,1.591,79.0
W_17578dcbfaff6983,ZONE_BOM_01,2026-07-27,1,377,1.0,1,59.2,6648.88,120.9,29.6,151.42857142857142,0,1,0.3856,1.202,58.29
W_17578dcbfaff6983,ZONE_BOM_01,2026-08-03,1,377,1.0,1,59.2,6648.88,76.8,29.7,139.0,0,1,0.277,1.128,50.42
W_17578dcbfaff6983,ZONE_BOM_01,2026-08-10,1,377,1.0,1,59.2,6648.88,96.6,29.7,142.57142857142858,0,1,0.3243,1.161,53.81
W_17578dcbfaff6983,ZONE_BOM_01,2026-08-17,1,377,1.0,1,59.2,6648.88,61.0,29.7,146.28571428571428,1,1,0.3303,1.102,51.31
W_17578dcbfaff6983,ZONE_BOM_01,2026-08-24,1,377,1.0,1,59.2,6648.88,36.4,29.6,134.0,1,1,0.2657,1.061,47.0
W_17578dcbfaff6983,ZONE_BOM_01,2026-08-31,1,377,1.0,1,59.2,6648.88,61.0,29.6,158.28571428571428,0,1,0.256,1.102,48.44
W_17578dcbfaff6983,ZONE_BOM_01,2026-09-07,1,377,1.0,1,59.2,6648.88,52.9,30.0,169.57142857142858,0,1,0.2462,1.088,47.46
W_17578dcbfaff6983,ZONE_BOM_01,2026-09-14,1,377,1.0,1,59.2,6648.88,23.3,30.0,162.0,0,1,0.1739,1.039,42.69
W_ff23389b3dc2235a,ZONE_DEL_01,2026-06-22,1,195,1.0,1,49.8,4957.39,4.0,41.9,188.25,0,1,0.1502,1.007,40.54
W_ff23389b3dc2235a,ZONE_DEL_01,2026-06-29,1,195,1.0,1,49.8,4957.39,20.0,41.7,157.71428571428572,0,1,0.1633,1.033,42.06
W_ff23389b3dc2235a,ZONE_DEL_01,2026-07-06,1,195,1.0,1,49.8,4957.39,122.9,36.7,156.0,2,1,0.5602,1.205,65.8
W_ff23389b3dc2235a,ZONE_DEL_01,2026-07-13,1,195,1.0,1,49.8,4957.39,9.8,37.4,129.42857142857142,0,1,0.1191,1.016,39.8
W_ff23389b3dc2235a,ZONE_DEL_01,2026-07-20,1,195,1.0,1,49.8,4957.39,74.3,33.7,132.71428571428572,0,1,0.2667,1.124,49.83
W_ff23389b3dc2235a,ZONE_DEL_01,2026-07-27,1,195,1.0,1,49.8,4957.39,51.900000000000006,35.3,172.57142857142858,0,1,0.2462,1.086,47.37
W_ff23389b3dc2235a,ZONE_DEL_01,2026-08-03,1,195,1.0,1,49.8,4957.39,132.8,33.8,126.57142857142856,1,1,0.4771,1.221,63.12
W_ff23389b3dc2235a,ZONE_DEL_01,2026-08-10,1,195,1.0,1,49.8,4957.39,45.8,34.4,170.42857142857142,0,1,0.2309,1.076,46.36
W_ff23389b3dc2235a,ZONE_DEL_01,2026-08-17,1,195,1.0,1,49.8,4957.39,34.3,33.6,140.0,1,1,0.2655,1.057,46.82
W_ff23389b3dc2235a,ZONE_DEL_01,2026-08-24,1,195,1.0,1,49.8,4957.39,24.5,34.9,168.0,0,1,0.1811,1.041,43.03
W_ff23389b3dc2235a,ZONE_DEL_01,2026-08-31,1,195,1.0,1,49.8,4957.39,76.6,34.4,145.57142857142858,0,1,0.2815,1.128,50.59
W_ff23389b3dc2235a,ZONE_DEL_01,2026-09-07,1,195,1.0,1,49.8,4957.39,19.1,34.4,142.0,0,1,0.1495,1.032,41.52
W_ff23389b3dc2235a,ZONE_DEL_01,2026-09-14,1,195,1.0,1,49.8,4957.39,7.6,35.0,149.0,0,1,0.1288,1.013,40.02
W_9e054c0902affdde,ZONE_BOM_01,2026-06-22,1,134,1.05,1,48.5,5080.94,24.8,31.1,184.0,0,1,0.1938,1.041,45.67
W_9e054c0902affdde,ZONE_BOM_01,2026-06-29,1,134,1.05,1,48.5,5080.94,493.0,28.6,147.0,6,1,1.0,1.822,79.0
W_9e054c0902affdde,ZONE_BOM_01,2026-07-06,1,134,1.05,1,48.5,5080.94,235.5,30.2,143.85714285714286,2,1,0.8044,1.392,79.0
W_9e054c0902affdde,ZONE_BOM_01,2026-07-13,1,134,1.05,1,48.5,5080.94,92.5,30.6,156.42857142857142,1,1,0.4088,1.154,59.75
W_9e054c0902affdde,ZONE_BOM_01,2026-07-20,1,134,1.05,1,48.5,5080.94,354.8,29.6,158.42857142857142,4,1,1.0,1.591,79.0
W_9e054c0902affdde,ZONE_BOM_01,2026-07-27,1,134,1.05,1,48.5,5080.94,120.9,29.6,151.42857142857142,0,1,0.3856,1.202,61.21
W_9e054c0902affdde,ZONE_BOM_01,2026-08-03,1,134,1.05,1,48.5,5080.94,76.8,29.7,139.0,0,1,0.277,1.128,52.94
W_9e054c0902affdde,ZONE_BOM_01,2026-08-10,1,134,1.05,1,48.5,5080.94,96.6,29.7,142.57142857142858,0,1,0.3243,1.161,56.5
W_9e054c0902affdde,ZONE_BOM_01,2026-08-17,1,134,1.05,1,48.5,5080.94,61.0,29.7,146.28571428571428,1,1,0.3303,1.102,53.88
W_9e054c0902affdde,ZONE_BOM_01,2026-08-24,1,134,1.05,1,48.5,5080.94,36.4,29.6,134.0,1,1,0.2657,1.061,49.35
W_9e054c0902affdde,ZONE_BOM_01,2026-08-31,1,134,1.05,1,48.5,5080.94,61.0,29.6,158.28571428571428,0,1,0.256,1.102,50.87
W_9e054c0902affdde,ZONE_BOM_01,2026-09-07,1,134,1.05,1,48.5,5080.94,52.9,30.0,169.57142857142858,0,1,0.2462,1.088,49.83
W_9e054c0902affdde,ZONE_BOM_01,2026-09-14,1,134,1.05,1,48.5,5080.94,23.3,30.0,162.0,0,1,0.1739,1.039,44.82
W_87764060b92ef109,ZONE_BOM_01,2026-06-22,1,27,1.05,1,45.7,4456.0,24.8,31.1,184.0,0,1,0.1938,1.041,45.67
W_87764060b92ef109,ZONE_BOM_01,2026-06-29,1,27,1.05,1,45.7,4456.0,493.0,28.6,147.0,6,1,1.0,1.822,79.0
W_87764060b92ef109,ZONE_BOM_01,2026-07-06,1,27,1.05,1,45.7,4456.0,235.5,30.2,143.85714285714286,2,1,0.8044,1.392,79.0
W_87764060b92ef109,ZONE_BOM_01,2026-07-13,1,27,1.05,1,45.7,4456.0,92.5,30.6,156.42857142857142,1,1,0.4088,1.154,59.75
W_87764060b92ef109,ZONE_BOM_01,2026-07-20,1,27,1.05,1,45.7,4456.0,354.8,29.6,158.42857142857142,4,1,1.0,1.591,79.0
W_87764060b92ef109,ZONE_BOM_01,2026-07-27,1,27,1.05,1,45.7,4456.0,120.9,29.6,151.42857142857142,0,1,0.3856,1.202,61.21
W_87764060b92ef109,ZONE_BOM_01,2026-08-03,1,27,1.05,1,45.7,4456.0,76.8,29.7,139.0,0,1,0.277,1.128,52.94
W_87764060b92ef109,ZONE_BOM_01,2026-08-10,1,27,1.05,1,45.7,4456.0,96.6,29.7,142.57142857142858,0,1,0.3243,1.161,56.5
W_87764060b92ef109,ZONE_BOM_01,2026-08-17,1,27,1.05,1,45.7,4456.0,61.0,29.7,146.28571428571428,1,1,0.3303,1.102,53.88
W_87764060b92ef109,ZONE_BOM_01,2026-08-24,1,27,1.05,1,45.7,4456.0,36.4,29.6,134.0,1,1,0.2657,1.061,49.35
W_87764060b92ef109,ZONE_BOM_01,2026-08-31,1,27,1.05,1,45.7,4456.0,61.0,29.6,158.28571428571428,0,1,0.256,1.102,50.87
W_87764060b92ef109,ZONE_BOM_01,2026-09-07,1,27,1.05,1,45.7,4456.0,52.9,30.0,169.57142857142858,0,1,0.2462,1.088,49.83
W_87764060b92ef109,ZONE_BOM_01,2026-09-14,1,27,1.05,1,45.7,4456.0,23.3,30.0,162.0,0,1,0.1739,1.039,44.82
W_9e7aaf116f1edf69,ZONE_BOM_01,2026-06-22,1,301,1.0,1,57.3,6203.0,24.8,31.1,184.0,0,1,0.1938,1.041,43.5
W_9e7aaf116f1edf69,ZONE_BOM_01,2026-06-29,1,301,1.0,1,57.3,6203.0,493.0,28.6,147.0,6,1,1.0,1.822,79.0
W_9e7aaf116f1edf69,ZONE_BOM_01,2026-07-06,1,301,1.0,1,57.3,6203.0,235.5,30.2,143.85714285714286,2,1,0.8044,1.392,79.0
W_9e7aaf116f1edf69,ZONE_BOM_01,2026-07-13,1,301,1.0,1,57.3,6203.0,92.5,30.6,156.42857142857142,1,1,0.4088,1.154,56.9
W_9e7aaf116f1edf69,ZONE_BOM_01,2026-07-20,1,301,1.0,1,57.3,6203.0,354.8,29.6,158.42857142857142,4,1,1.0,1.591,79.0
W_9e7aaf116f1edf69,ZONE_BOM_01,2026-07-27,1,301,1.0,1,57.3,6203.0,120.9,29.6,151.42857142857142,0,1,0.3856,1.202,58.29
W_9e7aaf116f1edf69,ZONE_BOM_01,2026-08-03,1,301,1.0,1,57.3,6203.0,76.8,29.7,139.0,0,1,0.277,1.128,50.42
W_9e7aaf116f1edf69,ZONE_BOM_01,2026-08-10,1,301,1.0,1,57.3,6203.0,96.6,29.7,142.57142857142858,0,1,0.3243,1.161,53.81
W_9e7aaf116f1edf69,ZONE_BOM_01,2026-08-17,1,301,1.0,1,57.3,6203.0,61.0,29.7,146.28571428571428,1,1,0.3303,1.102,51.31
W_9e7aaf116f1edf69,ZONE_BOM_01,2026-08-24,1,301,1.0,1,57.3,6203.0,36.4,29.6,134.0,1,1,0.2657,1.061,47.0
W_9e7aaf116f1edf69,ZONE_BOM_01,2026-08-31,1,301,1.0,1,57.3,6203.0,61.0,29.6,158.28571428571428,0,1,0.256,1.102,48.44
W_9e7aaf116f1edf69,ZONE_BOM_01,2026-09-07,1,301,1.0,1,57.3,6203.0,52.9,30.0,169.57142857142858,0,1,0.2462,1.088,47.46
W_9e7aaf116f1edf69,ZONE_BOM_01,2026-09-14,1,301,1.0,1,57.3,6203.0,23.3,30.0,162.0,0,1,0.1739,1.039,42.69
W_e039f49e8855a50d,ZONE_HYD_01,2026-06-22,1,84,1.0,0,30.9,3141.41,21.8,32.6,156.25,1,1,0.2496,1.036,45.31
W_e039f49e8855a50d,ZONE_HYD_01,2026-06-29,1,84,1.0,0,30.9,3141.41,35.9,29.8,132.14285714285714,0,1,0.1799,1.06,43.77
W_e039f49e8855a50d,ZONE_HYD_01,2026-07-06,1,84,1.0,0,30.9,3141.41,6.2,33.3,165.28571428571428,0,1,0.1379,1.01,40.22
W_e039f49e8855a50d,ZONE_HYD_01,2026-07-13,1,84,1.0,0,30.9,3141.41,26.8,33.9,155.14285714285714,1,1,0.26,1.045,46.08
W_e039f49e8855a50d,ZONE_HYD_01,2026-07-20,1,84,1.0,0,30.9,3141.41,38.8,30.0,132.85714285714286,0,1,0.1869,1.065,44.24
W_e039f49e8855a50d,ZONE_HYD_01,2026-07-27,1,84,1.0,0,30.9,3141.41,70.5,30.6,137.0,0,1,0.2614,1.118,49.36
W_e039f49e8855a50d,ZONE_HYD_01,2026-08-03,1,84,1.0,0,30.9,3141.41,20.5,30.6,136.28571428571428,0,1,0.1483,1.034,41.56
W_e039f49e8855a50d,ZONE_HYD_01,2026-08-10,1,84,1.0,0,30.9,3141.41,12.6,30.8,137.42857142857142,0,1,0.1314,1.021,40.43
W_e039f49e8855a50d,ZONE_HYD_01,2026-08-17,1,84,1.0,0,30.9,3141.41,18.2,31.5,148.85714285714286,1,1,0.2359,1.03,44.55
W_e039f49e8855a50d,ZONE_HYD_01,2026-08-24,1,84,1.0,0,30.9,3141.41,10.4,30.4,140.14285714285714,0,1,0.1285,1.017,40.17
W_e039f49e8855a50d,ZONE_HYD_01,2026-08-31,1,84,1.0,0,30.9,3141.41,8.8,32.0,159.14285714285714,0,1,0.1392,1.015,40.47
W_e039f49e8855a50d,ZONE_HYD_01,2026-09-07,1,84,1.0,0,30.9,3141.41,26.3,32.2,156.57142857142858,1,1,0.2599,1.044,46.04
W_e039f49e8855a50d,ZONE_HYD_01,2026-09-14,1,84,1.0,0,30.9,3141.41,12.7,33.4,147.5,0,1,0.1392,1.021,40.71
W_c224a11bd32a2686,ZONE_BLR_01,2026-06-22,1,49,1.05,1,52.4,5722.33,16.3,30.1,135.25,0,1,0.1381,1.027,42.95
W_c224a11bd32a2686,ZONE_BLR_01,2026-06-29,1,49,1.05,1,52.4,5722.33,20.1,29.2,153.85714285714286,1,1,0.244,1.034,47.27
W_c224a11bd32a2686,ZONE_BLR_01,2026-07-06,1,49,1.05,1,52.4,5722.33,8.399999999999999,31.8,172.71428571428572,0,1,0.1484,1.014,42.79
W_c224a11bd32a2686,ZONE_BLR_01,2026-07-13,1,49,1.05,1,52.4,5722.33,16.8,32.1,124.57142857142856,0,1,0.1312,1.028,42.74
W_c224a11bd32a2686,ZONE_BLR_01,2026-07-20,1,49,1.05,1,52.4,5722.33,33.4,29.5,162.85714285714286,1,1,0.2806,1.056,49.7
W_c224a11bd32a2686,ZONE_BLR_01,2026-07-27,1,49,1.05,1,52.4,5722.33,28.8,29.7,169.42857142857142,0,1,0.1919,1.048,45.9
W_c224a11bd32a2686,ZONE_BLR_01,2026-08-03,1,49,1.05,1,52.4,5722.33,76.3,28.3,143.0,0,1,0.2789,1.127,52.97
W_c224a11bd32a2686,ZONE_BLR_01,2026-08-10,1,49,1.05,1,52.4,5722.33,19.9,30.7,129.0,0,1,0.1415,1.033,43.33
W_c224a11bd32a2686,ZONE_BLR_01,2026-08-17,1,49,1.05,1,52.4,5722.33,31.4,29.9,146.57142857142858,1,1,0.2639,1.052,48.86
W_c224a11bd32a2686,ZONE_BLR_01,2026-08-24,1,49,1.05,1,52.4,5722.33,35.7,28.8,167.14285714285714,0,1,0.2057,1.06,46.97
W_c224a11bd32a2686,ZONE_BLR_01,2026-08-31,1,49,1.05,1,52.4,5722.33,13.2,30.8,142.71428571428572,1,1,0.2201,1.022,45.83
W_c224a11bd32a2686,ZONE_BLR_01,2026-09-07,1,49,1.05,1,52.4,5722.33,8.5,31.0,128.28571428571428,0,1,0.1153,1.014,41.56
W_c224a11bd32a2686,ZONE_BLR_01,2026-09-14,1,49,1.05,1,52.4,5722.33,33.1,30.8,137.5,0,1,0.1776,1.055,45.66
W_61009cb4f5f0b454,ZONE_DEL_01,2026-06-22,1,137,1.0,1,51.6,5327.89,4.0,41.9,188.25,0,1,0.1502,1.007,40.54
W_61009cb4f5f0b454,ZONE_DEL_01,2026-06-29,1,137,1.0,1,51.6,5327.89,20.0,41.7,157.71428571428572,0,1,0.1633,1.033,42.06
W_61009cb4f5f0b454,ZONE_DEL_01,2026-07-06,1,137,1.0,1,51.6,5327.89,122.9,36.7,156.0,2,1,0.5602,1.205,65.8
W_61009cb4f5f0b454,ZONE_DEL_01,2026-07-13,1,137,1.0,1,51.6,5327.89,9.8,37.4,129.42857142857142,0,1,0.1191,1.016,39.8
W_61009cb4f5f0b454,ZONE_DEL_01,2026-07-20,1,137,1.0,1,51.6,5327.89,74.3,33.7,132.71428571428572,0,1,0.2667,1.124,49.83
W_61009cb4f5f0b454,ZONE_DEL_01,2026-07-27,1,137,1.0,1,51.6,5327.89,51.900000000000006,35.3,172.57142857142858,0,1,0.2462,1.086,47.37
W_61009cb4f5f0b454,ZONE_DEL_01,2026-08-03,1,137,1.0,1,51.6,5327.89,132.8,33.8,126.57142857142856,1,1,0.4771,1.221,63.12
W_61009cb4f5f0b454,ZONE_DEL_01,2026-08-10,1,137,1.0,1,51.6,5327.89,45.8,34.4,170.42857142857142,0,1,0.2309,1.076,46.36
W_61009cb4f5f0b454,ZONE_DEL_01,2026-08-17,1,137,1.0,1,51.6,5327.89,34.3,33.6,140.0,1,1,0.2655,1.057,46.82
W_61009cb4f5f0b454,ZONE_DEL_01,2026-08-24,1,137,1.0,1,51.6,5327.89,24.5,34.9,168.0,0,1,0.1811,1.041,43.03
W_61009cb4f5f0b454,ZONE_DEL_01,2026-08-31,1,137,1.0,1,51.6,5327.89,76.6,34.4,145.57142857142858,0,1,0.2815,1.128,50.59
W_61009cb4f5f0b454,ZONE_DEL_01,2026-09-07,1,137,1.0,1,51.6,5327.89,19.1,34.4,142.0,0,1,0.1495,1.032,41.52
W_61009cb4f5f0b454,ZONE_DEL_01,2026-09-14,1,137,1.0,1,51.6,5327.89,7.6,35.0,149.0,0,1,0.1288,1.013,40.02
W_156ada9ef3a8f171,ZONE_BOM_01,2026-06-22,1,68,1.0,1,54.7,5666.92,24.8,31.1,184.0,0,1,0.1938,1.041,43.5
W_156ada9ef3a8f171,ZONE_BOM_01,2026-06-29,1,68,1.0,1,54.7,5666.92,493.0,28.6,147.0,6,1,1.0,1.822,79.0
W_156ada9ef3a8f171,ZONE_BOM_01,2026-07-06,1,68,1.0,1,54.7,5666.92,235.5,30.2,143.85714285714286,2,1,0.8044,1.392,79.0
W_156ada9ef3a8f171,ZONE_BOM_01,2026-07-13,1,68,1.0,1,54.7,5666.92,92.5,30.6,156.42857142857142,1,1,0.4088,1.154,56.9
W_156ada9ef3a8f171,ZONE_BOM_01,2026-07-20,1,68,1.0,1,54.7,5666.92,354.8,29.6,158.42857142857142,4,1,1.0,1.591,79.0
W_156ada9ef3a8f171,ZONE_BOM_01,2026-07-27,1,68,1.0,1,54.7,5666.92,120.9,29.6,151.42857142857142,0,1,0.3856,1.202,58.29
W_156ada9ef3a8f171,ZONE_BOM_01,2026-08-03,1,68,1.0,1,54.7,5666.92,76.8,29.7,139.0,0,1,0.277,1.128,50.42
W_156ada9ef3a8f171,ZONE_BOM_01,2026-08-10,1,68,1.0,1,54.7,5666.92,96.6,29.7,142.57142857142858,0,1,0.3243,1.161,53.81
W_156ada9ef3a8f171,ZONE_BOM_01,2026-08-17,1,68,1.0,1,54.7,5666.92,61.0,29.7,146.28571428571428,1,1,0.3303,1.102,51.31
W_156ada9ef3a8f171,ZONE_BOM_01,2026-08-24,1,68,1.0,1,54.7,5666.92,36.4,29.6,134.0,1,1,0.2657,1.061,47.0
W_156ada9ef3a8f171,ZONE_BOM_01,2026-08-31,1,68,1.0,1,54.7,5666.92,61.0,29.6,158.28571428571428,0,1,0.256,1.102,48.44
W_156ada9ef3a8f171,ZONE_BOM_01,2026-09-07,1,68,1.0,1,54.7,5666.92,52.9,30.0,169.57142857142858,0,1,0.2462,1.088,47.46
W_156ada9ef3a8f171,ZONE_BOM_01,2026-09-14,1,68,1.0,1,54.7,5666.92,23.3,30.0,162.0,0,1,0.1739,1.039,42.69
W_b8449e41f752198a,ZONE_MAA_01,2026-06-22,1,335,1.0,1,49.1,4894.61,33.7,37.6,159.25,0,1,0.1953,1.056,44.18
W_b8449e41f752198a,ZONE_MAA_01,2026-06-29,1,335,1.0,1,49.1,4894.61,11.8,38.4,123.0,0,1,0.1188,1.02,39.94
W_b8449e41f752198a,ZONE_MAA_01,2026-07-06,1,335,1.0,1,49.1,4894.61,9.3,39.2,163.28571428571428,1,1,0.2267,1.016,43.62
W_b8449e41f752198a,ZONE_MAA_01,2026-07-13,1,335,1.0,1,49.1,4894.61,11.3,38.7,141.57142857142858,0,1,0.1316,1.019,40.36
W_b8449e41f752198a,ZONE_MAA_01,2026-07-20,1,335,1.0,1,49.1,4894.61,35.6,36.4,131.57142857142858,0,1,0.1788,1.059,43.69
W_b8449e41f752198a,ZONE_MAA_01,2026-07-27,1,335,1.0,1,49.1,4894.61,26.0,37.6,145.14285714285714,0,1,0.1674,1.043,42.62
W_b8449e41f752198a,ZONE_MAA_01,2026-08-03,1,335,1.0,1,49.1,4894.61,38.5,34.8,150.71428571428572,0,1,0.1997,1.064,44.68
W_b8449e41f752198a,ZONE_MAA_01,2026-08-10,1,335,1.0,1,49.1,4894.61,15.6,35.5,153.57142857142858,1,1,0.2336,1.026,44.3
W_b8449e41f752198a,ZONE_MAA_01,2026-08-17,1,335,1.0,1,49.1,4894.61,29.4,36.3,143.71428571428572,0,1,0.1739,1.049,43.1
W_b8449e41f752198a,ZONE_MAA_01,2026-08-24,1,335,1.0,1,49.1,4894.61,15.1,36.6,144.14285714285714,1,1,0.2254,1.025,43.96
W_b8449e41f752198a,ZONE_MAA_01,2026-08-31,1,335,1.0,1,49.1,4894.61,13.1,35.6,156.85714285714286,1,1,0.2305,1.022,44.01
W_b8449e41f752198a,ZONE_MAA_01,2026-09-07,1,335,1.0,1,49.1,4894.61,23.3,35.6,136.57142857142858,0,1,0.1549,1.039,42.0
W_b8449e41f752198a,ZONE_MAA_01,2026-09-14,1,335,1.0,1,49.1,4894.61,27.4,36.0,152.75,1,1,0.2595,1.046,46.11
W_467b1d9222c0c2d0,ZONE_BOM_01,2026-06-22,1,315,1.05,1,47.8,4797.83,24.8,31.1,184.0,0,1,0.1938,1.041,45.67
W_467b1d9222c0c2d0,ZONE_BOM_01,2026-06-29,1,315,1.05,1,47.8,4797.83,493.0,28.6,147.0,6,1,1.0,1.822,79.0
W_467b1d9222c0c2d0,ZONE_BOM_01,2026-07-06,1,315,1.05,1,47.8,4797.83,235.5,30.2,143.85714285714286,2,1,0.8044,1.392,79.0
W_467b1d9222c0c2d0,ZONE_BOM_01,2026-07-13,1,315,1.05,1,47.8,4797.83,92.5,30.6,156.42857142857142,1,1,0.4088,1.154,59.75
W_467b1d9222c0c2d0,ZONE_BOM_01,2026-07-20,1,315,1.05,1,47.8,4797.83,354.8,29.6,158.42857142857142,4,1,1.0,1.591,79.0
W_467b1d9222c0c2d0,ZONE_BOM_01,2026-07-27,1,315,1.05,1,47.8,4797.83,120.9,29.6,151.42857142857142,0,1,0.3856,1.202,61.21
W_467b1d9222c0c2d0,ZONE_BOM_01,2026-08-03,1,315,1.05,1,47.8,4797.83,76.8,29.7,139.0,0,1,0.277,1.128,52.94
W_467b1d9222c0c2d0,ZONE_BOM_01,2026-08-10,1,315,1.05,1,47.8,4797.83,96.6,29.7,142.57142857142858,0,1,0.3243,1.161,56.5
W_467b1d9222c0c2d0,ZONE_BOM_01,2026-08-17,1,315,1.05,1,47.8,4797.83,61.0,29.7,146.28571428571428,1,1,0.3303,1.102,53.88
W_467b1d9222c0c2d0,ZONE_BOM_01,2026-08-24,1,315,1.05,1,47.8,4797.83,36.4,29.6,134.0,1,1,0.2657,1.061,49.35
W_467b1d9222c0c2d0,ZONE_BOM_01,2026-08-31,1,315,1.05,1,47.8,4797.83,61.0,29.6,158.28571428571428,0,1,0.256,1.102,50.87
W_467b1d9222c0c2d0,ZONE_BOM_01,2026-09-07,1,315,1.05,1,47.8,4797.83,52.9,30.0,169.57142857142858,0,1,0.2462,1.088,49.83
W_467b1d9222c0c2d0,ZONE_BOM_01,2026-09-14,1,315,1.05,1,47.8,4797.83,23.3,30.0,162.0,0,1,0.1739,1.039,44.82
W_97586ce0c6f201d7,ZONE_MAA_01,2026-06-22,1,405,1.0,1,55.6,6247.94,33.7,37.6,159.25,0,1,0.1953,1.056,44.18
W_97586ce0c6f201d7,ZONE_MAA_01,2026-06-29,1,405,1.0,1,55.6,6247.94,11.8,38.4,123.0,0,1,0.1188,1.02,39.94
W_97586ce0c6f201d7,ZONE_MAA_01,2026-07-06,1,405,1.0,1,55.6,6247.94,9.3,39.2,163.28571428571428,1,1,0.2267,1.016,43.62
W_97586ce0c6f201d7,ZONE_MAA_01,2026-07-13,1,405,1.0,1,55.6,6247.94,11.3,38.7,141.57142857142858,0,1,0.1316,1.019,40.36
W_97586ce0c6f201d7,ZONE_MAA_01,2026-07-20,1,405,1.0,1,55.6,6247.94,35.6,36.4,131.57142857142858,0,1,0.1788,1.059,43.69
W_97586ce0c6f201d7,ZONE_MAA_01,2026-07-27,1,405,1.0,1,55.6,6247.94,26.0,37.6,145.14285714285714,0,1,0.1674,1.043,42.62
W_97586ce0c6f201d7,ZONE_MAA_01,2026-08-03,1,405,1.0,1,55.6,6247.94,38.5,34.8,150.71428571428572,0,1,0.1997,1.064,44.68
W_97586ce0c6f201d7,ZONE_MAA_01,2026-08-10,1,405,1.0,1,55.6,6247.94,15.6,35.5,153.57142857142858,1,1,0.2336,1.026,44.3
W_97586ce0c6f201d7,ZONE_MAA_01,2026-08-17,1,405,1.0,1,55.6,6247.94,29.4,36.3,143.71428571428572,0,1,0.1739,1.049,43.1
W_97586ce0c6f201d7,ZONE_MAA_01,2026-08-24,1,405,1.0,1,55.6,6247.94,15.1,36.6,144.14285714285714,1,1,0.2254,1.025,43.96
W_97586ce0c6f201d7,ZONE_MAA_01,2026-08-31,1,405,1.0,1,55.6,6247.94,13.1,35.6,156.85714285714286,1,1,0.2305,1.022,44.01
W_97586ce0c6f201d7,ZONE_MAA_01,2026-09-07,1,405,1.0,1,55.6,6247.94,23.3,35.6,136.57142857142858,0,1,0.1549,1.039,42.0
W_97586ce0c6f201d7,ZONE_MAA_01,2026-09-14,1,405,1.0,1,55.6,6247.94,27.4,36.0,152.75,1,1,0.2595,1.046,46.11
W_26d612d35978c5cf,ZONE_HYD_01,2026-06-22,1,62,1.2,1,55.9,4761.5,21.8,32.6,156.25,1,1,0.2496,1.036,54.37
W_26d612d35978c5cf,ZONE_HYD_01,2026-06-29,1,62,1.2,1,55.9,4761.5,35.9,29.8,132.14285714285714,0,1,0.1799,1.06,52.53
W_26d612d35978c5cf,ZONE_HYD_01,2026-07-06,1,62,1.2,1,55.9,4761.5,6.2,33.3,165.28571428571428,0,1,0.1379,1.01,48.27
W_26d612d35978c5cf,ZONE_HYD_01,2026-07-13,1,62,1.2,1,55.9,4761.5,26.8,33.9,155.14285714285714,1,1,0.26,1.045,55.3
W_26d612d35978c5cf,ZONE_HYD_01,2026-07-20,1,62,1.2,1,55.9,4761.5,38.8,30.0,132.85714285714286,0,1,0.1869,1.065,53.09
W_26d612d35978c5cf,ZONE_HYD_01,2026-07-27,1,62,1.2,1,55.9,4761.5,70.5,30.6,137.0,0,1,0.2614,1.118,59.23
W_26d612d35978c5cf,ZONE_HYD_01,2026-08-03,1,62,1.2,1,55.9,4761.5,20.5,30.6,136.28571428571428,0,1,0.1483,1.034,49.87
W_26d612d35978c5cf,ZONE_HYD_01,2026-08-10,1,62,1.2,1,55.9,4761.5,12.6,30.8,137.42857142857142,0,1,0.1314,1.021,48.52
W_26d612d35978c5cf,ZONE_HYD_01,2026-08-17,1,62,1.2,1,55.9,4761.5,18.2,31.5,148.85714285714286,1,1,0.2359,1.03,53.47
W_26d612d35978c5cf,ZONE_HYD_01,2026-08-24,1,62,1.2,1,55.9,4761.5,10.4,30.4,140.14285714285714,0,1,0.1285,1.017,48.2
W_26d612d35978c5cf,ZONE_HYD_01,2026-08-31,1,62,1.2,1,55.9,4761.5,8.8,32.0,159.14285714285714,0,1,0.1392,1.015,48.56
W_26d612d35978c5cf,ZONE_HYD_01,2026-09-07,1,62,1.2,1,55.9,4761.5,26.3,32.2,156.57142857142858,1,1,0.2599,1.044,55.24
W_26d612d35978c5cf,ZONE_HYD_01,2026-09-14,1,62,1.2,1,55.9,4761.5,12.7,33.4,147.5,0,1,0.1392,1.021,48.85
W_bbb8a07d30866190,ZONE_BOM_01,2026-06-22,1,22,1.05,1,54.7,5946.95,24.8,31.1,184.0,0,1,0.1938,1.041,45.67
W_bbb8a07d30866190,ZONE_BOM_01,2026-06-29,1,22,1.05,1,54.7,5946.95,493.0,28.6,147.0,6,1,1.0,1.822,79.0
W_bbb8a07d30866190,ZONE_BOM_01,2026-07-06,1,22,1.05,1,54.7,5946.95,235.5,30.2,143.85714285714286,2,1,0.8044,1.392,79.0
W_bbb8a07d30866190,ZONE_BOM_01,2026-07-13,1,22,1.05,1,54.7,5946.95,92.5,30.6,156.42857142857142,1,1,0.4088,1.154,59.75
W_bbb8a07d30866190,ZONE_BOM_01,2026-07-20,1,22,1.05,1,54.7,5946.95,354.8,29.6,158.42857142857142,4,1,1.0,1.591,79.0
W_bbb8a07d30866190,ZONE_BOM_01,2026-07-27,1,22,1.05,1,54.7,5946.95,120.9,29.6,151.42857142857142,0,1,0.3856,1.202,61.21
W_bbb8a07d30866190,ZONE_BOM_01,2026-08-03,1,22,1.05,1,54.7,5946.95,76.8,29.7,139.0,0,1,0.277,1.128,52.94
W_bbb8a07d30866190,ZONE_BOM_01,2026-08-10,1,22,1.05,1,54.7,5946.95,96.6,29.7,142.57142857142858,0,1,0.3243,1.161,56.5
W_bbb8a07d30866190,ZONE_BOM_01,2026-08-17,1,22,1.05,1,54.7,5946.95,61.0,29.7,146.28571428571428,1,1,0.3303,1.102,53.88
W_bbb8a07d30866190,ZONE_BOM_01,2026-08-24,1,22,1.05,1,54.7,5946.95,36.4,29.6,134.0,1,1,0.2657,1.061,49.35
W_bbb8a07d30866190,ZONE_BOM_01,2026-08-31,1,22,1.05,1,54.7,5946.95,61.0,29.6,158.28571428571428,0,1,0.256,1.102,50.87
W_bbb8a07d30866190,ZONE_BOM_01,2026-09-07,1,22,1.05,1,54.7,5946.95,52.9,30.0,169.57142857142858,0,1,0.2462,1.088,49.83
W_bbb8a07d30866190,ZONE_BOM_01,2026-09-14,1,22,1.05,1,54.7,5946.95,23.3,30.0,162.0,0,1,0.1739,1.039,44.82
W_c8e24308d7ed987a,ZONE_DEL_01,2026-06-22,1,44,1.2,1,42.8,4171.88,4.0,41.9,188.25,0,1,0.1502,1.007,48.65
W_c8e24308d7ed987a,ZONE_DEL_01,2026-06-29,1,44,1.2,1,42.8,4171.88,20.0,41.7,157.71428571428572,0,1,0.1633,1.033,50.47
W_c8e24308d7ed987a,ZONE_DEL_01,2026-07-06,1,44,1.2,1,42.8,4171.88,122.9,36.7,156.0,2,1,0.5602,1.205,78.96
W_c8e24308d7ed987a,ZONE_DEL_01,2026-07-13,1,44,1.2,1,42.8,4171.88,9.8,37.4,129.42857142857142,0,1,0.1191,1.016,47.75
W_c8e24308d7ed987a,ZONE_DEL_01,2026-07-20,1,44,1.2,1,42.8,4171.88,74.3,33.7,132.71428571428572,0,1,0.2667,1.124,59.8
W_c8e24308d7ed987a,ZONE_DEL_01,2026-07-27,1,44,1.2,1,42.8,4171.88,51.900000000000006,35.3,172.57142857142858,0,1,0.2462,1.086,56.84
W_c8e24308d7ed987a,ZONE_DEL_01,2026-08-03,1,44,1.2,1,42.8,4171.88,132.8,33.8,126.57142857142856,1,1,0.4771,1.221,75.75
W_c8e24308d7ed987a,ZONE_DEL_01,2026-08-10,1,44,1.2,1,42.8,4171.88,45.8,34.4,170.42857142857142,0,1,0.2309,1.076,55.63
W_c8e24308d7ed987a,ZONE_DEL_01,2026-08-17,1,44,1.2,1,42.8,4171.88,34.3,33.6,140.0,1,1,0.2655,1.057,56.18
W_c8e24308d7ed987a,ZONE_DEL_01,2026-08-24,1,44,1.2,1,42.8,4171.88,24.5,34.9,168.0,0,1,0.1811,1.041,51.64
W_c8e24308d7ed987a,ZONE_DEL_01,2026-08-31,1,44,1.2,1,42.8,4171.88,76.6,34.4,145.57142857142858,0,1,0.2815,1.128,60.71
W_c8e24308d7ed987a,ZONE_DEL_01,2026-09-07,1,44,1.2,1,42.8,4171.88,19.1,34.4,142.0,0,1,0.1495,1.032,49.82
W_c8e24308d7ed987a,ZONE_DEL_01,2026-09-14,1,44,1.2,1,42.8,4171.88,7.6,35.0,149.0,0,1,0.1288,1.013,48.03
W_c6885404a630931a,ZONE_BLR_01,2026-06-22,1,43,1.2,1,46.6,4186.82,16.3,30.1,135.25,0,1,0.1381,1.027,49.09
W_c6885404a630931a,ZONE_BLR_01,2026-06-29,1,43,1.2,1,46.6,4186.82,20.1,29.2,153.85714285714286,1,1,0.244,1.034,54.02
W_c6885404a630931a,ZONE_BLR_01,2026-07-06,1,43,1.2,1,46.6,4186.82,8.399999999999999,31.8,172.71428571428572,0,1,0.1484,1.014,48.91
W_c6885404a630931a,ZONE_BLR_01,2026-07-13,1,43,1.2,1,46.6,4186.82,16.8,32.1,124.57142857142856,0,1,0.1312,1.028,48.84
W_c6885404a630931a,ZONE_BLR_01,2026-07-20,1,43,1.2,1,46.6,4186.82,33.4,29.5,162.85714285714286,1,1,0.2806,1.056,56.8
W_c6885404a630931a,ZONE_BLR_01,2026-07-27,1,43,1.2,1,46.6,4186.82,28.8,29.7,169.42857142857142,0,1,0.1919,1.048,52.46
W_c6885404a630931a,ZONE_BLR_01,2026-08-03,1,43,1.2,1,46.6,4186.82,76.3,28.3,143.0,0,1,0.2789,1.127,60.54
W_c6885404a630931a,ZONE_BLR_01,2026-08-10,1,43,1.2,1,46.6,4186.82,19.9,30.7,129.0,0,1,0.1415,1.033,49.53
W_c6885404a630931a,ZONE_BLR_01,2026-08-17,1,43,1.2,1,46.6,4186.82,31.4,29.9,146.57142857142858,1,1,0.2639,1.052,55.84
W_c6885404a630931a,ZONE_BLR_01,2026-08-24,1,43,1.2,1,46.6,4186.82,35.7,28.8,167.14285714285714,0,1,0.2057,1.06,53.68
W_c6885404a630931a,ZONE_BLR_01,2026-08-31,1,43,1.2,1,46.6,4186.82,13.2,30.8,142.71428571428572,1,1,0.2201,1.022,52.37
W_c6885404a630931a,ZONE_BLR_01,2026-09-07,1,43,1.2,1,46.6,4186.82,8.5,31.0,128.28571428571428,0,1,0.1153,1.014,47.5
W_c6885404a630931a,ZONE_BLR_01,2026-09-14,1,43,1.2,1,46.6,4186.82,33.1,30.8,137.5,0,1,0.1776,1.055,52.18
W_324ffa8bbe5e7ad4,ZONE_BOM_01,2026-06-22,1,290,1.0,1,42.7,4352.66,24.8,31.1,184.0,0,1,0.1938,1.041,43.5
W_324ffa8bbe5e7ad4,ZONE_BOM_01,2026-06-29,1,290,1.0,1,42.7,4352.66,493.0,28.6,147.0,6,1,1.0,1.822,79.0
W_324ffa8bbe5e7ad4,ZONE_BOM_01,2026-07-06,1,290,1.0,1,42.7,4352.66,235.5,30.2,143.85714285714286,2,1,0.8044,1.392,79.0
W_324ffa8bbe5e7ad4,ZONE_BOM_01,2026-07-13,1,290,1.0,1,42.7,4352.66,92.5,30.6,156.42857142857142,1,1,0.4088,1.154,56.9
W_324ffa8bbe5e7ad4,ZONE_BOM_01,2026-07-20,1,290,1.0,1,42.7,4352.66,354.8,29.6,158.42857142857142,4,1,1.0,1.591,79.0
W_324ffa8bbe5e7ad4,ZONE_BOM_01,2026-07-27,1,290,1.0,1,42.7,4352.66,120.9,29.6,151.42857142857142,0,1,0.3856,1.202,58.29
W_324ffa8bbe5e7ad4,ZONE_BOM_01,2026-08-03,1,290,1.0,1,42.7,4352.66,76.8,29.7,139.0,0,1,0.277,1.128,50.42
W_324ffa8bbe5e7ad4,ZONE_BOM_01,2026-08-10,1,290,1.0,1,42.7,4352.66,96.6,29.7,142.57142857142858,0,1,0.3243,1.161,53.81
W_324ffa8bbe5e7ad4,ZONE_BOM_01,2026-08-17,1,290,1.0,1,42.7,4352.66,61.0,29.7,146.28571428571428,1,1,0.3303,1.102,51.31
W_324ffa8bbe5e7ad4,ZONE_BOM_01,2026-08-24,1,290,1.0,1,42.7,4352.66,36.4,29.6,134.0,1,1,0.2657,1.061,47.0
W_324ffa8bbe5e7ad4,ZONE_BOM_01,2026-08-31,1,290,1.0,1,42.7,4352.66,61.0,29.6,158.28571428571428,0,1,0.256,1.102,48.44
W_324ffa8bbe5e7ad4,ZONE_BOM_01,2026-09-07,1,290,1.0,1,42.7,4352.66,52.9,30.0,169.57142857142858,0,1,0.2462,1.088,47.46
W_324ffa8bbe5e7ad4,ZONE_BOM_01,2026-09-14,1,290,1.0,1,42.7,4352.66,23.3,30.0,162.0,0,1,0.1739,1.039,42.69
W_bf528323a1ddf0c4,ZONE_BLR_01,2026-06-22,1,294,1.0,1,56.5,5591.81,16.3,30.1,135.25,0,1,0.1381,1.027,40.91
W_bf528323a1ddf0c4,ZONE_BLR_01,2026-06-29,1,294,1.0,1,56.5,5591.81,20.1,29.2,153.85714285714286,1,1,0.244,1.034,45.02
W_bf528323a1ddf0c4,ZONE_BLR_01,2026-07-06,1,294,1.0,1,56.5,5591.81,8.399999999999999,31.8,172.71428571428572,0,1,0.1484,1.014,40.76
W_bf528323a1ddf0c4,ZONE_BLR_01,2026-07-13,1,294,1.0,1,56.5,5591.81,16.8,32.1,124.57142857142856,0,1,0.1312,1.028,40.7
W_bf528323a1ddf0c4,ZONE_BLR_01,2026-07-20,1,294,1.0,1,56.5,5591.81,33.4,29.5,162.85714285714286,1,1,0.2806,1.056,47.33
W_bf528323a1ddf0c4,ZONE_BLR_01,2026-07-27,1,294,1.0,1,56.5,5591.81,28.8,29.7,169.42857142857142,0,1,0.1919,1.048,43.72
W_bf528323a1ddf0c4,ZONE_BLR_01,2026-08-03,1,294,1.0,1,56.5,5591.81,76.3,28.3,143.0,0,1,0.2789,1.127,50.45
W_bf528323a1ddf0c4,ZONE_BLR_01,2026-08-10,1,294,1.0,1,56.5,5591.81,19.9,30.7,129.0,0,1,0.1415,1.033,41.27
W_bf528323a1ddf0c4,ZONE_BLR_01,2026-08-17,1,294,1.0,1,56.5,5591.81,31.4,29.9,146.57142857142858,1,1,0.2639,1.052,46.54
W_bf528323a1ddf0c4,ZONE_BLR_01,2026-08-24,1,294,1.0,1,56.5,5591.81,35.7,28.8,167.14285714285714,0,1,0.2057,1.06,44.73
W_bf528323a1ddf0c4,ZONE_BLR_01,2026-08-31,1,294,1.0,1,56.5,5591.81,13.2,30.8,142.71428571428572,1,1,0.2201,1.022,43.64
W_bf528323a1ddf0c4,ZONE_BLR_01,2026-09-07,1,294,1.0,1,56.5,5591.81,8.5,31.0,128.28571428571428,0,1,0.1153,1.014,39.58
W_bf528323a1ddf0c4,ZONE_BLR_01,2026-09-14,1,294,1.0,1,56.5,5591.81,33.1,30.8,137.5,0,1,0.1776,1.055,43.48
W_d1e323d965ebbf5b,ZONE_BOM_01,2026-06-22,1,365,1.0,0,23.5,2661.3,24.8,31.1,184.0,0,1,0.1938,1.041,43.5
W_d1e323d965ebbf5b,ZONE_BOM_01,2026-06-29,1,365,1.0,0,23.5,2661.3,493.0,28.6,147.0,6,1,1.0,1.822,79.0
W_d1e323d965ebbf5b,ZONE_BOM_01,2026-07-06,1,365,1.0,0,23.5,2661.3,235.5,30.2,143.85714285714286,2,1,0.8044,1.392,79.0
W_d1e323d965ebbf5b,ZONE_BOM_01,2026-07-13,1,365,1.0,0,23.5,2661.3,92.5,30.6,156.42857142857142,1,1,0.4088,1.154,56.9
W_d1e323d965ebbf5b,ZONE_BOM_01,2026-07-20,1,365,1.0,0,23.5,2661.3,354.8,29.6,158.42857142857142,4,1,1.0,1.591,79.0
W_d1e323d965ebbf5b,ZONE_BOM_01,2026-07-27,1,365,1.0,0,23.5,2661.3,120.9,29.6,151.42857142857142,0,1,0.3856,1.202,58.29
W_d1e323d965ebbf5b,ZONE_BOM_01,2026-08-03,1,365,1.0,0,23.5,2661.3,76.8,29.7,139.0,0,1,0.277,1.128,50.42
W_d1e323d965ebbf5b,ZONE_BOM_01,2026-08-10,1,365,1.0,0,23.5,2661.3,96.6,29.7,142.57142857142858,0,1,0.3243,1.161,53.81
W_d1e323d965ebbf5b,ZONE_BOM_01,2026-08-17,1,365,1.0,0,23.5,2661.3,61.0,29.7,146.28571428571428,1,1,0.3303,1.102,51.31
W_d1e323d965ebbf5b,ZONE_BOM_01,2026-08-24,1,365,1.0,0,23.5,2661.3,36.4,29.6,134.0,1,1,0.2657,1.061,47.0
W_d1e323d965ebbf5b,ZONE_BOM_01,2026-08-31,1,365,1.0,0,23.5,2661.3,61.0,29.6,158.28571428571428,0,1,0.256,1.102,48.44
W_d1e323d965ebbf5b,ZONE_BOM_01,2026-09-07,1,365,1.0,0,23.5,2661.3,52.9,30.0,169.57142857142858,0,1,0.2462,1.088,47.46
W_d1e323d965ebbf5b,ZONE_BOM_01,2026-09-14,1,365,1.0,0,23.5,2661.3,23.3,30.0,162.0,0,1,0.1739,1.039,42.69
W_f1e3f6f876e764f3,ZONE_DEL_01,2026-06-22,1,38,1.0,1,54.5,5846.82,4.0,41.9,188.25,0,1,0.1502,1.007,40.54
W_f1e3f6f876e764f3,ZONE_DEL_01,2026-06-29,1,38,1.0,1,54.5,5846.82,20.0,41.7,157.71428571428572,0,1,0.1633,1.033,42.06
W_f1e3f6f876e764f3,ZONE_DEL_01,2026-07-06,1,38,1.0,1,54.5,5846.82,122.9,36.7,156.0,2,1,0.5602,1.205,65.8
W_f1e3f6f876e764f3,ZONE_DEL_01,2026-07-13,1,38,1.0,1,54.5,5846.82,9.8,37.4,129.42857142857142,0,1,0.1191,1.016,39.8
W_f1e3f6f876e764f3,ZONE_DEL_01,2026-07-20,1,38,1.0,1,54.5,5846.82,74.3,33.7,132.71428571428572,0,1,0.2667,1.124,49.83
W_f1e3f6f876e764f3,ZONE_DEL_01,2026-07-27,1,38,1.0,1,54.5,5846.82,51.900000000000006,35.3,172.57142857142858,0,1,0.2462,1.086,47.37
W_f1e3f6f876e764f3,ZONE_DEL_01,2026-08-03,1,38,1.0,1,54.5,5846.82,132.8,33.8,126.57142857142856,1,1,0.4771,1.221,63.12
W_f1e3f6f876e764f3,ZONE_DEL_01,2026-08-10,1,38,1.0,1,54.5,5846.82,45.8,34.4,170.42857142857142,0,1,0.2309,1.076,46.36
W_f1e3f6f876e764f3,ZONE_DEL_01,2026-08-17,1,38,1.0,1,54.5,5846.82,34.3,33.6,140.0,1,1,0.2655,1.057,46.82
W_f1e3f6f876e764f3,ZONE_DEL_01,2026-08-24,1,38,1.0,1,54.5,5846.82,24.5,34.9,168.0,0,1,0.1811,1.041,43.03
W_f1e3f6f876e764f3,ZONE_DEL_01,2026-08-31,1,38,1.0,1,54.5,5846.82,76.6,34.4,145.57142857142858,0,1,0.2815,1.128,50.59
W_f1e3f6f876e764f3,ZONE_DEL_01,2026-09-07,1,38,1.0,1,54.5,5846.82,19.1,34.4,142.0,0,1,0.1495,1.032,41.52
W_f1e3f6f876e764f3,ZONE_DEL_01,2026-09-14,1,38,1.0,1,54.5,5846.82,7.6,35.0,149.0,0,1,0.1288,1.013,40.02
W_15d6fc2bd0f99831,ZONE_DEL_01,2026-06-22,1,63,1.05,1,47.0,4934.1,4.0,41.9,188.25,0,1,0.1502,1.007,42.57
W_15d6fc2bd0f99831,ZONE_DEL_01,2026-06-29,1,63,1.05,1,47.0,4934.1,20.0,41.7,157.71428571428572,0,1,0.1633,1.033,44.16
W_15d6fc2bd0f99831,ZONE_DEL_01,2026-07-06,1,63,1.05,1,47.0,4934.1,122.9,36.7,156.0,2,1,0.5602,1.205,69.09
W_15d6fc2bd0f99831,ZONE_DEL_01,2026-07-13,1,63,1.05,1,47.0,4934.1,9.8,37.4,129.42857142857142,0,1,0.1191,1.016,41.78
W_15d6fc2bd0f99831,ZONE_DEL_01,2026-07-20,1,63,1.05,1,47.0,4934.1,74.3,33.7,132.71428571428572,0,1,0.2667,1.124,52.32
W_15d6fc2bd0f99831,ZONE_DEL_01,2026-07-27,1,63,1.05,1,47.0,4934.1,51.900000000000006,35.3,172.57142857142858,0,1,0.2462,1.086,49.74
W_15d6fc2bd0f99831,ZONE_DEL_01,2026-08-03,1,63,1.05,1,47.0,4934.1,132.8,33.8,126.57142857142856,1,1,0.4771,1.221,66.28
W_15d6fc2bd0f99831,ZONE_DEL_01,2026-08-10,1,63,1.05,1,47.0,4934.1,45.8,34.4,170.42857142857142,0,1,0.2309,1.076,48.67
W_15d6fc2bd0f99831,ZONE_DEL_01,2026-08-17,1,63,1.05,1,47.0,4934.1,34.3,33.6,140.0,1,1,0.2655,1.057,49.16
W_15d6fc2bd0f99831,ZONE_DEL_01,2026-08-24,1,63,1.05,1,47.0,4934.1,24.5,34.9,168.0,0,1,0.1811,1.041,45.19
W_15d6fc2bd0f99831,ZONE_DEL_01,2026-08-31,1,63,1.05,1,47.0,4934.1,76.6,34.4,145.57142857142858,0,1,0.2815,1.128,53.12
W_15d6fc2bd0f99831,ZONE_DEL_01,2026-09-07,1,63,1.05,1,47.0,4934.1,19.1,34.4,142.0,0,1,0.1495,1.032,43.6
W_15d6fc2bd0f99831,ZONE_DEL_01,2026-09-14,1,63,1.05,1,47.0,4934.1,7.6,35.0,149.0,0,1,0.1288,1.013,42.02
W_45309da989e79e0b,ZONE_BLR_01,2026-06-22,1,81,1.0,1,47.8,5232.7,16.3,30.1,135.25,0,1,0.1381,1.027,40.91
W_45309da989e79e0b,ZONE_BLR_01,2026-06-29,1,81,1.0,1,47.8,5232.7,20.1,29.2,153.85714285714286,1,1,0.244,1.034,45.02
W_45309da989e79e0b,ZONE_BLR_01,2026-07-06,1,81,1.0,1,47.8,5232.7,8.399999999999999,31.8,172.71428571428572,0,1,0.1484,1.014,40.76
W_45309da989e79e0b,ZONE_BLR_01,2026-07-13,1,81,1.0,1,47.8,5232.7,16.8,32.1,124.57142857142856,0,1,0.1312,1.028,40.7
W_45309da989e79e0b,ZONE_BLR_01,2026-07-20,1,81,1.0,1,47.8,5232.7,33.4,29.5,162.85714285714286,1,1,0.2806,1.056,47.33
W_45309da989e79e0b,ZONE_BLR_01,2026-07-27,1,81,1.0,1,47.8,5232.7,28.8,29.7,169.42857142857142,0,1,0.1919,1.048,43.72
W_45309da989e79e0b,ZONE_BLR_01,2026-08-03,1,81,1.0,1,47.8,5232.7,76.3,28.3,143.0,0,1,0.2789,1.127,50.45
W_45309da989e79e0b,ZONE_BLR_01,2026-08-10,1,81,1.0,1,47.8,5232.7,19.9,30.7,129.0,0,1,0.1415,1.033,41.27
W_45309da989e79e0b,ZONE_BLR_01,2026-08-17,1,81,1.0,1,47.8,5232.7,31.4,29.9,146.57142857142858,1,1,0.2639,1.052,46.54
W_45309da989e79e0b,ZONE_BLR_01,2026-08-24,1,81,1.0,1,47.8,5232.7,35.7,28.8,167.14285714285714,0,1,0.2057,1.06,44.73
W_45309da989e79e0b,ZONE_BLR_01,2026-08-31,1,81,1.0,1,47.8,5232.7,13.2,30.8,142.71428571428572,1,1,0.2201,1.022,43.64
W_45309da989e79e0b,ZONE_BLR_01,2026-09-07,1,81,1.0,1,47.8,5232.7,8.5,31.0,128.28571428571428,0,1,0.1153,1.014,39.58
W_45309da989e79e0b,ZONE_BLR_01,2026-09-14,1,81,1.0,1,47.8,5232.7,33.1,30.8,137.5,0,1,0.1776,1.055,43.48
W_6f828cfa696b66e4,ZONE_BOM_01,2026-06-22,1,196,1.05,1,55.0,5768.56,24.8,31.1,184.0,0,1,0.1938,1.041,45.67
W_6f828cfa696b66e4,ZONE_BOM_01,2026-06-29,1,196,1.05,1,55.0,5768.56,493.0,28.6,147.0,6,1,1.0,1.822,79.0
W_6f828cfa696b66e4,ZONE_BOM_01,2026-07-06,1,196,1.05,1,55.0,5768.56,235.5,30.2,143.85714285714286,2,1,0.8044,1.392,79.0
W_6f828cfa696b66e4,ZONE_BOM_01,2026-07-13,1,196,1.05,1,55.0,5768.56,92.5,30.6,156.42857142857142,1,1,0.4088,1.154,59.75
W_6f828cfa696b66e4,ZONE_BOM_01,2026-07-20,1,196,1.05,1,55.0,5768.56,354.8,29.6,158.42857142857142,4,1,1.0,1.591,79.0
W_6f828cfa696b66e4,ZONE_BOM_01,2026-07-27,1,196,1.05,1,55.0,5768.56,120.9,29.6,151.42857142857142,0,1,0.3856,1.202,61.21
W_6f828cfa696b66e4,ZONE_BOM_01,2026-08-03,1,196,1.05,1,55.0,5768.56,76.8,29.7,139.0,0,1,0.277,1.128,52.94
W_6f828cfa696b66e4,ZONE_BOM_01,2026-08-10,1,196,1.05,1,55.0,5768.56,96.6,29.7,142.57142857142858,0,1,0.3243,1.161,56.5
W_6f828cfa696b66e4,ZONE_BOM_01,2026-08-17,1,196,1.05,1,55.0,5768.56,61.0,29.7,146.28571428571428,1,1,0.3303,1.102,53.88
W_6f828cfa696b66e4,ZONE_BOM_01,2026-08-24,1,196,1.05,1,55.0,5768.56,36.4,29.6,134.0,1,1,0.2657,1.061,49.35
W_6f828cfa696b66e4,ZONE_BOM_01,2026-08-31,1,196,1.05,1,55.0,5768.56,61.0,29.6,158.28571428571428,0,1,0.256,1.102,50.87
W_6f828cfa696b66e4,ZONE_BOM_01,2026-09-07,1,196,1.05,1,55.0,5768.56,52.9,30.0,169.57142857142858,0,1,0.2462,1.088,49.83
W_6f828cfa696b66e4,ZONE_BOM_01,2026-09-14,1,196,1.05,1,55.0,5768.56,23.3,30.0,162.0,0,1,0.1739,1.039,44.82
W_f0dfeeb5232d5b8a,ZONE_BOM_01,2026-06-22,1,343,1.0,0,17.6,1765.95,24.8,31.1,184.0,0,1,0.1938,1.041,43.5
W_f0dfeeb5232d5b8a,ZONE_BOM_01,2026-06-29,1,343,1.0,0,17.6,1765.95,493.0,28.6,147.0,6,1,1.0,1.822,79.0
W_f0dfeeb5232d5b8a,ZONE_BOM_01,2026-07-06,1,343,1.0,0,17.6,1765.95,235.5,30.2,143.85714285714286,2,1,0.8044,1.392,79.0
W_f0dfeeb5232d5b8a,ZONE_BOM_01,2026-07-13,1,343,1.0,0,17.6,1765.95,92.5,30.6,156.42857142857142,1,1,0.4088,1.154,56.9
W_f0dfeeb5232d5b8a,ZONE_BOM_01,2026-07-20,1,343,1.0,0,17.6,1765.95,354.8,29.6,158.42857142857142,4,1,1.0,1.591,79.0
W_f0dfeeb5232d5b8a,ZONE_BOM_01,2026-07-27,1,343,1.0,0,17.6,1765.95,120.9,29.6,151.42857142857142,0,1,0.3856,1.202,58.29
W_f0dfeeb5232d5b8a,ZONE_BOM_01,2026-08-03,1,343,1.0,0,17.6,1765.95,76.8,29.7,139.0,0,1,0.277,1.128,50.42
W_f0dfeeb5232d5b8a,ZONE_BOM_01,2026-08-10,1,343,1.0,0,17.6,1765.95,96.6,29.7,142.57142857142858,0,1,0.3243,1.161,53.81
W_f0dfeeb5232d5b8a,ZONE_BOM_01,2026-08-17,1,343,1.0,0,17.6,1765.95,61.0,29.7,146.28571428571428,1,1,0.3303,1.102,51.31
W_f0dfeeb5232d5b8a,ZONE_BOM_01,2026-08-24,1,343,1.0,0,17.6,1765.95,36.4,29.6,134.0,1,1,0.2657,1.061,47.0
W_f0dfeeb5232d5b8a,ZONE_BOM_01,2026-08-31,1,343,1.0,0,17.6,1765.95,61.0,29.6,158.28571428571428,0,1,0.256,1.102,48.44
W_f0dfeeb5232d5b8a,ZONE_BOM_01,2026-09-07,1,343,1.0,0,17.6,1765.95,52.9,30.0,169.57142857142858,0,1,0.2462,1.088,47.46
W_f0dfeeb5232d5b8a,ZONE_BOM_01,2026-09-14,1,343,1.0,0,17.6,1765.95,23.3,30.0,162.0,0,1,0.1739,1.039,42.69
W_ceedd2206c87cd76,ZONE_HYD_01,2026-06-22,1,86,1.05,1,53.9,5327.41,21.8,32.6,156.25,1,1,0.2496,1.036,47.58
W_ceedd2206c87cd76,ZONE_HYD_01,2026-06-29,1,86,1.05,1,53.9,5327.41,35.9,29.8,132.14285714285714,0,1,0.1799,1.06,45.96
W_ceedd2206c87cd76,ZONE_HYD_01,2026-07-06,1,86,1.05,1,53.9,5327.41,6.2,33.3,165.28571428571428,0,1,0.1379,1.01,42.24
W_ceedd2206c87cd76,ZONE_HYD_01,2026-07-13,1,86,1.05,1,53.9,5327.41,26.8,33.9,155.14285714285714,1,1,0.26,1.045,48.39
W_ceedd2206c87cd76,ZONE_HYD_01,2026-07-20,1,86,1.05,1,53.9,5327.41,38.8,30.0,132.85714285714286,0,1,0.1869,1.065,46.45
W_ceedd2206c87cd76,ZONE_HYD_01,2026-07-27,1,86,1.05,1,53.9,5327.41,70.5,30.6,137.0,0,1,0.2614,1.118,51.83
W_ceedd2206c87cd76,ZONE_HYD_01,2026-08-03,1,86,1.05,1,53.9,5327.41,20.5,30.6,136.28571428571428,0,1,0.1483,1.034,43.63
W_ceedd2206c87cd76,ZONE_HYD_01,2026-08-10,1,86,1.05,1,53.9,5327.41,12.6,30.8,137.42857142857142,0,1,0.1314,1.021,42.45
W_ceedd2206c87cd76,ZONE_HYD_01,2026-08-17,1,86,1.05,1,53.9,5327.41,18.2,31.5,148.85714285714286,1,1,0.2359,1.03,46.78
W_ceedd2206c87cd76,ZONE_HYD_01,2026-08-24,1,86,1.05,1,53.9,5327.41,10.4,30.4,140.14285714285714,0,1,0.1285,1.017,42.18
W_ceedd2206c87cd76,ZONE_HYD_01,2026-08-31,1,86,1.05,1,53.9,5327.41,8.8,32.0,159.14285714285714,0,1,0.1392,1.015,42.49
W_ceedd2206c87cd76,ZONE_HYD_01,2026-09-07,1,86,1.05,1,53.9,5327.41,26.3,32.2,156.57142857142858,1,1,0.2599,1.044,48.34
W_ceedd2206c87cd76,ZONE_HYD_01,2026-09-14,1,86,1.05,1,53.9,5327.41,12.7,33.4,147.5,0,1,0.1392,1.021,42.74
W_6433eaaed98a697a,ZONE_DEL_01,2026-06-22,1,104,1.05,1,48.5,5165.07,4.0,41.9,188.25,0,1,0.1502,1.007,42.57
W_6433eaaed98a697a,ZONE_DEL_01,2026-06-29,1,104,1.05,1,48.5,5165.07,20.0,41.7,157.71428571428572,0,1,0.1633,1.033,44.16
W_6433eaaed98a697a,ZONE_DEL_01,2026-07-06,1,104,1.05,1,48.5,5165.07,122.9,36.7,156.0,2,1,0.5602,1.205,69.09
W_6433eaaed98a697a,ZONE_DEL_01,2026-07-13,1,104,1.05,1,48.5,5165.07,9.8,37.4,129.42857142857142,0,1,0.1191,1.016,41.78
W_6433eaaed98a697a,ZONE_DEL_01,2026-07-20,1,104,1.05,1,48.5,5165.07,74.3,33.7,132.71428571428572,0,1,0.2667,1.124,52.32
W_6433eaaed98a697a,ZONE_DEL_01,2026-07-27,1,104,1.05,1,48.5,5165.07,51.900000000000006,35.3,172.57142857142858,0,1,0.2462,1.086,49.74
W_6433eaaed98a697a,ZONE_DEL_01,2026-08-03,1,104,1.05,1,48.5,5165.07,132.8,33.8,126.57142857142856,1,1,0.4771,1.221,66.28
W_6433eaaed98a697a,ZONE_DEL_01,2026-08-10,1,104,1.05,1,48.5,5165.07,45.8,34.4,170.42857142857142,0,1,0.2309,1.076,48.67
W_6433eaaed98a697a,ZONE_DEL_01,2026-08-17,1,104,1.05,1,48.5,5165.07,34.3,33.6,140.0,1,1,0.2655,1.057,49.16
W_6433eaaed98a697a,ZONE_DEL_01,2026-08-24,1,104,1.05,1,48.5,5165.07,24.5,34.9,168.0,0,1,0.1811,1.041,45.19
W_6433eaaed98a697a,ZONE_DEL_01,2026-08-31,1,104,1.05,1,48.5,5165.07,76.6,34.4,145.57142857142858,0,1,0.2815,1.128,53.12
W_6433eaaed98a697a,ZONE_DEL_01,2026-09-07,1,104,1.05,1,48.5,5165.07,19.1,34.4,142.0,0,1,0.1495,1.032,43.6
W_6433eaaed98a697a,ZONE_DEL_01,2026-09-14,1,104,1.05,1,48.5,5165.07,7.6,35.0,149.0,0,1,0.1288,1.013,42.02
W_a0660018b5c7bfbb,ZONE_MAA_01,2026-06-22,1,119,1.2,1,43.8,4034.06,33.7,37.6,159.25,0,1,0.1953,1.056,53.01
W_a0660018b5c7bfbb,ZONE_MAA_01,2026-06-29,1,119,1.2,1,43.8,4034.06,11.8,38.4,123.0,0,1,0.1188,1.02,47.93
W_a0660018b5c7bfbb,ZONE_MAA_01,2026-07-06,1,119,1.2,1,43.8,4034.06,9.3,39.2,163.28571428571428,1,1,0.2267,1.016,52.35
W_a0660018b5c7bfbb,ZONE_MAA_01,2026-07-13,1,119,1.2,1,43.8,4034.06,11.3,38.7,141.57142857142858,0,1,0.1316,1.019,48.43
W_a0660018b5c7bfbb,ZONE_MAA_01,2026-07-20,1,119,1.2,1,43.8,4034.06,35.6,36.4,131.57142857142858,0,1,0.1788,1.059,52.43
W_a0660018b5c7bfbb,ZONE_MAA_01,2026-07-27,1,119,1.2,1,43.8,4034.06,26.0,37.6,145.14285714285714,0,1,0.1674,1.043,51.14
W_a0660018b5c7bfbb,ZONE_MAA_01,2026-08-03,1,119,1.2,1,43.8,4034.06,38.5,34.8,150.71428571428572,0,1,0.1997,1.064,53.61
W_a0660018b5c7bfbb,ZONE_MAA_01,2026-08-10,1,119,1.2,1,43.8,4034.06,15.6,35.5,153.57142857142858,1,1,0.2336,1.026,53.16
W_a0660018b5c7bfbb,ZONE_MAA_01,2026-08-17,1,119,1.2,1,43.8,4034.06,29.4,36.3,143.71428571428572,0,1,0.1739,1.049,51.72
W_a0660018b5c7bfbb,ZONE_MAA_01,2026-08-24,1,119,1.2,1,43.8,4034.06,15.1,36.6,144.14285714285714,1,1,0.2254,1.025,52.75
W_a0660018b5c7bfbb,ZONE_MAA_01,2026-08-31,1,119,1.2,1,43.8,4034.06,13.1,35.6,156.85714285714286,1,1,0.2305,1.022,52.82
W_a0660018b5c7bfbb,ZONE_MAA_01,2026-09-07,1,119,1.2,1,43.8,4034.06,23.3,35.6,136.57142857142858,0,1,0.1549,1.039,50.4
W_a0660018b5c7bfbb,ZONE_MAA_01,2026-09-14,1,119,1.2,1,43.8,4034.06,27.4,36.0,152.75,1,1,0.2595,1.046,55.33
W_b73755066d8f7bee,ZONE_HYD_01,2026-06-22,1,150,1.05,1,58.3,6297.85,21.8,32.6,156.25,1,1,0.2496,1.036,47.58
W_b73755066d8f7bee,ZONE_HYD_01,2026-06-29,1,150,1.05,1,58.3,6297.85,35.9,29.8,132.14285714285714,0,1,0.1799,1.06,45.96
W_b73755066d8f7bee,ZONE_HYD_01,2026-07-06,1,150,1.05,1,58.3,6297.85,6.2,33.3,165.28571428571428,0,1,0.1379,1.01,42.24
W_b73755066d8f7bee,ZONE_HYD_01,2026-07-13,1,150,1.05,1,58.3,6297.85,26.8,33.9,155.14285714285714,1,1,0.26,1.045,48.39
W_b73755066d8f7bee,ZONE_HYD_01,2026-07-20,1,150,1.05,1,58.3,6297.85,38.8,30.0,132.85714285714286,0,1,0.1869,1.065,46.45
W_b73755066d8f7bee,ZONE_HYD_01,2026-07-27,1,150,1.05,1,58.3,6297.85,70.5,30.6,137.0,0,1,0.2614,1.118,51.83
W_b73755066d8f7bee,ZONE_HYD_01,2026-08-03,1,150,1.05,1,58.3,6297.85,20.5,30.6,136.28571428571428,0,1,0.1483,1.034,43.63
W_b73755066d8f7bee,ZONE_HYD_01,2026-08-10,1,150,1.05,1,58.3,6297.85,12.6,30.8,137.42857142857142,0,1,0.1314,1.021,42.45
W_b73755066d8f7bee,ZONE_HYD_01,2026-08-17,1,150,1.05,1,58.3,6297.85,18.2,31.5,148.85714285714286,1,1,0.2359,1.03,46.78
W_b73755066d8f7bee,ZONE_HYD_01,2026-08-24,1,150,1.05,1,58.3,6297.85,10.4,30.4,140.14285714285714,0,1,0.1285,1.017,42.18
W_b73755066d8f7bee,ZONE_HYD_01,2026-08-31,1,150,1.05,1,58.3,6297.85,8.8,32.0,159.14285714285714,0,1,0.1392,1.015,42.49
W_b73755066d8f7bee,ZONE_HYD_01,2026-09-07,1,150,1.05,1,58.3,6297.85,26.3,32.2,156.57142857142858,1,1,0.2599,1.044,48.34
W_b73755066d8f7bee,ZONE_HYD_01,2026-09-14,1,150,1.05,1,58.3,6297.85,12.7,33.4,147.5,0,1,0.1392,1.021,42.74
W_c5c1c0b9e16fbae0,ZONE_MAA_01,2026-06-22,1,125,1.0,1,55.0,5814.13,33.7,37.6,159.25,0,1,0.1953,1.056,44.18
W_c5c1c0b9e16fbae0,ZONE_MAA_01,2026-06-29,1,125,1.0,1,55.0,5814.13,11.8,38.4,123.0,0,1,0.1188,1.02,39.94
W_c5c1c0b9e16fbae0,ZONE_MAA_01,2026-07-06,1,125,1.0,1,55.0,5814.13,9.3,39.2,163.28571428571428,1,1,0.2267,1.016,43.62
W_c5c1c0b9e16fbae0,ZONE_MAA_01,2026-07-13,1,125,1.0,1,55.0,5814.13,11.3,38.7,141.57142857142858,0,1,0.1316,1.019,40.36
W_c5c1c0b9e16fbae0,ZONE_MAA_01,2026-07-20,1,125,1.0,1,55.0,5814.13,35.6,36.4,131.57142857142858,0,1,0.1788,1.059,43.69
W_c5c1c0b9e16fbae0,ZONE_MAA_01,2026-07-27,1,125,1.0,1,55.0,5814.13,26.0,37.6,145.14285714285714,0,1,0.1674,1.043,42.62
W_c5c1c0b9e16fbae0,ZONE_MAA_01,2026-08-03,1,125,1.0,1,55.0,5814.13,38.5,34.8,150.71428571428572,0,1,0.1997,1.064,44.68
W_c5c1c0b9e16fbae0,ZONE_MAA_01,2026-08-10,1,125,1.0,1,55.0,5814.13,15.6,35.5,153.57142857142858,1,1,0.2336,1.026,44.3
W_c5c1c0b9e16fbae0,ZONE_MAA_01,2026-08-17,1,125,1.0,1,55.0,5814.13,29.4,36.3,143.71428571428572,0,1,0.1739,1.049,43.1
W_c5c1c0b9e16fbae0,ZONE_MAA_01,2026-08-24,1,125,1.0,1,55.0,5814.13,15.1,36.6,144.14285714285714,1,1,0.2254,1.025,43.96
W_c5c1c0b9e16fbae0,ZONE_MAA_01,2026-08-31,1,125,1.0,1,55.0,5814.13,13.1,35.6,156.85714285714286,1,1,0.2305,1.022,44.01
W_c5c1c0b9e16fbae0,ZONE_MAA_01,2026-09-07,1,125,1.0,1,55.0,5814.13,23.3,35.6,136.57142857142858,0,1,0.1549,1.039,42.0
W_c5c1c0b9e16fbae0,ZONE_MAA_01,2026-09-14,1,125,1.0,1,55.0,5814.13,27.4,36.0,152.75,1,1,0.2595,1.046,46.11
W_3dc1c5e0c4515940,ZONE_HYD_01,2026-06-22,1,100,1.0,1,47.0,4632.33,21.8,32.6,156.25,1,1,0.2496,1.036,45.31
W_3dc1c5e0c4515940,ZONE_HYD_01,2026-06-29,1,100,1.0,1,47.0,4632.33,35.9,29.8,132.14285714285714,0,1,0.1799,1.06,43.77
W_3dc1c5e0c4515940,ZONE_HYD_01,2026-07-06,1,100,1.0,1,47.0,4632.33,6.2,33.3,165.28571428571428,0,1,0.1379,1.01,40.22
W_3dc1c5e0c4515940,ZONE_HYD_01,2026-07-13,1,100,1.0,1,47.0,4632.33,26.8,33.9,155.14285714285714,1,1,0.26,1.045,46.08
W_3dc1c5e0c4515940,ZONE_HYD_01,2026-07-20,1,100,1.0,1,47.0,4632.33,38.8,30.0,132.85714285714286,0,1,0.1869,1.065,44.24
W_3dc1c5e0c4515940,ZONE_HYD_01,2026-07-27,1,100,1.0,1,47.0,4632.33,70.5,30.6,137.0,0,1,0.2614,1.118,49.36
W_3dc1c5e0c4515940,ZONE_HYD_01,2026-08-03,1,100,1.0,1,47.0,4632.33,20.5,30.6,136.28571428571428,0,1,0.1483,1.034,41.56
W_3dc1c5e0c4515940,ZONE_HYD_01,2026-08-10,1,100,1.0,1,47.0,4632.33,12.6,30.8,137.42857142857142,0,1,0.1314,1.021,40.43
W_3dc1c5e0c4515940,ZONE_HYD_01,2026-08-17,1,100,1.0,1,47.0,4632.33,18.2,31.5,148.85714285714286,1,1,0.2359,1.03,44.55
W_3dc1c5e0c4515940,ZONE_HYD_01,2026-08-24,1,100,1.0,1,47.0,4632.33,10.4,30.4,140.14285714285714,0,1,0.1285,1.017,40.17
W_3dc1c5e0c4515940,ZONE_HYD_01,2026-08-31,1,100,1.0,1,47.0,4632.33,8.8,32.0,159.14285714285714,0,1,0.1392,1.015,40.47
W_3dc1c5e0c4515940,ZONE_HYD_01,2026-09-07,1,100,1.0,1,47.0,4632.33,26.3,32.2,156.57142857142858,1,1,0.2599,1.044,46.04
W_3dc1c5e0c4515940,ZONE_HYD_01,2026-09-14,1,100,1.0,1,47.0,4632.33,12.7,33.4,147.5,0,1,0.1392,1.021,40.71
W_d5e174d6541fdf55,ZONE_HYD_01,2026-06-22,1,38,1.0,1,54.9,5567.28,21.8,32.6,156.25,1,1,0.2496,1.036,45.31
W_d5e174d6541fdf55,ZONE_HYD_01,2026-06-29,1,38,1.0,1,54.9,5567.28,35.9,29.8,132.14285714285714,0,1,0.1799,1.06,43.77
W_d5e174d6541fdf55,ZONE_HYD_01,2026-07-06,1,38,1.0,1,54.9,5567.28,6.2,33.3,165.28571428571428,0,1,0.1379,1.01,40.22
W_d5e174d6541fdf55,ZONE_HYD_01,2026-07-13,1,38,1.0,1,54.9,5567.28,26.8,33.9,155.14285714285714,1,1,0.26,1.045,46.08
W_d5e174d6541fdf55,ZONE_HYD_01,2026-07-20,1,38,1.0,1,54.9,5567.28,38.8,30.0,132.85714285714286,0,1,0.1869,1.065,44.24
W_d5e174d6541fdf55,ZONE_HYD_01,2026-07-27,1,38,1.0,1,54.9,5567.28,70.5,30.6,137.0,0,1,0.2614,1.118,49.36
W_d5e174d6541fdf55,ZONE_HYD_01,2026-08-03,1,38,1.0,1,54.9,5567.28,20.5,30.6,136.28571428571428,0,1,0.1483,1.034,41.56
W_d5e174d6541fdf55,ZONE_HYD_01,2026-08-10,1,38,1.0,1,54.9,5567.28,12.6,30.8,137.42857142857142,0,1,0.1314,1.021,40.43
W_d5e174d6541fdf55,ZONE_HYD_01,2026-08-17,1,38,1.0,1,54.9,5567.28,18.2,31.5,148.85714285714286,1,1,0.2359,1.03,44.55
W_d5e174d6541fdf55,ZONE_HYD_01,2026-08-24,1,38,1.0,1,54.9,5567.28,10.4,30.4,140.14285714285714,0,1,0.1285,1.017,40.17
W_d5e174d6541fdf55,ZONE_HYD_01,2026-08-31,1,38,1.0,1,54.9,5567.28,8.8,32.0,159.14285714285714,0,1,0.1392,1.015,40.47
W_d5e174d6541fdf55,ZONE_HYD_01,2026-09-07,1,38,1.0,1,54.9,5567.28,26.3,32.2,156.57142857142858,1,1,0.2599,1.044,46.04
W_d5e174d6541fdf55,ZONE_HYD_01,2026-09-14,1,38,1.0,1,54.9,5567.28,12.7,33.4,147.5,0,1,0.1392,1.021,40.71
W_1f0259ac1eb10568,ZONE_BLR_01,2026-06-22,1,238,1.0,1,50.3,5597.47,16.3,30.1,135.25,0,1,0.1381,1.027,40.91
W_1f0259ac1eb10568,ZONE_BLR_01,2026-06-29,1,238,1.0,1,50.3,5597.47,20.1,29.2,153.85714285714286,1,1,0.244,1.034,45.02
W_1f0259ac1eb10568,ZONE_BLR_01,2026-07-06,1,238,1.0,1,50.3,5597.47,8.399999999999999,31.8,172.71428571428572,0,1,0.1484,1.014,40.76
W_1f0259ac1eb10568,ZONE_BLR_01,2026-07-13,1,238,1.0,1,50.3,5597.47,16.8,32.1,124.57142857142856,0,1,0.1312,1.028,40.7
W_1f0259ac1eb10568,ZONE_BLR_01,2026-07-20,1,238,1.0,1,50.3,5597.47,33.4,29.5,162.85714285714286,1,1,0.2806,1.056,47.33
W_1f0259ac1eb10568,ZONE_BLR_01,2026-07-27,1,238,1.0,1,50.3,5597.47,28.8,29.7,169.42857142857142,0,1,0.1919,1.048,43.72
W_1f0259ac1eb10568,ZONE_BLR_01,2026-08-03,1,238,1.0,1,50.3,5597.47,76.3,28.3,143.0,0,1,0.2789,1.127,50.45
W_1f0259ac1eb10568,ZONE_BLR_01,2026-08-10,1,238,1.0,1,50.3,5597.47,19.9,30.7,129.0,0,1,0.1415,1.033,41.27
W_1f0259ac1eb10568,ZONE_BLR_01,2026-08-17,1,238,1.0,1,50.3,5597.47,31.4,29.9,146.57142857142858,1,1,0.2639,1.052,46.54
W_1f0259ac1eb10568,ZONE_BLR_01,2026-08-24,1,238,1.0,1,50.3,5597.47,35.7,28.8,167.14285714285714,0,1,0.2057,1.06,44.73
W_1f0259ac1eb10568,ZONE_BLR_01,2026-08-31,1,238,1.0,1,50.3,5597.47,13.2,30.8,142.71428571428572,1,1,0.2201,1.022,43.64
W_1f0259ac1eb10568,ZONE_BLR_01,2026-09-07,1,238,1.0,1,50.3,5597.47,8.5,31.0,128.28571428571428,0,1,0.1153,1.014,39.58
W_1f0259ac1eb10568,ZONE_BLR_01,2026-09-14,1,238,1.0,1,50.3,5597.47,33.1,30.8,137.5,0,1,0.1776,1.055,43.48
W_1ed2975b552c19ef,ZONE_DEL_01,2026-06-22,1,120,1.05,0,30.0,2982.27,4.0,41.9,188.25,0,1,0.1502,1.007,42.57
W_1ed2975b552c19ef,ZONE_DEL_01,2026-06-29,1,120,1.05,0,30.0,2982.27,20.0,41.7,157.71428571428572,0,1,0.1633,1.033,44.16
W_1ed2975b552c19ef,ZONE_DEL_01,2026-07-06,1,120,1.05,0,30.0,2982.27,122.9,36.7,156.0,2,1,0.5602,1.205,69.09
W_1ed2975b552c19ef,ZONE_DEL_01,2026-07-13,1,120,1.05,0,30.0,2982.27,9.8,37.4,129.42857142857142,0,1,0.1191,1.016,41.78
W_1ed2975b552c19ef,ZONE_DEL_01,2026-07-20,1,120,1.05,0,30.0,2982.27,74.3,33.7,132.71428571428572,0,1,0.2667,1.124,52.32
W_1ed2975b552c19ef,ZONE_DEL_01,2026-07-27,1,120,1.05,0,30.0,2982.27,51.900000000000006,35.3,172.57142857142858,0,1,0.2462,1.086,49.74
W_1ed2975b552c19ef,ZONE_DEL_01,2026-08-03,1,120,1.05,0,30.0,2982.27,132.8,33.8,126.57142857142856,1,1,0.4771,1.221,66.28
W_1ed2975b552c19ef,ZONE_DEL_01,2026-08-10,1,120,1.05,0,30.0,2982.27,45.8,34.4,170.42857142857142,0,1,0.2309,1.076,48.67
W_1ed2975b552c19ef,ZONE_DEL_01,2026-08-17,1,120,1.05,0,30.0,2982.27,34.3,33.6,140.0,1,1,0.2655,1.057,49.16
W_1ed2975b552c19ef,ZONE_DEL_01,2026-08-24,1,120,1.05,0,30.0,2982.27,24.5,34.9,168.0,0,1,0.1811,1.041,45.19
W_1ed2975b552c19ef,ZONE_DEL_01,2026-08-31,1,120,1.05,0,30.0,2982.27,76.6,34.4,145.57142857142858,0,1,0.2815,1.128,53.12
W_1ed2975b552c19ef,ZONE_DEL_01,2026-09-07,1,120,1.05,0,30.0,2982.27,19.1,34.4,142.0,0,1,0.1495,1.032,43.6
W_1ed2975b552c19ef,ZONE_DEL_01,2026-09-14,1,120,1.05,0,30.0,2982.27,7.6,35.0,149.0,0,1,0.1288,1.013,42.02
W_fe28cf7be69f9956,ZONE_DEL_01,2026-06-22,1,795,1.05,0,33.2,3377.31,4.0,41.9,188.25,0,1,0.1502,1.007,42.57
W_fe28cf7be69f9956,ZONE_DEL_01,2026-06-29,1,795,1.05,0,33.2,3377.31,20.0,41.7,157.71428571428572,0,1,0.1633,1.033,44.16
W_fe28cf7be69f9956,ZONE_DEL_01,2026-07-06,1,795,1.05,0,33.2,3377.31,122.9,36.7,156.0,2,1,0.5602,1.205,69.09
W_fe28cf7be69f9956,ZONE_DEL_01,2026-07-13,1,795,1.05,0,33.2,3377.31,9.8,37.4,129.42857142857142,0,1,0.1191,1.016,41.78
W_fe28cf7be69f9956,ZONE_DEL_01,2026-07-20,1,795,1.05,0,33.2,3377.31,74.3,33.7,132.71428571428572,0,1,0.2667,1.124,52.32
W_fe28cf7be69f9956,ZONE_DEL_01,2026-07-27,1,795,1.05,0,33.2,3377.31,51.900000000000006,35.3,172.57142857142858,0,1,0.2462,1.086,49.74
W_fe28cf7be69f9956,ZONE_DEL_01,2026-08-03,1,795,1.05,0,33.2,3377.31,132.8,33.8,126.57142857142856,1,1,0.4771,1.221,66.28
W_fe28cf7be69f9956,ZONE_DEL_01,2026-08-10,1,795,1.05,0,33.2,3377.31,45.8,34.4,170.42857142857142,0,1,0.2309,1.076,48.67
W_fe28cf7be69f9956,ZONE_DEL_01,2026-08-17,1,795,1.05,0,33.2,3377.31,34.3,33.6,140.0,1,1,0.2655,1.057,49.16
W_fe28cf7be69f9956,ZONE_DEL_01,2026-08-24,1,795,1.05,0,33.2,3377.31,24.5,34.9,168.0,0,1,0.1811,1.041,45.19
W_fe28cf7be69f9956,ZONE_DEL_01,2026-08-31,1,795,1.05,0,33.2,3377.31,76.6,34.4,145.57142857142858,0,1,0.2815,1.128,53.12
W_fe28cf7be69f9956,ZONE_DEL_01,2026-09-07,1,795,1.05,0,33.2,3377.31,19.1,34.4,142.0,0,1,0.1495,1.032,43.6
W_fe28cf7be69f9956,ZONE_DEL_01,2026-09-14,1,795,1.05,0,33.2,3377.31,7.6,35.0,149.0,0,1,0.1288,1.013,42.02
W_2ec0dce8b6e387ed,ZONE_DEL_01,2026-06-22,1,16,1.2,0,26.2,2345.74,4.0,41.9,188.25,0,1,0.1502,1.007,48.65
W_2ec0dce8b6e387ed,ZONE_DEL_01,2026-06-29,1,16,1.2,0,26.2,2345.74,20.0,41.7,157.71428571428572,0,1,0.1633,1.033,50.47
W_2ec0dce8b6e387ed,ZONE_DEL_01,2026-07-06,1,16,1.2,0,26.2,2345.74,122.9,36.7,156.0,2,1,0.5602,1.205,78.96
W_2ec0dce8b6e387ed,ZONE_DEL_01,2026-07-13,1,16,1.2,0,26.2,2345.74,9.8,37.4,129.42857142857142,0,1,0.1191,1.016,47.75
W_2ec0dce8b6e387ed,ZONE_DEL_01,2026-07-20,1,16,1.2,0,26.2,2345.74,74.3,33.7,132.71428571428572,0,1,0.2667,1.124,59.8
W_2ec0dce8b6e387ed,ZONE_DEL_01,2026-07-27,1,16,1.2,0,26.2,2345.74,51.900000000000006,35.3,172.57142857142858,0,1,0.2462,1.086,56.84
W_2ec0dce8b6e387ed,ZONE_DEL_01,2026-08-03,1,16,1.2,0,26.2,2345.74,132.8,33.8,126.57142857142856,1,1,0.4771,1.221,75.75
W_2ec0dce8b6e387ed,ZONE_DEL_01,2026-08-10,1,16,1.2,0,26.2,2345.74,45.8,34.4,170.42857142857142,0,1,0.2309,1.076,55.63
W_2ec0dce8b6e387ed,ZONE_DEL_01,2026-08-17,1,16,1.2,0,26.2,2345.74,34.3,33.6,140.0,1,1,0.2655,1.057,56.18
W_2ec0dce8b6e387ed,ZONE_DEL_01,2026-08-24,1,16,1.2,0,26.2,2345.74,24.5,34.9,168.0,0,1,0.1811,1.041,51.64
W_2ec0dce8b6e387ed,ZONE_DEL_01,2026-08-31,1,16,1.2,0,26.2,2345.74,76.6,34.4,145.57142857142858,0,1,0.2815,1.128,60.71
W_2ec0dce8b6e387ed,ZONE_DEL_01,2026-09-07,1,16,1.2,0,26.2,2345.74,19.1,34.4,142.0,0,1,0.1495,1.032,49.82
W_2ec0dce8b6e387ed,ZONE_DEL_01,2026-09-14,1,16,1.2,0,26.2,2345.74,7.6,35.0,149.0,0,1,0.1288,1.013,48.03
W_09f55b06fea94393,ZONE_BOM_01,2026-06-22,1,115,1.2,1,48.9,4262.72,24.8,31.1,184.0,0,1,0.1938,1.041,52.2
W_09f55b06fea94393,ZONE_BOM_01,2026-06-29,1,115,1.2,1,48.9,4262.72,493.0,28.6,147.0,6,1,1.0,1.822,79.0
W_09f55b06fea94393,ZONE_BOM_01,2026-07-06,1,115,1.2,1,48.9,4262.72,235.5,30.2,143.85714285714286,2,1,0.8044,1.392,79.0
W_09f55b06fea94393,ZONE_BOM_01,2026-07-13,1,115,1.2,1,48.9,4262.72,92.5,30.6,156.42857142857142,1,1,0.4088,1.154,68.28
W_09f55b06fea94393,ZONE_BOM_01,2026-07-20,1,115,1.2,1,48.9,4262.72,354.8,29.6,158.42857142857142,4,1,1.0,1.591,79.0
W_09f55b06fea94393,ZONE_BOM_01,2026-07-27,1,115,1.2,1,48.9,4262.72,120.9,29.6,151.42857142857142,0,1,0.3856,1.202,69.95
W_09f55b06fea94393,ZONE_BOM_01,2026-08-03,1,115,1.2,1,48.9,4262.72,76.8,29.7,139.0,0,1,0.277,1.128,60.5
W_09f55b06fea94393,ZONE_BOM_01,2026-08-10,1,115,1.2,1,48.9,4262.72,96.6,29.7,142.57142857142858,0,1,0.3243,1.161,64.58
W_09f55b06fea94393,ZONE_BOM_01,2026-08-17,1,115,1.2,1,48.9,4262.72,61.0,29.7,146.28571428571428,1,1,0.3303,1.102,61.57
W_09f55b06fea94393,ZONE_BOM_01,2026-08-24,1,115,1.2,1,48.9,4262.72,36.4,29.6,134.0,1,1,0.2657,1.061,56.4
W_09f55b06fea94393,ZONE_BOM_01,2026-08-31,1,115,1.2,1,48.9,4262.72,61.0,29.6,158.28571428571428,0,1,0.256,1.102,58.13
W_09f55b06fea94393,ZONE_BOM_01,2026-09-07,1,115,1.2,1,48.9,4262.72,52.9,30.0,169.57142857142858,0,1,0.2462,1.088,56.95
W_09f55b06fea94393,ZONE_BOM_01,2026-09-14,1,115,1.2,1,48.9,4262.72,23.3,30.0,162.0,0,1,0.1739,1.039,51.23
W_8f1e62a4025d151f,ZONE_BLR_01,2026-06-22,1,566,1.0,1,39.5,3964.3,16.3,30.1,135.25,0,1,0.1381,1.027,40.91
W_8f1e62a4025d151f,ZONE_BLR_01,2026-06-29,1,566,1.0,1,39.5,3964.3,20.1,29.2,153.85714285714286,1,1,0.244,1.034,45.02
W_8f1e62a4025d151f,ZONE_BLR_01,2026-07-06,1,566,1.0,1,39.5,3964.3,8.399999999999999,31.8,172.71428571428572,0,1,0.1484,1.014,40.76
W_8f1e62a4025d151f,ZONE_BLR_01,2026-07-13,1,566,1.0,1,39.5,3964.3,16.8,32.1,124.57142857142856,0,1,0.1312,1.028,40.7
W_8f1e62a4025d151f,ZONE_BLR_01,2026-07-20,1,566,1.0,1,39.5,3964.3,33.4,29.5,162.85714285714286,1,1,0.2806,1.056,47.33
W_8f1e62a4025d151f,ZONE_BLR_01,2026-07-27,1,566,1.0,1,39.5,3964.3,28.8,29.7,169.42857142857142,0,1,0.1919,1.048,43.72
W_8f1e62a4025d151f,ZONE_BLR_01,2026-08-03,1,566,1.0,1,39.5,3964.3,76.3,28.3,143.0,0,1,0.2789,1.127,50.45
W_8f1e62a4025d151f,ZONE_BLR_01,2026-08-10,1,566,1.0,1,39.5,3964.3,19.9,30.7,129.0,0,1,0.1415,1.033,41.27
W_8f1e62a4025d151f,ZONE_BLR_01,2026-08-17,1,566,1.0,1,39.5,3964.3,31.4,29.9,146.57142857142858,1,1,0.2639,1.052,46.54
W_8f1e62a4025d151f,ZONE_BLR_01,2026-08-24,1,566,1.0,1,39.5,3964.3,35.7,28.8,167.14285714285714,0,1,0.2057,1.06,44.73
W_8f1e62a4025d151f,ZONE_BLR_01,2026-08-31,1,566,1.0,1,39.5,3964.3,13.2,30.8,142.71428571428572,1,1,0.2201,1.022,43.64
W_8f1e62a4025d151f,ZONE_BLR_01,2026-09-07,1,566,1.0,1,39.5,3964.3,8.5,31.0,128.28571428571428,0,1,0.1153,1.014,39.58
W_8f1e62a4025d151f,ZONE_BLR_01,2026-09-14,1,566,1.0,1,39.5,3964.3,33.1,30.8,137.5,0,1,0.1776,1.055,43.48
W_5fd6fc233c629496,ZONE_BLR_01,2026-06-22,1,86,1.0,0,23.7,2450.39,16.3,30.1,135.25,0,1,0.1381,1.027,40.91
W_5fd6fc233c629496,ZONE_BLR_01,2026-06-29,1,86,1.0,0,23.7,2450.39,20.1,29.2,153.85714285714286,1,1,0.244,1.034,45.02
W_5fd6fc233c629496,ZONE_BLR_01,2026-07-06,1,86,1.0,0,23.7,2450.39,8.399999999999999,31.8,172.71428571428572,0,1,0.1484,1.014,40.76
W_5fd6fc233c629496,ZONE_BLR_01,2026-07-13,1,86,1.0,0,23.7,2450.39,16.8,32.1,124.57142857142856,0,1,0.1312,1.028,40.7
W_5fd6fc233c629496,ZONE_BLR_01,2026-07-20,1,86,1.0,0,23.7,2450.39,33.4,29.5,162.85714285714286,1,1,0.2806,1.056,47.33
W_5fd6fc233c629496,ZONE_BLR_01,2026-07-27,1,86,1.0,0,23.7,2450.39,28.8,29.7,169.42857142857142,0,1,0.1919,1.048,43.72
W_5fd6fc233c629496,ZONE_BLR_01,2026-08-03,1,86,1.0,0,23.7,2450.39,76.3,28.3,143.0,0,1,0.2789,1.127,50.45
W_5fd6fc233c629496,ZONE_BLR_01,2026-08-10,1,86,1.0,0,23.7,2450.39,19.9,30.7,129.0,0,1,0.1415,1.033,41.27
W_5fd6fc233c629496,ZONE_BLR_01,2026-08-17,1,86,1.0,0,23.7,2450.39,31.4,29.9,146.57142857142858,1,1,0.2639,1.052,46.54
W_5fd6fc233c629496,ZONE_BLR_01,2026-08-24,1,86,1.0,0,23.7,2450.39,35.7,28.8,167.14285714285714,0,1,0.2057,1.06,44.73
W_5fd6fc233c629496,ZONE_BLR_01,2026-08-31,1,86,1.0,0,23.7,2450.39,13.2,30.8,142.71428571428572,1,1,0.2201,1.022,43.64
W_5fd6fc233c629496,ZONE_BLR_01,2026-09-07,1,86,1.0,0,23.7,2450.39,8.5,31.0,128.28571428571428,0,1,0.1153,1.014,39.58
W_5fd6fc233c629496,ZONE_BLR_01,2026-09-14,1,86,1.0,0,23.7,2450.39,33.1,30.8,137.5,0,1,0.1776,1.055,43.48
W_7bf86a3e77822877,ZONE_DEL_01,2026-06-22,1,66,1.05,0,21.8,2385.64,4.0,41.9,188.25,0,1,0.1502,1.007,42.57
W_7bf86a3e77822877,ZONE_DEL_01,2026-06-29,1,66,1.05,0,21.8,2385.64,20.0,41.7,157.71428571428572,0,1,0.1633,1.033,44.16
W_7bf86a3e77822877,ZONE_DEL_01,2026-07-06,1,66,1.05,0,21.8,2385.64,122.9,36.7,156.0,2,1,0.5602,1.205,69.09
W_7bf86a3e77822877,ZONE_DEL_01,2026-07-13,1,66,1.05,0,21.8,2385.64,9.8,37.4,129.42857142857142,0,1,0.1191,1.016,41.78
W_7bf86a3e77822877,ZONE_DEL_01,2026-07-20,1,66,1.05,0,21.8,2385.64,74.3,33.7,132.71428571428572,0,1,0.2667,1.124,52.32
W_7bf86a3e77822877,ZONE_DEL_01,2026-07-27,1,66,1.05,0,21.8,2385.64,51.900000000000006,35.3,172.57142857142858,0,1,0.2462,1.086,49.74
W_7bf86a3e77822877,ZONE_DEL_01,2026-08-03,1,66,1.05,0,21.8,2385.64,132.8,33.8,126.57142857142856,1,1,0.4771,1.221,66.28
W_7bf86a3e77822877,ZONE_DEL_01,2026-08-10,1,66,1.05,0,21.8,2385.64,45.8,34.4,170.42857142857142,0,1,0.2309,1.076,48.67
W_7bf86a3e77822877,ZONE_DEL_01,2026-08-17,1,66,1.05,0,21.8,2385.64,34.3,33.6,140.0,1,1,0.2655,1.057,49.16
W_7bf86a3e77822877,ZONE_DEL_01,2026-08-24,1,66,1.05,0,21.8,2385.64,24.5,34.9,168.0,0,1,0.1811,1.041,45.19
W_7bf86a3e77822877,ZONE_DEL_01,2026-08-31,1,66,1.05,0,21.8,2385.64,76.6,34.4,145.57142857142858,0,1,0.2815,1.128,53.12
W_7bf86a3e77822877,ZONE_DEL_01,2026-09-07,1,66,1.05,0,21.8,2385.64,19.1,34.4,142.0,0,1,0.1495,1.032,43.6
W_7bf86a3e77822877,ZONE_DEL_01,2026-09-14,1,66,1.05,0,21.8,2385.64,7.6,35.0,149.0,0,1,0.1288,1.013,42.02
W_35c97ac5ec454310,ZONE_HYD_01,2026-06-22,1,307,1.05,1,53.3,5014.18,21.8,32.6,156.25,1,1,0.2496,1.036,47.58
W_35c97ac5ec454310,ZONE_HYD_01,2026-06-29,1,307,1.05,1,53.3,5014.18,35.9,29.8,132.14285714285714,0,1,0.1799,1.06,45.96
W_35c97ac5ec454310,ZONE_HYD_01,2026-07-06,1,307,1.05,1,53.3,5014.18,6.2,33.3,165.28571428571428,0,1,0.1379,1.01,42.24
W_35c97ac5ec454310,ZONE_HYD_01,2026-07-13,1,307,1.05,1,53.3,5014.18,26.8,33.9,155.14285714285714,1,1,0.26,1.045,48.39
W_35c97ac5ec454310,ZONE_HYD_01,2026-07-20,1,307,1.05,1,53.3,5014.18,38.8,30.0,132.85714285714286,0,1,0.1869,1.065,46.45
W_35c97ac5ec454310,ZONE_HYD_01,2026-07-27,1,307,1.05,1,53.3,5014.18,70.5,30.6,137.0,0,1,0.2614,1.118,51.83
W_35c97ac5ec454310,ZONE_HYD_01,2026-08-03,1,307,1.05,1,53.3,5014.18,20.5,30.6,136.28571428571428,0,1,0.1483,1.034,43.63
W_35c97ac5ec454310,ZONE_HYD_01,2026-08-10,1,307,1.05,1,53.3,5014.18,12.6,30.8,137.42857142857142,0,1,0.1314,1.021,42.45
W_35c97ac5ec454310,ZONE_HYD_01,2026-08-17,1,307,1.05,1,53.3,5014.18,18.2,31.5,148.85714285714286,1,1,0.2359,1.03,46.78
W_35c97ac5ec454310,ZONE_HYD_01,2026-08-24,1,307,1.05,1,53.3,5014.18,10.4,30.4,140.14285714285714,0,1,0.1285,1.017,42.18
W_35c97ac5ec454310,ZONE_HYD_01,2026-08-31,1,307,1.05,1,53.3,5014.18,8.8,32.0,159.14285714285714,0,1,0.1392,1.015,42.49
W_35c97ac5ec454310,ZONE_HYD_01,2026-09-07,1,307,1.05,1,53.3,5014.18,26.3,32.2,156.57142857142858,1,1,0.2599,1.044,48.34
W_35c97ac5ec454310,ZONE_HYD_01,2026-09-14,1,307,1.05,1,53.3,5014.18,12.7,33.4,147.5,0,1,0.1392,1.021,42.74
W_f8858ff3e5051c86,ZONE_MAA_01,2026-06-22,1,53,1.0,0,33.5,3703.2,33.7,37.6,159.25,0,1,0.1953,1.056,44.18
W_f8858ff3e5051c86,ZONE_MAA_01,2026-06-29,1,53,1.0,0,33.5,3703.2,11.8,38.4,123.0,0,1,0.1188,1.02,39.94
W_f8858ff3e5051c86,ZONE_MAA_01,2026-07-06,1,53,1.0,0,33.5,3703.2,9.3,39.2,163.28571428571428,1,1,0.2267,1.016,43.62
W_f8858ff3e5051c86,ZONE_MAA_01,2026-07-13,1,53,1.0,0,33.5,3703.2,11.3,38.7,141.57142857142858,0,1,0.1316,1.019,40.36
W_f8858ff3e5051c86,ZONE_MAA_01,2026-07-20,1,53,1.0,0,33.5,3703.2,35.6,36.4,131.57142857142858,0,1,0.1788,1.059,43.69
W_f8858ff3e5051c86,ZONE_MAA_01,2026-07-27,1,53,1.0,0,33.5,3703.2,26.0,37.6,145.14285714285714,0,1,0.1674,1.043,42.62
W_f8858ff3e5051c86,ZONE_MAA_01,2026-08-03,1,53,1.0,0,33.5,3703.2,38.5,34.8,150.71428571428572,0,1,0.1997,1.064,44.68
W_f8858ff3e5051c86,ZONE_MAA_01,2026-08-10,1,53,1.0,0,33.5,3703.2,15.6,35.5,153.57142857142858,1,1,0.2336,1.026,44.3
W_f8858ff3e5051c86,ZONE_MAA_01,2026-08-17,1,53,1.0,0,33.5,3703.2,29.4,36.3,143.71428571428572,0,1,0.1739,1.049,43.1
W_f8858ff3e5051c86,ZONE_MAA_01,2026-08-24,1,53,1.0,0,33.5,3703.2,15.1,36.6,144.14285714285714,1,1,0.2254,1.025,43.96
W_f8858ff3e5051c86,ZONE_MAA_01,2026-08-31,1,53,1.0,0,33.5,3703.2,13.1,35.6,156.85714285714286,1,1,0.2305,1.022,44.01
W_f8858ff3e5051c86,ZONE_MAA_01,2026-09-07,1,53,1.0,0,33.5,3703.2,23.3,35.6,136.57142857142858,0,1,0.1549,1.039,42.0
W_f8858ff3e5051c86,ZONE_MAA_01,2026-09-14,1,53,1.0,0,33.5,3703.2,27.4,36.0,152.75,1,1,0.2595,1.046,46.11
W_f32a3843bf2929a5,ZONE_BLR_01,2026-06-22,1,22,1.05,1,50.8,5109.9,16.3,30.1,135.25,0,1,0.1381,1.027,42.95
W_f32a3843bf2929a5,ZONE_BLR_01,2026-06-29,1,22,1.05,1,50.8,5109.9,20.1,29.2,153.85714285714286,1,1,0.244,1.034,47.27
W_f32a3843bf2929a5,ZONE_BLR_01,2026-07-06,1,22,1.05,1,50.8,5109.9,8.399999999999999,31.8,172.71428571428572,0,1,0.1484,1.014,42.79
W_f32a3843bf2929a5,ZONE_BLR_01,2026-07-13,1,22,1.05,1,50.8,5109.9,16.8,32.1,124.57142857142856,0,1,0.1312,1.028,42.74
W_f32a3843bf2929a5,ZONE_BLR_01,2026-07-20,1,22,1.05,1,50.8,5109.9,33.4,29.5,162.85714285714286,1,1,0.2806,1.056,49.7
W_f32a3843bf2929a5,ZONE_BLR_01,2026-07-27,1,22,1.05,1,50.8,5109.9,28.8,29.7,169.42857142857142,0,1,0.1919,1.048,45.9
W_f32a3843bf2929a5,ZONE_BLR_01,2026-08-03,1,22,1.05,1,50.8,5109.9,76.3,28.3,143.0,0,1,0.2789,1.127,52.97
W_f32a3843bf2929a5,ZONE_BLR_01,2026-08-10,1,22,1.05,1,50.8,5109.9,19.9,30.7,129.0,0,1,0.1415,1.033,43.33
W_f32a3843bf2929a5,ZONE_BLR_01,2026-08-17,1,22,1.05,1,50.8,5109.9,31.4,29.9,146.57142857142858,1,1,0.2639,1.052,48.86
W_f32a3843bf2929a5,ZONE_BLR_01,2026-08-24,1,22,1.05,1,50.8,5109.9,35.7,28.8,167.14285714285714,0,1,0.2057,1.06,46.97
W_f32a3843bf2929a5,ZONE_BLR_01,2026-08-31,1,22,1.05,1,50.8,5109.9,13.2,30.8,142.71428571428572,1,1,0.2201,1.022,45.83
W_f32a3843bf2929a5,ZONE_BLR_01,2026-09-07,1,22,1.05,1,50.8,5109.9,8.5,31.0,128.28571428571428,0,1,0.1153,1.014,41.56
W_f32a3843bf2929a5,ZONE_BLR_01,2026-09-14,1,22,1.05,1,50.8,5109.9,33.1,30.8,137.5,0,1,0.1776,1.055,45.66
W_1b7e389b0fbc2a98,ZONE_DEL_01,2026-06-22,1,37,1.05,0,28.6,3081.93,4.0,41.9,188.25,0,1,0.1502,1.007,42.57
W_1b7e389b0fbc2a98,ZONE_DEL_01,2026-06-29,1,37,1.05,0,28.6,3081.93,20.0,41.7,157.71428571428572,0,1,0.1633,1.033,44.16
W_1b7e389b0fbc2a98,ZONE_DEL_01,2026-07-06,1,37,1.05,0,28.6,3081.93,122.9,36.7,156.0,2,1,0.5602,1.205,69.09
W_1b7e389b0fbc2a98,ZONE_DEL_01,2026-07-13,1,37,1.05,0,28.6,3081.93,9.8,37.4,129.42857142857142,0,1,0.1191,1.016,41.78
W_1b7e389b0fbc2a98,ZONE_DEL_01,2026-07-20,1,37,1.05,0,28.6,3081.93,74.3,33.7,132.71428571428572,0,1,0.2667,1.124,52.32
W_1b7e389b0fbc2a98,ZONE_DEL_01,2026-07-27,1,37,1.05,0,28.6,3081.93,51.900000000000006,35.3,172.57142857142858,0,1,0.2462,1.086,49.74
W_1b7e389b0fbc2a98,ZONE_DEL_01,2026-08-03,1,37,1.05,0,28.6,3081.93,132.8,33.8,126.57142857142856,1,1,0.4771,1.221,66.28
W_1b7e389b0fbc2a98,ZONE_DEL_01,2026-08-10,1,37,1.05,0,28.6,3081.93,45.8,34.4,170.42857142857142,0,1,0.2309,1.076,48.67
W_1b7e389b0fbc2a98,ZONE_DEL_01,2026-08-17,1,37,1.05,0,28.6,3081.93,34.3,33.6,140.0,1,1,0.2655,1.057,49.16
W_1b7e389b0fbc2a98,ZONE_DEL_01,2026-08-24,1,37,1.05,0,28.6,3081.93,24.5,34.9,168.0,0,1,0.1811,1.041,45.19
W_1b7e389b0fbc2a98,ZONE_DEL_01,2026-08-31,1,37,1.05,0,28.6,3081.93,76.6,34.4,145.57142857142858,0,1,0.2815,1.128,53.12
W_1b7e389b0fbc2a98,ZONE_DEL_01,2026-09-07,1,37,1.05,0,28.6,3081.93,19.1,34.4,142.0,0,1,0.1495,1.032,43.6
W_1b7e389b0fbc2a98,ZONE_DEL_01,2026-09-14,1,37,1.05,0,28.6,3081.93,7.6,35.0,149.0,0,1,0.1288,1.013,42.02
W_352b016972689a21,ZONE_DEL_01,2026-06-22,1,53,1.2,1,63.3,5929.64,4.0,41.9,188.25,0,1,0.1502,1.007,48.65
W_352b016972689a21,ZONE_DEL_01,2026-06-29,1,53,1.2,1,63.3,5929.64,20.0,41.7,157.71428571428572,0,1,0.1633,1.033,50.47
W_352b016972689a21,ZONE_DEL_01,2026-07-06,1,53,1.2,1,63.3,5929.64,122.9,36.7,156.0,2,1,0.5602,1.205,78.96
W_352b016972689a21,ZONE_DEL_01,2026-07-13,1,53,1.2,1,63.3,5929.64,9.8,37.4,129.42857142857142,0,1,0.1191,1.016,47.75
W_352b016972689a21,ZONE_DEL_01,2026-07-20,1,53,1.2,1,63.3,5929.64,74.3,33.7,132.71428571428572,0,1,0.2667,1.124,59.8
W_352b016972689a21,ZONE_DEL_01,2026-07-27,1,53,1.2,1,63.3,5929.64,51.900000000000006,35.3,172.57142857142858,0,1,0.2462,1.086,56.84
W_352b016972689a21,ZONE_DEL_01,2026-08-03,1,53,1.2,1,63.3,5929.64,132.8,33.8,126.57142857142856,1,1,0.4771,1.221,75.75
W_352b016972689a21,ZONE_DEL_01,2026-08-10,1,53,1.2,1,63.3,5929.64,45.8,34.4,170.42857142857142,0,1,0.2309,1.076,55.63
W_352b016972689a21,ZONE_DEL_01,2026-08-17,1,53,1.2,1,63.3,5929.64,34.3,33.6,140.0,1,1,0.2655,1.057,56.18
W_352b016972689a21,ZONE_DEL_01,2026-08-24,1,53,1.2,1,63.3,5929.64,24.5,34.9,168.0,0,1,0.1811,1.041,51.64
W_352b016972689a21,ZONE_DEL_01,2026-08-31,1,53,1.2,1,63.3,5929.64,76.6,34.4,145.57142857142858,0,1,0.2815,1.128,60.71
W_352b016972689a21,ZONE_DEL_01,2026-09-07,1,53,1.2,1,63.3,5929.64,19.1,34.4,142.0,0,1,0.1495,1.032,49.82
W_352b016972689a21,ZONE_DEL_01,2026-09-14,1,53,1.2,1,63.3,5929.64,7.6,35.0,149.0,0,1,0.1288,1.013,48.03
W_60553a562ab6a7f2,ZONE_DEL_01,2026-06-22,1,323,1.0,1,55.2,6313.05,4.0,41.9,188.25,0,1,0.1502,1.007,40.54
W_60553a562ab6a7f2,ZONE_DEL_01,2026-06-29,1,323,1.0,1,55.2,6313.05,20.0,41.7,157.71428571428572,0,1,0.1633,1.033,42.06
W_60553a562ab6a7f2,ZONE_DEL_01,2026-07-06,1,323,1.0,1,55.2,6313.05,122.9,36.7,156.0,2,1,0.5602,1.205,65.8
W_60553a562ab6a7f2,ZONE_DEL_01,2026-07-13,1,323,1.0,1,55.2,6313.05,9.8,37.4,129.42857142857142,0,1,0.1191,1.016,39.8
W_60553a562ab6a7f2,ZONE_DEL_01,2026-07-20,1,323,1.0,1,55.2,6313.05,74.3,33.7,132.71428571428572,0,1,0.2667,1.124,49.83
W_60553a562ab6a7f2,ZONE_DEL_01,2026-07-27,1,323,1.0,1,55.2,6313.05,51.900000000000006,35.3,172.57142857142858,0,1,0.2462,1.086,47.37
W_60553a562ab6a7f2,ZONE_DEL_01,2026-08-03,1,323,1.0,1,55.2,6313.05,132.8,33.8,126.57142857142856,1,1,0.4771,1.221,63.12
W_60553a562ab6a7f2,ZONE_DEL_01,2026-08-10,1,323,1.0,1,55.2,6313.05,45.8,34.4,170.42857142857142,0,1,0.2309,1.076,46.36
W_60553a562ab6a7f2,ZONE_DEL_01,2026-08-17,1,323,1.0,1,55.2,6313.05,34.3,33.6,140.0,1,1,0.2655,1.057,46.82
W_60553a562ab6a7f2,ZONE_DEL_01,2026-08-24,1,323,1.0,1,55.2,6313.05,24.5,34.9,168.0,0,1,0.1811,1.041,43.03
W_60553a562ab6a7f2,ZONE_DEL_01,2026-08-31,1,323,1.0,1,55.2,6313.05,76.6,34.4,145.57142857142858,0,1,0.2815,1.128,50.59
W_60553a562ab6a7f2,ZONE_DEL_01,2026-09-07,1,323,1.0,1,55.2,6313.05,19.1,34.4,142.0,0,1,0.1495,1.032,41.52
W_60553a562ab6a7f2,ZONE_DEL_01,2026-09-14,1,323,1.0,1,55.2,6313.05,7.6,35.0,149.0,0,1,0.1288,1.013,40.02
W_0b478719825e0080,ZONE_DEL_01,2026-06-22,1,63,1.0,0,27.7,2822.7,4.0,41.9,188.25,0,1,0.1502,1.007,40.54
W_0b478719825e0080,ZONE_DEL_01,2026-06-29,1,63,1.0,0,27.7,2822.7,20.0,41.7,157.71428571428572,0,1,0.1633,1.033,42.06
W_0b478719825e0080,ZONE_DEL_01,2026-07-06,1,63,1.0,0,27.7,2822.7,122.9,36.7,156.0,2,1,0.5602,1.205,65.8
W_0b478719825e0080,ZONE_DEL_01,2026-07-13,1,63,1.0,0,27.7,2822.7,9.8,37.4,129.42857142857142,0,1,0.1191,1.016,39.8
W_0b478719825e0080,ZONE_DEL_01,2026-07-20,1,63,1.0,0,27.7,2822.7,74.3,33.7,132.71428571428572,0,1,0.2667,1.124,49.83
W_0b478719825e0080,ZONE_DEL_01,2026-07-27,1,63,1.0,0,27.7,2822.7,51.900000000000006,35.3,172.57142857142858,0,1,0.2462,1.086,47.37
W_0b478719825e0080,ZONE_DEL_01,2026-08-03,1,63,1.0,0,27.7,2822.7,132.8,33.8,126.57142857142856,1,1,0.4771,1.221,63.12
W_0b478719825e0080,ZONE_DEL_01,2026-08-10,1,63,1.0,0,27.7,2822.7,45.8,34.4,170.42857142857142,0,1,0.2309,1.076,46.36
W_0b478719825e0080,ZONE_DEL_01,2026-08-17,1,63,1.0,0,27.7,2822.7,34.3,33.6,140.0,1,1,0.2655,1.057,46.82
W_0b478719825e0080,ZONE_DEL_01,2026-08-24,1,63,1.0,0,27.7,2822.7,24.5,34.9,168.0,0,1,0.1811,1.041,43.03
W_0b478719825e0080,ZONE_DEL_01,2026-08-31,1,63,1.0,0,27.7,2822.7,76.6,34.4,145.57142857142858,0,1,0.2815,1.128,50.59
W_0b478719825e0080,ZONE_DEL_01,2026-09-07,1,63,1.0,0,27.7,2822.7,19.1,34.4,142.0,0,1,0.1495,1.032,41.52
W_0b478719825e0080,ZONE_DEL_01,2026-09-14,1,63,1.0,0,27.7,2822.7,7.6,35.0,149.0,0,1,0.1288,1.013,40.02
W_f8c79f3c29285144,ZONE_DEL_01,2026-06-22,1,53,1.2,1,61.6,5847.3,4.0,41.9,188.25,0,1,0.1502,1.007,48.65
W_f8c79f3c29285144,ZONE_DEL_01,2026-06-29,1,53,1.2,1,61.6,5847.3,20.0,41.7,157.71428571428572,0,1,0.1633,1.033,50.47
W_f8c79f3c29285144,ZONE_DEL_01,2026-07-06,1,53,1.2,1,61.6,5847.3,122.9,36.7,156.0,2,1,0.5602,1.205,78.96
W_f8c79f3c29285144,ZONE_DEL_01,2026-07-13,1,53,1.2,1,61.6,5847.3,9.8,37.4,129.42857142857142,0,1,0.1191,1.016,47.75
W_f8c79f3c29285144,ZONE_DEL_01,2026-07-20,1,53,1.2,1,61.6,5847.3,74.3,33.7,132.71428571428572,0,1,0.2667,1.124,59.8
W_f8c79f3c29285144,ZONE_DEL_01,2026-07-27,1,53,1.2,1,61.6,5847.3,51.900000000000006,35.3,172.57142857142858,0,1,0.2462,1.086,56.84
W_f8c79f3c29285144,ZONE_DEL_01,2026-08-03,1,53,1.2,1,61.6,5847.3,132.8,33.8,126.57142857142856,1,1,0.4771,1.221,75.75
W_f8c79f3c29285144,ZONE_DEL_01,2026-08-10,1,53,1.2,1,61.6,5847.3,45.8,34.4,170.42857142857142,0,1,0.2309,1.076,55.63
W_f8c79f3c29285144,ZONE_DEL_01,2026-08-17,1,53,1.2,1,61.6,5847.3,34.3,33.6,140.0,1,1,0.2655,1.057,56.18
W_f8c79f3c29285144,ZONE_DEL_01,2026-08-24,1,53,1.2,1,61.6,5847.3,24.5,34.9,168.0,0,1,0.1811,1.041,51.64
W_f8c79f3c29285144,ZONE_DEL_01,2026-08-31,1,53,1.2,1,61.6,5847.3,76.6,34.4,145.57142857142858,0,1,0.2815,1.128,60.71
W_f8c79f3c29285144,ZONE_DEL_01,2026-09-07,1,53,1.2,1,61.6,5847.3,19.1,34.4,142.0,0,1,0.1495,1.032,49.82
W_f8c79f3c29285144,ZONE_DEL_01,2026-09-14,1,53,1.2,1,61.6,5847.3,7.6,35.0,149.0,0,1,0.1288,1.013,48.03
W_15d5e30ace24d9a9,ZONE_MAA_01,2026-06-22,1,360,1.0,1,38.2,4140.83,33.7,37.6,159.25,0,1,0.1953,1.056,44.18
W_15d5e30ace24d9a9,ZONE_MAA_01,2026-06-29,1,360,1.0,1,38.2,4140.83,11.8,38.4,123.0,0,1,0.1188,1.02,39.94
W_15d5e30ace24d9a9,ZONE_MAA_01,2026-07-06,1,360,1.0,1,38.2,4140.83,9.3,39.2,163.28571428571428,1,1,0.2267,1.016,43.62
W_15d5e30ace24d9a9,ZONE_MAA_01,2026-07-13,1,360,1.0,1,38.2,4140.83,11.3,38.7,141.57142857142858,0,1,0.1316,1.019,40.36
W_15d5e30ace24d9a9,ZONE_MAA_01,2026-07-20,1,360,1.0,1,38.2,4140.83,35.6,36.4,131.57142857142858,0,1,0.1788,1.059,43.69
W_15d5e30ace24d9a9,ZONE_MAA_01,2026-07-27,1,360,1.0,1,38.2,4140.83,26.0,37.6,145.14285714285714,0,1,0.1674,1.043,42.62
W_15d5e30ace24d9a9,ZONE_MAA_01,2026-08-03,1,360,1.0,1,38.2,4140.83,38.5,34.8,150.71428571428572,0,1,0.1997,1.064,44.68
W_15d5e30ace24d9a9,ZONE_MAA_01,2026-08-10,1,360,1.0,1,38.2,4140.83,15.6,35.5,153.57142857142858,1,1,0.2336,1.026,44.3
W_15d5e30ace24d9a9,ZONE_MAA_01,2026-08-17,1,360,1.0,1,38.2,4140.83,29.4,36.3,143.71428571428572,0,1,0.1739,1.049,43.1
W_15d5e30ace24d9a9,ZONE_MAA_01,2026-08-24,1,360,1.0,1,38.2,4140.83,15.1,36.6,144.14285714285714,1,1,0.2254,1.025,43.96
W_15d5e30ace24d9a9,ZONE_MAA_01,2026-08-31,1,360,1.0,1,38.2,4140.83,13.1,35.6,156.85714285714286,1,1,0.2305,1.022,44.01
W_15d5e30ace24d9a9,ZONE_MAA_01,2026-09-07,1,360,1.0,1,38.2,4140.83,23.3,35.6,136.57142857142858,0,1,0.1549,1.039,42.0
W_15d5e30ace24d9a9,ZONE_MAA_01,2026-09-14,1,360,1.0,1,38.2,4140.83,27.4,36.0,152.75,1,1,0.2595,1.046,46.11
W_a69b3416f454131e,ZONE_BLR_01,2026-06-22,1,16,1.05,1,48.8,5304.79,16.3,30.1,135.25,0,1,0.1381,1.027,42.95
W_a69b3416f454131e,ZONE_BLR_01,2026-06-29,1,16,1.05,1,48.8,5304.79,20.1,29.2,153.85714285714286,1,1,0.244,1.034,47.27
W_a69b3416f454131e,ZONE_BLR_01,2026-07-06,1,16,1.05,1,48.8,5304.79,8.399999999999999,31.8,172.71428571428572,0,1,0.1484,1.014,42.79
W_a69b3416f454131e,ZONE_BLR_01,2026-07-13,1,16,1.05,1,48.8,5304.79,16.8,32.1,124.57142857142856,0,1,0.1312,1.028,42.74
W_a69b3416f454131e,ZONE_BLR_01,2026-07-20,1,16,1.05,1,48.8,5304.79,33.4,29.5,162.85714285714286,1,1,0.2806,1.056,49.7
W_a69b3416f454131e,ZONE_BLR_01,2026-07-27,1,16,1.05,1,48.8,5304.79,28.8,29.7,169.42857142857142,0,1,0.1919,1.048,45.9
W_a69b3416f454131e,ZONE_BLR_01,2026-08-03,1,16,1.05,1,48.8,5304.79,76.3,28.3,143.0,0,1,0.2789,1.127,52.97
W_a69b3416f454131e,ZONE_BLR_01,2026-08-10,1,16,1.05,1,48.8,5304.79,19.9,30.7,129.0,0,1,0.1415,1.033,43.33
W_a69b3416f454131e,ZONE_BLR_01,2026-08-17,1,16,1.05,1,48.8,5304.79,31.4,29.9,146.57142857142858,1,1,0.2639,1.052,48.86
W_a69b3416f454131e,ZONE_BLR_01,2026-08-24,1,16,1.05,1,48.8,5304.79,35.7,28.8,167.14285714285714,0,1,0.2057,1.06,46.97
W_a69b3416f454131e,ZONE_BLR_01,2026-08-31,1,16,1.05,1,48.8,5304.79,13.2,30.8,142.71428571428572,1,1,0.2201,1.022,45.83
W_a69b3416f454131e,ZONE_BLR_01,2026-09-07,1,16,1.05,1,48.8,5304.79,8.5,31.0,128.28571428571428,0,1,0.1153,1.014,41.56
W_a69b3416f454131e,ZONE_BLR_01,2026-09-14,1,16,1.05,1,48.8,5304.79,33.1,30.8,137.5,0,1,0.1776,1.055,45.66
W_f9bfdca1cf2eeca9,ZONE_BLR_01,2026-06-22,1,120,1.05,1,51.7,5054.21,16.3,30.1,135.25,0,1,0.1381,1.027,42.95
W_f9bfdca1cf2eeca9,ZONE_BLR_01,2026-06-29,1,120,1.05,1,51.7,5054.21,20.1,29.2,153.85714285714286,1,1,0.244,1.034,47.27
W_f9bfdca1cf2eeca9,ZONE_BLR_01,2026-07-06,1,120,1.05,1,51.7,5054.21,8.399999999999999,31.8,172.71428571428572,0,1,0.1484,1.014,42.79
W_f9bfdca1cf2eeca9,ZONE_BLR_01,2026-07-13,1,120,1.05,1,51.7,5054.21,16.8,32.1,124.57142857142856,0,1,0.1312,1.028,42.74
W_f9bfdca1cf2eeca9,ZONE_BLR_01,2026-07-20,1,120,1.05,1,51.7,5054.21,33.4,29.5,162.85714285714286,1,1,0.2806,1.056,49.7
W_f9bfdca1cf2eeca9,ZONE_BLR_01,2026-07-27,1,120,1.05,1,51.7,5054.21,28.8,29.7,169.42857142857142,0,1,0.1919,1.048,45.9
W_f9bfdca1cf2eeca9,ZONE_BLR_01,2026-08-03,1,120,1.05,1,51.7,5054.21,76.3,28.3,143.0,0,1,0.2789,1.127,52.97
W_f9bfdca1cf2eeca9,ZONE_BLR_01,2026-08-10,1,120,1.05,1,51.7,5054.21,19.9,30.7,129.0,0,1,0.1415,1.033,43.33
W_f9bfdca1cf2eeca9,ZONE_BLR_01,2026-08-17,1,120,1.05,1,51.7,5054.21,31.4,29.9,146.57142857142858,1,1,0.2639,1.052,48.86
W_f9bfdca1cf2eeca9,ZONE_BLR_01,2026-08-24,1,120,1.05,1,51.7,5054.21,35.7,28.8,167.14285714285714,0,1,0.2057,1.06,46.97
W_f9bfdca1cf2eeca9,ZONE_BLR_01,2026-08-31,1,120,1.05,1,51.7,5054.21,13.2,30.8,142.71428571428572,1,1,0.2201,1.022,45.83
W_f9bfdca1cf2eeca9,ZONE_BLR_01,2026-09-07,1,120,1.05,1,51.7,5054.21,8.5,31.0,128.28571428571428,0,1,0.1153,1.014,41.56
W_f9bfdca1cf2eeca9,ZONE_BLR_01,2026-09-14,1,120,1.05,1,51.7,5054.21,33.1,30.8,137.5,0,1,0.1776,1.055,45.66
W_bbb7c13213af9802,ZONE_HYD_01,2026-06-22,1,89,1.0,1,45.4,5064.48,21.8,32.6,156.25,1,1,0.2496,1.036,45.31
W_bbb7c13213af9802,ZONE_HYD_01,2026-06-29,1,89,1.0,1,45.4,5064.48,35.9,29.8,132.14285714285714,0,1,0.1799,1.06,43.77
W_bbb7c13213af9802,ZONE_HYD_01,2026-07-06,1,89,1.0,1,45.4,5064.48,6.2,33.3,165.28571428571428,0,1,0.1379,1.01,40.22
W_bbb7c13213af9802,ZONE_HYD_01,2026-07-13,1,89,1.0,1,45.4,5064.48,26.8,33.9,155.14285714285714,1,1,0.26,1.045,46.08
W_bbb7c13213af9802,ZONE_HYD_01,2026-07-20,1,89,1.0,1,45.4,5064.48,38.8,30.0,132.85714285714286,0,1,0.1869,1.065,44.24
W_bbb7c13213af9802,ZONE_HYD_01,2026-07-27,1,89,1.0,1,45.4,5064.48,70.5,30.6,137.0,0,1,0.2614,1.118,49.36
W_bbb7c13213af9802,ZONE_HYD_01,2026-08-03,1,89,1.0,1,45.4,5064.48,20.5,30.6,136.28571428571428,0,1,0.1483,1.034,41.56
W_bbb7c13213af9802,ZONE_HYD_01,2026-08-10,1,89,1.0,1,45.4,5064.48,12.6,30.8,137.42857142857142,0,1,0.1314,1.021,40.43
W_bbb7c13213af9802,ZONE_HYD_01,2026-08-17,1,89,1.0,1,45.4,5064.48,18.2,31.5,148.85714285714286,1,1,0.2359,1.03,44.55
W_bbb7c13213af9802,ZONE_HYD_01,2026-08-24,1,89,1.0,1,45.4,5064.48,10.4,30.4,140.14285714285714,0,1,0.1285,1.017,40.17
W_bbb7c13213af9802,ZONE_HYD_01,2026-08-31,1,89,1.0,1,45.4,5064.48,8.8,32.0,159.14285714285714,0,1,0.1392,1.015,40.47
W_bbb7c13213af9802,ZONE_HYD_01,2026-09-07,1,89,1.0,1,45.4,5064.48,26.3,32.2,156.57142857142858,1,1,0.2599,1.044,46.04
W_bbb7c13213af9802,ZONE_HYD_01,2026-09-14,1,89,1.0,1,45.4,5064.48,12.7,33.4,147.5,0,1,0.1392,1.021,40.71
W_aba3400fc421af23,ZONE_BLR_01,2026-06-22,1,191,1.0,1,53.5,5511.43,16.3,30.1,135.25,0,1,0.1381,1.027,40.91
W_aba3400fc421af23,ZONE_BLR_01,2026-06-29,1,191,1.0,1,53.5,5511.43,20.1,29.2,153.85714285714286,1,1,0.244,1.034,45.02
W_aba3400fc421af23,ZONE_BLR_01,2026-07-06,1,191,1.0,1,53.5,5511.43,8.399999999999999,31.8,172.71428571428572,0,1,0.1484,1.014,40.76
W_aba3400fc421af23,ZONE_BLR_01,2026-07-13,1,191,1.0,1,53.5,5511.43,16.8,32.1,124.57142857142856,0,1,0.1312,1.028,40.7
W_aba3400fc421af23,ZONE_BLR_01,2026-07-20,1,191,1.0,1,53.5,5511.43,33.4,29.5,162.85714285714286,1,1,0.2806,1.056,47.33
W_aba3400fc421af23,ZONE_BLR_01,2026-07-27,1,191,1.0,1,53.5,5511.43,28.8,29.7,169.42857142857142,0,1,0.1919,1.048,43.72
W_aba3400fc421af23,ZONE_BLR_01,2026-08-03,1,191,1.0,1,53.5,5511.43,76.3,28.3,143.0,0,1,0.2789,1.127,50.45
W_aba3400fc421af23,ZONE_BLR_01,2026-08-10,1,191,1.0,1,53.5,5511.43,19.9,30.7,129.0,0,1,0.1415,1.033,41.27
W_aba3400fc421af23,ZONE_BLR_01,2026-08-17,1,191,1.0,1,53.5,5511.43,31.4,29.9,146.57142857142858,1,1,0.2639,1.052,46.54
W_aba3400fc421af23,ZONE_BLR_01,2026-08-24,1,191,1.0,1,53.5,5511.43,35.7,28.8,167.14285714285714,0,1,0.2057,1.06,44.73
W_aba3400fc421af23,ZONE_BLR_01,2026-08-31,1,191,1.0,1,53.5,5511.43,13.2,30.8,142.71428571428572,1,1,0.2201,1.022,43.64
W_aba3400fc421af23,ZONE_BLR_01,2026-09-07,1,191,1.0,1,53.5,5511.43,8.5,31.0,128.28571428571428,0,1,0.1153,1.014,39.58
W_aba3400fc421af23,ZONE_BLR_01,2026-09-14,1,191,1.0,1,53.5,5511.43,33.1,30.8,137.5,0,1,0.1776,1.055,43.48
W_1c2bd39507a85c2e,ZONE_HYD_01,2026-06-22,1,247,1.2,1,48.4,4309.61,21.8,32.6,156.25,1,1,0.2496,1.036,54.37
W_1c2bd39507a85c2e,ZONE_HYD_01,2026-06-29,1,247,1.2,1,48.4,4309.61,35.9,29.8,132.14285714285714,0,1,0.1799,1.06,52.53
W_1c2bd39507a85c2e,ZONE_HYD_01,2026-07-06,1,247,1.2,1,48.4,4309.61,6.2,33.3,165.28571428571428,0,1,0.1379,1.01,48.27
W_1c2bd39507a85c2e,ZONE_HYD_01,2026-07-13,1,247,1.2,1,48.4,4309.61,26.8,33.9,155.14285714285714,1,1,0.26,1.045,55.3
W_1c2bd39507a85c2e,ZONE_HYD_01,2026-07-20,1,247,1.2,1,48.4,4309.61,38.8,30.0,132.85714285714286,0,1,0.1869,1.065,53.09
W_1c2bd39507a85c2e,ZONE_HYD_01,2026-07-27,1,247,1.2,1,48.4,4309.61,70.5,30.6,137.0,0,1,0.2614,1.118,59.23
W_1c2bd39507a85c2e,ZONE_HYD_01,2026-08-03,1,247,1.2,1,48.4,4309.61,20.5,30.6,136.28571428571428,0,1,0.1483,1.034,49.87
W_1c2bd39507a85c2e,ZONE_HYD_01,2026-08-10,1,247,1.2,1,48.4,4309.61,12.6,30.8,137.42857142857142,0,1,0.1314,1.021,48.52
W_1c2bd39507a85c2e,ZONE_HYD_01,2026-08-17,1,247,1.2,1,48.4,4309.61,18.2,31.5,148.85714285714286,1,1,0.2359,1.03,53.47
W_1c2bd39507a85c2e,ZONE_HYD_01,2026-08-24,1,247,1.2,1,48.4,4309.61,10.4,30.4,140.14285714285714,0,1,0.1285,1.017,48.2
W_1c2bd39507a85c2e,ZONE_HYD_01,2026-08-31,1,247,1.2,1,48.4,4309.61,8.8,32.0,159.14285714285714,0,1,0.1392,1.015,48.56
W_1c2bd39507a85c2e,ZONE_HYD_01,2026-09-07,1,247,1.2,1,48.4,4309.61,26.3,32.2,156.57142857142858,1,1,0.2599,1.044,55.24
W_1c2bd39507a85c2e,ZONE_HYD_01,2026-09-14,1,247,1.2,1,48.4,4309.61,12.7,33.4,147.5,0,1,0.1392,1.021,48.85
W_267d567a8c3d1814,ZONE_MAA_01,2026-06-22,1,121,1.0,1,54.7,6087.85,33.7,37.6,159.25,0,1,0.1953,1.056,44.18
W_267d567a8c3d1814,ZONE_MAA_01,2026-06-29,1,121,1.0,1,54.7,6087.85,11.8,38.4,123.0,0,1,0.1188,1.02,39.94
W_267d567a8c3d1814,ZONE_MAA_01,2026-07-06,1,121,1.0,1,54.7,6087.85,9.3,39.2,163.28571428571428,1,1,0.2267,1.016,43.62
W_267d567a8c3d1814,ZONE_MAA_01,2026-07-13,1,121,1.0,1,54.7,6087.85,11.3,38.7,141.57142857142858,0,1,0.1316,1.019,40.36
W_267d567a8c3d1814,ZONE_MAA_01,2026-07-20,1,121,1.0,1,54.7,6087.85,35.6,36.4,131.57142857142858,0,1,0.1788,1.059,43.69
W_267d567a8c3d1814,ZONE_MAA_01,2026-07-27,1,121,1.0,1,54.7,6087.85,26.0,37.6,145.14285714285714,0,1,0.1674,1.043,42.62
W_267d567a8c3d1814,ZONE_MAA_01,2026-08-03,1,121,1.0,1,54.7,6087.85,38.5,34.8,150.71428571428572,0,1,0.1997,1.064,44.68
W_267d567a8c3d1814,ZONE_MAA_01,2026-08-10,1,121,1.0,1,54.7,6087.85,15.6,35.5,153.57142857142858,1,1,0.2336,1.026,44.3
W_267d567a8c3d1814,ZONE_MAA_01,2026-08-17,1,121,1.0,1,54.7,6087.85,29.4,36.3,143.71428571428572,0,1,0.1739,1.049,43.1
W_267d567a8c3d1814,ZONE_MAA_01,2026-08-24,1,121,1.0,1,54.7,6087.85,15.1,36.6,144.14285714285714,1,1,0.2254,1.025,43.96
W_267d567a8c3d1814,ZONE_MAA_01,2026-08-31,1,121,1.0,1,54.7,6087.85,13.1,35.6,156.85714285714286,1,1,0.2305,1.022,44.01
W_267d567a8c3d1814,ZONE_MAA_01,2026-09-07,1,121,1.0,1,54.7,6087.85,23.3,35.6,136.57142857142858,0,1,0.1549,1.039,42.0
W_267d567a8c3d1814,ZONE_MAA_01,2026-09-14,1,121,1.0,1,54.7,6087.85,27.4,36.0,152.75,1,1,0.2595,1.046,46.11
W_56ec7eb4eed5b146,ZONE_BLR_01,2026-06-22,1,52,1.0,1,47.5,5196.93,16.3,30.1,135.25,0,1,0.1381,1.027,40.91
W_56ec7eb4eed5b146,ZONE_BLR_01,2026-06-29,1,52,1.0,1,47.5,5196.93,20.1,29.2,153.85714285714286,1,1,0.244,1.034,45.02
W_56ec7eb4eed5b146,ZONE_BLR_01,2026-07-06,1,52,1.0,1,47.5,5196.93,8.399999999999999,31.8,172.71428571428572,0,1,0.1484,1.014,40.76
W_56ec7eb4eed5b146,ZONE_BLR_01,2026-07-13,1,52,1.0,1,47.5,5196.93,16.8,32.1,124.57142857142856,0,1,0.1312,1.028,40.7
W_56ec7eb4eed5b146,ZONE_BLR_01,2026-07-20,1,52,1.0,1,47.5,5196.93,33.4,29.5,162.85714285714286,1,1,0.2806,1.056,47.33
W_56ec7eb4eed5b146,ZONE_BLR_01,2026-07-27,1,52,1.0,1,47.5,5196.93,28.8,29.7,169.42857142857142,0,1,0.1919,1.048,43.72
W_56ec7eb4eed5b146,ZONE_BLR_01,2026-08-03,1,52,1.0,1,47.5,5196.93,76.3,28.3,143.0,0,1,0.2789,1.127,50.45
W_56ec7eb4eed5b146,ZONE_BLR_01,2026-08-10,1,52,1.0,1,47.5,5196.93,19.9,30.7,129.0,0,1,0.1415,1.033,41.27
W_56ec7eb4eed5b146,ZONE_BLR_01,2026-08-17,1,52,1.0,1,47.5,5196.93,31.4,29.9,146.57142857142858,1,1,0.2639,1.052,46.54
W_56ec7eb4eed5b146,ZONE_BLR_01,2026-08-24,1,52,1.0,1,47.5,5196.93,35.7,28.8,167.14285714285714,0,1,0.2057,1.06,44.73
W_56ec7eb4eed5b146,ZONE_BLR_01,2026-08-31,1,52,1.0,1,47.5,5196.93,13.2,30.8,142.71428571428572,1,1,0.2201,1.022,43.64
W_56ec7eb4eed5b146,ZONE_BLR_01,2026-09-07,1,52,1.0,1,47.5,5196.93,8.5,31.0,128.28571428571428,0,1,0.1153,1.014,39.58
W_56ec7eb4eed5b146,ZONE_BLR_01,2026-09-14,1,52,1.0,1,47.5,5196.93,33.1,30.8,137.5,0,1,0.1776,1.055,43.48
W_d0546cf1f9834998,ZONE_DEL_01,2026-06-22,1,105,1.0,1,61.7,6641.22,4.0,41.9,188.25,0,1,0.1502,1.007,40.54
W_d0546cf1f9834998,ZONE_DEL_01,2026-06-29,1,105,1.0,1,61.7,6641.22,20.0,41.7,157.71428571428572,0,1,0.1633,1.033,42.06
W_d0546cf1f9834998,ZONE_DEL_01,2026-07-06,1,105,1.0,1,61.7,6641.22,122.9,36.7,156.0,2,1,0.5602,1.205,65.8
W_d0546cf1f9834998,ZONE_DEL_01,2026-07-13,1,105,1.0,1,61.7,6641.22,9.8,37.4,129.42857142857142,0,1,0.1191,1.016,39.8
W_d0546cf1f9834998,ZONE_DEL_01,2026-07-20,1,105,1.0,1,61.7,6641.22,74.3,33.7,132.71428571428572,0,1,0.2667,1.124,49.83
W_d0546cf1f9834998,ZONE_DEL_01,2026-07-27,1,105,1.0,1,61.7,6641.22,51.900000000000006,35.3,172.57142857142858,0,1,0.2462,1.086,47.37
W_d0546cf1f9834998,ZONE_DEL_01,2026-08-03,1,105,1.0,1,61.7,6641.22,132.8,33.8,126.57142857142856,1,1,0.4771,1.221,63.12
W_d0546cf1f9834998,ZONE_DEL_01,2026-08-10,1,105,1.0,1,61.7,6641.22,45.8,34.4,170.42857142857142,0,1,0.2309,1.076,46.36
W_d0546cf1f9834998,ZONE_DEL_01,2026-08-17,1,105,1.0,1,61.7,6641.22,34.3,33.6,140.0,1,1,0.2655,1.057,46.82
W_d0546cf1f9834998,ZONE_DEL_01,2026-08-24,1,105,1.0,1,61.7,6641.22,24.5,34.9,168.0,0,1,0.1811,1.041,43.03
W_d0546cf1f9834998,ZONE_DEL_01,2026-08-31,1,105,1.0,1,61.7,6641.22,76.6,34.4,145.57142857142858,0,1,0.2815,1.128,50.59
W_d0546cf1f9834998,ZONE_DEL_01,2026-09-07,1,105,1.0,1,61.7,6641.22,19.1,34.4,142.0,0,1,0.1495,1.032,41.52
W_d0546cf1f9834998,ZONE_DEL_01,2026-09-14,1,105,1.0,1,61.7,6641.22,7.6,35.0,149.0,0,1,0.1288,1.013,40.02
W_5f0fdf2510d6c035,ZONE_DEL_01,2026-06-22,1,121,1.0,0,32.4,3332.44,4.0,41.9,188.25,0,1,0.1502,1.007,40.54
W_5f0fdf2510d6c035,ZONE_DEL_01,2026-06-29,1,121,1.0,0,32.4,3332.44,20.0,41.7,157.71428571428572,0,1,0.1633,1.033,42.06
W_5f0fdf2510d6c035,ZONE_DEL_01,2026-07-06,1,121,1.0,0,32.4,3332.44,122.9,36.7,156.0,2,1,0.5602,1.205,65.8
W_5f0fdf2510d6c035,ZONE_DEL_01,2026-07-13,1,121,1.0,0,32.4,3332.44,9.8,37.4,129.42857142857142,0,1,0.1191,1.016,39.8
W_5f0fdf2510d6c035,ZONE_DEL_01,2026-07-20,1,121,1.0,0,32.4,3332.44,74.3,33.7,132.71428571428572,0,1,0.2667,1.124,49.83
W_5f0fdf2510d6c035,ZONE_DEL_01,2026-07-27,1,121,1.0,0,32.4,3332.44,51.900000000000006,35.3,172.57142857142858,0,1,0.2462,1.086,47.37
W_5f0fdf2510d6c035,ZONE_DEL_01,2026-08-03,1,121,1.0,0,32.4,3332.44,132.8,33.8,126.57142857142856,1,1,0.4771,1.221,63.12
W_5f0fdf2510d6c035,ZONE_DEL_01,2026-08-10,1,121,1.0,0,32.4,3332.44,45.8,34.4,170.42857142857142,0,1,0.2309,1.076,46.36
W_5f0fdf2510d6c035,ZONE_DEL_01,2026-08-17,1,121,1.0,0,32.4,3332.44,34.3,33.6,140.0,1,1,0.2655,1.057,46.82
W_5f0fdf2510d6c035,ZONE_DEL_01,2026-08-24,1,121,1.0,0,32.4,3332.44,24.5,34.9,168.0,0,1,0.1811,1.041,43.03
W_5f0fdf2510d6c035,ZONE_DEL_01,2026-08-31,1,121,1.0,0,32.4,3332.44,76.6,34.4,145.57142857142858,0,1,0.2815,1.128,50.59
W_5f0fdf2510d6c035,ZONE_DEL_01,2026-09-07,1,121,1.0,0,32.4,3332.44,19.1,34.4,142.0,0,1,0.1495,1.032,41.52
W_5f0fdf2510d6c035,ZONE_DEL_01,2026-09-14,1,121,1.0,0,32.4,3332.44,7.6,35.0,149.0,0,1,0.1288,1.013,40.02
W_37286c3d6cd650a5,ZONE_MAA_01,2026-06-22,1,256,1.05,1,50.0,4804.91,33.7,37.6,159.25,0,1,0.1953,1.056,46.39
W_37286c3d6cd650a5,ZONE_MAA_01,2026-06-29,1,256,1.05,1,50.0,4804.91,11.8,38.4,123.0,0,1,0.1188,1.02,41.94
W_37286c3d6cd650a5,ZONE_MAA_01,2026-07-06,1,256,1.05,1,50.0,4804.91,9.3,39.2,163.28571428571428,1,1,0.2267,1.016,45.8
W_37286c3d6cd650a5,ZONE_MAA_01,2026-07-13,1,256,1.05,1,50.0,4804.91,11.3,38.7,141.57142857142858,0,1,0.1316,1.019,42.38
W_37286c3d6cd650a5,ZONE_MAA_01,2026-07-20,1,256,1.05,1,50.0,4804.91,35.6,36.4,131.57142857142858,0,1,0.1788,1.059,45.88
W_37286c3d6cd650a5,ZONE_MAA_01,2026-07-27,1,256,1.05,1,50.0,4804.91,26.0,37.6,145.14285714285714,0,1,0.1674,1.043,44.75
W_37286c3d6cd650a5,ZONE_MAA_01,2026-08-03,1,256,1.05,1,50.0,4804.91,38.5,34.8,150.71428571428572,0,1,0.1997,1.064,46.91
W_37286c3d6cd650a5,ZONE_MAA_01,2026-08-10,1,256,1.05,1,50.0,4804.91,15.6,35.5,153.57142857142858,1,1,0.2336,1.026,46.51
W_37286c3d6cd650a5,ZONE_MAA_01,2026-08-17,1,256,1.05,1,50.0,4804.91,29.4,36.3,143.71428571428572,0,1,0.1739,1.049,45.25
W_37286c3d6cd650a5,ZONE_MAA_01,2026-08-24,1,256,1.05,1,50.0,4804.91,15.1,36.6,144.14285714285714,1,1,0.2254,1.025,46.16
W_37286c3d6cd650a5,ZONE_MAA_01,2026-08-31,1,256,1.05,1,50.0,4804.91,13.1,35.6,156.85714285714286,1,1,0.2305,1.022,46.22
W_37286c3d6cd650a5,ZONE_MAA_01,2026-09-07,1,256,1.05,1,50.0,4804.91,23.3,35.6,136.57142857142858,0,1,0.1549,1.039,44.1
W_37286c3d6cd650a5,ZONE_MAA_01,2026-09-14,1,256,1.05,1,50.0,4804.91,27.4,36.0,152.75,1,1,0.2595,1.046,48.42
W_3da66f7f999ea8d2,ZONE_MAA_01,2026-06-22,1,27,1.0,1,40.8,4473.48,33.7,37.6,159.25,0,1,0.1953,1.056,44.18
W_3da66f7f999ea8d2,ZONE_MAA_01,2026-06-29,1,27,1.0,1,40.8,4473.48,11.8,38.4,123.0,0,1,0.1188,1.02,39.94
W_3da66f7f999ea8d2,ZONE_MAA_01,2026-07-06,1,27,1.0,1,40.8,4473.48,9.3,39.2,163.28571428571428,1,1,0.2267,1.016,43.62
W_3da66f7f999ea8d2,ZONE_MAA_01,2026-07-13,1,27,1.0,1,40.8,4473.48,11.3,38.7,141.57142857142858,0,1,0.1316,1.019,40.36
W_3da66f7f999ea8d2,ZONE_MAA_01,2026-07-20,1,27,1.0,1,40.8,4473.48,35.6,36.4,131.57142857142858,0,1,0.1788,1.059,43.69
W_3da66f7f999ea8d2,ZONE_MAA_01,2026-07-27,1,27,1.0,1,40.8,4473.48,26.0,37.6,145.14285714285714,0,1,0.1674,1.043,42.62
W_3da66f7f999ea8d2,ZONE_MAA_01,2026-08-03,1,27,1.0,1,40.8,4473.48,38.5,34.8,150.71428571428572,0,1,0.1997,1.064,44.68
W_3da66f7f999ea8d2,ZONE_MAA_01,2026-08-10,1,27,1.0,1,40.8,4473.48,15.6,35.5,153.57142857142858,1,1,0.2336,1.026,44.3
W_3da66f7f999ea8d2,ZONE_MAA_01,2026-08-17,1,27,1.0,1,40.8,4473.48,29.4,36.3,143.71428571428572,0,1,0.1739,1.049,43.1
W_3da66f7f999ea8d2,ZONE_MAA_01,2026-08-24,1,27,1.0,1,40.8,4473.48,15.1,36.6,144.14285714285714,1,1,0.2254,1.025,43.96
W_3da66f7f999ea8d2,ZONE_MAA_01,2026-08-31,1,27,1.0,1,40.8,4473.48,13.1,35.6,156.85714285714286,1,1,0.2305,1.022,44.01
W_3da66f7f999ea8d2,ZONE_MAA_01,2026-09-07,1,27,1.0,1,40.8,4473.48,23.3,35.6,136.57142857142858,0,1,0.1549,1.039,42.0
W_3da66f7f999ea8d2,ZONE_MAA_01,2026-09-14,1,27,1.0,1,40.8,4473.48,27.4,36.0,152.75,1,1,0.2595,1.046,46.11
W_920b7777eddc774b,ZONE_HYD_01,2026-06-22,1,284,1.0,0,22.8,2280.96,21.8,32.6,156.25,1,1,0.2496,1.036,45.31
W_920b7777eddc774b,ZONE_HYD_01,2026-06-29,1,284,1.0,0,22.8,2280.96,35.9,29.8,132.14285714285714,0,1,0.1799,1.06,43.77
W_920b7777eddc774b,ZONE_HYD_01,2026-07-06,1,284,1.0,0,22.8,2280.96,6.2,33.3,165.28571428571428,0,1,0.1379,1.01,40.22
W_920b7777eddc774b,ZONE_HYD_01,2026-07-13,1,284,1.0,0,22.8,2280.96,26.8,33.9,155.14285714285714,1,1,0.26,1.045,46.08
W_920b7777eddc774b,ZONE_HYD_01,2026-07-20,1,284,1.0,0,22.8,2280.96,38.8,30.0,132.85714285714286,0,1,0.1869,1.065,44.24
W_920b7777eddc774b,ZONE_HYD_01,2026-07-27,1,284,1.0,0,22.8,2280.96,70.5,30.6,137.0,0,1,0.2614,1.118,49.36
W_920b7777eddc774b,ZONE_HYD_01,2026-08-03,1,284,1.0,0,22.8,2280.96,20.5,30.6,136.28571428571428,0,1,0.1483,1.034,41.56
W_920b7777eddc774b,ZONE_HYD_01,2026-08-10,1,284,1.0,0,22.8,2280.96,12.6,30.8,137.42857142857142,0,1,0.1314,1.021,40.43
W_920b7777eddc774b,ZONE_HYD_01,2026-08-17,1,284,1.0,0,22.8,2280.96,18.2,31.5,148.85714285714286,1,1,0.2359,1.03,44.55
W_920b7777eddc774b,ZONE_HYD_01,2026-08-24,1,284,1.0,0,22.8,2280.96,10.4,30.4,140.14285714285714,0,1,0.1285,1.017,40.17
W_920b7777eddc774b,ZONE_HYD_01,2026-08-31,1,284,1.0,0,22.8,2280.96,8.8,32.0,159.14285714285714,0,1,0.1392,1.015,40.47
W_920b7777eddc774b,ZONE_HYD_01,2026-09-07,1,284,1.0,0,22.8,2280.96,26.3,32.2,156.57142857142858,1,1,0.2599,1.044,46.04
W_920b7777eddc774b,ZONE_HYD_01,2026-09-14,1,284,1.0,0,22.8,2280.96,12.7,33.4,147.5,0,1,0.1392,1.021,40.71
W_c0c9210bc101366b,ZONE_BOM_01,2026-06-22,1,42,1.05,0,28.3,2710.68,24.8,31.1,184.0,0,1,0.1938,1.041,45.67
W_c0c9210bc101366b,ZONE_BOM_01,2026-06-29,1,42,1.05,0,28.3,2710.68,493.0,28.6,147.0,6,1,1.0,1.822,79.0
W_c0c9210bc101366b,ZONE_BOM_01,2026-07-06,1,42,1.05,0,28.3,2710.68,235.5,30.2,143.85714285714286,2,1,0.8044,1.392,79.0
W_c0c9210bc101366b,ZONE_BOM_01,2026-07-13,1,42,1.05,0,28.3,2710.68,92.5,30.6,156.42857142857142,1,1,0.4088,1.154,59.75
W_c0c9210bc101366b,ZONE_BOM_01,2026-07-20,1,42,1.05,0,28.3,2710.68,354.8,29.6,158.42857142857142,4,1,1.0,1.591,79.0
W_c0c9210bc101366b,ZONE_BOM_01,2026-07-27,1,42,1.05,0,28.3,2710.68,120.9,29.6,151.42857142857142,0,1,0.3856,1.202,61.21
W_c0c9210bc101366b,ZONE_BOM_01,2026-08-03,1,42,1.05,0,28.3,2710.68,76.8,29.7,139.0,0,1,0.277,1.128,52.94
W_c0c9210bc101366b,ZONE_BOM_01,2026-08-10,1,42,1.05,0,28.3,2710.68,96.6,29.7,142.57142857142858,0,1,0.3243,1.161,56.5
W_c0c9210bc101366b,ZONE_BOM_01,2026-08-17,1,42,1.05,0,28.3,2710.68,61.0,29.7,146.28571428571428,1,1,0.3303,1.102,53.88
W_c0c9210bc101366b,ZONE_BOM_01,2026-08-24,1,42,1.05,0,28.3,2710.68,36.4,29.6,134.0,1,1,0.2657,1.061,49.35
W_c0c9210bc101366b,ZONE_BOM_01,2026-08-31,1,42,1.05,0,28.3,2710.68,61.0,29.6,158.28571428571428,0,1,0.256,1.102,50.87
W_c0c9210bc101366b,ZONE_BOM_01,2026-09-07,1,42,1.05,0,28.3,2710.68,52.9,30.0,169.57142857142858,0,1,0.2462,1.088,49.83
W_c0c9210bc101366b,ZONE_BOM_01,2026-09-14,1,42,1.05,0,28.3,2710.68,23.3,30.0,162.0,0,1,0.1739,1.039,44.82
W_dc7d78cca46a3b0d,ZONE_HYD_01,2026-06-22,1,229,1.0,0,17.7,1824.42,21.8,32.6,156.25,1,1,0.2496,1.036,45.31
W_dc7d78cca46a3b0d,ZONE_HYD_01,2026-06-29,1,229,1.0,0,17.7,1824.42,35.9,29.8,132.14285714285714,0,1,0.1799,1.06,43.77
W_dc7d78cca46a3b0d,ZONE_HYD_01,2026-07-06,1,229,1.0,0,17.7,1824.42,6.2,33.3,165.28571428571428,0,1,0.1379,1.01,40.22
W_dc7d78cca46a3b0d,ZONE_HYD_01,2026-07-13,1,229,1.0,0,17.7,1824.42,26.8,33.9,155.14285714285714,1,1,0.26,1.045,46.08
W_dc7d78cca46a3b0d,ZONE_HYD_01,2026-07-20,1,229,1.0,0,17.7,1824.42,38.8,30.0,132.85714285714286,0,1,0.1869,1.065,44.24
W_dc7d78cca46a3b0d,ZONE_HYD_01,2026-07-27,1,229,1.0,0,17.7,1824.42,70.5,30.6,137.0,0,1,0.2614,1.118,49.36
W_dc7d78cca46a3b0d,ZONE_HYD_01,2026-08-03,1,229,1.0,0,17.7,1824.42,20.5,30.6,136.28571428571428,0,1,0.1483,1.034,41.56
W_dc7d78cca46a3b0d,ZONE_HYD_01,2026-08-10,1,229,1.0,0,17.7,1824.42,12.6,30.8,137.42857142857142,0,1,0.1314,1.021,40.43
W_dc7d78cca46a3b0d,ZONE_HYD_01,2026-08-17,1,229,1.0,0,17.7,1824.42,18.2,31.5,148.85714285714286,1,1,0.2359,1.03,44.55
W_dc7d78cca46a3b0d,ZONE_HYD_01,2026-08-24,1,229,1.0,0,17.7,1824.42,10.4,30.4,140.14285714285714,0,1,0.1285,1.017,40.17
W_dc7d78cca46a3b0d,ZONE_HYD_01,2026-08-31,1,229,1.0,0,17.7,1824.42,8.8,32.0,159.14285714285714,0,1,0.1392,1.015,40.47
W_dc7d78cca46a3b0d,ZONE_HYD_01,2026-09-07,1,229,1.0,0,17.7,1824.42,26.3,32.2,156.57142857142858,1,1,0.2599,1.044,46.04
W_dc7d78cca46a3b0d,ZONE_HYD_01,2026-09-14,1,229,1.0,0,17.7,1824.42,12.7,33.4,147.5,0,1,0.1392,1.021,40.71
W_389fc546f40d7534,ZONE_MAA_01,2026-06-22,1,133,1.0,0,25.5,2867.2,33.7,37.6,159.25,0,1,0.1953,1.056,44.18
W_389fc546f40d7534,ZONE_MAA_01,2026-06-29,1,133,1.0,0,25.5,2867.2,11.8,38.4,123.0,0,1,0.1188,1.02,39.94
W_389fc546f40d7534,ZONE_MAA_01,2026-07-06,1,133,1.0,0,25.5,2867.2,9.3,39.2,163.28571428571428,1,1,0.2267,1.016,43.62
W_389fc546f40d7534,ZONE_MAA_01,2026-07-13,1,133,1.0,0,25.5,2867.2,11.3,38.7,141.57142857142858,0,1,0.1316,1.019,40.36
W_389fc546f40d7534,ZONE_MAA_01,2026-07-20,1,133,1.0,0,25.5,2867.2,35.6,36.4,131.57142857142858,0,1,0.1788,1.059,43.69
W_389fc546f40d7534,ZONE_MAA_01,2026-07-27,1,133,1.0,0,25.5,2867.2,26.0,37.6,145.14285714285714,0,1,0.1674,1.043,42.62
W_389fc546f40d7534,ZONE_MAA_01,2026-08-03,1,133,1.0,0,25.5,2867.2,38.5,34.8,150.71428571428572,0,1,0.1997,1.064,44.68
W_389fc546f40d7534,ZONE_MAA_01,2026-08-10,1,133,1.0,0,25.5,2867.2,15.6,35.5,153.57142857142858,1,1,0.2336,1.026,44.3
W_389fc546f40d7534,ZONE_MAA_01,2026-08-17,1,133,1.0,0,25.5,2867.2,29.4,36.3,143.71428571428572,0,1,0.1739,1.049,43.1
W_389fc546f40d7534,ZONE_MAA_01,2026-08-24,1,133,1.0,0,25.5,2867.2,15.1,36.6,144.14285714285714,1,1,0.2254,1.025,43.96
W_389fc546f40d7534,ZONE_MAA_01,2026-08-31,1,133,1.0,0,25.5,2867.2,13.1,35.6,156.85714285714286,1,1,0.2305,1.022,44.01
W_389fc546f40d7534,ZONE_MAA_01,2026-09-07,1,133,1.0,0,25.5,2867.2,23.3,35.6,136.57142857142858,0,1,0.1549,1.039,42.0
W_389fc546f40d7534,ZONE_MAA_01,2026-09-14,1,133,1.0,0,25.5,2867.2,27.4,36.0,152.75,1,1,0.2595,1.046,46.11
W_fa3032d0327a462b,ZONE_BLR_01,2026-06-22,1,212,1.0,0,29.0,2952.85,16.3,30.1,135.25,0,1,0.1381,1.027,40.91
W_fa3032d0327a462b,ZONE_BLR_01,2026-06-29,1,212,1.0,0,29.0,2952.85,20.1,29.2,153.85714285714286,1,1,0.244,1.034,45.02
W_fa3032d0327a462b,ZONE_BLR_01,2026-07-06,1,212,1.0,0,29.0,2952.85,8.399999999999999,31.8,172.71428571428572,0,1,0.1484,1.014,40.76
W_fa3032d0327a462b,ZONE_BLR_01,2026-07-13,1,212,1.0,0,29.0,2952.85,16.8,32.1,124.57142857142856,0,1,0.1312,1.028,40.7
W_fa3032d0327a462b,ZONE_BLR_01,2026-07-20,1,212,1.0,0,29.0,2952.85,33.4,29.5,162.85714285714286,1,1,0.2806,1.056,47.33
W_fa3032d0327a462b,ZONE_BLR_01,2026-07-27,1,212,1.0,0,29.0,2952.85,28.8,29.7,169.42857142857142,0,1,0.1919,1.048,43.72
W_fa3032d0327a462b,ZONE_BLR_01,2026-08-03,1,212,1.0,0,29.0,2952.85,76.3,28.3,143.0,0,1,0.2789,1.127,50.45
W_fa3032d0327a462b,ZONE_BLR_01,2026-08-10,1,212,1.0,0,29.0,2952.85,19.9,30.7,129.0,0,1,0.1415,1.033,41.27
W_fa3032d0327a462b,ZONE_BLR_01,2026-08-17,1,212,1.0,0,29.0,2952.85,31.4,29.9,146.57142857142858,1,1,0.2639,1.052,46.54
W_fa3032d0327a462b,ZONE_BLR_01,2026-08-24,1,212,1.0,0,29.0,2952.85,35.7,28.8,167.14285714285714,0,1,0.2057,1.06,44.73
W_fa3032d0327a462b,ZONE_BLR_01,2026-08-31,1,212,1.0,0,29.0,2952.85,13.2,30.8,142.71428571428572,1,1,0.2201,1.022,43.64
W_fa3032d0327a462b,ZONE_BLR_01,2026-09-07,1,212,1.0,0,29.0,2952.85,8.5,31.0,128.28571428571428,0,1,0.1153,1.014,39.58
W_fa3032d0327a462b,ZONE_BLR_01,2026-09-14,1,212,1.0,0,29.0,2952.85,33.1,30.8,137.5,0,1,0.1776,1.055,43.48
W_26d4157836929115,ZONE_BLR_01,2026-06-22,1,309,1.0,1,53.5,5452.58,16.3,30.1,135.25,0,1,0.1381,1.027,40.91
W_26d4157836929115,ZONE_BLR_01,2026-06-29,1,309,1.0,1,53.5,5452.58,20.1,29.2,153.85714285714286,1,1,0.244,1.034,45.02
W_26d4157836929115,ZONE_BLR_01,2026-07-06,1,309,1.0,1,53.5,5452.58,8.399999999999999,31.8,172.71428571428572,0,1,0.1484,1.014,40.76
W_26d4157836929115,ZONE_BLR_01,2026-07-13,1,309,1.0,1,53.5,5452.58,16.8,32.1,124.57142857142856,0,1,0.1312,1.028,40.7
W_26d4157836929115,ZONE_BLR_01,2026-07-20,1,309,1.0,1,53.5,5452.58,33.4,29.5,162.85714285714286,1,1,0.2806,1.056,47.33
W_26d4157836929115,ZONE_BLR_01,2026-07-27,1,309,1.0,1,53.5,5452.58,28.8,29.7,169.42857142857142,0,1,0.1919,1.048,43.72
W_26d4157836929115,ZONE_BLR_01,2026-08-03,1,309,1.0,1,53.5,5452.58,76.3,28.3,143.0,0,1,0.2789,1.127,50.45
W_26d4157836929115,ZONE_BLR_01,2026-08-10,1,309,1.0,1,53.5,5452.58,19.9,30.7,129.0,0,1,0.1415,1.033,41.27
W_26d4157836929115,ZONE_BLR_01,2026-08-17,1,309,1.0,1,53.5,5452.58,31.4,29.9,146.57142857142858,1,1,0.2639,1.052,46.54
W_26d4157836929115,ZONE_BLR_01,2026-08-24,1,309,1.0,1,53.5,5452.58,35.7,28.8,167.14285714285714,0,1,0.2057,1.06,44.73
W_26d4157836929115,ZONE_BLR_01,2026-08-31,1,309,1.0,1,53.5,5452.58,13.2,30.8,142.71428571428572,1,1,0.2201,1.022,43.64
W_26d4157836929115,ZONE_BLR_01,2026-09-07,1,309,1.0,1,53.5,5452.58,8.5,31.0,128.28571428571428,0,1,0.1153,1.014,39.58
W_26d4157836929115,ZONE_BLR_01,2026-09-14,1,309,1.0,1,53.5,5452.58,33.1,30.8,137.5,0,1,0.1776,1.055,43.48
W_ade7dcd72d784710,ZONE_DEL_01,2026-06-22,1,21,1.0,1,47.4,5269.15,4.0,41.9,188.25,0,1,0.1502,1.007,40.54
W_ade7dcd72d784710,ZONE_DEL_01,2026-06-29,1,21,1.0,1,47.4,5269.15,20.0,41.7,157.71428571428572,0,1,0.1633,1.033,42.06
W_ade7dcd72d784710,ZONE_DEL_01,2026-07-06,1,21,1.0,1,47.4,5269.15,122.9,36.7,156.0,2,1,0.5602,1.205,65.8
W_ade7dcd72d784710,ZONE_DEL_01,2026-07-13,1,21,1.0,1,47.4,5269.15,9.8,37.4,129.42857142857142,0,1,0.1191,1.016,39.8
W_ade7dcd72d784710,ZONE_DEL_01,2026-07-20,1,21,1.0,1,47.4,5269.15,74.3,33.7,132.71428571428572,0,1,0.2667,1.124,49.83
W_ade7dcd72d784710,ZONE_DEL_01,2026-07-27,1,21,1.0,1,47.4,5269.15,51.900000000000006,35.3,172.57142857142858,0,1,0.2462,1.086,47.37
W_ade7dcd72d784710,ZONE_DEL_01,2026-08-03,1,21,1.0,1,47.4,5269.15,132.8,33.8,126.57142857142856,1,1,0.4771,1.221,63.12
W_ade7dcd72d784710,ZONE_DEL_01,2026-08-10,1,21,1.0,1,47.4,5269.15,45.8,34.4,170.42857142857142,0,1,0.2309,1.076,46.36
W_ade7dcd72d784710,ZONE_DEL_01,2026-08-17,1,21,1.0,1,47.4,5269.15,34.3,33.6,140.0,1,1,0.2655,1.057,46.82
W_ade7dcd72d784710,ZONE_DEL_01,2026-08-24,1,21,1.0,1,47.4,5269.15,24.5,34.9,168.0,0,1,0.1811,1.041,43.03
W_ade7dcd72d784710,ZONE_DEL_01,2026-08-31,1,21,1.0,1,47.4,5269.15,76.6,34.4,145.57142857142858,0,1,0.2815,1.128,50.59
W_ade7dcd72d784710,ZONE_DEL_01,2026-09-07,1,21,1.0,1,47.4,5269.15,19.1,34.4,142.0,0,1,0.1495,1.032,41.52
W_ade7dcd72d784710,ZONE_DEL_01,2026-09-14,1,21,1.0,1,47.4,5269.15,7.6,35.0,149.0,0,1,0.1288,1.013,40.02
W_9848d02b418bea42,ZONE_MAA_01,2026-06-22,1,85,1.0,1,52.8,5259.59,33.7,37.6,159.25,0,1,0.1953,1.056,44.18
W_9848d02b418bea42,ZONE_MAA_01,2026-06-29,1,85,1.0,1,52.8,5259.59,11.8,38.4,123.0,0,1,0.1188,1.02,39.94
W_9848d02b418bea42,ZONE_MAA_01,2026-07-06,1,85,1.0,1,52.8,5259.59,9.3,39.2,163.28571428571428,1,1,0.2267,1.016,43.62
W_9848d02b418bea42,ZONE_MAA_01,2026-07-13,1,85,1.0,1,52.8,5259.59,11.3,38.7,141.57142857142858,0,1,0.1316,1.019,40.36
W_9848d02b418bea42,ZONE_MAA_01,2026-07-20,1,85,1.0,1,52.8,5259.59,35.6,36.4,131.57142857142858,0,1,0.1788,1.059,43.69
W_9848d02b418bea42,ZONE_MAA_01,2026-07-27,1,85,1.0,1,52.8,5259.59,26.0,37.6,145.14285714285714,0,1,0.1674,1.043,42.62
W_9848d02b418bea42,ZONE_MAA_01,2026-08-03,1,85,1.0,1,52.8,5259.59,38.5,34.8,150.71428571428572,0,1,0.1997,1.064,44.68
W_9848d02b418bea42,ZONE_MAA_01,2026-08-10,1,85,1.0,1,52.8,5259.59,15.6,35.5,153.57142857142858,1,1,0.2336,1.026,44.3
W_9848d02b418bea42,ZONE_MAA_01,2026-08-17,1,85,1.0,1,52.8,5259.59,29.4,36.3,143.71428571428572,0,1,0.1739,1.049,43.1
W_9848d02b418bea42,ZONE_MAA_01,2026-08-24,1,85,1.0,1,52.8,5259.59,15.1,36.6,144.14285714285714,1,1,0.2254,1.025,43.96
W_9848d02b418bea42,ZONE_MAA_01,2026-08-31,1,85,1.0,1,52.8,5259.59,13.1,35.6,156.85714285714286,1,1,0.2305,1.022,44.01
W_9848d02b418bea42,ZONE_MAA_01,2026-09-07,1,85,1.0,1,52.8,5259.59,23.3,35.6,136.57142857142858,0,1,0.1549,1.039,42.0
W_9848d02b418bea42,ZONE_MAA_01,2026-09-14,1,85,1.0,1,52.8,5259.59,27.4,36.0,152.75,1,1,0.2595,1.046,46.11
W_0458a8227990f06a,ZONE_HYD_01,2026-06-22,1,351,1.0,1,59.5,6328.42,21.8,32.6,156.25,1,1,0.2496,1.036,45.31
W_0458a8227990f06a,ZONE_HYD_01,2026-06-29,1,351,1.0,1,59.5,6328.42,35.9,29.8,132.14285714285714,0,1,0.1799,1.06,43.77
W_0458a8227990f06a,ZONE_HYD_01,2026-07-06,1,351,1.0,1,59.5,6328.42,6.2,33.3,165.28571428571428,0,1,0.1379,1.01,40.22
W_0458a8227990f06a,ZONE_HYD_01,2026-07-13,1,351,1.0,1,59.5,6328.42,26.8,33.9,155.14285714285714,1,1,0.26,1.045,46.08
W_0458a8227990f06a,ZONE_HYD_01,2026-07-20,1,351,1.0,1,59.5,6328.42,38.8,30.0,132.85714285714286,0,1,0.1869,1.065,44.24
W_0458a8227990f06a,ZONE_HYD_01,2026-07-27,1,351,1.0,1,59.5,6328.42,70.5,30.6,137.0,0,1,0.2614,1.118,49.36
W_0458a8227990f06a,ZONE_HYD_01,2026-08-03,1,351,1.0,1,59.5,6328.42,20.5,30.6,136.28571428571428,0,1,0.1483,1.034,41.56
W_0458a8227990f06a,ZONE_HYD_01,2026-08-10,1,351,1.0,1,59.5,6328.42,12.6,30.8,137.42857142857142,0,1,0.1314,1.021,40.43
W_0458a8227990f06a,ZONE_HYD_01,2026-08-17,1,351,1.0,1,59.5,6328.42,18.2,31.5,148.85714285714286,1,1,0.2359,1.03,44.55
W_0458a8227990f06a,ZONE_HYD_01,2026-08-24,1,351,1.0,1,59.5,6328.42,10.4,30.4,140.14285714285714,0,1,0.1285,1.017,40.17
W_0458a8227990f06a,ZONE_HYD_01,2026-08-31,1,351,1.0,1,59.5,6328.42,8.8,32.0,159.14285714285714,0,1,0.1392,1.015,40.47
W_0458a8227990f06a,ZONE_HYD_01,2026-09-07,1,351,1.0,1,59.5,6328.42,26.3,32.2,156.57142857142858,1,1,0.2599,1.044,46.04
W_0458a8227990f06a,ZONE_HYD_01,2026-09-14,1,351,1.0,1,59.5,6328.42,12.7,33.4,147.5,0,1,0.1392,1.021,40.71
W_077170b5c8ed69fa,ZONE_DEL_01,2026-06-22,1,21,1.0,0,25.5,2564.66,4.0,41.9,188.25,0,1,0.1502,1.007,40.54
W_077170b5c8ed69fa,ZONE_DEL_01,2026-06-29,1,21,1.0,0,25.5,2564.66,20.0,41.7,157.71428571428572,0,1,0.1633,1.033,42.06
W_077170b5c8ed69fa,ZONE_DEL_01,2026-07-06,1,21,1.0,0,25.5,2564.66,122.9,36.7,156.0,2,1,0.5602,1.205,65.8
W_077170b5c8ed69fa,ZONE_DEL_01,2026-07-13,1,21,1.0,0,25.5,2564.66,9.8,37.4,129.42857142857142,0,1,0.1191,1.016,39.8
W_077170b5c8ed69fa,ZONE_DEL_01,2026-07-20,1,21,1.0,0,25.5,2564.66,74.3,33.7,132.71428571428572,0,1,0.2667,1.124,49.83
W_077170b5c8ed69fa,ZONE_DEL_01,2026-07-27,1,21,1.0,0,25.5,2564.66,51.900000000000006,35.3,172.57142857142858,0,1,0.2462,1.086,47.37
W_077170b5c8ed69fa,ZONE_DEL_01,2026-08-03,1,21,1.0,0,25.5,2564.66,132.8,33.8,126.57142857142856,1,1,0.4771,1.221,63.12
W_077170b5c8ed69fa,ZONE_DEL_01,2026-08-10,1,21,1.0,0,25.5,2564.66,45.8,34.4,170.42857142857142,0,1,0.2309,1.076,46.36
W_077170b5c8ed69fa,ZONE_DEL_01,2026-08-17,1,21,1.0,0,25.5,2564.66,34.3,33.6,140.0,1,1,0.2655,1.057,46.82
W_077170b5c8ed69fa,ZONE_DEL_01,2026-08-24,1,21,1.0,0,25.5,2564.66,24.5,34.9,168.0,0,1,0.1811,1.041,43.03
W_077170b5c8ed69fa,ZONE_DEL_01,2026-08-31,1,21,1.0,0,25.5,2564.66,76.6,34.4,145.57142857142858,0,1,0.2815,1.128,50.59
W_077170b5c8ed69fa,ZONE_DEL_01,2026-09-07,1,21,1.0,0,25.5,2564.66,19.1,34.4,142.0,0,1,0.1495,1.032,41.52
W_077170b5c8ed69fa,ZONE_DEL_01,2026-09-14,1,21,1.0,0,25.5,2564.66,7.6,35.0,149.0,0,1,0.1288,1.013,40.02
W_b370bd5ae6a9e5f5,ZONE_DEL_01,2026-06-22,1,92,1.0,1,50.7,5563.58,4.0,41.9,188.25,0,1,0.1502,1.007,40.54
W_b370bd5ae6a9e5f5,ZONE_DEL_01,2026-06-29,1,92,1.0,1,50.7,5563.58,20.0,41.7,157.71428571428572,0,1,0.1633,1.033,42.06
W_b370bd5ae6a9e5f5,ZONE_DEL_01,2026-07-06,1,92,1.0,1,50.7,5563.58,122.9,36.7,156.0,2,1,0.5602,1.205,65.8
W_b370bd5ae6a9e5f5,ZONE_DEL_01,2026-07-13,1,92,1.0,1,50.7,5563.58,9.8,37.4,129.42857142857142,0,1,0.1191,1.016,39.8
W_b370bd5ae6a9e5f5,ZONE_DEL_01,2026-07-20,1,92,1.0,1,50.7,5563.58,74.3,33.7,132.71428571428572,0,1,0.2667,1.124,49.83
W_b370bd5ae6a9e5f5,ZONE_DEL_01,2026-07-27,1,92,1.0,1,50.7,5563.58,51.900000000000006,35.3,172.57142857142858,0,1,0.2462,1.086,47.37
W_b370bd5ae6a9e5f5,ZONE_DEL_01,2026-08-03,1,92,1.0,1,50.7,5563.58,132.8,33.8,126.57142857142856,1,1,0.4771,1.221,63.12
W_b370bd5ae6a9e5f5,ZONE_DEL_01,2026-08-10,1,92,1.0,1,50.7,5563.58,45.8,34.4,170.42857142857142,0,1,0.2309,1.076,46.36
W_b370bd5ae6a9e5f5,ZONE_DEL_01,2026-08-17,1,92,1.0,1,50.7,5563.58,34.3,33.6,140.0,1,1,0.2655,1.057,46.82
W_b370bd5ae6a9e5f5,ZONE_DEL_01,2026-08-24,1,92,1.0,1,50.7,5563.58,24.5,34.9,168.0,0,1,0.1811,1.041,43.03
W_b370bd5ae6a9e5f5,ZONE_DEL_01,2026-08-31,1,92,1.0,1,50.7,5563.58,76.6,34.4,145.57142857142858,0,1,0.2815,1.128,50.59
W_b370bd5ae6a9e5f5,ZONE_DEL_01,2026-09-07,1,92,1.0,1,50.7,5563.58,19.1,34.4,142.0,0,1,0.1495,1.032,41.52
W_b370bd5ae6a9e5f5,ZONE_DEL_01,2026-09-14,1,92,1.0,1,50.7,5563.58,7.6,35.0,149.0,0,1,0.1288,1.013,40.02
W_57aaba236d77b93c,ZONE_HYD_01,2026-06-22,1,146,1.05,1,56.2,5534.84,21.8,32.6,156.25,1,1,0.2496,1.036,47.58
W_57aaba236d77b93c,ZONE_HYD_01,2026-06-29,1,146,1.05,1,56.2,5534.84,35.9,29.8,132.14285714285714,0,1,0.1799,1.06,45.96
W_57aaba236d77b93c,ZONE_HYD_01,2026-07-06,1,146,1.05,1,56.2,5534.84,6.2,33.3,165.28571428571428,0,1,0.1379,1.01,42.24
W_57aaba236d77b93c,ZONE_HYD_01,2026-07-13,1,146,1.05,1,56.2,5534.84,26.8,33.9,155.14285714285714,1,1,0.26,1.045,48.39
W_57aaba236d77b93c,ZONE_HYD_01,2026-07-20,1,146,1.05,1,56.2,5534.84,38.8,30.0,132.85714285714286,0,1,0.1869,1.065,46.45
W_57aaba236d77b93c,ZONE_HYD_01,2026-07-27,1,146,1.05,1,56.2,5534.84,70.5,30.6,137.0,0,1,0.2614,1.118,51.83
W_57aaba236d77b93c,ZONE_HYD_01,2026-08-03,1,146,1.05,1,56.2,5534.84,20.5,30.6,136.28571428571428,0,1,0.1483,1.034,43.63
W_57aaba236d77b93c,ZONE_HYD_01,2026-08-10,1,146,1.05,1,56.2,5534.84,12.6,30.8,137.42857142857142,0,1,0.1314,1.021,42.45
W_57aaba236d77b93c,ZONE_HYD_01,2026-08-17,1,146,1.05,1,56.2,5534.84,18.2,31.5,148.85714285714286,1,1,0.2359,1.03,46.78
W_57aaba236d77b93c,ZONE_HYD_01,2026-08-24,1,146,1.05,1,56.2,5534.84,10.4,30.4,140.14285714285714,0,1,0.1285,1.017,42.18
W_57aaba236d77b93c,ZONE_HYD_01,2026-08-31,1,146,1.05,1,56.2,5534.84,8.8,32.0,159.14285714285714,0,1,0.1392,1.015,42.49
W_57aaba236d77b93c,ZONE_HYD_01,2026-09-07,1,146,1.05,1,56.2,5534.84,26.3,32.2,156.57142857142858,1,1,0.2599,1.044,48.34
W_57aaba236d77b93c,ZONE_HYD_01,2026-09-14,1,146,1.05,1,56.2,5534.84,12.7,33.4,147.5,0,1,0.1392,1.021,42.74
W_03b9f42be7e6a117,ZONE_BOM_01,2026-06-22,1,48,1.05,1,57.2,5473.41,24.8,31.1,184.0,0,1,0.1938,1.041,45.67
W_03b9f42be7e6a117,ZONE_BOM_01,2026-06-29,1,48,1.05,1,57.2,5473.41,493.0,28.6,147.0,6,1,1.0,1.822,79.0
W_03b9f42be7e6a117,ZONE_BOM_01,2026-07-06,1,48,1.05,1,57.2,5473.41,235.5,30.2,143.85714285714286,2,1,0.8044,1.392,79.0
W_03b9f42be7e6a117,ZONE_BOM_01,2026-07-13,1,48,1.05,1,57.2,5473.41,92.5,30.6,156.42857142857142,1,1,0.4088,1.154,59.75
W_03b9f42be7e6a117,ZONE_BOM_01,2026-07-20,1,48,1.05,1,57.2,5473.41,354.8,29.6,158.42857142857142,4,1,1.0,1.591,79.0
W_03b9f42be7e6a117,ZONE_BOM_01,2026-07-27,1,48,1.05,1,57.2,5473.41,120.9,29.6,151.42857142857142,0,1,0.3856,1.202,61.21
W_03b9f42be7e6a117,ZONE_BOM_01,2026-08-03,1,48,1.05,1,57.2,5473.41,76.8,29.7,139.0,0,1,0.277,1.128,52.94
W_03b9f42be7e6a117,ZONE_BOM_01,2026-08-10,1,48,1.05,1,57.2,5473.41,96.6,29.7,142.57142857142858,0,1,0.3243,1.161,56.5
W_03b9f42be7e6a117,ZONE_BOM_01,2026-08-17,1,48,1.05,1,57.2,5473.41,61.0,29.7,146.28571428571428,1,1,0.3303,1.102,53.88
W_03b9f42be7e6a117,ZONE_BOM_01,2026-08-24,1,48,1.05,1,57.2,5473.41,36.4,29.6,134.0,1,1,0.2657,1.061,49.35
W_03b9f42be7e6a117,ZONE_BOM_01,2026-08-31,1,48,1.05,1,57.2,5473.41,61.0,29.6,158.28571428571428,0,1,0.256,1.102,50.87
W_03b9f42be7e6a117,ZONE_BOM_01,2026-09-07,1,48,1.05,1,57.2,5473.41,52.9,30.0,169.57142857142858,0,1,0.2462,1.088,49.83
W_03b9f42be7e6a117,ZONE_BOM_01,2026-09-14,1,48,1.05,1,57.2,5473.41,23.3,30.0,162.0,0,1,0.1739,1.039,44.82
W_4a2f54ba870d9558,ZONE_HYD_01,2026-06-22,1,265,1.05,1,52.5,5014.31,21.8,32.6,156.25,1,1,0.2496,1.036,47.58
W_4a2f54ba870d9558,ZONE_HYD_01,2026-06-29,1,265,1.05,1,52.5,5014.31,35.9,29.8,132.14285714285714,0,1,0.1799,1.06,45.96
W_4a2f54ba870d9558,ZONE_HYD_01,2026-07-06,1,265,1.05,1,52.5,5014.31,6.2,33.3,165.28571428571428,0,1,0.1379,1.01,42.24
W_4a2f54ba870d9558,ZONE_HYD_01,2026-07-13,1,265,1.05,1,52.5,5014.31,26.8,33.9,155.14285714285714,1,1,0.26,1.045,48.39
W_4a2f54ba870d9558,ZONE_HYD_01,2026-07-20,1,265,1.05,1,52.5,5014.31,38.8,30.0,132.85714285714286,0,1,0.1869,1.065,46.45
W_4a2f54ba870d9558,ZONE_HYD_01,2026-07-27,1,265,1.05,1,52.5,5014.31,70.5,30.6,137.0,0,1,0.2614,1.118,51.83
W_4a2f54ba870d9558,ZONE_HYD_01,2026-08-03,1,265,1.05,1,52.5,5014.31,20.5,30.6,136.28571428571428,0,1,0.1483,1.034,43.63
W_4a2f54ba870d9558,ZONE_HYD_01,2026-08-10,1,265,1.05,1,52.5,5014.31,12.6,30.8,137.42857142857142,0,1,0.1314,1.021,42.45
W_4a2f54ba870d9558,ZONE_HYD_01,2026-08-17,1,265,1.05,1,52.5,5014.31,18.2,31.5,148.85714285714286,1,1,0.2359,1.03,46.78
W_4a2f54ba870d9558,ZONE_HYD_01,2026-08-24,1,265,1.05,1,52.5,5014.31,10.4,30.4,140.14285714285714,0,1,0.1285,1.017,42.18
W_4a2f54ba870d9558,ZONE_HYD_01,2026-08-31,1,265,1.05,1,52.5,5014.31,8.8,32.0,159.14285714285714,0,1,0.1392,1.015,42.49
W_4a2f54ba870d9558,ZONE_HYD_01,2026-09-07,1,265,1.05,1,52.5,5014.31,26.3,32.2,156.57142857142858,1,1,0.2599,1.044,48.34
W_4a2f54ba870d9558,ZONE_HYD_01,2026-09-14,1,265,1.05,1,52.5,5014.31,12.7,33.4,147.5,0,1,0.1392,1.021,42.74
W_6ce9fab807f0cf69,ZONE_DEL_01,2026-06-22,1,39,1.0,1,54.4,5896.78,4.0,41.9,188.25,0,1,0.1502,1.007,40.54
W_6ce9fab807f0cf69,ZONE_DEL_01,2026-06-29,1,39,1.0,1,54.4,5896.78,20.0,41.7,157.71428571428572,0,1,0.1633,1.033,42.06
W_6ce9fab807f0cf69,ZONE_DEL_01,2026-07-06,1,39,1.0,1,54.4,5896.78,122.9,36.7,156.0,2,1,0.5602,1.205,65.8
W_6ce9fab807f0cf69,ZONE_DEL_01,2026-07-13,1,39,1.0,1,54.4,5896.78,9.8,37.4,129.42857142857142,0,1,0.1191,1.016,39.8
W_6ce9fab807f0cf69,ZONE_DEL_01,2026-07-20,1,39,1.0,1,54.4,5896.78,74.3,33.7,132.71428571428572,0,1,0.2667,1.124,49.83
W_6ce9fab807f0cf69,ZONE_DEL_01,2026-07-27,1,39,1.0,1,54.4,5896.78,51.900000000000006,35.3,172.57142857142858,0,1,0.2462,1.086,47.37
W_6ce9fab807f0cf69,ZONE_DEL_01,2026-08-03,1,39,1.0,1,54.4,5896.78,132.8,33.8,126.57142857142856,1,1,0.4771,1.221,63.12
W_6ce9fab807f0cf69,ZONE_DEL_01,2026-08-10,1,39,1.0,1,54.4,5896.78,45.8,34.4,170.42857142857142,0,1,0.2309,1.076,46.36
W_6ce9fab807f0cf69,ZONE_DEL_01,2026-08-17,1,39,1.0,1,54.4,5896.78,34.3,33.6,140.0,1,1,0.2655,1.057,46.82
W_6ce9fab807f0cf69,ZONE_DEL_01,2026-08-24,1,39,1.0,1,54.4,5896.78,24.5,34.9,168.0,0,1,0.1811,1.041,43.03
W_6ce9fab807f0cf69,ZONE_DEL_01,2026-08-31,1,39,1.0,1,54.4,5896.78,76.6,34.4,145.57142857142858,0,1,0.2815,1.128,50.59
W_6ce9fab807f0cf69,ZONE_DEL_01,2026-09-07,1,39,1.0,1,54.4,5896.78,19.1,34.4,142.0,0,1,0.1495,1.032,41.52
W_6ce9fab807f0cf69,ZONE_DEL_01,2026-09-14,1,39,1.0,1,54.4,5896.78,7.6,35.0,149.0,0,1,0.1288,1.013,40.02
W_e58250428367733f,ZONE_MAA_01,2026-06-22,1,83,1.05,1,55.7,5473.73,33.7,37.6,159.25,0,1,0.1953,1.056,46.39
W_e58250428367733f,ZONE_MAA_01,2026-06-29,1,83,1.05,1,55.7,5473.73,11.8,38.4,123.0,0,1,0.1188,1.02,41.94
W_e58250428367733f,ZONE_MAA_01,2026-07-06,1,83,1.05,1,55.7,5473.73,9.3,39.2,163.28571428571428,1,1,0.2267,1.016,45.8
W_e58250428367733f,ZONE_MAA_01,2026-07-13,1,83,1.05,1,55.7,5473.73,11.3,38.7,141.57142857142858,0,1,0.1316,1.019,42.38
W_e58250428367733f,ZONE_MAA_01,2026-07-20,1,83,1.05,1,55.7,5473.73,35.6,36.4,131.57142857142858,0,1,0.1788,1.059,45.88
W_e58250428367733f,ZONE_MAA_01,2026-07-27,1,83,1.05,1,55.7,5473.73,26.0,37.6,145.14285714285714,0,1,0.1674,1.043,44.75
W_e58250428367733f,ZONE_MAA_01,2026-08-03,1,83,1.05,1,55.7,5473.73,38.5,34.8,150.71428571428572,0,1,0.1997,1.064,46.91
W_e58250428367733f,ZONE_MAA_01,2026-08-10,1,83,1.05,1,55.7,5473.73,15.6,35.5,153.57142857142858,1,1,0.2336,1.026,46.51
W_e58250428367733f,ZONE_MAA_01,2026-08-17,1,83,1.05,1,55.7,5473.73,29.4,36.3,143.71428571428572,0,1,0.1739,1.049,45.25
W_e58250428367733f,ZONE_MAA_01,2026-08-24,1,83,1.05,1,55.7,5473.73,15.1,36.6,144.14285714285714,1,1,0.2254,1.025,46.16
W_e58250428367733f,ZONE_MAA_01,2026-08-31,1,83,1.05,1,55.7,5473.73,13.1,35.6,156.85714285714286,1,1,0.2305,1.022,46.22
W_e58250428367733f,ZONE_MAA_01,2026-09-07,1,83,1.05,1,55.7,5473.73,23.3,35.6,136.57142857142858,0,1,0.1549,1.039,44.1
W_e58250428367733f,ZONE_MAA_01,2026-09-14,1,83,1.05,1,55.7,5473.73,27.4,36.0,152.75,1,1,0.2595,1.046,48.42
W_aa635392c7191062,ZONE_MAA_01,2026-06-22,1,187,1.0,1,59.3,6072.39,33.7,37.6,159.25,0,1,0.1953,1.056,44.18
W_aa635392c7191062,ZONE_MAA_01,2026-06-29,1,187,1.0,1,59.3,6072.39,11.8,38.4,123.0,0,1,0.1188,1.02,39.94
W_aa635392c7191062,ZONE_MAA_01,2026-07-06,1,187,1.0,1,59.3,6072.39,9.3,39.2,163.28571428571428,1,1,0.2267,1.016,43.62
W_aa635392c7191062,ZONE_MAA_01,2026-07-13,1,187,1.0,1,59.3,6072.39,11.3,38.7,141.57142857142858,0,1,0.1316,1.019,40.36
W_aa635392c7191062,ZONE_MAA_01,2026-07-20,1,187,1.0,1,59.3,6072.39,35.6,36.4,131.57142857142858,0,1,0.1788,1.059,43.69
W_aa635392c7191062,ZONE_MAA_01,2026-07-27,1,187,1.0,1,59.3,6072.39,26.0,37.6,145.14285714285714,0,1,0.1674,1.043,42.62
W_aa635392c7191062,ZONE_MAA_01,2026-08-03,1,187,1.0,1,59.3,6072.39,38.5,34.8,150.71428571428572,0,1,0.1997,1.064,44.68
W_aa635392c7191062,ZONE_MAA_01,2026-08-10,1,187,1.0,1,59.3,6072.39,15.6,35.5,153.57142857142858,1,1,0.2336,1.026,44.3
W_aa635392c7191062,ZONE_MAA_01,2026-08-17,1,187,1.0,1,59.3,6072.39,29.4,36.3,143.71428571428572,0,1,0.1739,1.049,43.1
W_aa635392c7191062,ZONE_MAA_01,2026-08-24,1,187,1.0,1,59.3,6072.39,15.1,36.6,144.14285714285714,1,1,0.2254,1.025,43.96
W_aa635392c7191062,ZONE_MAA_01,2026-08-31,1,187,1.0,1,59.3,6072.39,13.1,35.6,156.85714285714286,1,1,0.2305,1.022,44.01
W_aa635392c7191062,ZONE_MAA_01,2026-09-07,1,187,1.0,1,59.3,6072.39,23.3,35.6,136.57142857142858,0,1,0.1549,1.039,42.0
W_aa635392c7191062,ZONE_MAA_01,2026-09-14,1,187,1.0,1,59.3,6072.39,27.4,36.0,152.75,1,1,0.2595,1.046,46.11
W_19eead91b8a3ef2f,ZONE_HYD_01,2026-06-22,1,561,1.0,1,59.0,6021.66,21.8,32.6,156.25,1,1,0.2496,1.036,45.31
W_19eead91b8a3ef2f,ZONE_HYD_01,2026-06-29,1,561,1.0,1,59.0,6021.66,35.9,29.8,132.14285714285714,0,1,0.1799,1.06,43.77
W_19eead91b8a3ef2f,ZONE_HYD_01,2026-07-06,1,561,1.0,1,59.0,6021.66,6.2,33.3,165.28571428571428,0,1,0.1379,1.01,40.22
W_19eead91b8a3ef2f,ZONE_HYD_01,2026-07-13,1,561,1.0,1,59.0,6021.66,26.8,33.9,155.14285714285714,1,1,0.26,1.045,46.08
W_19eead91b8a3ef2f,ZONE_HYD_01,2026-07-20,1,561,1.0,1,59.0,6021.66,38.8,30.0,132.85714285714286,0,1,0.1869,1.065,44.24
W_19eead91b8a3ef2f,ZONE_HYD_01,2026-07-27,1,561,1.0,1,59.0,6021.66,70.5,30.6,137.0,0,1,0.2614,1.118,49.36
W_19eead91b8a3ef2f,ZONE_HYD_01,2026-08-03,1,561,1.0,1,59.0,6021.66,20.5,30.6,136.28571428571428,0,1,0.1483,1.034,41.56
W_19eead91b8a3ef2f,ZONE_HYD_01,2026-08-10,1,561,1.0,1,59.0,6021.66,12.6,30.8,137.42857142857142,0,1,0.1314,1.021,40.43
W_19eead91b8a3ef2f,ZONE_HYD_01,2026-08-17,1,561,1.0,1,59.0,6021.66,18.2,31.5,148.85714285714286,1,1,0.2359,1.03,44.55
W_19eead91b8a3ef2f,ZONE_HYD_01,2026-08-24,1,561,1.0,1,59.0,6021.66,10.4,30.4,140.14285714285714,0,1,0.1285,1.017,40.17
W_19eead91b8a3ef2f,ZONE_HYD_01,2026-08-31,1,561,1.0,1,59.0,6021.66,8.8,32.0,159.14285714285714,0,1,0.1392,1.015,40.47
W_19eead91b8a3ef2f,ZONE_HYD_01,2026-09-07,1,561,1.0,1,59.0,6021.66,26.3,32.2,156.57142857142858,1,1,0.2599,1.044,46.04
W_19eead91b8a3ef2f,ZONE_HYD_01,2026-09-14,1,561,1.0,1,59.0,6021.66,12.7,33.4,147.5,0,1,0.1392,1.021,40.71
W_130c62b1780d5442,ZONE_DEL_01,2026-06-22,1,333,1.0,0,26.7,2808.31,4.0,41.9,188.25,0,1,0.1502,1.007,40.54
W_130c62b1780d5442,ZONE_DEL_01,2026-06-29,1,333,1.0,0,26.7,2808.31,20.0,41.7,157.71428571428572,0,1,0.1633,1.033,42.06
W_130c62b1780d5442,ZONE_DEL_01,2026-07-06,1,333,1.0,0,26.7,2808.31,122.9,36.7,156.0,2,1,0.5602,1.205,65.8
W_130c62b1780d5442,ZONE_DEL_01,2026-07-13,1,333,1.0,0,26.7,2808.31,9.8,37.4,129.42857142857142,0,1,0.1191,1.016,39.8
W_130c62b1780d5442,ZONE_DEL_01,2026-07-20,1,333,1.0,0,26.7,2808.31,74.3,33.7,132.71428571428572,0,1,0.2667,1.124,49.83
W_130c62b1780d5442,ZONE_DEL_01,2026-07-27,1,333,1.0,0,26.7,2808.31,51.900000000000006,35.3,172.57142857142858,0,1,0.2462,1.086,47.37
W_130c62b1780d5442,ZONE_DEL_01,2026-08-03,1,333,1.0,0,26.7,2808.31,132.8,33.8,126.57142857142856,1,1,0.4771,1.221,63.12
W_130c62b1780d5442,ZONE_DEL_01,2026-08-10,1,333,1.0,0,26.7,2808.31,45.8,34.4,170.42857142857142,0,1,0.2309,1.076,46.36
W_130c62b1780d5442,ZONE_DEL_01,2026-08-17,1,333,1.0,0,26.7,2808.31,34.3,33.6,140.0,1,1,0.2655,1.057,46.82
W_130c62b1780d5442,ZONE_DEL_01,2026-08-24,1,333,1.0,0,26.7,2808.31,24.5,34.9,168.0,0,1,0.1811,1.041,43.03
W_130c62b1780d5442,ZONE_DEL_01,2026-08-31,1,333,1.0,0,26.7,2808.31,76.6,34.4,145.57142857142858,0,1,0.2815,1.128,50.59
W_130c62b1780d5442,ZONE_DEL_01,2026-09-07,1,333,1.0,0,26.7,2808.31,19.1,34.4,142.0,0,1,0.1495,1.032,41.52
W_130c62b1780d5442,ZONE_DEL_01,2026-09-14,1,333,1.0,0,26.7,2808.31,7.6,35.0,149.0,0,1,0.1288,1.013,40.02
W_b3a42227b037774e,ZONE_HYD_01,2026-06-22,1,115,1.05,1,60.2,5746.66,21.8,32.6,156.25,1,1,0.2496,1.036,47.58
W_b3a42227b037774e,ZONE_HYD_01,2026-06-29,1,115,1.05,1,60.2,5746.66,35.9,29.8,132.14285714285714,0,1,0.1799,1.06,45.96
W_b3a42227b037774e,ZONE_HYD_01,2026-07-06,1,115,1.05,1,60.2,5746.66,6.2,33.3,165.28571428571428,0,1,0.1379,1.01,42.24
W_b3a42227b037774e,ZONE_HYD_01,2026-07-13,1,115,1.05,1,60.2,5746.66,26.8,33.9,155.14285714285714,1,1,0.26,1.045,48.39
W_b3a42227b037774e,ZONE_HYD_01,2026-07-20,1,115,1.05,1,60.2,5746.66,38.8,30.0,132.85714285714286,0,1,0.1869,1.065,46.45
W_b3a42227b037774e,ZONE_HYD_01,2026-07-27,1,115,1.05,1,60.2,5746.66,70.5,30.6,137.0,0,1,0.2614,1.118,51.83
W_b3a42227b037774e,ZONE_HYD_01,2026-08-03,1,115,1.05,1,60.2,5746.66,20.5,30.6,136.28571428571428,0,1,0.1483,1.034,43.63
W_b3a42227b037774e,ZONE_HYD_01,2026-08-10,1,115,1.05,1,60.2,5746.66,12.6,30.8,137.42857142857142,0,1,0.1314,1.021,42.45
W_b3a42227b037774e,ZONE_HYD_01,2026-08-17,1,115,1.05,1,60.2,5746.66,18.2,31.5,148.85714285714286,1,1,0.2359,1.03,46.78
W_b3a42227b037774e,ZONE_HYD_01,2026-08-24,1,115,1.05,1,60.2,5746.66,10.4,30.4,140.14285714285714,0,1,0.1285,1.017,42.18
W_b3a42227b037774e,ZONE_HYD_01,2026-08-31,1,115,1.05,1,60.2,5746.66,8.8,32.0,159.14285714285714,0,1,0.1392,1.015,42.49
W_b3a42227b037774e,ZONE_HYD_01,2026-09-07,1,115,1.05,1,60.2,5746.66,26.3,32.2,156.57142857142858,1,1,0.2599,1.044,48.34
W_b3a42227b037774e,ZONE_HYD_01,2026-09-14,1,115,1.05,1,60.2,5746.66,12.7,33.4,147.5,0,1,0.1392,1.021,42.74
W_f048af82c0c850a4,ZONE_BLR_01,2026-06-22,1,103,1.2,1,55.4,4730.77,16.3,30.1,135.25,0,1,0.1381,1.027,49.09
W_f048af82c0c850a4,ZONE_BLR_01,2026-06-29,1,103,1.2,1,55.4,4730.77,20.1,29.2,153.85714285714286,1,1,0.244,1.034,54.02
W_f048af82c0c850a4,ZONE_BLR_01,2026-07-06,1,103,1.2,1,55.4,4730.77,8.399999999999999,31.8,172.71428571428572,0,1,0.1484,1.014,48.91
W_f048af82c0c850a4,ZONE_BLR_01,2026-07-13,1,103,1.2,1,55.4,4730.77,16.8,32.1,124.57142857142856,0,1,0.1312,1.028,48.84
W_f048af82c0c850a4,ZONE_BLR_01,2026-07-20,1,103,1.2,1,55.4,4730.77,33.4,29.5,162.85714285714286,1,1,0.2806,1.056,56.8
W_f048af82c0c850a4,ZONE_BLR_01,2026-07-27,1,103,1.2,1,55.4,4730.77,28.8,29.7,169.42857142857142,0,1,0.1919,1.048,52.46
W_f048af82c0c850a4,ZONE_BLR_01,2026-08-03,1,103,1.2,1,55.4,4730.77,76.3,28.3,143.0,0,1,0.2789,1.127,60.54
W_f048af82c0c850a4,ZONE_BLR_01,2026-08-10,1,103,1.2,1,55.4,4730.77,19.9,30.7,129.0,0,1,0.1415,1.033,49.53
W_f048af82c0c850a4,ZONE_BLR_01,2026-08-17,1,103,1.2,1,55.4,4730.77,31.4,29.9,146.57142857142858,1,1,0.2639,1.052,55.84
W_f048af82c0c850a4,ZONE_BLR_01,2026-08-24,1,103,1.2,1,55.4,4730.77,35.7,28.8,167.14285714285714,0,1,0.2057,1.06,53.68
W_f048af82c0c850a4,ZONE_BLR_01,2026-08-31,1,103,1.2,1,55.4,4730.77,13.2,30.8,142.71428571428572,1,1,0.2201,1.022,52.37
W_f048af82c0c850a4,ZONE_BLR_01,2026-09-07,1,103,1.2,1,55.4,4730.77,8.5,31.0,128.28571428571428,0,1,0.1153,1.014,47.5
W_f048af82c0c850a4,ZONE_BLR_01,2026-09-14,1,103,1.2,1,55.4,4730.77,33.1,30.8,137.5,0,1,0.1776,1.055,52.18
W_cefdf79a59137c33,ZONE_BOM_01,2026-06-22,1,64,1.2,0,24.5,2214.97,24.8,31.1,184.0,0,1,0.1938,1.041,52.2
W_cefdf79a59137c33,ZONE_BOM_01,2026-06-29,1,64,1.2,0,24.5,2214.97,493.0,28.6,147.0,6,1,1.0,1.822,79.0
W_cefdf79a59137c33,ZONE_BOM_01,2026-07-06,1,64,1.2,0,24.5,2214.97,235.5,30.2,143.85714285714286,2,1,0.8044,1.392,79.0
W_cefdf79a59137c33,ZONE_BOM_01,2026-07-13,1,64,1.2,0,24.5,2214.97,92.5,30.6,156.42857142857142,1,1,0.4088,1.154,68.28
W_cefdf79a59137c33,ZONE_BOM_01,2026-07-20,1,64,1.2,0,24.5,2214.97,354.8,29.6,158.42857142857142,4,1,1.0,1.591,79.0
W_cefdf79a59137c33,ZONE_BOM_01,2026-07-27,1,64,1.2,0,24.5,2214.97,120.9,29.6,151.42857142857142,0,1,0.3856,1.202,69.95
W_cefdf79a59137c33,ZONE_BOM_01,2026-08-03,1,64,1.2,0,24.5,2214.97,76.8,29.7,139.0,0,1,0.277,1.128,60.5
W_cefdf79a59137c33,ZONE_BOM_01,2026-08-10,1,64,1.2,0,24.5,2214.97,96.6,29.7,142.57142857142858,0,1,0.3243,1.161,64.58
W_cefdf79a59137c33,ZONE_BOM_01,2026-08-17,1,64,1.2,0,24.5,2214.97,61.0,29.7,146.28571428571428,1,1,0.3303,1.102,61.57
W_cefdf79a59137c33,ZONE_BOM_01,2026-08-24,1,64,1.2,0,24.5,2214.97,36.4,29.6,134.0,1,1,0.2657,1.061,56.4
W_cefdf79a59137c33,ZONE_BOM_01,2026-08-31,1,64,1.2,0,24.5,2214.97,61.0,29.6,158.28571428571428,0,1,0.256,1.102,58.13
W_cefdf79a59137c33,ZONE_BOM_01,2026-09-07,1,64,1.2,0,24.5,2214.97,52.9,30.0,169.57142857142858,0,1,0.2462,1.088,56.95
W_cefdf79a59137c33,ZONE_BOM_01,2026-09-14,1,64,1.2,0,24.5,2214.97,23.3,30.0,162.0,0,1,0.1739,1.039,51.23
W_52ff32f5e6826a91,ZONE_HYD_01,2026-06-22,1,183,1.2,1,60.0,5414.37,21.8,32.6,156.25,1,1,0.2496,1.036,54.37
W_52ff32f5e6826a91,ZONE_HYD_01,2026-06-29,1,183,1.2,1,60.0,5414.37,35.9,29.8,132.14285714285714,0,1,0.1799,1.06,52.53
W_52ff32f5e6826a91,ZONE_HYD_01,2026-07-06,1,183,1.2,1,60.0,5414.37,6.2,33.3,165.28571428571428,0,1,0.1379,1.01,48.27
W_52ff32f5e6826a91,ZONE_HYD_01,2026-07-13,1,183,1.2,1,60.0,5414.37,26.8,33.9,155.14285714285714,1,1,0.26,1.045,55.3
W_52ff32f5e6826a91,ZONE_HYD_01,2026-07-20,1,183,1.2,1,60.0,5414.37,38.8,30.0,132.85714285714286,0,1,0.1869,1.065,53.09
W_52ff32f5e6826a91,ZONE_HYD_01,2026-07-27,1,183,1.2,1,60.0,5414.37,70.5,30.6,137.0,0,1,0.2614,1.118,59.23
W_52ff32f5e6826a91,ZONE_HYD_01,2026-08-03,1,183,1.2,1,60.0,5414.37,20.5,30.6,136.28571428571428,0,1,0.1483,1.034,49.87
W_52ff32f5e6826a91,ZONE_HYD_01,2026-08-10,1,183,1.2,1,60.0,5414.37,12.6,30.8,137.42857142857142,0,1,0.1314,1.021,48.52
W_52ff32f5e6826a91,ZONE_HYD_01,2026-08-17,1,183,1.2,1,60.0,5414.37,18.2,31.5,148.85714285714286,1,1,0.2359,1.03,53.47
W_52ff32f5e6826a91,ZONE_HYD_01,2026-08-24,1,183,1.2,1,60.0,5414.37,10.4,30.4,140.14285714285714,0,1,0.1285,1.017,48.2
W_52ff32f5e6826a91,ZONE_HYD_01,2026-08-31,1,183,1.2,1,60.0,5414.37,8.8,32.0,159.14285714285714,0,1,0.1392,1.015,48.56
W_52ff32f5e6826a91,ZONE_HYD_01,2026-09-07,1,183,1.2,1,60.0,5414.37,26.3,32.2,156.57142857142858,1,1,0.2599,1.044,55.24
W_52ff32f5e6826a91,ZONE_HYD_01,2026-09-14,1,183,1.2,1,60.0,5414.37,12.7,33.4,147.5,0,1,0.1392,1.021,48.85
W_c2a41f580914475e,ZONE_HYD_01,2026-06-22,1,211,1.05,0,22.0,2197.09,21.8,32.6,156.25,1,1,0.2496,1.036,47.58
W_c2a41f580914475e,ZONE_HYD_01,2026-06-29,1,211,1.05,0,22.0,2197.09,35.9,29.8,132.14285714285714,0,1,0.1799,1.06,45.96
W_c2a41f580914475e,ZONE_HYD_01,2026-07-06,1,211,1.05,0,22.0,2197.09,6.2,33.3,165.28571428571428,0,1,0.1379,1.01,42.24
W_c2a41f580914475e,ZONE_HYD_01,2026-07-13,1,211,1.05,0,22.0,2197.09,26.8,33.9,155.14285714285714,1,1,0.26,1.045,48.39
W_c2a41f580914475e,ZONE_HYD_01,2026-07-20,1,211,1.05,0,22.0,2197.09,38.8,30.0,132.85714285714286,0,1,0.1869,1.065,46.45
W_c2a41f580914475e,ZONE_HYD_01,2026-07-27,1,211,1.05,0,22.0,2197.09,70.5,30.6,137.0,0,1,0.2614,1.118,51.83
W_c2a41f580914475e,ZONE_HYD_01,2026-08-03,1,211,1.05,0,22.0,2197.09,20.5,30.6,136.28571428571428,0,1,0.1483,1.034,43.63
W_c2a41f580914475e,ZONE_HYD_01,2026-08-10,1,211,1.05,0,22.0,2197.09,12.6,30.8,137.42857142857142,0,1,0.1314,1.021,42.45
W_c2a41f580914475e,ZONE_HYD_01,2026-08-17,1,211,1.05,0,22.0,2197.09,18.2,31.5,148.85714285714286,1,1,0.2359,1.03,46.78
W_c2a41f580914475e,ZONE_HYD_01,2026-08-24,1,211,1.05,0,22.0,2197.09,10.4,30.4,140.14285714285714,0,1,0.1285,1.017,42.18
W_c2a41f580914475e,ZONE_HYD_01,2026-08-31,1,211,1.05,0,22.0,2197.09,8.8,32.0,159.14285714285714,0,1,0.1392,1.015,42.49
W_c2a41f580914475e,ZONE_HYD_01,2026-09-07,1,211,1.05,0,22.0,2197.09,26.3,32.2,156.57142857142858,1,1,0.2599,1.044,48.34
W_c2a41f580914475e,ZONE_HYD_01,2026-09-14,1,211,1.05,0,22.0,2197.09,12.7,33.4,147.5,0,1,0.1392,1.021,42.74
W_1c1e8e267cbe669c,ZONE_DEL_01,2026-06-22,1,16,1.0,1,58.3,6248.56,4.0,41.9,188.25,0,1,0.1502,1.007,40.54
W_1c1e8e267cbe669c,ZONE_DEL_01,2026-06-29,1,16,1.0,1,58.3,6248.56,20.0,41.7,157.71428571428572,0,1,0.1633,1.033,42.06
W_1c1e8e267cbe669c,ZONE_DEL_01,2026-07-06,1,16,1.0,1,58.3,6248.56,122.9,36.7,156.0,2,1,0.5602,1.205,65.8
W_1c1e8e267cbe669c,ZONE_DEL_01,2026-07-13,1,16,1.0,1,58.3,6248.56,9.8,37.4,129.42857142857142,0,1,0.1191,1.016,39.8
W_1c1e8e267cbe669c,ZONE_DEL_01,2026-07-20,1,16,1.0,1,58.3,6248.56,74.3,33.7,132.71428571428572,0,1,0.2667,1.124,49.83
W_1c1e8e267cbe669c,ZONE_DEL_01,2026-07-27,1,16,1.0,1,58.3,6248.56,51.900000000000006,35.3,172.57142857142858,0,1,0.2462,1.086,47.37
W_1c1e8e267cbe669c,ZONE_DEL_01,2026-08-03,1,16,1.0,1,58.3,6248.56,132.8,33.8,126.57142857142856,1,1,0.4771,1.221,63.12
W_1c1e8e267cbe669c,ZONE_DEL_01,2026-08-10,1,16,1.0,1,58.3,6248.56,45.8,34.4,170.42857142857142,0,1,0.2309,1.076,46.36
W_1c1e8e267cbe669c,ZONE_DEL_01,2026-08-17,1,16,1.0,1,58.3,6248.56,34.3,33.6,140.0,1,1,0.2655,1.057,46.82
W_1c1e8e267cbe669c,ZONE_DEL_01,2026-08-24,1,16,1.0,1,58.3,6248.56,24.5,34.9,168.0,0,1,0.1811,1.041,43.03
W_1c1e8e267cbe669c,ZONE_DEL_01,2026-08-31,1,16,1.0,1,58.3,6248.56,76.6,34.4,145.57142857142858,0,1,0.2815,1.128,50.59
W_1c1e8e267cbe669c,ZONE_DEL_01,2026-09-07,1,16,1.0,1,58.3,6248.56,19.1,34.4,142.0,0,1,0.1495,1.032,41.52
W_1c1e8e267cbe669c,ZONE_DEL_01,2026-09-14,1,16,1.0,1,58.3,6248.56,7.6,35.0,149.0,0,1,0.1288,1.013,40.02
W_76f3b54ed7bb701d,ZONE_BOM_01,2026-06-22,1,120,1.0,1,55.3,6128.61,24.8,31.1,184.0,0,1,0.1938,1.041,43.5
W_76f3b54ed7bb701d,ZONE_BOM_01,2026-06-29,1,120,1.0,1,55.3,6128.61,493.0,28.6,147.0,6,1,1.0,1.822,79.0
W_76f3b54ed7bb701d,ZONE_BOM_01,2026-07-06,1,120,1.0,1,55.3,6128.61,235.5,30.2,143.85714285714286,2,1,0.8044,1.392,79.0
W_76f3b54ed7bb701d,ZONE_BOM_01,2026-07-13,1,120,1.0,1,55.3,6128.61,92.5,30.6,156.42857142857142,1,1,0.4088,1.154,56.9
W_76f3b54ed7bb701d,ZONE_BOM_01,2026-07-20,1,120,1.0,1,55.3,6128.61,354.8,29.6,158.42857142857142,4,1,1.0,1.591,79.0
W_76f3b54ed7bb701d,ZONE_BOM_01,2026-07-27,1,120,1.0,1,55.3,6128.61,120.9,29.6,151.42857142857142,0,1,0.3856,1.202,58.29
W_76f3b54ed7bb701d,ZONE_BOM_01,2026-08-03,1,120,1.0,1,55.3,6128.61,76.8,29.7,139.0,0,1,0.277,1.128,50.42
W_76f3b54ed7bb701d,ZONE_BOM_01,2026-08-10,1,120,1.0,1,55.3,6128.61,96.6,29.7,142.57142857142858,0,1,0.3243,1.161,53.81
W_76f3b54ed7bb701d,ZONE_BOM_01,2026-08-17,1,120,1.0,1,55.3,6128.61,61.0,29.7,146.28571428571428,1,1,0.3303,1.102,51.31
W_76f3b54ed7bb701d,ZONE_BOM_01,2026-08-24,1,120,1.0,1,55.3,6128.61,36.4,29.6,134.0,1,1,0.2657,1.061,47.0
W_76f3b54ed7bb701d,ZONE_BOM_01,2026-08-31,1,120,1.0,1,55.3,6128.61,61.0,29.6,158.28571428571428,0,1,0.256,1.102,48.44
W_76f3b54ed7bb701d,ZONE_BOM_01,2026-09-07,1,120,1.0,1,55.3,6128.61,52.9,30.0,169.57142857142858,0,1,0.2462,1.088,47.46
W_76f3b54ed7bb701d,ZONE_BOM_01,2026-09-14,1,120,1.0,1,55.3,6128.61,23.3,30.0,162.0,0,1,0.1739,1.039,42.69
W_13bf1445fdc63abb,ZONE_MAA_01,2026-06-22,1,46,1.0,0,26.3,2690.86,33.7,37.6,159.25,0,1,0.1953,1.056,44.18
W_13bf1445fdc63abb,ZONE_MAA_01,2026-06-29,1,46,1.0,0,26.3,2690.86,11.8,38.4,123.0,0,1,0.1188,1.02,39.94
W_13bf1445fdc63abb,ZONE_MAA_01,2026-07-06,1,46,1.0,0,26.3,2690.86,9.3,39.2,163.28571428571428,1,1,0.2267,1.016,43.62
W_13bf1445fdc63abb,ZONE_MAA_01,2026-07-13,1,46,1.0,0,26.3,2690.86,11.3,38.7,141.57142857142858,0,1,0.1316,1.019,40.36
W_13bf1445fdc63abb,ZONE_MAA_01,2026-07-20,1,46,1.0,0,26.3,2690.86,35.6,36.4,131.57142857142858,0,1,0.1788,1.059,43.69
W_13bf1445fdc63abb,ZONE_MAA_01,2026-07-27,1,46,1.0,0,26.3,2690.86,26.0,37.6,145.14285714285714,0,1,0.1674,1.043,42.62
W_13bf1445fdc63abb,ZONE_MAA_01,2026-08-03,1,46,1.0,0,26.3,2690.86,38.5,34.8,150.71428571428572,0,1,0.1997,1.064,44.68
W_13bf1445fdc63abb,ZONE_MAA_01,2026-08-10,1,46,1.0,0,26.3,2690.86,15.6,35.5,153.57142857142858,1,1,0.2336,1.026,44.3
W_13bf1445fdc63abb,ZONE_MAA_01,2026-08-17,1,46,1.0,0,26.3,2690.86,29.4,36.3,143.71428571428572,0,1,0.1739,1.049,43.1
W_13bf1445fdc63abb,ZONE_MAA_01,2026-08-24,1,46,1.0,0,26.3,2690.86,15.1,36.6,144.14285714285714,1,1,0.2254,1.025,43.96
W_13bf1445fdc63abb,ZONE_MAA_01,2026-08-31,1,46,1.0,0,26.3,2690.86,13.1,35.6,156.85714285714286,1,1,0.2305,1.022,44.01
W_13bf1445fdc63abb,ZONE_MAA_01,2026-09-07,1,46,1.0,0,26.3,2690.86,23.3,35.6,136.57142857142858,0,1,0.1549,1.039,42.0
W_13bf1445fdc63abb,ZONE_MAA_01,2026-09-14,1,46,1.0,0,26.3,2690.86,27.4,36.0,152.75,1,1,0.2595,1.046,46.11
W_90d2aadfa09bdbf7,ZONE_MAA_01,2026-06-22,1,80,1.2,1,50.4,4891.63,33.7,37.6,159.25,0,1,0.1953,1.056,53.01
W_90d2aadfa09bdbf7,ZONE_MAA_01,2026-06-29,1,80,1.2,1,50.4,4891.63,11.8,38.4,123.0,0,1,0.1188,1.02,47.93
W_90d2aadfa09bdbf7,ZONE_MAA_01,2026-07-06,1,80,1.2,1,50.4,4891.63,9.3,39.2,163.28571428571428,1,1,0.2267,1.016,52.35
W_90d2aadfa09bdbf7,ZONE_MAA_01,2026-07-13,1,80,1.2,1,50.4,4891.63,11.3,38.7,141.57142857142858,0,1,0.1316,1.019,48.43
W_90d2aadfa09bdbf7,ZONE_MAA_01,2026-07-20,1,80,1.2,1,50.4,4891.63,35.6,36.4,131.57142857142858,0,1,0.1788,1.059,52.43
W_90d2aadfa09bdbf7,ZONE_MAA_01,2026-07-27,1,80,1.2,1,50.4,4891.63,26.0,37.6,145.14285714285714,0,1,0.1674,1.043,51.14
W_90d2aadfa09bdbf7,ZONE_MAA_01,2026-08-03,1,80,1.2,1,50.4,4891.63,38.5,34.8,150.71428571428572,0,1,0.1997,1.064,53.61
W_90d2aadfa09bdbf7,ZONE_MAA_01,2026-08-10,1,80,1.2,1,50.4,4891.63,15.6,35.5,153.57142857142858,1,1,0.2336,1.026,53.16
W_90d2aadfa09bdbf7,ZONE_MAA_01,2026-08-17,1,80,1.2,1,50.4,4891.63,29.4,36.3,143.71428571428572,0,1,0.1739,1.049,51.72
W_90d2aadfa09bdbf7,ZONE_MAA_01,2026-08-24,1,80,1.2,1,50.4,4891.63,15.1,36.6,144.14285714285714,1,1,0.2254,1.025,52.75
W_90d2aadfa09bdbf7,ZONE_MAA_01,2026-08-31,1,80,1.2,1,50.4,4891.63,13.1,35.6,156.85714285714286,1,1,0.2305,1.022,52.82
W_90d2aadfa09bdbf7,ZONE_MAA_01,2026-09-07,1,80,1.2,1,50.4,4891.63,23.3,35.6,136.57142857142858,0,1,0.1549,1.039,50.4
W_90d2aadfa09bdbf7,ZONE_MAA_01,2026-09-14,1,80,1.2,1,50.4,4891.63,27.4,36.0,152.75,1,1,0.2595,1.046,55.33
W_ab21517ad7062176,ZONE_MAA_01,2026-06-22,1,124,1.2,1,50.5,4270.33,33.7,37.6,159.25,0,1,0.1953,1.056,53.01
W_ab21517ad7062176,ZONE_MAA_01,2026-06-29,1,124,1.2,1,50.5,4270.33,11.8,38.4,123.0,0,1,0.1188,1.02,47.93
W_ab21517ad7062176,ZONE_MAA_01,2026-07-06,1,124,1.2,1,50.5,4270.33,9.3,39.2,163.28571428571428,1,1,0.2267,1.016,52.35
W_ab21517ad7062176,ZONE_MAA_01,2026-07-13,1,124,1.2,1,50.5,4270.33,11.3,38.7,141.57142857142858,0,1,0.1316,1.019,48.43
W_ab21517ad7062176,ZONE_MAA_01,2026-07-20,1,124,1.2,1,50.5,4270.33,35.6,36.4,131.57142857142858,0,1,0.1788,1.059,52.43
W_ab21517ad7062176,ZONE_MAA_01,2026-07-27,1,124,1.2,1,50.5,4270.33,26.0,37.6,145.14285714285714,0,1,0.1674,1.043,51.14
W_ab21517ad7062176,ZONE_MAA_01,2026-08-03,1,124,1.2,1,50.5,4270.33,38.5,34.8,150.71428571428572,0,1,0.1997,1.064,53.61
W_ab21517ad7062176,ZONE_MAA_01,2026-08-10,1,124,1.2,1,50.5,4270.33,15.6,35.5,153.57142857142858,1,1,0.2336,1.026,53.16
W_ab21517ad7062176,ZONE_MAA_01,2026-08-17,1,124,1.2,1,50.5,4270.33,29.4,36.3,143.71428571428572,0,1,0.1739,1.049,51.72
W_ab21517ad7062176,ZONE_MAA_01,2026-08-24,1,124,1.2,1,50.5,4270.33,15.1,36.6,144.14285714285714,1,1,0.2254,1.025,52.75
W_ab21517ad7062176,ZONE_MAA_01,2026-08-31,1,124,1.2,1,50.5,4270.33,13.1,35.6,156.85714285714286,1,1,0.2305,1.022,52.82
W_ab21517ad7062176,ZONE_MAA_01,2026-09-07,1,124,1.2,1,50.5,4270.33,23.3,35.6,136.57142857142858,0,1,0.1549,1.039,50.4
W_ab21517ad7062176,ZONE_MAA_01,2026-09-14,1,124,1.2,1,50.5,4270.33,27.4,36.0,152.75,1,1,0.2595,1.046,55.33
W_f4d96630bc33709b,ZONE_BLR_01,2026-06-22,1,22,1.0,1,46.2,4698.09,16.3,30.1,135.25,0,1,0.1381,1.027,40.91
W_f4d96630bc33709b,ZONE_BLR_01,2026-06-29,1,22,1.0,1,46.2,4698.09,20.1,29.2,153.85714285714286,1,1,0.244,1.034,45.02
W_f4d96630bc33709b,ZONE_BLR_01,2026-07-06,1,22,1.0,1,46.2,4698.09,8.399999999999999,31.8,172.71428571428572,0,1,0.1484,1.014,40.76
W_f4d96630bc33709b,ZONE_BLR_01,2026-07-13,1,22,1.0,1,46.2,4698.09,16.8,32.1,124.57142857142856,0,1,0.1312,1.028,40.7
W_f4d96630bc33709b,ZONE_BLR_01,2026-07-20,1,22,1.0,1,46.2,4698.09,33.4,29.5,162.85714285714286,1,1,0.2806,1.056,47.33
W_f4d96630bc33709b,ZONE_BLR_01,2026-07-27,1,22,1.0,1,46.2,4698.09,28.8,29.7,169.42857142857142,0,1,0.1919,1.048,43.72
W_f4d96630bc33709b,ZONE_BLR_01,2026-08-03,1,22,1.0,1,46.2,4698.09,76.3,28.3,143.0,0,1,0.2789,1.127,50.45
W_f4d96630bc33709b,ZONE_BLR_01,2026-08-10,1,22,1.0,1,46.2,4698.09,19.9,30.7,129.0,0,1,0.1415,1.033,41.27
W_f4d96630bc33709b,ZONE_BLR_01,2026-08-17,1,22,1.0,1,46.2,4698.09,31.4,29.9,146.57142857142858,1,1,0.2639,1.052,46.54
W_f4d96630bc33709b,ZONE_BLR_01,2026-08-24,1,22,1.0,1,46.2,4698.09,35.7,28.8,167.14285714285714,0,1,0.2057,1.06,44.73
W_f4d96630bc33709b,ZONE_BLR_01,2026-08-31,1,22,1.0,1,46.2,4698.09,13.2,30.8,142.71428571428572,1,1,0.2201,1.022,43.64
W_f4d96630bc33709b,ZONE_BLR_01,2026-09-07,1,22,1.0,1,46.2,4698.09,8.5,31.0,128.28571428571428,0,1,0.1153,1.014,39.58
W_f4d96630bc33709b,ZONE_BLR_01,2026-09-14,1,22,1.0,1,46.2,4698.09,33.1,30.8,137.5,0,1,0.1776,1.055,43.48
W_299c2ad60340816a,ZONE_HYD_01,2026-06-22,1,166,1.0,1,45.4,4947.53,21.8,32.6,156.25,1,1,0.2496,1.036,45.31
W_299c2ad60340816a,ZONE_HYD_01,2026-06-29,1,166,1.0,1,45.4,4947.53,35.9,29.8,132.14285714285714,0,1,0.1799,1.06,43.77
W_299c2ad60340816a,ZONE_HYD_01,2026-07-06,1,166,1.0,1,45.4,4947.53,6.2,33.3,165.28571428571428,0,1,0.1379,1.01,40.22
W_299c2ad60340816a,ZONE_HYD_01,2026-07-13,1,166,1.0,1,45.4,4947.53,26.8,33.9,155.14285714285714,1,1,0.26,1.045,46.08
W_299c2ad60340816a,ZONE_HYD_01,2026-07-20,1,166,1.0,1,45.4,4947.53,38.8,30.0,132.85714285714286,0,1,0.1869,1.065,44.24
W_299c2ad60340816a,ZONE_HYD_01,2026-07-27,1,166,1.0,1,45.4,4947.53,70.5,30.6,137.0,0,1,0.2614,1.118,49.36
W_299c2ad60340816a,ZONE_HYD_01,2026-08-03,1,166,1.0,1,45.4,4947.53,20.5,30.6,136.28571428571428,0,1,0.1483,1.034,41.56
W_299c2ad60340816a,ZONE_HYD_01,2026-08-10,1,166,1.0,1,45.4,4947.53,12.6,30.8,137.42857142857142,0,1,0.1314,1.021,40.43
W_299c2ad60340816a,ZONE_HYD_01,2026-08-17,1,166,1.0,1,45.4,4947.53,18.2,31.5,148.85714285714286,1,1,0.2359,1.03,44.55
W_299c2ad60340816a,ZONE_HYD_01,2026-08-24,1,166,1.0,1,45.4,4947.53,10.4,30.4,140.14285714285714,0,1,0.1285,1.017,40.17
W_299c2ad60340816a,ZONE_HYD_01,2026-08-31,1,166,1.0,1,45.4,4947.53,8.8,32.0,159.14285714285714,0,1,0.1392,1.015,40.47
W_299c2ad60340816a,ZONE_HYD_01,2026-09-07,1,166,1.0,1,45.4,4947.53,26.3,32.2,156.57142857142858,1,1,0.2599,1.044,46.04
W_299c2ad60340816a,ZONE_HYD_01,2026-09-14,1,166,1.0,1,45.4,4947.53,12.7,33.4,147.5,0,1,0.1392,1.021,40.71
W_37ec96cc5011b423,ZONE_BOM_01,2026-06-22,1,603,1.0,1,58.6,6704.75,24.8,31.1,184.0,0,1,0.1938,1.041,43.5
W_37ec96cc5011b423,ZONE_BOM_01,2026-06-29,1,603,1.0,1,58.6,6704.75,493.0,28.6,147.0,6,1,1.0,1.822,79.0
W_37ec96cc5011b423,ZONE_BOM_01,2026-07-06,1,603,1.0,1,58.6,6704.75,235.5,30.2,143.85714285714286,2,1,0.8044,1.392,79.0
W_37ec96cc5011b423,ZONE_BOM_01,2026-07-13,1,603,1.0,1,58.6,6704.75,92.5,30.6,156.42857142857142,1,1,0.4088,1.154,56.9
W_37ec96cc5011b423,ZONE_BOM_01,2026-07-20,1,603,1.0,1,58.6,6704.75,354.8,29.6,158.42857142857142,4,1,1.0,1.591,79.0
W_37ec96cc5011b423,ZONE_BOM_01,2026-07-27,1,603,1.0,1,58.6,6704.75,120.9,29.6,151.42857142857142,0,1,0.3856,1.202,58.29
W_37ec96cc5011b423,ZONE_BOM_01,2026-08-03,1,603,1.0,1,58.6,6704.75,76.8,29.7,139.0,0,1,0.277,1.128,50.42
W_37ec96cc5011b423,ZONE_BOM_01,2026-08-10,1,603,1.0,1,58.6,6704.75,96.6,29.7,142.57142857142858,0,1,0.3243,1.161,53.81
W_37ec96cc5011b423,ZONE_BOM_01,2026-08-17,1,603,1.0,1,58.6,6704.75,61.0,29.7,146.28571428571428,1,1,0.3303,1.102,51.31
W_37ec96cc5011b423,ZONE_BOM_01,2026-08-24,1,603,1.0,1,58.6,6704.75,36.4,29.6,134.0,1,1,0.2657,1.061,47.0
W_37ec96cc5011b423,ZONE_BOM_01,2026-08-31,1,603,1.0,1,58.6,6704.75,61.0,29.6,158.28571428571428,0,1,0.256,1.102,48.44
W_37ec96cc5011b423,ZONE_BOM_01,2026-09-07,1,603,1.0,1,58.6,6704.75,52.9,30.0,169.57142857142858,0,1,0.2462,1.088,47.46
W_37ec96cc5011b423,ZONE_BOM_01,2026-09-14,1,603,1.0,1,58.6,6704.75,23.3,30.0,162.0,0,1,0.1739,1.039,42.69
W_514ba337844413ad,ZONE_BLR_01,2026-06-22,1,1224,1.05,1,55.4,5564.88,16.3,30.1,135.25,0,1,0.1381,1.027,42.95
W_514ba337844413ad,ZONE_BLR_01,2026-06-29,1,1224,1.05,1,55.4,5564.88,20.1,29.2,153.85714285714286,1,1,0.244,1.034,47.27
W_514ba337844413ad,ZONE_BLR_01,2026-07-06,1,1224,1.05,1,55.4,5564.88,8.399999999999999,31.8,172.71428571428572,0,1,0.1484,1.014,42.79
W_514ba337844413ad,ZONE_BLR_01,2026-07-13,1,1224,1.05,1,55.4,5564.88,16.8,32.1,124.57142857142856,0,1,0.1312,1.028,42.74
W_514ba337844413ad,ZONE_BLR_01,2026-07-20,1,1224,1.05,1,55.4,5564.88,33.4,29.5,162.85714285714286,1,1,0.2806,1.056,49.7
W_514ba337844413ad,ZONE_BLR_01,2026-07-27,1,1224,1.05,1,55.4,5564.88,28.8,29.7,169.42857142857142,0,1,0.1919,1.048,45.9
W_514ba337844413ad,ZONE_BLR_01,2026-08-03,1,1224,1.05,1,55.4,5564.88,76.3,28.3,143.0,0,1,0.2789,1.127,52.97
W_514ba337844413ad,ZONE_BLR_01,2026-08-10,1,1224,1.05,1,55.4,5564.88,19.9,30.7,129.0,0,1,0.1415,1.033,43.33
W_514ba337844413ad,ZONE_BLR_01,2026-08-17,1,1224,1.05,1,55.4,5564.88,31.4,29.9,146.57142857142858,1,1,0.2639,1.052,48.86
W_514ba337844413ad,ZONE_BLR_01,2026-08-24,1,1224,1.05,1,55.4,5564.88,35.7,28.8,167.14285714285714,0,1,0.2057,1.06,46.97
W_514ba337844413ad,ZONE_BLR_01,2026-08-31,1,1224,1.05,1,55.4,5564.88,13.2,30.8,142.71428571428572,1,1,0.2201,1.022,45.83
W_514ba337844413ad,ZONE_BLR_01,2026-09-07,1,1224,1.05,1,55.4,5564.88,8.5,31.0,128.28571428571428,0,1,0.1153,1.014,41.56
W_514ba337844413ad,ZONE_BLR_01,2026-09-14,1,1224,1.05,1,55.4,5564.88,33.1,30.8,137.5,0,1,0.1776,1.055,45.66
W_281e53a033d40ee3,ZONE_BOM_01,2026-06-22,1,28,1.0,1,47.1,4692.43,24.8,31.1,184.0,0,1,0.1938,1.041,43.5
W_281e53a033d40ee3,ZONE_BOM_01,2026-06-29,1,28,1.0,1,47.1,4692.43,493.0,28.6,147.0,6,1,1.0,1.822,79.0
W_281e53a033d40ee3,ZONE_BOM_01,2026-07-06,1,28,1.0,1,47.1,4692.43,235.5,30.2,143.85714285714286,2,1,0.8044,1.392,79.0
W_281e53a033d40ee3,ZONE_BOM_01,2026-07-13,1,28,1.0,1,47.1,4692.43,92.5,30.6,156.42857142857142,1,1,0.4088,1.154,56.9
W_281e53a033d40ee3,ZONE_BOM_01,2026-07-20,1,28,1.0,1,47.1,4692.43,354.8,29.6,158.42857142857142,4,1,1.0,1.591,79.0
W_281e53a033d40ee3,ZONE_BOM_01,2026-07-27,1,28,1.0,1,47.1,4692.43,120.9,29.6,151.42857142857142,0,1,0.3856,1.202,58.29
W_281e53a033d40ee3,ZONE_BOM_01,2026-08-03,1,28,1.0,1,47.1,4692.43,76.8,29.7,139.0,0,1,0.277,1.128,50.42
W_281e53a033d40ee3,ZONE_BOM_01,2026-08-10,1,28,1.0,1,47.1,4692.43,96.6,29.7,142.57142857142858,0,1,0.3243,1.161,53.81
W_281e53a033d40ee3,ZONE_BOM_01,2026-08-17,1,28,1.0,1,47.1,4692.43,61.0,29.7,146.28571428571428,1,1,0.3303,1.102,51.31
W_281e53a033d40ee3,ZONE_BOM_01,2026-08-24,1,28,1.0,1,47.1,4692.43,36.4,29.6,134.0,1,1,0.2657,1.061,47.0
W_281e53a033d40ee3,ZONE_BOM_01,2026-08-31,1,28,1.0,1,47.1,4692.43,61.0,29.6,158.28571428571428,0,1,0.256,1.102,48.44
W_281e53a033d40ee3,ZONE_BOM_01,2026-09-07,1,28,1.0,1,47.1,4692.43,52.9,30.0,169.57142857142858,0,1,0.2462,1.088,47.46
W_281e53a033d40ee3,ZONE_BOM_01,2026-09-14,1,28,1.0,1,47.1,4692.43,23.3,30.0,162.0,0,1,0.1739,1.039,42.69
W_9cdf237c48dd25f3,ZONE_BOM_01,2026-06-22,1,166,1.0,0,24.0,2644.31,24.8,31.1,184.0,0,1,0.1938,1.041,43.5
W_9cdf237c48dd25f3,ZONE_BOM_01,2026-06-29,1,166,1.0,0,24.0,2644.31,493.0,28.6,147.0,6,1,1.0,1.822,79.0
W_9cdf237c48dd25f3,ZONE_BOM_01,2026-07-06,1,166,1.0,0,24.0,2644.31,235.5,30.2,143.85714285714286,2,1,0.8044,1.392,79.0
W_9cdf237c48dd25f3,ZONE_BOM_01,2026-07-13,1,166,1.0,0,24.0,2644.31,92.5,30.6,156.42857142857142,1,1,0.4088,1.154,56.9
W_9cdf237c48dd25f3,ZONE_BOM_01,2026-07-20,1,166,1.0,0,24.0,2644.31,354.8,29.6,158.42857142857142,4,1,1.0,1.591,79.0
W_9cdf237c48dd25f3,ZONE_BOM_01,2026-07-27,1,166,1.0,0,24.0,2644.31,120.9,29.6,151.42857142857142,0,1,0.3856,1.202,58.29
W_9cdf237c48dd25f3,ZONE_BOM_01,2026-08-03,1,166,1.0,0,24.0,2644.31,76.8,29.7,139.0,0,1,0.277,1.128,50.42
W_9cdf237c48dd25f3,ZONE_BOM_01,2026-08-10,1,166,1.0,0,24.0,2644.31,96.6,29.7,142.57142857142858,0,1,0.3243,1.161,53.81
W_9cdf237c48dd25f3,ZONE_BOM_01,2026-08-17,1,166,1.0,0,24.0,2644.31,61.0,29.7,146.28571428571428,1,1,0.3303,1.102,51.31
W_9cdf237c48dd25f3,ZONE_BOM_01,2026-08-24,1,166,1.0,0,24.0,2644.31,36.4,29.6,134.0,1,1,0.2657,1.061,47.0
W_9cdf237c48dd25f3,ZONE_BOM_01,2026-08-31,1,166,1.0,0,24.0,2644.31,61.0,29.6,158.28571428571428,0,1,0.256,1.102,48.44
W_9cdf237c48dd25f3,ZONE_BOM_01,2026-09-07,1,166,1.0,0,24.0,2644.31,52.9,30.0,169.57142857142858,0,1,0.2462,1.088,47.46
W_9cdf237c48dd25f3,ZONE_BOM_01,2026-09-14,1,166,1.0,0,24.0,2644.31,23.3,30.0,162.0,0,1,0.1739,1.039,42.69
W_3a23c9187ff0abfa,ZONE_DEL_01,2026-06-22,1,252,1.0,1,50.0,5520.28,4.0,41.9,188.25,0,1,0.1502,1.007,40.54
W_3a23c9187ff0abfa,ZONE_DEL_01,2026-06-29,1,252,1.0,1,50.0,5520.28,20.0,41.7,157.71428571428572,0,1,0.1633,1.033,42.06
W_3a23c9187ff0abfa,ZONE_DEL_01,2026-07-06,1,252,1.0,1,50.0,5520.28,122.9,36.7,156.0,2,1,0.5602,1.205,65.8
W_3a23c9187ff0abfa,ZONE_DEL_01,2026-07-13,1,252,1.0,1,50.0,5520.28,9.8,37.4,129.42857142857142,0,1,0.1191,1.016,39.8
W_3a23c9187ff0abfa,ZONE_DEL_01,2026-07-20,1,252,1.0,1,50.0,5520.28,74.3,33.7,132.71428571428572,0,1,0.2667,1.124,49.83
W_3a23c9187ff0abfa,ZONE_DEL_01,2026-07-27,1,252,1.0,1,50.0,5520.28,51.900000000000006,35.3,172.57142857142858,0,1,0.2462,1.086,47.37
W_3a23c9187ff0abfa,ZONE_DEL_01,2026-08-03,1,252,1.0,1,50.0,5520.28,132.8,33.8,126.57142857142856,1,1,0.4771,1.221,63.12
W_3a23c9187ff0abfa,ZONE_DEL_01,2026-08-10,1,252,1.0,1,50.0,5520.28,45.8,34.4,170.42857142857142,0,1,0.2309,1.076,46.36
W_3a23c9187ff0abfa,ZONE_DEL_01,2026-08-17,1,252,1.0,1,50.0,5520.28,34.3,33.6,140.0,1,1,0.2655,1.057,46.82
W_3a23c9187ff0abfa,ZONE_DEL_01,2026-08-24,1,252,1.0,1,50.0,5520.28,24.5,34.9,168.0,0,1,0.1811,1.041,43.03
W_3a23c9187ff0abfa,ZONE_DEL_01,2026-08-31,1,252,1.0,1,50.0,5520.28,76.6,34.4,145.57142857142858,0,1,0.2815,1.128,50.59
W_3a23c9187ff0abfa,ZONE_DEL_01,2026-09-07,1,252,1.0,1,50.0,5520.28,19.1,34.4,142.0,0,1,0.1495,1.032,41.52
W_3a23c9187ff0abfa,ZONE_DEL_01,2026-09-14,1,252,1.0,1,50.0,5520.28,7.6,35.0,149.0,0,1,0.1288,1.013,40.02
W_cb4616b01f45e042,ZONE_MAA_01,2026-06-22,1,78,1.05,1,65.7,6276.54,33.7,37.6,159.25,0,1,0.1953,1.056,46.39
W_cb4616b01f45e042,ZONE_MAA_01,2026-06-29,1,78,1.05,1,65.7,6276.54,11.8,38.4,123.0,0,1,0.1188,1.02,41.94
W_cb4616b01f45e042,ZONE_MAA_01,2026-07-06,1,78,1.05,1,65.7,6276.54,9.3,39.2,163.28571428571428,1,1,0.2267,1.016,45.8
W_cb4616b01f45e042,ZONE_MAA_01,2026-07-13,1,78,1.05,1,65.7,6276.54,11.3,38.7,141.57142857142858,0,1,0.1316,1.019,42.38
W_cb4616b01f45e042,ZONE_MAA_01,2026-07-20,1,78,1.05,1,65.7,6276.54,35.6,36.4,131.57142857142858,0,1,0.1788,1.059,45.88
W_cb4616b01f45e042,ZONE_MAA_01,2026-07-27,1,78,1.05,1,65.7,6276.54,26.0,37.6,145.14285714285714,0,1,0.1674,1.043,44.75
W_cb4616b01f45e042,ZONE_MAA_01,2026-08-03,1,78,1.05,1,65.7,6276.54,38.5,34.8,150.71428571428572,0,1,0.1997,1.064,46.91
W_cb4616b01f45e042,ZONE_MAA_01,2026-08-10,1,78,1.05,1,65.7,6276.54,15.6,35.5,153.57142857142858,1,1,0.2336,1.026,46.51
W_cb4616b01f45e042,ZONE_MAA_01,2026-08-17,1,78,1.05,1,65.7,6276.54,29.4,36.3,143.71428571428572,0,1,0.1739,1.049,45.25
W_cb4616b01f45e042,ZONE_MAA_01,2026-08-24,1,78,1.05,1,65.7,6276.54,15.1,36.6,144.14285714285714,1,1,0.2254,1.025,46.16
W_cb4616b01f45e042,ZONE_MAA_01,2026-08-31,1,78,1.05,1,65.7,6276.54,13.1,35.6,156.85714285714286,1,1,0.2305,1.022,46.22
W_cb4616b01f45e042,ZONE_MAA_01,2026-09-07,1,78,1.05,1,65.7,6276.54,23.3,35.6,136.57142857142858,0,1,0.1549,1.039,44.1
W_cb4616b01f45e042,ZONE_MAA_01,2026-09-14,1,78,1.05,1,65.7,6276.54,27.4,36.0,152.75,1,1,0.2595,1.046,48.42
W_9d48291baa09deef,ZONE_DEL_01,2026-06-22,1,91,1.0,1,48.3,5077.35,4.0,41.9,188.25,0,1,0.1502,1.007,40.54
W_9d48291baa09deef,ZONE_DEL_01,2026-06-29,1,91,1.0,1,48.3,5077.35,20.0,41.7,157.71428571428572,0,1,0.1633,1.033,42.06
W_9d48291baa09deef,ZONE_DEL_01,2026-07-06,1,91,1.0,1,48.3,5077.35,122.9,36.7,156.0,2,1,0.5602,1.205,65.8
W_9d48291baa09deef,ZONE_DEL_01,2026-07-13,1,91,1.0,1,48.3,5077.35,9.8,37.4,129.42857142857142,0,1,0.1191,1.016,39.8
W_9d48291baa09deef,ZONE_DEL_01,2026-07-20,1,91,1.0,1,48.3,5077.35,74.3,33.7,132.71428571428572,0,1,0.2667,1.124,49.83
W_9d48291baa09deef,ZONE_DEL_01,2026-07-27,1,91,1.0,1,48.3,5077.35,51.900000000000006,35.3,172.57142857142858,0,1,0.2462,1.086,47.37
W_9d48291baa09deef,ZONE_DEL_01,2026-08-03,1,91,1.0,1,48.3,5077.35,132.8,33.8,126.57142857142856,1,1,0.4771,1.221,63.12
W_9d48291baa09deef,ZONE_DEL_01,2026-08-10,1,91,1.0,1,48.3,5077.35,45.8,34.4,170.42857142857142,0,1,0.2309,1.076,46.36
W_9d48291baa09deef,ZONE_DEL_01,2026-08-17,1,91,1.0,1,48.3,5077.35,34.3,33.6,140.0,1,1,0.2655,1.057,46.82
W_9d48291baa09deef,ZONE_DEL_01,2026-08-24,1,91,1.0,1,48.3,5077.35,24.5,34.9,168.0,0,1,0.1811,1.041,43.03
W_9d48291baa09deef,ZONE_DEL_01,2026-08-31,1,91,1.0,1,48.3,5077.35,76.6,34.4,145.57142857142858,0,1,0.2815,1.128,50.59
W_9d48291baa09deef,ZONE_DEL_01,2026-09-07,1,91,1.0,1,48.3,5077.35,19.1,34.4,142.0,0,1,0.1495,1.032,41.52
W_9d48291baa09deef,ZONE_DEL_01,2026-09-14,1,91,1.0,1,48.3,5077.35,7.6,35.0,149.0,0,1,0.1288,1.013,40.02
W_f5412363b47f900d,ZONE_MAA_01,2026-06-22,1,141,1.0,1,49.9,5108.61,33.7,37.6,159.25,0,1,0.1953,1.056,44.18
W_f5412363b47f900d,ZONE_MAA_01,2026-06-29,1,141,1.0,1,49.9,5108.61,11.8,38.4,123.0,0,1,0.1188,1.02,39.94
W_f5412363b47f900d,ZONE_MAA_01,2026-07-06,1,141,1.0,1,49.9,5108.61,9.3,39.2,163.28571428571428,1,1,0.2267,1.016,43.62
W_f5412363b47f900d,ZONE_MAA_01,2026-07-13,1,141,1.0,1,49.9,5108.61,11.3,38.7,141.57142857142858,0,1,0.1316,1.019,40.36
W_f5412363b47f900d,ZONE_MAA_01,2026-07-20,1,141,1.0,1,49.9,5108.61,35.6,36.4,131.57142857142858,0,1,0.1788,1.059,43.69
W_f5412363b47f900d,ZONE_MAA_01,2026-07-27,1,141,1.0,1,49.9,5108.61,26.0,37.6,145.14285714285714,0,1,0.1674,1.043,42.62
W_f5412363b47f900d,ZONE_MAA_01,2026-08-03,1,141,1.0,1,49.9,5108.61,38.5,34.8,150.71428571428572,0,1,0.1997,1.064,44.68
W_f5412363b47f900d,ZONE_MAA_01,2026-08-10,1,141,1.0,1,49.9,5108.61,15.6,35.5,153.57142857142858,1,1,0.2336,1.026,44.3
W_f5412363b47f900d,ZONE_MAA_01,2026-08-17,1,141,1.0,1,49.9,5108.61,29.4,36.3,143.71428571428572,0,1,0.1739,1.049,43.1
W_f5412363b47f900d,ZONE_MAA_01,2026-08-24,1,141,1.0,1,49.9,5108.61,15.1,36.6,144.14285714285714,1,1,0.2254,1.025,43.96
W_f5412363b47f900d,ZONE_MAA_01,2026-08-31,1,141,1.0,1,49.9,5108.61,13.1,35.6,156.85714285714286,1,1,0.2305,1.022,44.01
W_f5412363b47f900d,ZONE_MAA_01,2026-09-07,1,141,1.0,1,49.9,5108.61,23.3,35.6,136.57142857142858,0,1,0.1549,1.039,42.0
W_f5412363b47f900d,ZONE_MAA_01,2026-09-14,1,141,1.0,1,49.9,5108.61,27.4,36.0,152.75,1,1,0.2595,1.046,46.11
W_3386a59b9c0a2aae,ZONE_BOM_01,2026-06-22,1,373,1.0,1,55.0,5957.6,24.8,31.1,184.0,0,1,0.1938,1.041,43.5
W_3386a59b9c0a2aae,ZONE_BOM_01,2026-06-29,1,373,1.0,1,55.0,5957.6,493.0,28.6,147.0,6,1,1.0,1.822,79.0
W_3386a59b9c0a2aae,ZONE_BOM_01,2026-07-06,1,373,1.0,1,55.0,5957.6,235.5,30.2,143.85714285714286,2,1,0.8044,1.392,79.0
W_3386a59b9c0a2aae,ZONE_BOM_01,2026-07-13,1,373,1.0,1,55.0,5957.6,92.5,30.6,156.42857142857142,1,1,0.4088,1.154,56.9
W_3386a59b9c0a2aae,ZONE_BOM_01,2026-07-20,1,373,1.0,1,55.0,5957.6,354.8,29.6,158.42857142857142,4,1,1.0,1.591,79.0
W_3386a59b9c0a2aae,ZONE_BOM_01,2026-07-27,1,373,1.0,1,55.0,5957.6,120.9,29.6,151.42857142857142,0,1,0.3856,1.202,58.29
W_3386a59b9c0a2aae,ZONE_BOM_01,2026-08-03,1,373,1.0,1,55.0,5957.6,76.8,29.7,139.0,0,1,0.277,1.128,50.42
W_3386a59b9c0a2aae,ZONE_BOM_01,2026-08-10,1,373,1.0,1,55.0,5957.6,96.6,29.7,142.57142857142858,0,1,0.3243,1.161,53.81
W_3386a59b9c0a2aae,ZONE_BOM_01,2026-08-17,1,373,1.0,1,55.0,5957.6,61.0,29.7,146.28571428571428,1,1,0.3303,1.102,51.31
W_3386a59b9c0a2aae,ZONE_BOM_01,2026-08-24,1,373,1.0,1,55.0,5957.6,36.4,29.6,134.0,1,1,0.2657,1.061,47.0
W_3386a59b9c0a2aae,ZONE_BOM_01,2026-08-31,1,373,1.0,1,55.0,5957.6,61.0,29.6,158.28571428571428,0,1,0.256,1.102,48.44
W_3386a59b9c0a2aae,ZONE_BOM_01,2026-09-07,1,373,1.0,1,55.0,5957.6,52.9,30.0,169.57142857142858,0,1,0.2462,1.088,47.46
W_3386a59b9c0a2aae,ZONE_BOM_01,2026-09-14,1,373,1.0,1,55.0,5957.6,23.3,30.0,162.0,0,1,0.1739,1.039,42.69
W_873f8ac4b9526329,ZONE_MAA_01,2026-06-22,1,171,1.2,1,45.5,4018.17,33.7,37.6,159.25,0,1,0.1953,1.056,53.01
W_873f8ac4b9526329,ZONE_MAA_01,2026-06-29,1,171,1.2,1,45.5,4018.17,11.8,38.4,123.0,0,1,0.1188,1.02,47.93
W_873f8ac4b9526329,ZONE_MAA_01,2026-07-06,1,171,1.2,1,45.5,4018.17,9.3,39.2,163.28571428571428,1,1,0.2267,1.016,52.35
W_873f8ac4b9526329,ZONE_MAA_01,2026-07-13,1,171,1.2,1,45.5,4018.17,11.3,38.7,141.57142857142858,0,1,0.1316,1.019,48.43
W_873f8ac4b9526329,ZONE_MAA_01,2026-07-20,1,171,1.2,1,45.5,4018.17,35.6,36.4,131.57142857142858,0,1,0.1788,1.059,52.43
W_873f8ac4b9526329,ZONE_MAA_01,2026-07-27,1,171,1.2,1,45.5,4018.17,26.0,37.6,145.14285714285714,0,1,0.1674,1.043,51.14
W_873f8ac4b9526329,ZONE_MAA_01,2026-08-03,1,171,1.2,1,45.5,4018.17,38.5,34.8,150.71428571428572,0,1,0.1997,1.064,53.61
W_873f8ac4b9526329,ZONE_MAA_01,2026-08-10,1,171,1.2,1,45.5,4018.17,15.6,35.5,153.57142857142858,1,1,0.2336,1.026,53.16
W_873f8ac4b9526329,ZONE_MAA_01,2026-08-17,1,171,1.2,1,45.5,4018.17,29.4,36.3,143.71428571428572,0,1,0.1739,1.049,51.72
W_873f8ac4b9526329,ZONE_MAA_01,2026-08-24,1,171,1.2,1,45.5,4018.17,15.1,36.6,144.14285714285714,1,1,0.2254,1.025,52.75
W_873f8ac4b9526329,ZONE_MAA_01,2026-08-31,1,171,1.2,1,45.5,4018.17,13.1,35.6,156.85714285714286,1,1,0.2305,1.022,52.82
W_873f8ac4b9526329,ZONE_MAA_01,2026-09-07,1,171,1.2,1,45.5,4018.17,23.3,35.6,136.57142857142858,0,1,0.1549,1.039,50.4
W_873f8ac4b9526329,ZONE_MAA_01,2026-09-14,1,171,1.2,1,45.5,4018.17,27.4,36.0,152.75,1,1,0.2595,1.046,55.33
W_d34e33ebd708cab1,ZONE_BLR_01,2026-06-22,1,626,1.2,0,22.0,2147.42,16.3,30.1,135.25,0,1,0.1381,1.027,49.09
W_d34e33ebd708cab1,ZONE_BLR_01,2026-06-29,1,626,1.2,0,22.0,2147.42,20.1,29.2,153.85714285714286,1,1,0.244,1.034,54.02
W_d34e33ebd708cab1,ZONE_BLR_01,2026-07-06,1,626,1.2,0,22.0,2147.42,8.399999999999999,31.8,172.71428571428572,0,1,0.1484,1.014,48.91
W_d34e33ebd708cab1,ZONE_BLR_01,2026-07-13,1,626,1.2,0,22.0,2147.42,16.8,32.1,124.57142857142856,0,1,0.1312,1.028,48.84
W_d34e33ebd708cab1,ZONE_BLR_01,2026-07-20,1,626,1.2,0,22.0,2147.42,33.4,29.5,162.85714285714286,1,1,0.2806,1.056,56.8
W_d34e33ebd708cab1,ZONE_BLR_01,2026-07-27,1,626,1.2,0,22.0,2147.42,28.8,29.7,169.42857142857142,0,1,0.1919,1.048,52.46
W_d34e33ebd708cab1,ZONE_BLR_01,2026-08-03,1,626,1.2,0,22.0,2147.42,76.3,28.3,143.0,0,1,0.2789,1.127,60.54
W_d34e33ebd708cab1,ZONE_BLR_01,2026-08-10,1,626,1.2,0,22.0,2147.42,19.9,30.7,129.0,0,1,0.1415,1.033,49.53
W_d34e33ebd708cab1,ZONE_BLR_01,2026-08-17,1,626,1.2,0,22.0,2147.42,31.4,29.9,146.57142857142858,1,1,0.2639,1.052,55.84
W_d34e33ebd708cab1,ZONE_BLR_01,2026-08-24,1,626,1.2,0,22.0,2147.42,35.7,28.8,167.14285714285714,0,1,0.2057,1.06,53.68
W_d34e33ebd708cab1,ZONE_BLR_01,2026-08-31,1,626,1.2,0,22.0,2147.42,13.2,30.8,142.71428571428572,1,1,0.2201,1.022,52.37
W_d34e33ebd708cab1,ZONE_BLR_01,2026-09-07,1,626,1.2,0,22.0,2147.42,8.5,31.0,128.28571428571428,0,1,0.1153,1.014,47.5
W_d34e33ebd708cab1,ZONE_BLR_01,2026-09-14,1,626,1.2,0,22.0,2147.42,33.1,30.8,137.5,0,1,0.1776,1.055,52.18
W_264dd3c395bc2451,ZONE_BOM_01,2026-06-22,1,41,1.05,1,48.4,5190.95,24.8,31.1,184.0,0,1,0.1938,1.041,45.67
W_264dd3c395bc2451,ZONE_BOM_01,2026-06-29,1,41,1.05,1,48.4,5190.95,493.0,28.6,147.0,6,1,1.0,1.822,79.0
W_264dd3c395bc2451,ZONE_BOM_01,2026-07-06,1,41,1.05,1,48.4,5190.95,235.5,30.2,143.85714285714286,2,1,0.8044,1.392,79.0
W_264dd3c395bc2451,ZONE_BOM_01,2026-07-13,1,41,1.05,1,48.4,5190.95,92.5,30.6,156.42857142857142,1,1,0.4088,1.154,59.75
W_264dd3c395bc2451,ZONE_BOM_01,2026-07-20,1,41,1.05,1,48.4,5190.95,354.8,29.6,158.42857142857142,4,1,1.0,1.591,79.0
W_264dd3c395bc2451,ZONE_BOM_01,2026-07-27,1,41,1.05,1,48.4,5190.95,120.9,29.6,151.42857142857142,0,1,0.3856,1.202,61.21
W_264dd3c395bc2451,ZONE_BOM_01,2026-08-03,1,41,1.05,1,48.4,5190.95,76.8,29.7,139.0,0,1,0.277,1.128,52.94
W_264dd3c395bc2451,ZONE_BOM_01,2026-08-10,1,41,1.05,1,48.4,5190.95,96.6,29.7,142.57142857142858,0,1,0.3243,1.161,56.5
W_264dd3c395bc2451,ZONE_BOM_01,2026-08-17,1,41,1.05,1,48.4,5190.95,61.0,29.7,146.28571428571428,1,1,0.3303,1.102,53.88
W_264dd3c395bc2451,ZONE_BOM_01,2026-08-24,1,41,1.05,1,48.4,5190.95,36.4,29.6,134.0,1,1,0.2657,1.061,49.35
W_264dd3c395bc2451,ZONE_BOM_01,2026-08-31,1,41,1.05,1,48.4,5190.95,61.0,29.6,158.28571428571428,0,1,0.256,1.102,50.87
W_264dd3c395bc2451,ZONE_BOM_01,2026-09-07,1,41,1.05,1,48.4,5190.95,52.9,30.0,169.57142857142858,0,1,0.2462,1.088,49.83
W_264dd3c395bc2451,ZONE_BOM_01,2026-09-14,1,41,1.05,1,48.4,5190.95,23.3,30.0,162.0,0,1,0.1739,1.039,44.82
W_3851cbf9484039fd,ZONE_BLR_01,2026-06-22,1,199,1.2,1,61.1,5629.17,16.3,30.1,135.25,0,1,0.1381,1.027,49.09
W_3851cbf9484039fd,ZONE_BLR_01,2026-06-29,1,199,1.2,1,61.1,5629.17,20.1,29.2,153.85714285714286,1,1,0.244,1.034,54.02
W_3851cbf9484039fd,ZONE_BLR_01,2026-07-06,1,199,1.2,1,61.1,5629.17,8.399999999999999,31.8,172.71428571428572,0,1,0.1484,1.014,48.91
W_3851cbf9484039fd,ZONE_BLR_01,2026-07-13,1,199,1.2,1,61.1,5629.17,16.8,32.1,124.57142857142856,0,1,0.1312,1.028,48.84
W_3851cbf9484039fd,ZONE_BLR_01,2026-07-20,1,199,1.2,1,61.1,5629.17,33.4,29.5,162.85714285714286,1,1,0.2806,1.056,56.8
W_3851cbf9484039fd,ZONE_BLR_01,2026-07-27,1,199,1.2,1,61.1,5629.17,28.8,29.7,169.42857142857142,0,1,0.1919,1.048,52.46
W_3851cbf9484039fd,ZONE_BLR_01,2026-08-03,1,199,1.2,1,61.1,5629.17,76.3,28.3,143.0,0,1,0.2789,1.127,60.54
W_3851cbf9484039fd,ZONE_BLR_01,2026-08-10,1,199,1.2,1,61.1,5629.17,19.9,30.7,129.0,0,1,0.1415,1.033,49.53
W_3851cbf9484039fd,ZONE_BLR_01,2026-08-17,1,199,1.2,1,61.1,5629.17,31.4,29.9,146.57142857142858,1,1,0.2639,1.052,55.84
W_3851cbf9484039fd,ZONE_BLR_01,2026-08-24,1,199,1.2,1,61.1,5629.17,35.7,28.8,167.14285714285714,0,1,0.2057,1.06,53.68
W_3851cbf9484039fd,ZONE_BLR_01,2026-08-31,1,199,1.2,1,61.1,5629.17,13.2,30.8,142.71428571428572,1,1,0.2201,1.022,52.37
W_3851cbf9484039fd,ZONE_BLR_01,2026-09-07,1,199,1.2,1,61.1,5629.17,8.5,31.0,128.28571428571428,0,1,0.1153,1.014,47.5
W_3851cbf9484039fd,ZONE_BLR_01,2026-09-14,1,199,1.2,1,61.1,5629.17,33.1,30.8,137.5,0,1,0.1776,1.055,52.18
W_2c68e6f080b848c7,ZONE_BLR_01,2026-06-22,1,257,1.0,1,60.1,6535.72,16.3,30.1,135.25,0,1,0.1381,1.027,40.91
W_2c68e6f080b848c7,ZONE_BLR_01,2026-06-29,1,257,1.0,1,60.1,6535.72,20.1,29.2,153.85714285714286,1,1,0.244,1.034,45.02
W_2c68e6f080b848c7,ZONE_BLR_01,2026-07-06,1,257,1.0,1,60.1,6535.72,8.399999999999999,31.8,172.71428571428572,0,1,0.1484,1.014,40.76
W_2c68e6f080b848c7,ZONE_BLR_01,2026-07-13,1,257,1.0,1,60.1,6535.72,16.8,32.1,124.57142857142856,0,1,0.1312,1.028,40.7
W_2c68e6f080b848c7,ZONE_BLR_01,2026-07-20,1,257,1.0,1,60.1,6535.72,33.4,29.5,162.85714285714286,1,1,0.2806,1.056,47.33
W_2c68e6f080b848c7,ZONE_BLR_01,2026-07-27,1,257,1.0,1,60.1,6535.72,28.8,29.7,169.42857142857142,0,1,0.1919,1.048,43.72
W_2c68e6f080b848c7,ZONE_BLR_01,2026-08-03,1,257,1.0,1,60.1,6535.72,76.3,28.3,143.0,0,1,0.2789,1.127,50.45
W_2c68e6f080b848c7,ZONE_BLR_01,2026-08-10,1,257,1.0,1,60.1,6535.72,19.9,30.7,129.0,0,1,0.1415,1.033,41.27
W_2c68e6f080b848c7,ZONE_BLR_01,2026-08-17,1,257,1.0,1,60.1,6535.72,31.4,29.9,146.57142857142858,1,1,0.2639,1.052,46.54
W_2c68e6f080b848c7,ZONE_BLR_01,2026-08-24,1,257,1.0,1,60.1,6535.72,35.7,28.8,167.14285714285714,0,1,0.2057,1.06,44.73
W_2c68e6f080b848c7,ZONE_BLR_01,2026-08-31,1,257,1.0,1,60.1,6535.72,13.2,30.8,142.71428571428572,1,1,0.2201,1.022,43.64
W_2c68e6f080b848c7,ZONE_BLR_01,2026-09-07,1,257,1.0,1,60.1,6535.72,8.5,31.0,128.28571428571428,0,1,0.1153,1.014,39.58
W_2c68e6f080b848c7,ZONE_BLR_01,2026-09-14,1,257,1.0,1,60.1,6535.72,33.1,30.8,137.5,0,1,0.1776,1.055,43.48
W_f645fd9efe1240f5,ZONE_DEL_01,2026-06-22,1,566,1.05,0,19.1,1834.04,4.0,41.9,188.25,0,1,0.1502,1.007,42.57
W_f645fd9efe1240f5,ZONE_DEL_01,2026-06-29,1,566,1.05,0,19.1,1834.04,20.0,41.7,157.71428571428572,0,1,0.1633,1.033,44.16
W_f645fd9efe1240f5,ZONE_DEL_01,2026-07-06,1,566,1.05,0,19.1,1834.04,122.9,36.7,156.0,2,1,0.5602,1.205,69.09
W_f645fd9efe1240f5,ZONE_DEL_01,2026-07-13,1,566,1.05,0,19.1,1834.04,9.8,37.4,129.42857142857142,0,1,0.1191,1.016,41.78
W_f645fd9efe1240f5,ZONE_DEL_01,2026-07-20,1,566,1.05,0,19.1,1834.04,74.3,33.7,132.71428571428572,0,1,0.2667,1.124,52.32
W_f645fd9efe1240f5,ZONE_DEL_01,2026-07-27,1,566,1.05,0,19.1,1834.04,51.900000000000006,35.3,172.57142857142858,0,1,0.2462,1.086,49.74
W_f645fd9efe1240f5,ZONE_DEL_01,2026-08-03,1,566,1.05,0,19.1,1834.04,132.8,33.8,126.57142857142856,1,1,0.4771,1.221,66.28
W_f645fd9efe1240f5,ZONE_DEL_01,2026-08-10,1,566,1.05,0,19.1,1834.04,45.8,34.4,170.42857142857142,0,1,0.2309,1.076,48.67
W_f645fd9efe1240f5,ZONE_DEL_01,2026-08-17,1,566,1.05,0,19.1,1834.04,34.3,33.6,140.0,1,1,0.2655,1.057,49.16
W_f645fd9efe1240f5,ZONE_DEL_01,2026-08-24,1,566,1.05,0,19.1,1834.04,24.5,34.9,168.0,0,1,0.1811,1.041,45.19
W_f645fd9efe1240f5,ZONE_DEL_01,2026-08-31,1,566,1.05,0,19.1,1834.04,76.6,34.4,145.57142857142858,0,1,0.2815,1.128,53.12
W_f645fd9efe1240f5,ZONE_DEL_01,2026-09-07,1,566,1.05,0,19.1,1834.04,19.1,34.4,142.0,0,1,0.1495,1.032,43.6
W_f645fd9efe1240f5,ZONE_DEL_01,2026-09-14,1,566,1.05,0,19.1,1834.04,7.6,35.0,149.0,0,1,0.1288,1.013,42.02
W_7b5f20e591e32066,ZONE_DEL_01,2026-06-22,1,59,1.05,1,42.8,4508.12,4.0,41.9,188.25,0,1,0.1502,1.007,42.57
W_7b5f20e591e32066,ZONE_DEL_01,2026-06-29,1,59,1.05,1,42.8,4508.12,20.0,41.7,157.71428571428572,0,1,0.1633,1.033,44.16
W_7b5f20e591e32066,ZONE_DEL_01,2026-07-06,1,59,1.05,1,42.8,4508.12,122.9,36.7,156.0,2,1,0.5602,1.205,69.09
W_7b5f20e591e32066,ZONE_DEL_01,2026-07-13,1,59,1.05,1,42.8,4508.12,9.8,37.4,129.42857142857142,0,1,0.1191,1.016,41.78
W_7b5f20e591e32066,ZONE_DEL_01,2026-07-20,1,59,1.05,1,42.8,4508.12,74.3,33.7,132.71428571428572,0,1,0.2667,1.124,52.32
W_7b5f20e591e32066,ZONE_DEL_01,2026-07-27,1,59,1.05,1,42.8,4508.12,51.900000000000006,35.3,172.57142857142858,0,1,0.2462,1.086,49.74
W_7b5f20e591e32066,ZONE_DEL_01,2026-08-03,1,59,1.05,1,42.8,4508.12,132.8,33.8,126.57142857142856,1,1,0.4771,1.221,66.28
W_7b5f20e591e32066,ZONE_DEL_01,2026-08-10,1,59,1.05,1,42.8,4508.12,45.8,34.4,170.42857142857142,0,1,0.2309,1.076,48.67
W_7b5f20e591e32066,ZONE_DEL_01,2026-08-17,1,59,1.05,1,42.8,4508.12,34.3,33.6,140.0,1,1,0.2655,1.057,49.16
W_7b5f20e591e32066,ZONE_DEL_01,2026-08-24,1,59,1.05,1,42.8,4508.12,24.5,34.9,168.0,0,1,0.1811,1.041,45.19
W_7b5f20e591e32066,ZONE_DEL_01,2026-08-31,1,59,1.05,1,42.8,4508.12,76.6,34.4,145.57142857142858,0,1,0.2815,1.128,53.12
W_7b5f20e591e32066,ZONE_DEL_01,2026-09-07,1,59,1.05,1,42.8,4508.12,19.1,34.4,142.0,0,1,0.1495,1.032,43.6
W_7b5f20e591e32066,ZONE_DEL_01,2026-09-14,1,59,1.05,1,42.8,4508.12,7.6,35.0,149.0,0,1,0.1288,1.013,42.02
W_eaa55ea6b2dd6b5a,ZONE_BOM_01,2026-06-22,1,241,1.0,0,19.3,2001.97,24.8,31.1,184.0,0,1,0.1938,1.041,43.5
W_eaa55ea6b2dd6b5a,ZONE_BOM_01,2026-06-29,1,241,1.0,0,19.3,2001.97,493.0,28.6,147.0,6,1,1.0,1.822,79.0
W_eaa55ea6b2dd6b5a,ZONE_BOM_01,2026-07-06,1,241,1.0,0,19.3,2001.97,235.5,30.2,143.85714285714286,2,1,0.8044,1.392,79.0
W_eaa55ea6b2dd6b5a,ZONE_BOM_01,2026-07-13,1,241,1.0,0,19.3,2001.97,92.5,30.6,156.42857142857142,1,1,0.4088,1.154,56.9
W_eaa55ea6b2dd6b5a,ZONE_BOM_01,2026-07-20,1,241,1.0,0,19.3,2001.97,354.8,29.6,158.42857142857142,4,1,1.0,1.591,79.0
W_eaa55ea6b2dd6b5a,ZONE_BOM_01,2026-07-27,1,241,1.0,0,19.3,2001.97,120.9,29.6,151.42857142857142,0,1,0.3856,1.202,58.29
W_eaa55ea6b2dd6b5a,ZONE_BOM_01,2026-08-03,1,241,1.0,0,19.3,2001.97,76.8,29.7,139.0,0,1,0.277,1.128,50.42
W_eaa55ea6b2dd6b5a,ZONE_BOM_01,2026-08-10,1,241,1.0,0,19.3,2001.97,96.6,29.7,142.57142857142858,0,1,0.3243,1.161,53.81
W_eaa55ea6b2dd6b5a,ZONE_BOM_01,2026-08-17,1,241,1.0,0,19.3,2001.97,61.0,29.7,146.28571428571428,1,1,0.3303,1.102,51.31
W_eaa55ea6b2dd6b5a,ZONE_BOM_01,2026-08-24,1,241,1.0,0,19.3,2001.97,36.4,29.6,134.0,1,1,0.2657,1.061,47.0
W_eaa55ea6b2dd6b5a,ZONE_BOM_01,2026-08-31,1,241,1.0,0,19.3,2001.97,61.0,29.6,158.28571428571428,0,1,0.256,1.102,48.44
W_eaa55ea6b2dd6b5a,ZONE_BOM_01,2026-09-07,1,241,1.0,0,19.3,2001.97,52.9,30.0,169.57142857142858,0,1,0.2462,1.088,47.46
W_eaa55ea6b2dd6b5a,ZONE_BOM_01,2026-09-14,1,241,1.0,0,19.3,2001.97,23.3,30.0,162.0,0,1,0.1739,1.039,42.69
W_8d66499a52e9e594,ZONE_BLR_01,2026-06-22,1,26,1.0,0,21.8,2264.86,16.3,30.1,135.25,0,1,0.1381,1.027,40.91
W_8d66499a52e9e594,ZONE_BLR_01,2026-06-29,1,26,1.0,0,21.8,2264.86,20.1,29.2,153.85714285714286,1,1,0.244,1.034,45.02
W_8d66499a52e9e594,ZONE_BLR_01,2026-07-06,1,26,1.0,0,21.8,2264.86,8.399999999999999,31.8,172.71428571428572,0,1,0.1484,1.014,40.76
W_8d66499a52e9e594,ZONE_BLR_01,2026-07-13,1,26,1.0,0,21.8,2264.86,16.8,32.1,124.57142857142856,0,1,0.1312,1.028,40.7
W_8d66499a52e9e594,ZONE_BLR_01,2026-07-20,1,26,1.0,0,21.8,2264.86,33.4,29.5,162.85714285714286,1,1,0.2806,1.056,47.33
W_8d66499a52e9e594,ZONE_BLR_01,2026-07-27,1,26,1.0,0,21.8,2264.86,28.8,29.7,169.42857142857142,0,1,0.1919,1.048,43.72
W_8d66499a52e9e594,ZONE_BLR_01,2026-08-03,1,26,1.0,0,21.8,2264.86,76.3,28.3,143.0,0,1,0.2789,1.127,50.45
W_8d66499a52e9e594,ZONE_BLR_01,2026-08-10,1,26,1.0,0,21.8,2264.86,19.9,30.7,129.0,0,1,0.1415,1.033,41.27
W_8d66499a52e9e594,ZONE_BLR_01,2026-08-17,1,26,1.0,0,21.8,2264.86,31.4,29.9,146.57142857142858,1,1,0.2639,1.052,46.54
W_8d66499a52e9e594,ZONE_BLR_01,2026-08-24,1,26,1.0,0,21.8,2264.86,35.7,28.8,167.14285714285714,0,1,0.2057,1.06,44.73
W_8d66499a52e9e594,ZONE_BLR_01,2026-08-31,1,26,1.0,0,21.8,2264.86,13.2,30.8,142.71428571428572,1,1,0.2201,1.022,43.64
W_8d66499a52e9e594,ZONE_BLR_01,2026-09-07,1,26,1.0,0,21.8,2264.86,8.5,31.0,128.28571428571428,0,1,0.1153,1.014,39.58
W_8d66499a52e9e594,ZONE_BLR_01,2026-09-14,1,26,1.0,0,21.8,2264.86,33.1,30.8,137.5,0,1,0.1776,1.055,43.48
W_1d754e2690582565,ZONE_BLR_01,2026-06-22,1,41,1.0,1,53.3,5657.45,16.3,30.1,135.25,0,1,0.1381,1.027,40.91
W_1d754e2690582565,ZONE_BLR_01,2026-06-29,1,41,1.0,1,53.3,5657.45,20.1,29.2,153.85714285714286,1,1,0.244,1.034,45.02
W_1d754e2690582565,ZONE_BLR_01,2026-07-06,1,41,1.0,1,53.3,5657.45,8.399999999999999,31.8,172.71428571428572,0,1,0.1484,1.014,40.76
W_1d754e2690582565,ZONE_BLR_01,2026-07-13,1,41,1.0,1,53.3,5657.45,16.8,32.1,124.57142857142856,0,1,0.1312,1.028,40.7
W_1d754e2690582565,ZONE_BLR_01,2026-07-20,1,41,1.0,1,53.3,5657.45,33.4,29.5,162.85714285714286,1,1,0.2806,1.056,47.33
W_1d754e2690582565,ZONE_BLR_01,2026-07-27,1,41,1.0,1,53.3,5657.45,28.8,29.7,169.42857142857142,0,1,0.1919,1.048,43.72
W_1d754e2690582565,ZONE_BLR_01,2026-08-03,1,41,1.0,1,53.3,5657.45,76.3,28.3,143.0,0,1,0.2789,1.127,50.45
W_1d754e2690582565,ZONE_BLR_01,2026-08-10,1,41,1.0,1,53.3,5657.45,19.9,30.7,129.0,0,1,0.1415,1.033,41.27
W_1d754e2690582565,ZONE_BLR_01,2026-08-17,1,41,1.0,1,53.3,5657.45,31.4,29.9,146.57142857142858,1,1,0.2639,1.052,46.54
W_1d754e2690582565,ZONE_BLR_01,2026-08-24,1,41,1.0,1,53.3,5657.45,35.7,28.8,167.14285714285714,0,1,0.2057,1.06,44.73
W_1d754e2690582565,ZONE_BLR_01,2026-08-31,1,41,1.0,1,53.3,5657.45,13.2,30.8,142.71428571428572,1,1,0.2201,1.022,43.64
W_1d754e2690582565,ZONE_BLR_01,2026-09-07,1,41,1.0,1,53.3,5657.45,8.5,31.0,128.28571428571428,0,1,0.1153,1.014,39.58
W_1d754e2690582565,ZONE_BLR_01,2026-09-14,1,41,1.0,1,53.3,5657.45,33.1,30.8,137.5,0,1,0.1776,1.055,43.48
W_535007592ece7574,ZONE_MAA_01,2026-06-22,1,458,1.0,0,26.2,2855.26,33.7,37.6,159.25,0,1,0.1953,1.056,44.18
W_535007592ece7574,ZONE_MAA_01,2026-06-29,1,458,1.0,0,26.2,2855.26,11.8,38.4,123.0,0,1,0.1188,1.02,39.94
W_535007592ece7574,ZONE_MAA_01,2026-07-06,1,458,1.0,0,26.2,2855.26,9.3,39.2,163.28571428571428,1,1,0.2267,1.016,43.62
W_535007592ece7574,ZONE_MAA_01,2026-07-13,1,458,1.0,0,26.2,2855.26,11.3,38.7,141.57142857142858,0,1,0.1316,1.019,40.36
W_535007592ece7574,ZONE_MAA_01,2026-07-20,1,458,1.0,0,26.2,2855.26,35.6,36.4,131.57142857142858,0,1,0.1788,1.059,43.69
W_535007592ece7574,ZONE_MAA_01,2026-07-27,1,458,1.0,0,26.2,2855.26,26.0,37.6,145.14285714285714,0,1,0.1674,1.043,42.62
W_535007592ece7574,ZONE_MAA_01,2026-08-03,1,458,1.0,0,26.2,2855.26,38.5,34.8,150.71428571428572,0,1,0.1997,1.064,44.68
W_535007592ece7574,ZONE_MAA_01,2026-08-10,1,458,1.0,0,26.2,2855.26,15.6,35.5,153.57142857142858,1,1,0.2336,1.026,44.3
W_535007592ece7574,ZONE_MAA_01,2026-08-17,1,458,1.0,0,26.2,2855.26,29.4,36.3,143.71428571428572,0,1,0.1739,1.049,43.1
W_535007592ece7574,ZONE_MAA_01,2026-08-24,1,458,1.0,0,26.2,2855.26,15.1,36.6,144.14285714285714,1,1,0.2254,1.025,43.96
W_535007592ece7574,ZONE_MAA_01,2026-08-31,1,458,1.0,0,26.2,2855.26,13.1,35.6,156.85714285714286,1,1,0.2305,1.022,44.01
W_535007592ece7574,ZONE_MAA_01,2026-09-07,1,458,1.0,0,26.2,2855.26,23.3,35.6,136.57142857142858,0,1,0.1549,1.039,42.0
W_535007592ece7574,ZONE_MAA_01,2026-09-14,1,458,1.0,0,26.2,2855.26,27.4,36.0,152.75,1,1,0.2595,1.046,46.11
W_22dceba1048f7f9f,ZONE_BLR_01,2026-06-22,1,157,1.0,1,62.7,6365.08,16.3,30.1,135.25,0,1,0.1381,1.027,40.91
W_22dceba1048f7f9f,ZONE_BLR_01,2026-06-29,1,157,1.0,1,62.7,6365.08,20.1,29.2,153.85714285714286,1,1,0.244,1.034,45.02
W_22dceba1048f7f9f,ZONE_BLR_01,2026-07-06,1,157,1.0,1,62.7,6365.08,8.399999999999999,31.8,172.71428571428572,0,1,0.1484,1.014,40.76
W_22dceba1048f7f9f,ZONE_BLR_01,2026-07-13,1,157,1.0,1,62.7,6365.08,16.8,32.1,124.57142857142856,0,1,0.1312,1.028,40.7
W_22dceba1048f7f9f,ZONE_BLR_01,2026-07-20,1,157,1.0,1,62.7,6365.08,33.4,29.5,162.85714285714286,1,1,0.2806,1.056,47.33
W_22dceba1048f7f9f,ZONE_BLR_01,2026-07-27,1,157,1.0,1,62.7,6365.08,28.8,29.7,169.42857142857142,0,1,0.1919,1.048,43.72
W_22dceba1048f7f9f,ZONE_BLR_01,2026-08-03,1,157,1.0,1,62.7,6365.08,76.3,28.3,143.0,0,1,0.2789,1.127,50.45
W_22dceba1048f7f9f,ZONE_BLR_01,2026-08-10,1,157,1.0,1,62.7,6365.08,19.9,30.7,129.0,0,1,0.1415,1.033,41.27
W_22dceba1048f7f9f,ZONE_BLR_01,2026-08-17,1,157,1.0,1,62.7,6365.08,31.4,29.9,146.57142857142858,1,1,0.2639,1.052,46.54
W_22dceba1048f7f9f,ZONE_BLR_01,2026-08-24,1,157,1.0,1,62.7,6365.08,35.7,28.8,167.14285714285714,0,1,0.2057,1.06,44.73
W_22dceba1048f7f9f,ZONE_BLR_01,2026-08-31,1,157,1.0,1,62.7,6365.08,13.2,30.8,142.71428571428572,1,1,0.2201,1.022,43.64
W_22dceba1048f7f9f,ZONE_BLR_01,2026-09-07,1,157,1.0,1,62.7,6365.08,8.5,31.0,128.28571428571428,0,1,0.1153,1.014,39.58
W_22dceba1048f7f9f,ZONE_BLR_01,2026-09-14,1,157,1.0,1,62.7,6365.08,33.1,30.8,137.5,0,1,0.1776,1.055,43.48
W_bcac97c7dc74e96b,ZONE_BOM_01,2026-06-22,1,121,1.05,0,32.0,3030.41,24.8,31.1,184.0,0,1,0.1938,1.041,45.67
W_bcac97c7dc74e96b,ZONE_BOM_01,2026-06-29,1,121,1.05,0,32.0,3030.41,493.0,28.6,147.0,6,1,1.0,1.822,79.0
W_bcac97c7dc74e96b,ZONE_BOM_01,2026-07-06,1,121,1.05,0,32.0,3030.41,235.5,30.2,143.85714285714286,2,1,0.8044,1.392,79.0
W_bcac97c7dc74e96b,ZONE_BOM_01,2026-07-13,1,121,1.05,0,32.0,3030.41,92.5,30.6,156.42857142857142,1,1,0.4088,1.154,59.75
W_bcac97c7dc74e96b,ZONE_BOM_01,2026-07-20,1,121,1.05,0,32.0,3030.41,354.8,29.6,158.42857142857142,4,1,1.0,1.591,79.0
W_bcac97c7dc74e96b,ZONE_BOM_01,2026-07-27,1,121,1.05,0,32.0,3030.41,120.9,29.6,151.42857142857142,0,1,0.3856,1.202,61.21
W_bcac97c7dc74e96b,ZONE_BOM_01,2026-08-03,1,121,1.05,0,32.0,3030.41,76.8,29.7,139.0,0,1,0.277,1.128,52.94
W_bcac97c7dc74e96b,ZONE_BOM_01,2026-08-10,1,121,1.05,0,32.0,3030.41,96.6,29.7,142.57142857142858,0,1,0.3243,1.161,56.5
W_bcac97c7dc74e96b,ZONE_BOM_01,2026-08-17,1,121,1.05,0,32.0,3030.41,61.0,29.7,146.28571428571428,1,1,0.3303,1.102,53.88
W_bcac97c7dc74e96b,ZONE_BOM_01,2026-08-24,1,121,1.05,0,32.0,3030.41,36.4,29.6,134.0,1,1,0.2657,1.061,49.35
W_bcac97c7dc74e96b,ZONE_BOM_01,2026-08-31,1,121,1.05,0,32.0,3030.41,61.0,29.6,158.28571428571428,0,1,0.256,1.102,50.87
W_bcac97c7dc74e96b,ZONE_BOM_01,2026-09-07,1,121,1.05,0,32.0,3030.41,52.9,30.0,169.57142857142858,0,1,0.2462,1.088,49.83
W_bcac97c7dc74e96b,ZONE_BOM_01,2026-09-14,1,121,1.05,0,32.0,3030.41,23.3,30.0,162.0,0,1,0.1739,1.039,44.82
W_3cd0a8ccfe7b0aef,ZONE_MAA_01,2026-06-22,1,312,1.2,0,22.6,2166.26,33.7,37.6,159.25,0,1,0.1953,1.056,53.01
W_3cd0a8ccfe7b0aef,ZONE_MAA_01,2026-06-29,1,312,1.2,0,22.6,2166.26,11.8,38.4,123.0,0,1,0.1188,1.02,47.93
W_3cd0a8ccfe7b0aef,ZONE_MAA_01,2026-07-06,1,312,1.2,0,22.6,2166.26,9.3,39.2,163.28571428571428,1,1,0.2267,1.016,52.35
W_3cd0a8ccfe7b0aef,ZONE_MAA_01,2026-07-13,1,312,1.2,0,22.6,2166.26,11.3,38.7,141.57142857142858,0,1,0.1316,1.019,48.43
W_3cd0a8ccfe7b0aef,ZONE_MAA_01,2026-07-20,1,312,1.2,0,22.6,2166.26,35.6,36.4,131.57142857142858,0,1,0.1788,1.059,52.43
W_3cd0a8ccfe7b0aef,ZONE_MAA_01,2026-07-27,1,312,1.2,0,22.6,2166.26,26.0,37.6,145.14285714285714,0,1,0.1674,1.043,51.14
W_3cd0a8ccfe7b0aef,ZONE_MAA_01,2026-08-03,1,312,1.2,0,22.6,2166.26,38.5,34.8,150.71428571428572,0,1,0.1997,1.064,53.61
W_3cd0a8ccfe7b0aef,ZONE_MAA_01,2026-08-10,1,312,1.2,0,22.6,2166.26,15.6,35.5,153.57142857142858,1,1,0.2336,1.026,53.16
W_3cd0a8ccfe7b0aef,ZONE_MAA_01,2026-08-17,1,312,1.2,0,22.6,2166.26,29.4,36.3,143.71428571428572,0,1,0.1739,1.049,51.72
W_3cd0a8ccfe7b0aef,ZONE_MAA_01,2026-08-24,1,312,1.2,0,22.6,2166.26,15.1,36.6,144.14285714285714,1,1,0.2254,1.025,52.75
W_3cd0a8ccfe7b0aef,ZONE_MAA_01,2026-08-31,1,312,1.2,0,22.6,2166.26,13.1,35.6,156.85714285714286,1,1,0.2305,1.022,52.82
W_3cd0a8ccfe7b0aef,ZONE_MAA_01,2026-09-07,1,312,1.2,0,22.6,2166.26,23.3,35.6,136.57142857142858,0,1,0.1549,1.039,50.4
W_3cd0a8ccfe7b0aef,ZONE_MAA_01,2026-09-14,1,312,1.2,0,22.6,2166.26,27.4,36.0,152.75,1,1,0.2595,1.046,55.33
W_2ca3fca94dcc3868,ZONE_MAA_01,2026-06-22,1,327,1.0,0,26.1,2684.31,33.7,37.6,159.25,0,1,0.1953,1.056,44.18
W_2ca3fca94dcc3868,ZONE_MAA_01,2026-06-29,1,327,1.0,0,26.1,2684.31,11.8,38.4,123.0,0,1,0.1188,1.02,39.94
W_2ca3fca94dcc3868,ZONE_MAA_01,2026-07-06,1,327,1.0,0,26.1,2684.31,9.3,39.2,163.28571428571428,1,1,0.2267,1.016,43.62
W_2ca3fca94dcc3868,ZONE_MAA_01,2026-07-13,1,327,1.0,0,26.1,2684.31,11.3,38.7,141.57142857142858,0,1,0.1316,1.019,40.36
W_2ca3fca94dcc3868,ZONE_MAA_01,2026-07-20,1,327,1.0,0,26.1,2684.31,35.6,36.4,131.57142857142858,0,1,0.1788,1.059,43.69
W_2ca3fca94dcc3868,ZONE_MAA_01,2026-07-27,1,327,1.0,0,26.1,2684.31,26.0,37.6,145.14285714285714,0,1,0.1674,1.043,42.62
W_2ca3fca94dcc3868,ZONE_MAA_01,2026-08-03,1,327,1.0,0,26.1,2684.31,38.5,34.8,150.71428571428572,0,1,0.1997,1.064,44.68
W_2ca3fca94dcc3868,ZONE_MAA_01,2026-08-10,1,327,1.0,0,26.1,2684.31,15.6,35.5,153.57142857142858,1,1,0.2336,1.026,44.3
W_2ca3fca94dcc3868,ZONE_MAA_01,2026-08-17,1,327,1.0,0,26.1,2684.31,29.4,36.3,143.71428571428572,0,1,0.1739,1.049,43.1
W_2ca3fca94dcc3868,ZONE_MAA_01,2026-08-24,1,327,1.0,0,26.1,2684.31,15.1,36.6,144.14285714285714,1,1,0.2254,1.025,43.96
W_2ca3fca94dcc3868,ZONE_MAA_01,2026-08-31,1,327,1.0,0,26.1,2684.31,13.1,35.6,156.85714285714286,1,1,0.2305,1.022,44.01
W_2ca3fca94dcc3868,ZONE_MAA_01,2026-09-07,1,327,1.0,0,26.1,2684.31,23.3,35.6,136.57142857142858,0,1,0.1549,1.039,42.0
W_2ca3fca94dcc3868,ZONE_MAA_01,2026-09-14,1,327,1.0,0,26.1,2684.31,27.4,36.0,152.75,1,1,0.2595,1.046,46.11
W_21e5f0fa359b064e,ZONE_HYD_01,2026-06-22,1,59,1.0,1,49.2,5690.06,21.8,32.6,156.25,1,1,0.2496,1.036,45.31
W_21e5f0fa359b064e,ZONE_HYD_01,2026-06-29,1,59,1.0,1,49.2,5690.06,35.9,29.8,132.14285714285714,0,1,0.1799,1.06,43.77
W_21e5f0fa359b064e,ZONE_HYD_01,2026-07-06,1,59,1.0,1,49.2,5690.06,6.2,33.3,165.28571428571428,0,1,0.1379,1.01,40.22
W_21e5f0fa359b064e,ZONE_HYD_01,2026-07-13,1,59,1.0,1,49.2,5690.06,26.8,33.9,155.14285714285714,1,1,0.26,1.045,46.08
W_21e5f0fa359b064e,ZONE_HYD_01,2026-07-20,1,59,1.0,1,49.2,5690.06,38.8,30.0,132.85714285714286,0,1,0.1869,1.065,44.24
W_21e5f0fa359b064e,ZONE_HYD_01,2026-07-27,1,59,1.0,1,49.2,5690.06,70.5,30.6,137.0,0,1,0.2614,1.118,49.36
W_21e5f0fa359b064e,ZONE_HYD_01,2026-08-03,1,59,1.0,1,49.2,5690.06,20.5,30.6,136.28571428571428,0,1,0.1483,1.034,41.56
W_21e5f0fa359b064e,ZONE_HYD_01,2026-08-10,1,59,1.0,1,49.2,5690.06,12.6,30.8,137.42857142857142,0,1,0.1314,1.021,40.43
W_21e5f0fa359b064e,ZONE_HYD_01,2026-08-17,1,59,1.0,1,49.2,5690.06,18.2,31.5,148.85714285714286,1,1,0.2359,1.03,44.55
W_21e5f0fa359b064e,ZONE_HYD_01,2026-08-24,1,59,1.0,1,49.2,5690.06,10.4,30.4,140.14285714285714,0,1,0.1285,1.017,40.17
W_21e5f0fa359b064e,ZONE_HYD_01,2026-08-31,1,59,1.0,1,49.2,5690.06,8.8,32.0,159.14285714285714,0,1,0.1392,1.015,40.47
W_21e5f0fa359b064e,ZONE_HYD_01,2026-09-07,1,59,1.0,1,49.2,5690.06,26.3,32.2,156.57142857142858,1,1,0.2599,1.044,46.04
W_21e5f0fa359b064e,ZONE_HYD_01,2026-09-14,1,59,1.0,1,49.2,5690.06,12.7,33.4,147.5,0,1,0.1392,1.021,40.71
W_fe57a5c12bf8a432,ZONE_DEL_01,2026-06-22,1,332,1.0,1,46.6,5284.72,4.0,41.9,188.25,0,1,0.1502,1.007,40.54
W_fe57a5c12bf8a432,ZONE_DEL_01,2026-06-29,1,332,1.0,1,46.6,5284.72,20.0,41.7,157.71428571428572,0,1,0.1633,1.033,42.06
W_fe57a5c12bf8a432,ZONE_DEL_01,2026-07-06,1,332,1.0,1,46.6,5284.72,122.9,36.7,156.0,2,1,0.5602,1.205,65.8
W_fe57a5c12bf8a432,ZONE_DEL_01,2026-07-13,1,332,1.0,1,46.6,5284.72,9.8,37.4,129.42857142857142,0,1,0.1191,1.016,39.8
W_fe57a5c12bf8a432,ZONE_DEL_01,2026-07-20,1,332,1.0,1,46.6,5284.72,74.3,33.7,132.71428571428572,0,1,0.2667,1.124,49.83
W_fe57a5c12bf8a432,ZONE_DEL_01,2026-07-27,1,332,1.0,1,46.6,5284.72,51.900000000000006,35.3,172.57142857142858,0,1,0.2462,1.086,47.37
W_fe57a5c12bf8a432,ZONE_DEL_01,2026-08-03,1,332,1.0,1,46.6,5284.72,132.8,33.8,126.57142857142856,1,1,0.4771,1.221,63.12
W_fe57a5c12bf8a432,ZONE_DEL_01,2026-08-10,1,332,1.0,1,46.6,5284.72,45.8,34.4,170.42857142857142,0,1,0.2309,1.076,46.36
W_fe57a5c12bf8a432,ZONE_DEL_01,2026-08-17,1,332,1.0,1,46.6,5284.72,34.3,33.6,140.0,1,1,0.2655,1.057,46.82
W_fe57a5c12bf8a432,ZONE_DEL_01,2026-08-24,1,332,1.0,1,46.6,5284.72,24.5,34.9,168.0,0,1,0.1811,1.041,43.03
W_fe57a5c12bf8a432,ZONE_DEL_01,2026-08-31,1,332,1.0,1,46.6,5284.72,76.6,34.4,145.57142857142858,0,1,0.2815,1.128,50.59
W_fe57a5c12bf8a432,ZONE_DEL_01,2026-09-07,1,332,1.0,1,46.6,5284.72,19.1,34.4,142.0,0,1,0.1495,1.032,41.52
W_fe57a5c12bf8a432,ZONE_DEL_01,2026-09-14,1,332,1.0,1,46.6,5284.72,7.6,35.0,149.0,0,1,0.1288,1.013,40.02
W_20541588942f189c,ZONE_HYD_01,2026-06-22,1,102,1.05,1,48.4,4747.26,21.8,32.6,156.25,1,1,0.2496,1.036,47.58
W_20541588942f189c,ZONE_HYD_01,2026-06-29,1,102,1.05,1,48.4,4747.26,35.9,29.8,132.14285714285714,0,1,0.1799,1.06,45.96
W_20541588942f189c,ZONE_HYD_01,2026-07-06,1,102,1.05,1,48.4,4747.26,6.2,33.3,165.28571428571428,0,1,0.1379,1.01,42.24
W_20541588942f189c,ZONE_HYD_01,2026-07-13,1,102,1.05,1,48.4,4747.26,26.8,33.9,155.14285714285714,1,1,0.26,1.045,48.39
W_20541588942f189c,ZONE_HYD_01,2026-07-20,1,102,1.05,1,48.4,4747.26,38.8,30.0,132.85714285714286,0,1,0.1869,1.065,46.45
W_20541588942f189c,ZONE_HYD_01,2026-07-27,1,102,1.05,1,48.4,4747.26,70.5,30.6,137.0,0,1,0.2614,1.118,51.83
W_20541588942f189c,ZONE_HYD_01,2026-08-03,1,102,1.05,1,48.4,4747.26,20.5,30.6,136.28571428571428,0,1,0.1483,1.034,43.63
W_20541588942f189c,ZONE_HYD_01,2026-08-10,1,102,1.05,1,48.4,4747.26,12.6,30.8,137.42857142857142,0,1,0.1314,1.021,42.45
W_20541588942f189c,ZONE_HYD_01,2026-08-17,1,102,1.05,1,48.4,4747.26,18.2,31.5,148.85714285714286,1,1,0.2359,1.03,46.78
W_20541588942f189c,ZONE_HYD_01,2026-08-24,1,102,1.05,1,48.4,4747.26,10.4,30.4,140.14285714285714,0,1,0.1285,1.017,42.18
W_20541588942f189c,ZONE_HYD_01,2026-08-31,1,102,1.05,1,48.4,4747.26,8.8,32.0,159.14285714285714,0,1,0.1392,1.015,42.49
W_20541588942f189c,ZONE_HYD_01,2026-09-07,1,102,1.05,1,48.4,4747.26,26.3,32.2,156.57142857142858,1,1,0.2599,1.044,48.34
W_20541588942f189c,ZONE_HYD_01,2026-09-14,1,102,1.05,1,48.4,4747.26,12.7,33.4,147.5,0,1,0.1392,1.021,42.74
W_4191324fcc89de5b,ZONE_DEL_01,2026-06-22,1,127,1.0,0,27.3,2894.24,4.0,41.9,188.25,0,1,0.1502,1.007,40.54
W_4191324fcc89de5b,ZONE_DEL_01,2026-06-29,1,127,1.0,0,27.3,2894.24,20.0,41.7,157.71428571428572,0,1,0.1633,1.033,42.06
W_4191324fcc89de5b,ZONE_DEL_01,2026-07-06,1,127,1.0,0,27.3,2894.24,122.9,36.7,156.0,2,1,0.5602,1.205,65.8
W_4191324fcc89de5b,ZONE_DEL_01,2026-07-13,1,127,1.0,0,27.3,2894.24,9.8,37.4,129.42857142857142,0,1,0.1191,1.016,39.8
W_4191324fcc89de5b,ZONE_DEL_01,2026-07-20,1,127,1.0,0,27.3,2894.24,74.3,33.7,132.71428571428572,0,1,0.2667,1.124,49.83
W_4191324fcc89de5b,ZONE_DEL_01,2026-07-27,1,127,1.0,0,27.3,2894.24,51.900000000000006,35.3,172.57142857142858,0,1,0.2462,1.086,47.37
W_4191324fcc89de5b,ZONE_DEL_01,2026-08-03,1,127,1.0,0,27.3,2894.24,132.8,33.8,126.57142857142856,1,1,0.4771,1.221,63.12
W_4191324fcc89de5b,ZONE_DEL_01,2026-08-10,1,127,1.0,0,27.3,2894.24,45.8,34.4,170.42857142857142,0,1,0.2309,1.076,46.36
W_4191324fcc89de5b,ZONE_DEL_01,2026-08-17,1,127,1.0,0,27.3,2894.24,34.3,33.6,140.0,1,1,0.2655,1.057,46.82
W_4191324fcc89de5b,ZONE_DEL_01,2026-08-24,1,127,1.0,0,27.3,2894.24,24.5,34.9,168.0,0,1,0.1811,1.041,43.03
W_4191324fcc89de5b,ZONE_DEL_01,2026-08-31,1,127,1.0,0,27.3,2894.24,76.6,34.4,145.57142857142858,0,1,0.2815,1.128,50.59
W_4191324fcc89de5b,ZONE_DEL_01,2026-09-07,1,127,1.0,0,27.3,2894.24,19.1,34.4,142.0,0,1,0.1495,1.032,41.52
W_4191324fcc89de5b,ZONE_DEL_01,2026-09-14,1,127,1.0,0,27.3,2894.24,7.6,35.0,149.0,0,1,0.1288,1.013,40.02
W_9c08dd861479a8c2,ZONE_HYD_01,2026-06-22,1,683,1.05,1,56.6,6211.45,21.8,32.6,156.25,1,1,0.2496,1.036,47.58
W_9c08dd861479a8c2,ZONE_HYD_01,2026-06-29,1,683,1.05,1,56.6,6211.45,35.9,29.8,132.14285714285714,0,1,0.1799,1.06,45.96
W_9c08dd861479a8c2,ZONE_HYD_01,2026-07-06,1,683,1.05,1,56.6,6211.45,6.2,33.3,165.28571428571428,0,1,0.1379,1.01,42.24
W_9c08dd861479a8c2,ZONE_HYD_01,2026-07-13,1,683,1.05,1,56.6,6211.45,26.8,33.9,155.14285714285714,1,1,0.26,1.045,48.39
W_9c08dd861479a8c2,ZONE_HYD_01,2026-07-20,1,683,1.05,1,56.6,6211.45,38.8,30.0,132.85714285714286,0,1,0.1869,1.065,46.45
W_9c08dd861479a8c2,ZONE_HYD_01,2026-07-27,1,683,1.05,1,56.6,6211.45,70.5,30.6,137.0,0,1,0.2614,1.118,51.83
W_9c08dd861479a8c2,ZONE_HYD_01,2026-08-03,1,683,1.05,1,56.6,6211.45,20.5,30.6,136.28571428571428,0,1,0.1483,1.034,43.63
W_9c08dd861479a8c2,ZONE_HYD_01,2026-08-10,1,683,1.05,1,56.6,6211.45,12.6,30.8,137.42857142857142,0,1,0.1314,1.021,42.45
W_9c08dd861479a8c2,ZONE_HYD_01,2026-08-17,1,683,1.05,1,56.6,6211.45,18.2,31.5,148.85714285714286,1,1,0.2359,1.03,46.78
W_9c08dd861479a8c2,ZONE_HYD_01,2026-08-24,1,683,1.05,1,56.6,6211.45,10.4,30.4,140.14285714285714,0,1,0.1285,1.017,42.18
W_9c08dd861479a8c2,ZONE_HYD_01,2026-08-31,1,683,1.05,1,56.6,6211.45,8.8,32.0,159.14285714285714,0,1,0.1392,1.015,42.49
W_9c08dd861479a8c2,ZONE_HYD_01,2026-09-07,1,683,1.05,1,56.6,6211.45,26.3,32.2,156.57142857142858,1,1,0.2599,1.044,48.34
W_9c08dd861479a8c2,ZONE_HYD_01,2026-09-14,1,683,1.05,1,56.6,6211.45,12.7,33.4,147.5,0,1,0.1392,1.021,42.74
W_60cf4047962e17f3,ZONE_BOM_01,2026-06-22,1,33,1.05,0,30.3,2948.51,24.8,31.1,184.0,0,1,0.1938,1.041,45.67
W_60cf4047962e17f3,ZONE_BOM_01,2026-06-29,1,33,1.05,0,30.3,2948.51,493.0,28.6,147.0,6,1,1.0,1.822,79.0
W_60cf4047962e17f3,ZONE_BOM_01,2026-07-06,1,33,1.05,0,30.3,2948.51,235.5,30.2,143.85714285714286,2,1,0.8044,1.392,79.0
W_60cf4047962e17f3,ZONE_BOM_01,2026-07-13,1,33,1.05,0,30.3,2948.51,92.5,30.6,156.42857142857142,1,1,0.4088,1.154,59.75
W_60cf4047962e17f3,ZONE_BOM_01,2026-07-20,1,33,1.05,0,30.3,2948.51,354.8,29.6,158.42857142857142,4,1,1.0,1.591,79.0
W_60cf4047962e17f3,ZONE_BOM_01,2026-07-27,1,33,1.05,0,30.3,2948.51,120.9,29.6,151.42857142857142,0,1,0.3856,1.202,61.21
W_60cf4047962e17f3,ZONE_BOM_01,2026-08-03,1,33,1.05,0,30.3,2948.51,76.8,29.7,139.0,0,1,0.277,1.128,52.94
W_60cf4047962e17f3,ZONE_BOM_01,2026-08-10,1,33,1.05,0,30.3,2948.51,96.6,29.7,142.57142857142858,0,1,0.3243,1.161,56.5
W_60cf4047962e17f3,ZONE_BOM_01,2026-08-17,1,33,1.05,0,30.3,2948.51,61.0,29.7,146.28571428571428,1,1,0.3303,1.102,53.88
W_60cf4047962e17f3,ZONE_BOM_01,2026-08-24,1,33,1.05,0,30.3,2948.51,36.4,29.6,134.0,1,1,0.2657,1.061,49.35
W_60cf4047962e17f3,ZONE_BOM_01,2026-08-31,1,33,1.05,0,30.3,2948.51,61.0,29.6,158.28571428571428,0,1,0.256,1.102,50.87
W_60cf4047962e17f3,ZONE_BOM_01,2026-09-07,1,33,1.05,0,30.3,2948.51,52.9,30.0,169.57142857142858,0,1,0.2462,1.088,49.83
W_60cf4047962e17f3,ZONE_BOM_01,2026-09-14,1,33,1.05,0,30.3,2948.51,23.3,30.0,162.0,0,1,0.1739,1.039,44.82
W_832c807f831f172c,ZONE_MAA_01,2026-06-22,1,72,1.0,0,30.9,3546.01,33.7,37.6,159.25,0,1,0.1953,1.056,44.18
W_832c807f831f172c,ZONE_MAA_01,2026-06-29,1,72,1.0,0,30.9,3546.01,11.8,38.4,123.0,0,1,0.1188,1.02,39.94
W_832c807f831f172c,ZONE_MAA_01,2026-07-06,1,72,1.0,0,30.9,3546.01,9.3,39.2,163.28571428571428,1,1,0.2267,1.016,43.62
W_832c807f831f172c,ZONE_MAA_01,2026-07-13,1,72,1.0,0,30.9,3546.01,11.3,38.7,141.57142857142858,0,1,0.1316,1.019,40.36
W_832c807f831f172c,ZONE_MAA_01,2026-07-20,1,72,1.0,0,30.9,3546.01,35.6,36.4,131.57142857142858,0,1,0.1788,1.059,43.69
W_832c807f831f172c,ZONE_MAA_01,2026-07-27,1,72,1.0,0,30.9,3546.01,26.0,37.6,145.14285714285714,0,1,0.1674,1.043,42.62
W_832c807f831f172c,ZONE_MAA_01,2026-08-03,1,72,1.0,0,30.9,3546.01,38.5,34.8,150.71428571428572,0,1,0.1997,1.064,44.68
W_832c807f831f172c,ZONE_MAA_01,2026-08-10,1,72,1.0,0,30.9,3546.01,15.6,35.5,153.57142857142858,1,1,0.2336,1.026,44.3
W_832c807f831f172c,ZONE_MAA_01,2026-08-17,1,72,1.0,0,30.9,3546.01,29.4,36.3,143.71428571428572,0,1,0.1739,1.049,43.1
W_832c807f831f172c,ZONE_MAA_01,2026-08-24,1,72,1.0,0,30.9,3546.01,15.1,36.6,144.14285714285714,1,1,0.2254,1.025,43.96
W_832c807f831f172c,ZONE_MAA_01,2026-08-31,1,72,1.0,0,30.9,3546.01,13.1,35.6,156.85714285714286,1,1,0.2305,1.022,44.01
W_832c807f831f172c,ZONE_MAA_01,2026-09-07,1,72,1.0,0,30.9,3546.01,23.3,35.6,136.57142857142858,0,1,0.1549,1.039,42.0
W_832c807f831f172c,ZONE_MAA_01,2026-09-14,1,72,1.0,0,30.9,3546.01,27.4,36.0,152.75,1,1,0.2595,1.046,46.11
W_c7d8708e6d8df9e1,ZONE_BLR_01,2026-06-22,1,25,1.0,0,24.4,2532.51,16.3,30.1,135.25,0,1,0.1381,1.027,40.91
W_c7d8708e6d8df9e1,ZONE_BLR_01,2026-06-29,1,25,1.0,0,24.4,2532.51,20.1,29.2,153.85714285714286,1,1,0.244,1.034,45.02
W_c7d8708e6d8df9e1,ZONE_BLR_01,2026-07-06,1,25,1.0,0,24.4,2532.51,8.399999999999999,31.8,172.71428571428572,0,1,0.1484,1.014,40.76
W_c7d8708e6d8df9e1,ZONE_BLR_01,2026-07-13,1,25,1.0,0,24.4,2532.51,16.8,32.1,124.57142857142856,0,1,0.1312,1.028,40.7
W_c7d8708e6d8df9e1,ZONE_BLR_01,2026-07-20,1,25,1.0,0,24.4,2532.51,33.4,29.5,162.85714285714286,1,1,0.2806,1.056,47.33
W_c7d8708e6d8df9e1,ZONE_BLR_01,2026-07-27,1,25,1.0,0,24.4,2532.51,28.8,29.7,169.42857142857142,0,1,0.1919,1.048,43.72
W_c7d8708e6d8df9e1,ZONE_BLR_01,2026-08-03,1,25,1.0,0,24.4,2532.51,76.3,28.3,143.0,0,1,0.2789,1.127,50.45
W_c7d8708e6d8df9e1,ZONE_BLR_01,2026-08-10,1,25,1.0,0,24.4,2532.51,19.9,30.7,129.0,0,1,0.1415,1.033,41.27
W_c7d8708e6d8df9e1,ZONE_BLR_01,2026-08-17,1,25,1.0,0,24.4,2532.51,31.4,29.9,146.57142857142858,1,1,0.2639,1.052,46.54
W_c7d8708e6d8df9e1,ZONE_BLR_01,2026-08-24,1,25,1.0,0,24.4,2532.51,35.7,28.8,167.14285714285714,0,1,0.2057,1.06,44.73
W_c7d8708e6d8df9e1,ZONE_BLR_01,2026-08-31,1,25,1.0,0,24.4,2532.51,13.2,30.8,142.71428571428572,1,1,0.2201,1.022,43.64
W_c7d8708e6d8df9e1,ZONE_BLR_01,2026-09-07,1,25,1.0,0,24.4,2532.51,8.5,31.0,128.28571428571428,0,1,0.1153,1.014,39.58
W_c7d8708e6d8df9e1,ZONE_BLR_01,2026-09-14,1,25,1.0,0,24.4,2532.51,33.1,30.8,137.5,0,1,0.1776,1.055,43.48
W_a7883198270353c0,ZONE_HYD_01,2026-06-22,1,122,1.0,1,58.0,6600.24,21.8,32.6,156.25,1,1,0.2496,1.036,45.31
W_a7883198270353c0,ZONE_HYD_01,2026-06-29,1,122,1.0,1,58.0,6600.24,35.9,29.8,132.14285714285714,0,1,0.1799,1.06,43.77
W_a7883198270353c0,ZONE_HYD_01,2026-07-06,1,122,1.0,1,58.0,6600.24,6.2,33.3,165.28571428571428,0,1,0.1379,1.01,40.22
W_a7883198270353c0,ZONE_HYD_01,2026-07-13,1,122,1.0,1,58.0,6600.24,26.8,33.9,155.14285714285714,1,1,0.26,1.045,46.08
W_a7883198270353c0,ZONE_HYD_01,2026-07-20,1,122,1.0,1,58.0,6600.24,38.8,30.0,132.85714285714286,0,1,0.1869,1.065,44.24
W_a7883198270353c0,ZONE_HYD_01,2026-07-27,1,122,1.0,1,58.0,6600.24,70.5,30.6,137.0,0,1,0.2614,1.118,49.36
W_a7883198270353c0,ZONE_HYD_01,2026-08-03,1,122,1.0,1,58.0,6600.24,20.5,30.6,136.28571428571428,0,1,0.1483,1.034,41.56
W_a7883198270353c0,ZONE_HYD_01,2026-08-10,1,122,1.0,1,58.0,6600.24,12.6,30.8,137.42857142857142,0,1,0.1314,1.021,40.43
W_a7883198270353c0,ZONE_HYD_01,2026-08-17,1,122,1.0,1,58.0,6600.24,18.2,31.5,148.85714285714286,1,1,0.2359,1.03,44.55
W_a7883198270353c0,ZONE_HYD_01,2026-08-24,1,122,1.0,1,58.0,6600.24,10.4,30.4,140.14285714285714,0,1,0.1285,1.017,40.17
W_a7883198270353c0,ZONE_HYD_01,2026-08-31,1,122,1.0,1,58.0,6600.24,8.8,32.0,159.14285714285714,0,1,0.1392,1.015,40.47
W_a7883198270353c0,ZONE_HYD_01,2026-09-07,1,122,1.0,1,58.0,6600.24,26.3,32.2,156.57142857142858,1,1,0.2599,1.044,46.04
W_a7883198270353c0,ZONE_HYD_01,2026-09-14,1,122,1.0,1,58.0,6600.24,12.7,33.4,147.5,0,1,0.1392,1.021,40.71
W_5d6a8bde2fe4ea03,ZONE_BOM_01,2026-06-22,1,34,1.05,1,51.5,4994.55,24.8,31.1,184.0,0,1,0.1938,1.041,45.67
W_5d6a8bde2fe4ea03,ZONE_BOM_01,2026-06-29,1,34,1.05,1,51.5,4994.55,493.0,28.6,147.0,6,1,1.0,1.822,79.0
W_5d6a8bde2fe4ea03,ZONE_BOM_01,2026-07-06,1,34,1.05,1,51.5,4994.55,235.5,30.2,143.85714285714286,2,1,0.8044,1.392,79.0
W_5d6a8bde2fe4ea03,ZONE_BOM_01,2026-07-13,1,34,1.05,1,51.5,4994.55,92.5,30.6,156.42857142857142,1,1,0.4088,1.154,59.75
W_5d6a8bde2fe4ea03,ZONE_BOM_01,2026-07-20,1,34,1.05,1,51.5,4994.55,354.8,29.6,158.42857142857142,4,1,1.0,1.591,79.0
W_5d6a8bde2fe4ea03,ZONE_BOM_01,2026-07-27,1,34,1.05,1,51.5,4994.55,120.9,29.6,151.42857142857142,0,1,0.3856,1.202,61.21
W_5d6a8bde2fe4ea03,ZONE_BOM_01,2026-08-03,1,34,1.05,1,51.5,4994.55,76.8,29.7,139.0,0,1,0.277,1.128,52.94
W_5d6a8bde2fe4ea03,ZONE_BOM_01,2026-08-10,1,34,1.05,1,51.5,4994.55,96.6,29.7,142.57142857142858,0,1,0.3243,1.161,56.5
W_5d6a8bde2fe4ea03,ZONE_BOM_01,2026-08-17,1,34,1.05,1,51.5,4994.55,61.0,29.7,146.28571428571428,1,1,0.3303,1.102,53.88
W_5d6a8bde2fe4ea03,ZONE_BOM_01,2026-08-24,1,34,1.05,1,51.5,4994.55,36.4,29.6,134.0,1,1,0.2657,1.061,49.35
W_5d6a8bde2fe4ea03,ZONE_BOM_01,2026-08-31,1,34,1.05,1,51.5,4994.55,61.0,29.6,158.28571428571428,0,1,0.256,1.102,50.87
W_5d6a8bde2fe4ea03,ZONE_BOM_01,2026-09-07,1,34,1.05,1,51.5,4994.55,52.9,30.0,169.57142857142858,0,1,0.2462,1.088,49.83
W_5d6a8bde2fe4ea03,ZONE_BOM_01,2026-09-14,1,34,1.05,1,51.5,4994.55,23.3,30.0,162.0,0,1,0.1739,1.039,44.82
W_f4470ec81aeb9bab,ZONE_BOM_01,2026-06-22,1,149,1.05,1,66.8,6957.37,24.8,31.1,184.0,0,1,0.1938,1.041,45.67
W_f4470ec81aeb9bab,ZONE_BOM_01,2026-06-29,1,149,1.05,1,66.8,6957.37,493.0,28.6,147.0,6,1,1.0,1.822,79.0
W_f4470ec81aeb9bab,ZONE_BOM_01,2026-07-06,1,149,1.05,1,66.8,6957.37,235.5,30.2,143.85714285714286,2,1,0.8044,1.392,79.0
W_f4470ec81aeb9bab,ZONE_BOM_01,2026-07-13,1,149,1.05,1,66.8,6957.37,92.5,30.6,156.42857142857142,1,1,0.4088,1.154,59.75
W_f4470ec81aeb9bab,ZONE_BOM_01,2026-07-20,1,149,1.05,1,66.8,6957.37,354.8,29.6,158.42857142857142,4,1,1.0,1.591,79.0
W_f4470ec81aeb9bab,ZONE_BOM_01,2026-07-27,1,149,1.05,1,66.8,6957.37,120.9,29.6,151.42857142857142,0,1,0.3856,1.202,61.21
W_f4470ec81aeb9bab,ZONE_BOM_01,2026-08-03,1,149,1.05,1,66.8,6957.37,76.8,29.7,139.0,0,1,0.277,1.128,52.94
W_f4470ec81aeb9bab,ZONE_BOM_01,2026-08-10,1,149,1.05,1,66.8,6957.37,96.6,29.7,142.57142857142858,0,1,0.3243,1.161,56.5
W_f4470ec81aeb9bab,ZONE_BOM_01,2026-08-17,1,149,1.05,1,66.8,6957.37,61.0,29.7,146.28571428571428,1,1,0.3303,1.102,53.88
W_f4470ec81aeb9bab,ZONE_BOM_01,2026-08-24,1,149,1.05,1,66.8,6957.37,36.4,29.6,134.0,1,1,0.2657,1.061,49.35
W_f4470ec81aeb9bab,ZONE_BOM_01,2026-08-31,1,149,1.05,1,66.8,6957.37,61.0,29.6,158.28571428571428,0,1,0.256,1.102,50.87
W_f4470ec81aeb9bab,ZONE_BOM_01,2026-09-07,1,149,1.05,1,66.8,6957.37,52.9,30.0,169.57142857142858,0,1,0.2462,1.088,49.83
W_f4470ec81aeb9bab,ZONE_BOM_01,2026-09-14,1,149,1.05,1,66.8,6957.37,23.3,30.0,162.0,0,1,0.1739,1.039,44.82
W_f1f1fac7d9116b07,ZONE_DEL_01,2026-06-22,1,24,1.05,1,56.7,5336.92,4.0,41.9,188.25,0,1,0.1502,1.007,42.57
W_f1f1fac7d9116b07,ZONE_DEL_01,2026-06-29,1,24,1.05,1,56.7,5336.92,20.0,41.7,157.71428571428572,0,1,0.1633,1.033,44.16
W_f1f1fac7d9116b07,ZONE_DEL_01,2026-07-06,1,24,1.05,1,56.7,5336.92,122.9,36.7,156.0,2,1,0.5602,1.205,69.09
W_f1f1fac7d9116b07,ZONE_DEL_01,2026-07-13,1,24,1.05,1,56.7,5336.92,9.8,37.4,129.42857142857142,0,1,0.1191,1.016,41.78
W_f1f1fac7d9116b07,ZONE_DEL_01,2026-07-20,1,24,1.05,1,56.7,5336.92,74.3,33.7,132.71428571428572,0,1,0.2667,1.124,52.32
W_f1f1fac7d9116b07,ZONE_DEL_01,2026-07-27,1,24,1.05,1,56.7,5336.92,51.900000000000006,35.3,172.57142857142858,0,1,0.2462,1.086,49.74
W_f1f1fac7d9116b07,ZONE_DEL_01,2026-08-03,1,24,1.05,1,56.7,5336.92,132.8,33.8,126.57142857142856,1,1,0.4771,1.221,66.28
W_f1f1fac7d9116b07,ZONE_DEL_01,2026-08-10,1,24,1.05,1,56.7,5336.92,45.8,34.4,170.42857142857142,0,1,0.2309,1.076,48.67
W_f1f1fac7d9116b07,ZONE_DEL_01,2026-08-17,1,24,1.05,1,56.7,5336.92,34.3,33.6,140.0,1,1,0.2655,1.057,49.16
W_f1f1fac7d9116b07,ZONE_DEL_01,2026-08-24,1,24,1.05,1,56.7,5336.92,24.5,34.9,168.0,0,1,0.1811,1.041,45.19
W_f1f1fac7d9116b07,ZONE_DEL_01,2026-08-31,1,24,1.05,1,56.7,5336.92,76.6,34.4,145.57142857142858,0,1,0.2815,1.128,53.12
W_f1f1fac7d9116b07,ZONE_DEL_01,2026-09-07,1,24,1.05,1,56.7,5336.92,19.1,34.4,142.0,0,1,0.1495,1.032,43.6
W_f1f1fac7d9116b07,ZONE_DEL_01,2026-09-14,1,24,1.05,1,56.7,5336.92,7.6,35.0,149.0,0,1,0.1288,1.013,42.02
W_76ead4db0148350b,ZONE_HYD_01,2026-06-22,1,258,1.0,1,56.5,6129.34,21.8,32.6,156.25,1,1,0.2496,1.036,45.31
W_76ead4db0148350b,ZONE_HYD_01,2026-06-29,1,258,1.0,1,56.5,6129.34,35.9,29.8,132.14285714285714,0,1,0.1799,1.06,43.77
W_76ead4db0148350b,ZONE_HYD_01,2026-07-06,1,258,1.0,1,56.5,6129.34,6.2,33.3,165.28571428571428,0,1,0.1379,1.01,40.22
W_76ead4db0148350b,ZONE_HYD_01,2026-07-13,1,258,1.0,1,56.5,6129.34,26.8,33.9,155.14285714285714,1,1,0.26,1.045,46.08
W_76ead4db0148350b,ZONE_HYD_01,2026-07-20,1,258,1.0,1,56.5,6129.34,38.8,30.0,132.85714285714286,0,1,0.1869,1.065,44.24
W_76ead4db0148350b,ZONE_HYD_01,2026-07-27,1,258,1.0,1,56.5,6129.34,70.5,30.6,137.0,0,1,0.2614,1.118,49.36
W_76ead4db0148350b,ZONE_HYD_01,2026-08-03,1,258,1.0,1,56.5,6129.34,20.5,30.6,136.28571428571428,0,1,0.1483,1.034,41.56
W_76ead4db0148350b,ZONE_HYD_01,2026-08-10,1,258,1.0,1,56.5,6129.34,12.6,30.8,137.42857142857142,0,1,0.1314,1.021,40.43
W_76ead4db0148350b,ZONE_HYD_01,2026-08-17,1,258,1.0,1,56.5,6129.34,18.2,31.5,148.85714285714286,1,1,0.2359,1.03,44.55
W_76ead4db0148350b,ZONE_HYD_01,2026-08-24,1,258,1.0,1,56.5,6129.34,10.4,30.4,140.14285714285714,0,1,0.1285,1.017,40.17
W_76ead4db0148350b,ZONE_HYD_01,2026-08-31,1,258,1.0,1,56.5,6129.34,8.8,32.0,159.14285714285714,0,1,0.1392,1.015,40.47
W_76ead4db0148350b,ZONE_HYD_01,2026-09-07,1,258,1.0,1,56.5,6129.34,26.3,32.2,156.57142857142858,1,1,0.2599,1.044,46.04
W_76ead4db0148350b,ZONE_HYD_01,2026-09-14,1,258,1.0,1,56.5,6129.34,12.7,33.4,147.5,0,1,0.1392,1.021,40.71
W_ded54ba83bded451,ZONE_MAA_01,2026-06-22,1,144,1.0,1,55.8,5572.11,33.7,37.6,159.25,0,1,0.1953,1.056,44.18
W_ded54ba83bded451,ZONE_MAA_01,2026-06-29,1,144,1.0,1,55.8,5572.11,11.8,38.4,123.0,0,1,0.1188,1.02,39.94
W_ded54ba83bded451,ZONE_MAA_01,2026-07-06,1,144,1.0,1,55.8,5572.11,9.3,39.2,163.28571428571428,1,1,0.2267,1.016,43.62
W_ded54ba83bded451,ZONE_MAA_01,2026-07-13,1,144,1.0,1,55.8,5572.11,11.3,38.7,141.57142857142858,0,1,0.1316,1.019,40.36
W_ded54ba83bded451,ZONE_MAA_01,2026-07-20,1,144,1.0,1,55.8,5572.11,35.6,36.4,131.57142857142858,0,1,0.1788,1.059,43.69
W_ded54ba83bded451,ZONE_MAA_01,2026-07-27,1,144,1.0,1,55.8,5572.11,26.0,37.6,145.14285714285714,0,1,0.1674,1.043,42.62
W_ded54ba83bded451,ZONE_MAA_01,2026-08-03,1,144,1.0,1,55.8,5572.11,38.5,34.8,150.71428571428572,0,1,0.1997,1.064,44.68
W_ded54ba83bded451,ZONE_MAA_01,2026-08-10,1,144,1.0,1,55.8,5572.11,15.6,35.5,153.57142857142858,1,1,0.2336,1.026,44.3
W_ded54ba83bded451,ZONE_MAA_01,2026-08-17,1,144,1.0,1,55.8,5572.11,29.4,36.3,143.71428571428572,0,1,0.1739,1.049,43.1
W_ded54ba83bded451,ZONE_MAA_01,2026-08-24,1,144,1.0,1,55.8,5572.11,15.1,36.6,144.14285714285714,1,1,0.2254,1.025,43.96
W_ded54ba83bded451,ZONE_MAA_01,2026-08-31,1,144,1.0,1,55.8,5572.11,13.1,35.6,156.85714285714286,1,1,0.2305,1.022,44.01
W_ded54ba83bded451,ZONE_MAA_01,2026-09-07,1,144,1.0,1,55.8,5572.11,23.3,35.6,136.57142857142858,0,1,0.1549,1.039,42.0
W_ded54ba83bded451,ZONE_MAA_01,2026-09-14,1,144,1.0,1,55.8,5572.11,27.4,36.0,152.75,1,1,0.2595,1.046,46.11
W_ac902edef4df6a26,ZONE_BLR_01,2026-06-22,1,338,1.0,1,59.8,6612.88,16.3,30.1,135.25,0,1,0.1381,1.027,40.91
W_ac902edef4df6a26,ZONE_BLR_01,2026-06-29,1,338,1.0,1,59.8,6612.88,20.1,29.2,153.85714285714286,1,1,0.244,1.034,45.02
W_ac902edef4df6a26,ZONE_BLR_01,2026-07-06,1,338,1.0,1,59.8,6612.88,8.399999999999999,31.8,172.71428571428572,0,1,0.1484,1.014,40.76
W_ac902edef4df6a26,ZONE_BLR_01,2026-07-13,1,338,1.0,1,59.8,6612.88,16.8,32.1,124.57142857142856,0,1,0.1312,1.028,40.7
W_ac902edef4df6a26,ZONE_BLR_01,2026-07-20,1,338,1.0,1,59.8,6612.88,33.4,29.5,162.85714285714286,1,1,0.2806,1.056,47.33
W_ac902edef4df6a26,ZONE_BLR_01,2026-07-27,1,338,1.0,1,59.8,6612.88,28.8,29.7,169.42857142857142,0,1,0.1919,1.048,43.72
W_ac902edef4df6a26,ZONE_BLR_01,2026-08-03,1,338,1.0,1,59.8,6612.88,76.3,28.3,143.0,0,1,0.2789,1.127,50.45
W_ac902edef4df6a26,ZONE_BLR_01,2026-08-10,1,338,1.0,1,59.8,6612.88,19.9,30.7,129.0,0,1,0.1415,1.033,41.27
W_ac902edef4df6a26,ZONE_BLR_01,2026-08-17,1,338,1.0,1,59.8,6612.88,31.4,29.9,146.57142857142858,1,1,0.2639,1.052,46.54
W_ac902edef4df6a26,ZONE_BLR_01,2026-08-24,1,338,1.0,1,59.8,6612.88,35.7,28.8,167.14285714285714,0,1,0.2057,1.06,44.73
W_ac902edef4df6a26,ZONE_BLR_01,2026-08-31,1,338,1.0,1,59.8,6612.88,13.2,30.8,142.71428571428572,1,1,0.2201,1.022,43.64
W_ac902edef4df6a26,ZONE_BLR_01,2026-09-07,1,338,1.0,1,59.8,6612.88,8.5,31.0,128.28571428571428,0,1,0.1153,1.014,39.58
W_ac902edef4df6a26,ZONE_BLR_01,2026-09-14,1,338,1.0,1,59.8,6612.88,33.1,30.8,137.5,0,1,0.1776,1.055,43.48
W_d10a27ff5b0cc8e9,ZONE_BLR_01,2026-06-22,1,189,1.0,1,56.5,5777.86,16.3,30.1,135.25,0,1,0.1381,1.027,40.91
W_d10a27ff5b0cc8e9,ZONE_BLR_01,2026-06-29,1,189,1.0,1,56.5,5777.86,20.1,29.2,153.85714285714286,1,1,0.244,1.034,45.02
W_d10a27ff5b0cc8e9,ZONE_BLR_01,2026-07-06,1,189,1.0,1,56.5,5777.86,8.399999999999999,31.8,172.71428571428572,0,1,0.1484,1.014,40.76
W_d10a27ff5b0cc8e9,ZONE_BLR_01,2026-07-13,1,189,1.0,1,56.5,5777.86,16.8,32.1,124.57142857142856,0,1,0.1312,1.028,40.7
W_d10a27ff5b0cc8e9,ZONE_BLR_01,2026-07-20,1,189,1.0,1,56.5,5777.86,33.4,29.5,162.85714285714286,1,1,0.2806,1.056,47.33
W_d10a27ff5b0cc8e9,ZONE_BLR_01,2026-07-27,1,189,1.0,1,56.5,5777.86,28.8,29.7,169.42857142857142,0,1,0.1919,1.048,43.72
W_d10a27ff5b0cc8e9,ZONE_BLR_01,2026-08-03,1,189,1.0,1,56.5,5777.86,76.3,28.3,143.0,0,1,0.2789,1.127,50.45
W_d10a27ff5b0cc8e9,ZONE_BLR_01,2026-08-10,1,189,1.0,1,56.5,5777.86,19.9,30.7,129.0,0,1,0.1415,1.033,41.27
W_d10a27ff5b0cc8e9,ZONE_BLR_01,2026-08-17,1,189,1.0,1,56.5,5777.86,31.4,29.9,146.57142857142858,1,1,0.2639,1.052,46.54
W_d10a27ff5b0cc8e9,ZONE_BLR_01,2026-08-24,1,189,1.0,1,56.5,5777.86,35.7,28.8,167.14285714285714,0,1,0.2057,1.06,44.73
W_d10a27ff5b0cc8e9,ZONE_BLR_01,2026-08-31,1,189,1.0,1,56.5,5777.86,13.2,30.8,142.71428571428572,1,1,0.2201,1.022,43.64
W_d10a27ff5b0cc8e9,ZONE_BLR_01,2026-09-07,1,189,1.0,1,56.5,5777.86,8.5,31.0,128.28571428571428,0,1,0.1153,1.014,39.58
W_d10a27ff5b0cc8e9,ZONE_BLR_01,2026-09-14,1,189,1.0,1,56.5,5777.86,33.1,30.8,137.5,0,1,0.1776,1.055,43.48
W_31bcb1c09c0ef4d4,ZONE_HYD_01,2026-06-22,1,43,1.05,1,52.0,5653.46,21.8,32.6,156.25,1,1,0.2496,1.036,47.58
W_31bcb1c09c0ef4d4,ZONE_HYD_01,2026-06-29,1,43,1.05,1,52.0,5653.46,35.9,29.8,132.14285714285714,0,1,0.1799,1.06,45.96
W_31bcb1c09c0ef4d4,ZONE_HYD_01,2026-07-06,1,43,1.05,1,52.0,5653.46,6.2,33.3,165.28571428571428,0,1,0.1379,1.01,42.24
W_31bcb1c09c0ef4d4,ZONE_HYD_01,2026-07-13,1,43,1.05,1,52.0,5653.46,26.8,33.9,155.14285714285714,1,1,0.26,1.045,48.39
W_31bcb1c09c0ef4d4,ZONE_HYD_01,2026-07-20,1,43,1.05,1,52.0,5653.46,38.8,30.0,132.85714285714286,0,1,0.1869,1.065,46.45
W_31bcb1c09c0ef4d4,ZONE_HYD_01,2026-07-27,1,43,1.05,1,52.0,5653.46,70.5,30.6,137.0,0,1,0.2614,1.118,51.83
W_31bcb1c09c0ef4d4,ZONE_HYD_01,2026-08-03,1,43,1.05,1,52.0,5653.46,20.5,30.6,136.28571428571428,0,1,0.1483,1.034,43.63
W_31bcb1c09c0ef4d4,ZONE_HYD_01,2026-08-10,1,43,1.05,1,52.0,5653.46,12.6,30.8,137.42857142857142,0,1,0.1314,1.021,42.45
W_31bcb1c09c0ef4d4,ZONE_HYD_01,2026-08-17,1,43,1.05,1,52.0,5653.46,18.2,31.5,148.85714285714286,1,1,0.2359,1.03,46.78
W_31bcb1c09c0ef4d4,ZONE_HYD_01,2026-08-24,1,43,1.05,1,52.0,5653.46,10.4,30.4,140.14285714285714,0,1,0.1285,1.017,42.18
W_31bcb1c09c0ef4d4,ZONE_HYD_01,2026-08-31,1,43,1.05,1,52.0,5653.46,8.8,32.0,159.14285714285714,0,1,0.1392,1.015,42.49
W_31bcb1c09c0ef4d4,ZONE_HYD_01,2026-09-07,1,43,1.05,1,52.0,5653.46,26.3,32.2,156.57142857142858,1,1,0.2599,1.044,48.34
W_31bcb1c09c0ef4d4,ZONE_HYD_01,2026-09-14,1,43,1.05,1,52.0,5653.46,12.7,33.4,147.5,0,1,0.1392,1.021,42.74
W_785315a8d4fb0dfe,ZONE_BLR_01,2026-06-22,1,54,1.0,1,56.1,6372.41,16.3,30.1,135.25,0,1,0.1381,1.027,40.91
W_785315a8d4fb0dfe,ZONE_BLR_01,2026-06-29,1,54,1.0,1,56.1,6372.41,20.1,29.2,153.85714285714286,1,1,0.244,1.034,45.02
W_785315a8d4fb0dfe,ZONE_BLR_01,2026-07-06,1,54,1.0,1,56.1,6372.41,8.399999999999999,31.8,172.71428571428572,0,1,0.1484,1.014,40.76
W_785315a8d4fb0dfe,ZONE_BLR_01,2026-07-13,1,54,1.0,1,56.1,6372.41,16.8,32.1,124.57142857142856,0,1,0.1312,1.028,40.7
W_785315a8d4fb0dfe,ZONE_BLR_01,2026-07-20,1,54,1.0,1,56.1,6372.41,33.4,29.5,162.85714285714286,1,1,0.2806,1.056,47.33
W_785315a8d4fb0dfe,ZONE_BLR_01,2026-07-27,1,54,1.0,1,56.1,6372.41,28.8,29.7,169.42857142857142,0,1,0.1919,1.048,43.72
W_785315a8d4fb0dfe,ZONE_BLR_01,2026-08-03,1,54,1.0,1,56.1,6372.41,76.3,28.3,143.0,0,1,0.2789,1.127,50.45
W_785315a8d4fb0dfe,ZONE_BLR_01,2026-08-10,1,54,1.0,1,56.1,6372.41,19.9,30.7,129.0,0,1,0.1415,1.033,41.27
W_785315a8d4fb0dfe,ZONE_BLR_01,2026-08-17,1,54,1.0,1,56.1,6372.41,31.4,29.9,146.57142857142858,1,1,0.2639,1.052,46.54
W_785315a8d4fb0dfe,ZONE_BLR_01,2026-08-24,1,54,1.0,1,56.1,6372.41,35.7,28.8,167.14285714285714,0,1,0.2057,1.06,44.73
W_785315a8d4fb0dfe,ZONE_BLR_01,2026-08-31,1,54,1.0,1,56.1,6372.41,13.2,30.8,142.71428571428572,1,1,0.2201,1.022,43.64
W_785315a8d4fb0dfe,ZONE_BLR_01,2026-09-07,1,54,1.0,1,56.1,6372.41,8.5,31.0,128.28571428571428,0,1,0.1153,1.014,39.58
W_785315a8d4fb0dfe,ZONE_BLR_01,2026-09-14,1,54,1.0,1,56.1,6372.41,33.1,30.8,137.5,0,1,0.1776,1.055,43.48
W_00370cf42f741cc4,ZONE_DEL_01,2026-06-22,1,79,1.05,0,27.6,2894.85,4.0,41.9,188.25,0,1,0.1502,1.007,42.57
W_00370cf42f741cc4,ZONE_DEL_01,2026-06-29,1,79,1.05,0,27.6,2894.85,20.0,41.7,157.71428571428572,0,1,0.1633,1.033,44.16
W_00370cf42f741cc4,ZONE_DEL_01,2026-07-06,1,79,1.05,0,27.6,2894.85,122.9,36.7,156.0,2,1,0.5602,1.205,69.09
W_00370cf42f741cc4,ZONE_DEL_01,2026-07-13,1,79,1.05,0,27.6,2894.85,9.8,37.4,129.42857142857142,0,1,0.1191,1.016,41.78
W_00370cf42f741cc4,ZONE_DEL_01,2026-07-20,1,79,1.05,0,27.6,2894.85,74.3,33.7,132.71428571428572,0,1,0.2667,1.124,52.32
W_00370cf42f741cc4,ZONE_DEL_01,2026-07-27,1,79,1.05,0,27.6,2894.85,51.900000000000006,35.3,172.57142857142858,0,1,0.2462,1.086,49.74
W_00370cf42f741cc4,ZONE_DEL_01,2026-08-03,1,79,1.05,0,27.6,2894.85,132.8,33.8,126.57142857142856,1,1,0.4771,1.221,66.28
W_00370cf42f741cc4,ZONE_DEL_01,2026-08-10,1,79,1.05,0,27.6,2894.85,45.8,34.4,170.42857142857142,0,1,0.2309,1.076,48.67
W_00370cf42f741cc4,ZONE_DEL_01,2026-08-17,1,79,1.05,0,27.6,2894.85,34.3,33.6,140.0,1,1,0.2655,1.057,49.16
W_00370cf42f741cc4,ZONE_DEL_01,2026-08-24,1,79,1.05,0,27.6,2894.85,24.5,34.9,168.0,0,1,0.1811,1.041,45.19
W_00370cf42f741cc4,ZONE_DEL_01,2026-08-31,1,79,1.05,0,27.6,2894.85,76.6,34.4,145.57142857142858,0,1,0.2815,1.128,53.12
W_00370cf42f741cc4,ZONE_DEL_01,2026-09-07,1,79,1.05,0,27.6,2894.85,19.1,34.4,142.0,0,1,0.1495,1.032,43.6
W_00370cf42f741cc4,ZONE_DEL_01,2026-09-14,1,79,1.05,0,27.6,2894.85,7.6,35.0,149.0,0,1,0.1288,1.013,42.02
W_bf44c008157b871e,ZONE_MAA_01,2026-06-22,1,200,1.05,1,46.4,4452.86,33.7,37.6,159.25,0,1,0.1953,1.056,46.39
W_bf44c008157b871e,ZONE_MAA_01,2026-06-29,1,200,1.05,1,46.4,4452.86,11.8,38.4,123.0,0,1,0.1188,1.02,41.94
W_bf44c008157b871e,ZONE_MAA_01,2026-07-06,1,200,1.05,1,46.4,4452.86,9.3,39.2,163.28571428571428,1,1,0.2267,1.016,45.8
W_bf44c008157b871e,ZONE_MAA_01,2026-07-13,1,200,1.05,1,46.4,4452.86,11.3,38.7,141.57142857142858,0,1,0.1316,1.019,42.38
W_bf44c008157b871e,ZONE_MAA_01,2026-07-20,1,200,1.05,1,46.4,4452.86,35.6,36.4,131.57142857142858,0,1,0.1788,1.059,45.88
W_bf44c008157b871e,ZONE_MAA_01,2026-07-27,1,200,1.05,1,46.4,4452.86,26.0,37.6,145.14285714285714,0,1,0.1674,1.043,44.75
W_bf44c008157b871e,ZONE_MAA_01,2026-08-03,1,200,1.05,1,46.4,4452.86,38.5,34.8,150.71428571428572,0,1,0.1997,1.064,46.91
W_bf44c008157b871e,ZONE_MAA_01,2026-08-10,1,200,1.05,1,46.4,4452.86,15.6,35.5,153.57142857142858,1,1,0.2336,1.026,46.51
W_bf44c008157b871e,ZONE_MAA_01,2026-08-17,1,200,1.05,1,46.4,4452.86,29.4,36.3,143.71428571428572,0,1,0.1739,1.049,45.25
W_bf44c008157b871e,ZONE_MAA_01,2026-08-24,1,200,1.05,1,46.4,4452.86,15.1,36.6,144.14285714285714,1,1,0.2254,1.025,46.16
W_bf44c008157b871e,ZONE_MAA_01,2026-08-31,1,200,1.05,1,46.4,4452.86,13.1,35.6,156.85714285714286,1,1,0.2305,1.022,46.22
W_bf44c008157b871e,ZONE_MAA_01,2026-09-07,1,200,1.05,1,46.4,4452.86,23.3,35.6,136.57142857142858,0,1,0.1549,1.039,44.1
W_bf44c008157b871e,ZONE_MAA_01,2026-09-14,1,200,1.05,1,46.4,4452.86,27.4,36.0,152.75,1,1,0.2595,1.046,48.42
W_0d329d7b67cfbc2d,ZONE_MAA_01,2026-06-22,1,96,1.0,1,48.2,4852.17,33.7,37.6,159.25,0,1,0.1953,1.056,44.18
W_0d329d7b67cfbc2d,ZONE_MAA_01,2026-06-29,1,96,1.0,1,48.2,4852.17,11.8,38.4,123.0,0,1,0.1188,1.02,39.94
W_0d329d7b67cfbc2d,ZONE_MAA_01,2026-07-06,1,96,1.0,1,48.2,4852.17,9.3,39.2,163.28571428571428,1,1,0.2267,1.016,43.62
W_0d329d7b67cfbc2d,ZONE_MAA_01,2026-07-13,1,96,1.0,1,48.2,4852.17,11.3,38.7,141.57142857142858,0,1,0.1316,1.019,40.36
W_0d329d7b67cfbc2d,ZONE_MAA_01,2026-07-20,1,96,1.0,1,48.2,4852.17,35.6,36.4,131.57142857142858,0,1,0.1788,1.059,43.69
W_0d329d7b67cfbc2d,ZONE_MAA_01,2026-07-27,1,96,1.0,1,48.2,4852.17,26.0,37.6,145.14285714285714,0,1,0.1674,1.043,42.62
W_0d329d7b67cfbc2d,ZONE_MAA_01,2026-08-03,1,96,1.0,1,48.2,4852.17,38.5,34.8,150.71428571428572,0,1,0.1997,1.064,44.68
W_0d329d7b67cfbc2d,ZONE_MAA_01,2026-08-10,1,96,1.0,1,48.2,4852.17,15.6,35.5,153.57142857142858,1,1,0.2336,1.026,44.3
W_0d329d7b67cfbc2d,ZONE_MAA_01,2026-08-17,1,96,1.0,1,48.2,4852.17,29.4,36.3,143.71428571428572,0,1,0.1739,1.049,43.1
W_0d329d7b67cfbc2d,ZONE_MAA_01,2026-08-24,1,96,1.0,1,48.2,4852.17,15.1,36.6,144.14285714285714,1,1,0.2254,1.025,43.96
W_0d329d7b67cfbc2d,ZONE_MAA_01,2026-08-31,1,96,1.0,1,48.2,4852.17,13.1,35.6,156.85714285714286,1,1,0.2305,1.022,44.01
W_0d329d7b67cfbc2d,ZONE_MAA_01,2026-09-07,1,96,1.0,1,48.2,4852.17,23.3,35.6,136.57142857142858,0,1,0.1549,1.039,42.0
W_0d329d7b67cfbc2d,ZONE_MAA_01,2026-09-14,1,96,1.0,1,48.2,4852.17,27.4,36.0,152.75,1,1,0.2595,1.046,46.11
W_bd15eb9adbf10ac6,ZONE_MAA_01,2026-06-22,1,336,1.05,1,47.9,4940.13,33.7,37.6,159.25,0,1,0.1953,1.056,46.39
W_bd15eb9adbf10ac6,ZONE_MAA_01,2026-06-29,1,336,1.05,1,47.9,4940.13,11.8,38.4,123.0,0,1,0.1188,1.02,41.94
W_bd15eb9adbf10ac6,ZONE_MAA_01,2026-07-06,1,336,1.05,1,47.9,4940.13,9.3,39.2,163.28571428571428,1,1,0.2267,1.016,45.8
W_bd15eb9adbf10ac6,ZONE_MAA_01,2026-07-13,1,336,1.05,1,47.9,4940.13,11.3,38.7,141.57142857142858,0,1,0.1316,1.019,42.38
W_bd15eb9adbf10ac6,ZONE_MAA_01,2026-07-20,1,336,1.05,1,47.9,4940.13,35.6,36.4,131.57142857142858,0,1,0.1788,1.059,45.88
W_bd15eb9adbf10ac6,ZONE_MAA_01,2026-07-27,1,336,1.05,1,47.9,4940.13,26.0,37.6,145.14285714285714,0,1,0.1674,1.043,44.75
W_bd15eb9adbf10ac6,ZONE_MAA_01,2026-08-03,1,336,1.05,1,47.9,4940.13,38.5,34.8,150.71428571428572,0,1,0.1997,1.064,46.91
W_bd15eb9adbf10ac6,ZONE_MAA_01,2026-08-10,1,336,1.05,1,47.9,4940.13,15.6,35.5,153.57142857142858,1,1,0.2336,1.026,46.51
W_bd15eb9adbf10ac6,ZONE_MAA_01,2026-08-17,1,336,1.05,1,47.9,4940.13,29.4,36.3,143.71428571428572,0,1,0.1739,1.049,45.25
W_bd15eb9adbf10ac6,ZONE_MAA_01,2026-08-24,1,336,1.05,1,47.9,4940.13,15.1,36.6,144.14285714285714,1,1,0.2254,1.025,46.16
W_bd15eb9adbf10ac6,ZONE_MAA_01,2026-08-31,1,336,1.05,1,47.9,4940.13,13.1,35.6,156.85714285714286,1,1,0.2305,1.022,46.22
W_bd15eb9adbf10ac6,ZONE_MAA_01,2026-09-07,1,336,1.05,1,47.9,4940.13,23.3,35.6,136.57142857142858,0,1,0.1549,1.039,44.1
W_bd15eb9adbf10ac6,ZONE_MAA_01,2026-09-14,1,336,1.05,1,47.9,4940.13,27.4,36.0,152.75,1,1,0.2595,1.046,48.42
W_f345d1e6302a5109,ZONE_BLR_01,2026-06-22,1,35,1.0,1,45.5,5105.83,16.3,30.1,135.25,0,1,0.1381,1.027,40.91
W_f345d1e6302a5109,ZONE_BLR_01,2026-06-29,1,35,1.0,1,45.5,5105.83,20.1,29.2,153.85714285714286,1,1,0.244,1.034,45.02
W_f345d1e6302a5109,ZONE_BLR_01,2026-07-06,1,35,1.0,1,45.5,5105.83,8.399999999999999,31.8,172.71428571428572,0,1,0.1484,1.014,40.76
W_f345d1e6302a5109,ZONE_BLR_01,2026-07-13,1,35,1.0,1,45.5,5105.83,16.8,32.1,124.57142857142856,0,1,0.1312,1.028,40.7
W_f345d1e6302a5109,ZONE_BLR_01,2026-07-20,1,35,1.0,1,45.5,5105.83,33.4,29.5,162.85714285714286,1,1,0.2806,1.056,47.33
W_f345d1e6302a5109,ZONE_BLR_01,2026-07-27,1,35,1.0,1,45.5,5105.83,28.8,29.7,169.42857142857142,0,1,0.1919,1.048,43.72
W_f345d1e6302a5109,ZONE_BLR_01,2026-08-03,1,35,1.0,1,45.5,5105.83,76.3,28.3,143.0,0,1,0.2789,1.127,50.45
W_f345d1e6302a5109,ZONE_BLR_01,2026-08-10,1,35,1.0,1,45.5,5105.83,19.9,30.7,129.0,0,1,0.1415,1.033,41.27
W_f345d1e6302a5109,ZONE_BLR_01,2026-08-17,1,35,1.0,1,45.5,5105.83,31.4,29.9,146.57142857142858,1,1,0.2639,1.052,46.54
W_f345d1e6302a5109,ZONE_BLR_01,2026-08-24,1,35,1.0,1,45.5,5105.83,35.7,28.8,167.14285714285714,0,1,0.2057,1.06,44.73
W_f345d1e6302a5109,ZONE_BLR_01,2026-08-31,1,35,1.0,1,45.5,5105.83,13.2,30.8,142.71428571428572,1,1,0.2201,1.022,43.64
W_f345d1e6302a5109,ZONE_BLR_01,2026-09-07,1,35,1.0,1,45.5,5105.83,8.5,31.0,128.28571428571428,0,1,0.1153,1.014,39.58
W_f345d1e6302a5109,ZONE_BLR_01,2026-09-14,1,35,1.0,1,45.5,5105.83,33.1,30.8,137.5,0,1,0.1776,1.055,43.48
W_229b1e6b7f228932,ZONE_MAA_01,2026-06-22,1,523,1.0,1,52.5,6015.15,33.7,37.6,159.25,0,1,0.1953,1.056,44.18
W_229b1e6b7f228932,ZONE_MAA_01,2026-06-29,1,523,1.0,1,52.5,6015.15,11.8,38.4,123.0,0,1,0.1188,1.02,39.94
W_229b1e6b7f228932,ZONE_MAA_01,2026-07-06,1,523,1.0,1,52.5,6015.15,9.3,39.2,163.28571428571428,1,1,0.2267,1.016,43.62
W_229b1e6b7f228932,ZONE_MAA_01,2026-07-13,1,523,1.0,1,52.5,6015.15,11.3,38.7,141.57142857142858,0,1,0.1316,1.019,40.36
W_229b1e6b7f228932,ZONE_MAA_01,2026-07-20,1,523,1.0,1,52.5,6015.15,35.6,36.4,131.57142857142858,0,1,0.1788,1.059,43.69
W_229b1e6b7f228932,ZONE_MAA_01,2026-07-27,1,523,1.0,1,52.5,6015.15,26.0,37.6,145.14285714285714,0,1,0.1674,1.043,42.62
W_229b1e6b7f228932,ZONE_MAA_01,2026-08-03,1,523,1.0,1,52.5,6015.15,38.5,34.8,150.71428571428572,0,1,0.1997,1.064,44.68
W_229b1e6b7f228932,ZONE_MAA_01,2026-08-10,1,523,1.0,1,52.5,6015.15,15.6,35.5,153.57142857142858,1,1,0.2336,1.026,44.3
W_229b1e6b7f228932,ZONE_MAA_01,2026-08-17,1,523,1.0,1,52.5,6015.15,29.4,36.3,143.71428571428572,0,1,0.1739,1.049,43.1
W_229b1e6b7f228932,ZONE_MAA_01,2026-08-24,1,523,1.0,1,52.5,6015.15,15.1,36.6,144.14285714285714,1,1,0.2254,1.025,43.96
W_229b1e6b7f228932,ZONE_MAA_01,2026-08-31,1,523,1.0,1,52.5,6015.15,13.1,35.6,156.85714285714286,1,1,0.2305,1.022,44.01
W_229b1e6b7f228932,ZONE_MAA_01,2026-09-07,1,523,1.0,1,52.5,6015.15,23.3,35.6,136.57142857142858,0,1,0.1549,1.039,42.0
W_229b1e6b7f228932,ZONE_MAA_01,2026-09-14,1,523,1.0,1,52.5,6015.15,27.4,36.0,152.75,1,1,0.2595,1.046,46.11
W_2f8b622f24ec0cc4,ZONE_BLR_01,2026-06-22,1,15,1.05,1,58.4,5738.95,16.3,30.1,135.25,0,1,0.1381,1.027,42.95
W_2f8b622f24ec0cc4,ZONE_BLR_01,2026-06-29,1,15,1.05,1,58.4,5738.95,20.1,29.2,153.85714285714286,1,1,0.244,1.034,47.27
W_2f8b622f24ec0cc4,ZONE_BLR_01,2026-07-06,1,15,1.05,1,58.4,5738.95,8.399999999999999,31.8,172.71428571428572,0,1,0.1484,1.014,42.79
W_2f8b622f24ec0cc4,ZONE_BLR_01,2026-07-13,1,15,1.05,1,58.4,5738.95,16.8,32.1,124.57142857142856,0,1,0.1312,1.028,42.74
W_2f8b622f24ec0cc4,ZONE_BLR_01,2026-07-20,1,15,1.05,1,58.4,5738.95,33.4,29.5,162.85714285714286,1,1,0.2806,1.056,49.7
W_2f8b622f24ec0cc4,ZONE_BLR_01,2026-07-27,1,15,1.05,1,58.4,5738.95,28.8,29.7,169.42857142857142,0,1,0.1919,1.048,45.9
W_2f8b622f24ec0cc4,ZONE_BLR_01,2026-08-03,1,15,1.05,1,58.4,5738.95,76.3,28.3,143.0,0,1,0.2789,1.127,52.97
W_2f8b622f24ec0cc4,ZONE_BLR_01,2026-08-10,1,15,1.05,1,58.4,5738.95,19.9,30.7,129.0,0,1,0.1415,1.033,43.33
W_2f8b622f24ec0cc4,ZONE_BLR_01,2026-08-17,1,15,1.05,1,58.4,5738.95,31.4,29.9,146.57142857142858,1,1,0.2639,1.052,48.86
W_2f8b622f24ec0cc4,ZONE_BLR_01,2026-08-24,1,15,1.05,1,58.4,5738.95,35.7,28.8,167.14285714285714,0,1,0.2057,1.06,46.97
W_2f8b622f24ec0cc4,ZONE_BLR_01,2026-08-31,1,15,1.05,1,58.4,5738.95,13.2,30.8,142.71428571428572,1,1,0.2201,1.022,45.83
W_2f8b622f24ec0cc4,ZONE_BLR_01,2026-09-07,1,15,1.05,1,58.4,5738.95,8.5,31.0,128.28571428571428,0,1,0.1153,1.014,41.56
W_2f8b622f24ec0cc4,ZONE_BLR_01,2026-09-14,1,15,1.05,1,58.4,5738.95,33.1,30.8,137.5,0,1,0.1776,1.055,45.66
W_e943601f7bb4f5cd,ZONE_DEL_01,2026-06-22,1,205,1.0,1,46.0,4717.74,4.0,41.9,188.25,0,1,0.1502,1.007,40.54
W_e943601f7bb4f5cd,ZONE_DEL_01,2026-06-29,1,205,1.0,1,46.0,4717.74,20.0,41.7,157.71428571428572,0,1,0.1633,1.033,42.06
W_e943601f7bb4f5cd,ZONE_DEL_01,2026-07-06,1,205,1.0,1,46.0,4717.74,122.9,36.7,156.0,2,1,0.5602,1.205,65.8
W_e943601f7bb4f5cd,ZONE_DEL_01,2026-07-13,1,205,1.0,1,46.0,4717.74,9.8,37.4,129.42857142857142,0,1,0.1191,1.016,39.8
W_e943601f7bb4f5cd,ZONE_DEL_01,2026-07-20,1,205,1.0,1,46.0,4717.74,74.3,33.7,132.71428571428572,0,1,0.2667,1.124,49.83
W_e943601f7bb4f5cd,ZONE_DEL_01,2026-07-27,1,205,1.0,1,46.0,4717.74,51.900000000000006,35.3,172.57142857142858,0,1,0.2462,1.086,47.37
W_e943601f7bb4f5cd,ZONE_DEL_01,2026-08-03,1,205,1.0,1,46.0,4717.74,132.8,33.8,126.57142857142856,1,1,0.4771,1.221,63.12
W_e943601f7bb4f5cd,ZONE_DEL_01,2026-08-10,1,205,1.0,1,46.0,4717.74,45.8,34.4,170.42857142857142,0,1,0.2309,1.076,46.36
W_e943601f7bb4f5cd,ZONE_DEL_01,2026-08-17,1,205,1.0,1,46.0,4717.74,34.3,33.6,140.0,1,1,0.2655,1.057,46.82
W_e943601f7bb4f5cd,ZONE_DEL_01,2026-08-24,1,205,1.0,1,46.0,4717.74,24.5,34.9,168.0,0,1,0.1811,1.041,43.03
W_e943601f7bb4f5cd,ZONE_DEL_01,2026-08-31,1,205,1.0,1,46.0,4717.74,76.6,34.4,145.57142857142858,0,1,0.2815,1.128,50.59
W_e943601f7bb4f5cd,ZONE_DEL_01,2026-09-07,1,205,1.0,1,46.0,4717.74,19.1,34.4,142.0,0,1,0.1495,1.032,41.52
W_e943601f7bb4f5cd,ZONE_DEL_01,2026-09-14,1,205,1.0,1,46.0,4717.74,7.6,35.0,149.0,0,1,0.1288,1.013,40.02
W_e585d06545500a30,ZONE_BOM_01,2026-06-22,1,16,1.05,1,56.9,5504.19,24.8,31.1,184.0,0,1,0.1938,1.041,45.67
W_e585d06545500a30,ZONE_BOM_01,2026-06-29,1,16,1.05,1,56.9,5504.19,493.0,28.6,147.0,6,1,1.0,1.822,79.0
W_e585d06545500a30,ZONE_BOM_01,2026-07-06,1,16,1.05,1,56.9,5504.19,235.5,30.2,143.85714285714286,2,1,0.8044,1.392,79.0
W_e585d06545500a30,ZONE_BOM_01,2026-07-13,1,16,1.05,1,56.9,5504.19,92.5,30.6,156.42857142857142,1,1,0.4088,1.154,59.75
W_e585d06545500a30,ZONE_BOM_01,2026-07-20,1,16,1.05,1,56.9,5504.19,354.8,29.6,158.42857142857142,4,1,1.0,1.591,79.0
W_e585d06545500a30,ZONE_BOM_01,2026-07-27,1,16,1.05,1,56.9,5504.19,120.9,29.6,151.42857142857142,0,1,0.3856,1.202,61.21
W_e585d06545500a30,ZONE_BOM_01,2026-08-03,1,16,1.05,1,56.9,5504.19,76.8,29.7,139.0,0,1,0.277,1.128,52.94
W_e585d06545500a30,ZONE_BOM_01,2026-08-10,1,16,1.05,1,56.9,5504.19,96.6,29.7,142.57142857142858,0,1,0.3243,1.161,56.5
W_e585d06545500a30,ZONE_BOM_01,2026-08-17,1,16,1.05,1,56.9,5504.19,61.0,29.7,146.28571428571428,1,1,0.3303,1.102,53.88
W_e585d06545500a30,ZONE_BOM_01,2026-08-24,1,16,1.05,1,56.9,5504.19,36.4,29.6,134.0,1,1,0.2657,1.061,49.35
W_e585d06545500a30,ZONE_BOM_01,2026-08-31,1,16,1.05,1,56.9,5504.19,61.0,29.6,158.28571428571428,0,1,0.256,1.102,50.87
W_e585d06545500a30,ZONE_BOM_01,2026-09-07,1,16,1.05,1,56.9,5504.19,52.9,30.0,169.57142857142858,0,1,0.2462,1.088,49.83
W_e585d06545500a30,ZONE_BOM_01,2026-09-14,1,16,1.05,1,56.9,5504.19,23.3,30.0,162.0,0,1,0.1739,1.039,44.82
W_8b5c8b95ddabc107,ZONE_MAA_01,2026-06-22,1,319,1.0,0,21.7,2239.18,33.7,37.6,159.25,0,1,0.1953,1.056,44.18
W_8b5c8b95ddabc107,ZONE_MAA_01,2026-06-29,1,319,1.0,0,21.7,2239.18,11.8,38.4,123.0,0,1,0.1188,1.02,39.94
W_8b5c8b95ddabc107,ZONE_MAA_01,2026-07-06,1,319,1.0,0,21.7,2239.18,9.3,39.2,163.28571428571428,1,1,0.2267,1.016,43.62
W_8b5c8b95ddabc107,ZONE_MAA_01,2026-07-13,1,319,1.0,0,21.7,2239.18,11.3,38.7,141.57142857142858,0,1,0.1316,1.019,40.36
W_8b5c8b95ddabc107,ZONE_MAA_01,2026-07-20,1,319,1.0,0,21.7,2239.18,35.6,36.4,131.57142857142858,0,1,0.1788,1.059,43.69
W_8b5c8b95ddabc107,ZONE_MAA_01,2026-07-27,1,319,1.0,0,21.7,2239.18,26.0,37.6,145.14285714285714,0,1,0.1674,1.043,42.62
W_8b5c8b95ddabc107,ZONE_MAA_01,2026-08-03,1,319,1.0,0,21.7,2239.18,38.5,34.8,150.71428571428572,0,1,0.1997,1.064,44.68
W_8b5c8b95ddabc107,ZONE_MAA_01,2026-08-10,1,319,1.0,0,21.7,2239.18,15.6,35.5,153.57142857142858,1,1,0.2336,1.026,44.3
W_8b5c8b95ddabc107,ZONE_MAA_01,2026-08-17,1,319,1.0,0,21.7,2239.18,29.4,36.3,143.71428571428572,0,1,0.1739,1.049,43.1
W_8b5c8b95ddabc107,ZONE_MAA_01,2026-08-24,1,319,1.0,0,21.7,2239.18,15.1,36.6,144.14285714285714,1,1,0.2254,1.025,43.96
W_8b5c8b95ddabc107,ZONE_MAA_01,2026-08-31,1,319,1.0,0,21.7,2239.18,13.1,35.6,156.85714285714286,1,1,0.2305,1.022,44.01
W_8b5c8b95ddabc107,ZONE_MAA_01,2026-09-07,1,319,1.0,0,21.7,2239.18,23.3,35.6,136.57142857142858,0,1,0.1549,1.039,42.0
W_8b5c8b95ddabc107,ZONE_MAA_01,2026-09-14,1,319,1.0,0,21.7,2239.18,27.4,36.0,152.75,1,1,0.2595,1.046,46.11
W_f339fb94373aa11c,ZONE_BLR_01,2026-06-22,1,440,1.05,1,54.8,5776.48,16.3,30.1,135.25,0,1,0.1381,1.027,42.95
W_f339fb94373aa11c,ZONE_BLR_01,2026-06-29,1,440,1.05,1,54.8,5776.48,20.1,29.2,153.85714285714286,1,1,0.244,1.034,47.27
W_f339fb94373aa11c,ZONE_BLR_01,2026-07-06,1,440,1.05,1,54.8,5776.48,8.399999999999999,31.8,172.71428571428572,0,1,0.1484,1.014,42.79
W_f339fb94373aa11c,ZONE_BLR_01,2026-07-13,1,440,1.05,1,54.8,5776.48,16.8,32.1,124.57142857142856,0,1,0.1312,1.028,42.74
W_f339fb94373aa11c,ZONE_BLR_01,2026-07-20,1,440,1.05,1,54.8,5776.48,33.4,29.5,162.85714285714286,1,1,0.2806,1.056,49.7
W_f339fb94373aa11c,ZONE_BLR_01,2026-07-27,1,440,1.05,1,54.8,5776.48,28.8,29.7,169.42857142857142,0,1,0.1919,1.048,45.9
W_f339fb94373aa11c,ZONE_BLR_01,2026-08-03,1,440,1.05,1,54.8,5776.48,76.3,28.3,143.0,0,1,0.2789,1.127,52.97
W_f339fb94373aa11c,ZONE_BLR_01,2026-08-10,1,440,1.05,1,54.8,5776.48,19.9,30.7,129.0,0,1,0.1415,1.033,43.33
W_f339fb94373aa11c,ZONE_BLR_01,2026-08-17,1,440,1.05,1,54.8,5776.48,31.4,29.9,146.57142857142858,1,1,0.2639,1.052,48.86
W_f339fb94373aa11c,ZONE_BLR_01,2026-08-24,1,440,1.05,1,54.8,5776.48,35.7,28.8,167.14285714285714,0,1,0.2057,1.06,46.97
W_f339fb94373aa11c,ZONE_BLR_01,2026-08-31,1,440,1.05,1,54.8,5776.48,13.2,30.8,142.71428571428572,1,1,0.2201,1.022,45.83
W_f339fb94373aa11c,ZONE_BLR_01,2026-09-07,1,440,1.05,1,54.8,5776.48,8.5,31.0,128.28571428571428,0,1,0.1153,1.014,41.56
W_f339fb94373aa11c,ZONE_BLR_01,2026-09-14,1,440,1.05,1,54.8,5776.48,33.1,30.8,137.5,0,1,0.1776,1.055,45.66
W_eec38e5831cb6717,ZONE_DEL_01,2026-06-22,1,95,1.0,1,57.3,6611.81,4.0,41.9,188.25,0,1,0.1502,1.007,40.54
W_eec38e5831cb6717,ZONE_DEL_01,2026-06-29,1,95,1.0,1,57.3,6611.81,20.0,41.7,157.71428571428572,0,1,0.1633,1.033,42.06
W_eec38e5831cb6717,ZONE_DEL_01,2026-07-06,1,95,1.0,1,57.3,6611.81,122.9,36.7,156.0,2,1,0.5602,1.205,65.8
W_eec38e5831cb6717,ZONE_DEL_01,2026-07-13,1,95,1.0,1,57.3,6611.81,9.8,37.4,129.42857142857142,0,1,0.1191,1.016,39.8
W_eec38e5831cb6717,ZONE_DEL_01,2026-07-20,1,95,1.0,1,57.3,6611.81,74.3,33.7,132.71428571428572,0,1,0.2667,1.124,49.83
W_eec38e5831cb6717,ZONE_DEL_01,2026-07-27,1,95,1.0,1,57.3,6611.81,51.900000000000006,35.3,172.57142857142858,0,1,0.2462,1.086,47.37
W_eec38e5831cb6717,ZONE_DEL_01,2026-08-03,1,95,1.0,1,57.3,6611.81,132.8,33.8,126.57142857142856,1,1,0.4771,1.221,63.12
W_eec38e5831cb6717,ZONE_DEL_01,2026-08-10,1,95,1.0,1,57.3,6611.81,45.8,34.4,170.42857142857142,0,1,0.2309,1.076,46.36
W_eec38e5831cb6717,ZONE_DEL_01,2026-08-17,1,95,1.0,1,57.3,6611.81,34.3,33.6,140.0,1,1,0.2655,1.057,46.82
W_eec38e5831cb6717,ZONE_DEL_01,2026-08-24,1,95,1.0,1,57.3,6611.81,24.5,34.9,168.0,0,1,0.1811,1.041,43.03
W_eec38e5831cb6717,ZONE_DEL_01,2026-08-31,1,95,1.0,1,57.3,6611.81,76.6,34.4,145.57142857142858,0,1,0.2815,1.128,50.59
W_eec38e5831cb6717,ZONE_DEL_01,2026-09-07,1,95,1.0,1,57.3,6611.81,19.1,34.4,142.0,0,1,0.1495,1.032,41.52
W_eec38e5831cb6717,ZONE_DEL_01,2026-09-14,1,95,1.0,1,57.3,6611.81,7.6,35.0,149.0,0,1,0.1288,1.013,40.02
W_d7366d85e70820dd,ZONE_DEL_01,2026-06-22,1,319,1.05,1,52.9,5373.81,4.0,41.9,188.25,0,1,0.1502,1.007,42.57
W_d7366d85e70820dd,ZONE_DEL_01,2026-06-29,1,319,1.05,1,52.9,5373.81,20.0,41.7,157.71428571428572,0,1,0.1633,1.033,44.16
W_d7366d85e70820dd,ZONE_DEL_01,2026-07-06,1,319,1.05,1,52.9,5373.81,122.9,36.7,156.0,2,1,0.5602,1.205,69.09
W_d7366d85e70820dd,ZONE_DEL_01,2026-07-13,1,319,1.05,1,52.9,5373.81,9.8,37.4,129.42857142857142,0,1,0.1191,1.016,41.78
W_d7366d85e70820dd,ZONE_DEL_01,2026-07-20,1,319,1.05,1,52.9,5373.81,74.3,33.7,132.71428571428572,0,1,0.2667,1.124,52.32
W_d7366d85e70820dd,ZONE_DEL_01,2026-07-27,1,319,1.05,1,52.9,5373.81,51.900000000000006,35.3,172.57142857142858,0,1,0.2462,1.086,49.74
W_d7366d85e70820dd,ZONE_DEL_01,2026-08-03,1,319,1.05,1,52.9,5373.81,132.8,33.8,126.57142857142856,1,1,0.4771,1.221,66.28
W_d7366d85e70820dd,ZONE_DEL_01,2026-08-10,1,319,1.05,1,52.9,5373.81,45.8,34.4,170.42857142857142,0,1,0.2309,1.076,48.67
W_d7366d85e70820dd,ZONE_DEL_01,2026-08-17,1,319,1.05,1,52.9,5373.81,34.3,33.6,140.0,1,1,0.2655,1.057,49.16
W_d7366d85e70820dd,ZONE_DEL_01,2026-08-24,1,319,1.05,1,52.9,5373.81,24.5,34.9,168.0,0,1,0.1811,1.041,45.19
W_d7366d85e70820dd,ZONE_DEL_01,2026-08-31,1,319,1.05,1,52.9,5373.81,76.6,34.4,145.57142857142858,0,1,0.2815,1.128,53.12
W_d7366d85e70820dd,ZONE_DEL_01,2026-09-07,1,319,1.05,1,52.9,5373.81,19.1,34.4,142.0,0,1,0.1495,1.032,43.6
W_d7366d85e70820dd,ZONE_DEL_01,2026-09-14,1,319,1.05,1,52.9,5373.81,7.6,35.0,149.0,0,1,0.1288,1.013,42.02
W_0f0fadf154903acc,ZONE_DEL_01,2026-06-22,1,192,1.0,1,50.1,5069.02,4.0,41.9,188.25,0,1,0.1502,1.007,40.54
W_0f0fadf154903acc,ZONE_DEL_01,2026-06-29,1,192,1.0,1,50.1,5069.02,20.0,41.7,157.71428571428572,0,1,0.1633,1.033,42.06
W_0f0fadf154903acc,ZONE_DEL_01,2026-07-06,1,192,1.0,1,50.1,5069.02,122.9,36.7,156.0,2,1,0.5602,1.205,65.8
W_0f0fadf154903acc,ZONE_DEL_01,2026-07-13,1,192,1.0,1,50.1,5069.02,9.8,37.4,129.42857142857142,0,1,0.1191,1.016,39.8
W_0f0fadf154903acc,ZONE_DEL_01,2026-07-20,1,192,1.0,1,50.1,5069.02,74.3,33.7,132.71428571428572,0,1,0.2667,1.124,49.83
W_0f0fadf154903acc,ZONE_DEL_01,2026-07-27,1,192,1.0,1,50.1,5069.02,51.900000000000006,35.3,172.57142857142858,0,1,0.2462,1.086,47.37
W_0f0fadf154903acc,ZONE_DEL_01,2026-08-03,1,192,1.0,1,50.1,5069.02,132.8,33.8,126.57142857142856,1,1,0.4771,1.221,63.12
W_0f0fadf154903acc,ZONE_DEL_01,2026-08-10,1,192,1.0,1,50.1,5069.02,45.8,34.4,170.42857142857142,0,1,0.2309,1.076,46.36
W_0f0fadf154903acc,ZONE_DEL_01,2026-08-17,1,192,1.0,1,50.1,5069.02,34.3,33.6,140.0,1,1,0.2655,1.057,46.82
W_0f0fadf154903acc,ZONE_DEL_01,2026-08-24,1,192,1.0,1,50.1,5069.02,24.5,34.9,168.0,0,1,0.1811,1.041,43.03
W_0f0fadf154903acc,ZONE_DEL_01,2026-08-31,1,192,1.0,1,50.1,5069.02,76.6,34.4,145.57142857142858,0,1,0.2815,1.128,50.59
W_0f0fadf154903acc,ZONE_DEL_01,2026-09-07,1,192,1.0,1,50.1,5069.02,19.1,34.4,142.0,0,1,0.1495,1.032,41.52
W_0f0fadf154903acc,ZONE_DEL_01,2026-09-14,1,192,1.0,1,50.1,5069.02,7.6,35.0,149.0,0,1,0.1288,1.013,40.02
W_7f8fae32e08b63ff,ZONE_MAA_01,2026-06-22,1,141,1.0,1,56.1,5835.29,33.7,37.6,159.25,0,1,0.1953,1.056,44.18
W_7f8fae32e08b63ff,ZONE_MAA_01,2026-06-29,1,141,1.0,1,56.1,5835.29,11.8,38.4,123.0,0,1,0.1188,1.02,39.94
W_7f8fae32e08b63ff,ZONE_MAA_01,2026-07-06,1,141,1.0,1,56.1,5835.29,9.3,39.2,163.28571428571428,1,1,0.2267,1.016,43.62
W_7f8fae32e08b63ff,ZONE_MAA_01,2026-07-13,1,141,1.0,1,56.1,5835.29,11.3,38.7,141.57142857142858,0,1,0.1316,1.019,40.36
W_7f8fae32e08b63ff,ZONE_MAA_01,2026-07-20,1,141,1.0,1,56.1,5835.29,35.6,36.4,131.57142857142858,0,1,0.1788,1.059,43.69
W_7f8fae32e08b63ff,ZONE_MAA_01,2026-07-27,1,141,1.0,1,56.1,5835.29,26.0,37.6,145.14285714285714,0,1,0.1674,1.043,42.62
W_7f8fae32e08b63ff,ZONE_MAA_01,2026-08-03,1,141,1.0,1,56.1,5835.29,38.5,34.8,150.71428571428572,0,1,0.1997,1.064,44.68
W_7f8fae32e08b63ff,ZONE_MAA_01,2026-08-10,1,141,1.0,1,56.1,5835.29,15.6,35.5,153.57142857142858,1,1,0.2336,1.026,44.3
W_7f8fae32e08b63ff,ZONE_MAA_01,2026-08-17,1,141,1.0,1,56.1,5835.29,29.4,36.3,143.71428571428572,0,1,0.1739,1.049,43.1
W_7f8fae32e08b63ff,ZONE_MAA_01,2026-08-24,1,141,1.0,1,56.1,5835.29,15.1,36.6,144.14285714285714,1,1,0.2254,1.025,43.96
W_7f8fae32e08b63ff,ZONE_MAA_01,2026-08-31,1,141,1.0,1,56.1,5835.29,13.1,35.6,156.85714285714286,1,1,0.2305,1.022,44.01
W_7f8fae32e08b63ff,ZONE_MAA_01,2026-09-07,1,141,1.0,1,56.1,5835.29,23.3,35.6,136.57142857142858,0,1,0.1549,1.039,42.0
W_7f8fae32e08b63ff,ZONE_MAA_01,2026-09-14,1,141,1.0,1,56.1,5835.29,27.4,36.0,152.75,1,1,0.2595,1.046,46.11
W_61c848c01c1489b0,ZONE_BOM_01,2026-06-22,1,113,1.05,1,48.9,4594.73,24.8,31.1,184.0,0,1,0.1938,1.041,45.67
W_61c848c01c1489b0,ZONE_BOM_01,2026-06-29,1,113,1.05,1,48.9,4594.73,493.0,28.6,147.0,6,1,1.0,1.822,79.0
W_61c848c01c1489b0,ZONE_BOM_01,2026-07-06,1,113,1.05,1,48.9,4594.73,235.5,30.2,143.85714285714286,2,1,0.8044,1.392,79.0
W_61c848c01c1489b0,ZONE_BOM_01,2026-07-13,1,113,1.05,1,48.9,4594.73,92.5,30.6,156.42857142857142,1,1,0.4088,1.154,59.75
W_61c848c01c1489b0,ZONE_BOM_01,2026-07-20,1,113,1.05,1,48.9,4594.73,354.8,29.6,158.42857142857142,4,1,1.0,1.591,79.0
W_61c848c01c1489b0,ZONE_BOM_01,2026-07-27,1,113,1.05,1,48.9,4594.73,120.9,29.6,151.42857142857142,0,1,0.3856,1.202,61.21
W_61c848c01c1489b0,ZONE_BOM_01,2026-08-03,1,113,1.05,1,48.9,4594.73,76.8,29.7,139.0,0,1,0.277,1.128,52.94
W_61c848c01c1489b0,ZONE_BOM_01,2026-08-10,1,113,1.05,1,48.9,4594.73,96.6,29.7,142.57142857142858,0,1,0.3243,1.161,56.5
W_61c848c01c1489b0,ZONE_BOM_01,2026-08-17,1,113,1.05,1,48.9,4594.73,61.0,29.7,146.28571428571428,1,1,0.3303,1.102,53.88
W_61c848c01c1489b0,ZONE_BOM_01,2026-08-24,1,113,1.05,1,48.9,4594.73,36.4,29.6,134.0,1,1,0.2657,1.061,49.35
W_61c848c01c1489b0,ZONE_BOM_01,2026-08-31,1,113,1.05,1,48.9,4594.73,61.0,29.6,158.28571428571428,0,1,0.256,1.102,50.87
W_61c848c01c1489b0,ZONE_BOM_01,2026-09-07,1,113,1.05,1,48.9,4594.73,52.9,30.0,169.57142857142858,0,1,0.2462,1.088,49.83
W_61c848c01c1489b0,ZONE_BOM_01,2026-09-14,1,113,1.05,1,48.9,4594.73,23.3,30.0,162.0,0,1,0.1739,1.039,44.82
W_19edd0cc57005c21,ZONE_BLR_01,2026-06-22,1,93,1.0,1,51.8,5261.86,16.3,30.1,135.25,0,1,0.1381,1.027,40.91
W_19edd0cc57005c21,ZONE_BLR_01,2026-06-29,1,93,1.0,1,51.8,5261.86,20.1,29.2,153.85714285714286,1,1,0.244,1.034,45.02
W_19edd0cc57005c21,ZONE_BLR_01,2026-07-06,1,93,1.0,1,51.8,5261.86,8.399999999999999,31.8,172.71428571428572,0,1,0.1484,1.014,40.76
W_19edd0cc57005c21,ZONE_BLR_01,2026-07-13,1,93,1.0,1,51.8,5261.86,16.8,32.1,124.57142857142856,0,1,0.1312,1.028,40.7
W_19edd0cc57005c21,ZONE_BLR_01,2026-07-20,1,93,1.0,1,51.8,5261.86,33.4,29.5,162.85714285714286,1,1,0.2806,1.056,47.33
W_19edd0cc57005c21,ZONE_BLR_01,2026-07-27,1,93,1.0,1,51.8,5261.86,28.8,29.7,169.42857142857142,0,1,0.1919,1.048,43.72
W_19edd0cc57005c21,ZONE_BLR_01,2026-08-03,1,93,1.0,1,51.8,5261.86,76.3,28.3,143.0,0,1,0.2789,1.127,50.45
W_19edd0cc57005c21,ZONE_BLR_01,2026-08-10,1,93,1.0,1,51.8,5261.86,19.9,30.7,129.0,0,1,0.1415,1.033,41.27
W_19edd0cc57005c21,ZONE_BLR_01,2026-08-17,1,93,1.0,1,51.8,5261.86,31.4,29.9,146.57142857142858,1,1,0.2639,1.052,46.54
W_19edd0cc57005c21,ZONE_BLR_01,2026-08-24,1,93,1.0,1,51.8,5261.86,35.7,28.8,167.14285714285714,0,1,0.2057,1.06,44.73
W_19edd0cc57005c21,ZONE_BLR_01,2026-08-31,1,93,1.0,1,51.8,5261.86,13.2,30.8,142.71428571428572,1,1,0.2201,1.022,43.64
W_19edd0cc57005c21,ZONE_BLR_01,2026-09-07,1,93,1.0,1,51.8,5261.86,8.5,31.0,128.28571428571428,0,1,0.1153,1.014,39.58
W_19edd0cc57005c21,ZONE_BLR_01,2026-09-14,1,93,1.0,1,51.8,5261.86,33.1,30.8,137.5,0,1,0.1776,1.055,43.48
W_db413471d374ad93,ZONE_BLR_01,2026-06-22,1,56,1.05,0,24.6,2504.34,16.3,30.1,135.25,0,1,0.1381,1.027,42.95
W_db413471d374ad93,ZONE_BLR_01,2026-06-29,1,56,1.05,0,24.6,2504.34,20.1,29.2,153.85714285714286,1,1,0.244,1.034,47.27
W_db413471d374ad93,ZONE_BLR_01,2026-07-06,1,56,1.05,0,24.6,2504.34,8.399999999999999,31.8,172.71428571428572,0,1,0.1484,1.014,42.79
W_db413471d374ad93,ZONE_BLR_01,2026-07-13,1,56,1.05,0,24.6,2504.34,16.8,32.1,124.57142857142856,0,1,0.1312,1.028,42.74
W_db413471d374ad93,ZONE_BLR_01,2026-07-20,1,56,1.05,0,24.6,2504.34,33.4,29.5,162.85714285714286,1,1,0.2806,1.056,49.7
W_db413471d374ad93,ZONE_BLR_01,2026-07-27,1,56,1.05,0,24.6,2504.34,28.8,29.7,169.42857142857142,0,1,0.1919,1.048,45.9
W_db413471d374ad93,ZONE_BLR_01,2026-08-03,1,56,1.05,0,24.6,2504.34,76.3,28.3,143.0,0,1,0.2789,1.127,52.97
W_db413471d374ad93,ZONE_BLR_01,2026-08-10,1,56,1.05,0,24.6,2504.34,19.9,30.7,129.0,0,1,0.1415,1.033,43.33
W_db413471d374ad93,ZONE_BLR_01,2026-08-17,1,56,1.05,0,24.6,2504.34,31.4,29.9,146.57142857142858,1,1,0.2639,1.052,48.86
W_db413471d374ad93,ZONE_BLR_01,2026-08-24,1,56,1.05,0,24.6,2504.34,35.7,28.8,167.14285714285714,0,1,0.2057,1.06,46.97
W_db413471d374ad93,ZONE_BLR_01,2026-08-31,1,56,1.05,0,24.6,2504.34,13.2,30.8,142.71428571428572,1,1,0.2201,1.022,45.83
W_db413471d374ad93,ZONE_BLR_01,2026-09-07,1,56,1.05,0,24.6,2504.34,8.5,31.0,128.28571428571428,0,1,0.1153,1.014,41.56
W_db413471d374ad93,ZONE_BLR_01,2026-09-14,1,56,1.05,0,24.6,2504.34,33.1,30.8,137.5,0,1,0.1776,1.055,45.66
W_6972b4e5745cde14,ZONE_DEL_01,2026-06-22,1,305,1.2,1,68.6,6717.4,4.0,41.9,188.25,0,1,0.1502,1.007,48.65
W_6972b4e5745cde14,ZONE_DEL_01,2026-06-29,1,305,1.2,1,68.6,6717.4,20.0,41.7,157.71428571428572,0,1,0.1633,1.033,50.47
W_6972b4e5745cde14,ZONE_DEL_01,2026-07-06,1,305,1.2,1,68.6,6717.4,122.9,36.7,156.0,2,1,0.5602,1.205,78.96
W_6972b4e5745cde14,ZONE_DEL_01,2026-07-13,1,305,1.2,1,68.6,6717.4,9.8,37.4,129.42857142857142,0,1,0.1191,1.016,47.75
W_6972b4e5745cde14,ZONE_DEL_01,2026-07-20,1,305,1.2,1,68.6,6717.4,74.3,33.7,132.71428571428572,0,1,0.2667,1.124,59.8
W_6972b4e5745cde14,ZONE_DEL_01,2026-07-27,1,305,1.2,1,68.6,6717.4,51.900000000000006,35.3,172.57142857142858,0,1,0.2462,1.086,56.84
W_6972b4e5745cde14,ZONE_DEL_01,2026-08-03,1,305,1.2,1,68.6,6717.4,132.8,33.8,126.57142857142856,1,1,0.4771,1.221,75.75
W_6972b4e5745cde14,ZONE_DEL_01,2026-08-10,1,305,1.2,1,68.6,6717.4,45.8,34.4,170.42857142857142,0,1,0.2309,1.076,55.63
W_6972b4e5745cde14,ZONE_DEL_01,2026-08-17,1,305,1.2,1,68.6,6717.4,34.3,33.6,140.0,1,1,0.2655,1.057,56.18
W_6972b4e5745cde14,ZONE_DEL_01,2026-08-24,1,305,1.2,1,68.6,6717.4,24.5,34.9,168.0,0,1,0.1811,1.041,51.64
W_6972b4e5745cde14,ZONE_DEL_01,2026-08-31,1,305,1.2,1,68.6,6717.4,76.6,34.4,145.57142857142858,0,1,0.2815,1.128,60.71
W_6972b4e5745cde14,ZONE_DEL_01,2026-09-07,1,305,1.2,1,68.6,6717.4,19.1,34.4,142.0,0,1,0.1495,1.032,49.82
W_6972b4e5745cde14,ZONE_DEL_01,2026-09-14,1,305,1.2,1,68.6,6717.4,7.6,35.0,149.0,0,1,0.1288,1.013,48.03
W_4ff28900e233d85d,ZONE_BOM_01,2026-06-22,1,126,1.0,1,49.7,5605.39,24.8,31.1,184.0,0,1,0.1938,1.041,43.5
W_4ff28900e233d85d,ZONE_BOM_01,2026-06-29,1,126,1.0,1,49.7,5605.39,493.0,28.6,147.0,6,1,1.0,1.822,79.0
W_4ff28900e233d85d,ZONE_BOM_01,2026-07-06,1,126,1.0,1,49.7,5605.39,235.5,30.2,143.85714285714286,2,1,0.8044,1.392,79.0
W_4ff28900e233d85d,ZONE_BOM_01,2026-07-13,1,126,1.0,1,49.7,5605.39,92.5,30.6,156.42857142857142,1,1,0.4088,1.154,56.9
W_4ff28900e233d85d,ZONE_BOM_01,2026-07-20,1,126,1.0,1,49.7,5605.39,354.8,29.6,158.42857142857142,4,1,1.0,1.591,79.0
W_4ff28900e233d85d,ZONE_BOM_01,2026-07-27,1,126,1.0,1,49.7,5605.39,120.9,29.6,151.42857142857142,0,1,0.3856,1.202,58.29
W_4ff28900e233d85d,ZONE_BOM_01,2026-08-03,1,126,1.0,1,49.7,5605.39,76.8,29.7,139.0,0,1,0.277,1.128,50.42
W_4ff28900e233d85d,ZONE_BOM_01,2026-08-10,1,126,1.0,1,49.7,5605.39,96.6,29.7,142.57142857142858,0,1,0.3243,1.161,53.81
W_4ff28900e233d85d,ZONE_BOM_01,2026-08-17,1,126,1.0,1,49.7,5605.39,61.0,29.7,146.28571428571428,1,1,0.3303,1.102,51.31
W_4ff28900e233d85d,ZONE_BOM_01,2026-08-24,1,126,1.0,1,49.7,5605.39,36.4,29.6,134.0,1,1,0.2657,1.061,47.0
W_4ff28900e233d85d,ZONE_BOM_01,2026-08-31,1,126,1.0,1,49.7,5605.39,61.0,29.6,158.28571428571428,0,1,0.256,1.102,48.44
W_4ff28900e233d85d,ZONE_BOM_01,2026-09-07,1,126,1.0,1,49.7,5605.39,52.9,30.0,169.57142857142858,0,1,0.2462,1.088,47.46
W_4ff28900e233d85d,ZONE_BOM_01,2026-09-14,1,126,1.0,1,49.7,5605.39,23.3,30.0,162.0,0,1,0.1739,1.039,42.69
W_aaf9a299ea466f7e,ZONE_DEL_01,2026-06-22,1,190,1.0,1,50.1,5021.57,4.0,41.9,188.25,0,1,0.1502,1.007,40.54
W_aaf9a299ea466f7e,ZONE_DEL_01,2026-06-29,1,190,1.0,1,50.1,5021.57,20.0,41.7,157.71428571428572,0,1,0.1633,1.033,42.06
W_aaf9a299ea466f7e,ZONE_DEL_01,2026-07-06,1,190,1.0,1,50.1,5021.57,122.9,36.7,156.0,2,1,0.5602,1.205,65.8
W_aaf9a299ea466f7e,ZONE_DEL_01,2026-07-13,1,190,1.0,1,50.1,5021.57,9.8,37.4,129.42857142857142,0,1,0.1191,1.016,39.8
W_aaf9a299ea466f7e,ZONE_DEL_01,2026-07-20,1,190,1.0,1,50.1,5021.57,74.3,33.7,132.71428571428572,0,1,0.2667,1.124,49.83
W_aaf9a299ea466f7e,ZONE_DEL_01,2026-07-27,1,190,1.0,1,50.1,5021.57,51.900000000000006,35.3,172.57142857142858,0,1,0.2462,1.086,47.37
W_aaf9a299ea466f7e,ZONE_DEL_01,2026-08-03,1,190,1.0,1,50.1,5021.57,132.8,33.8,126.57142857142856,1,1,0.4771,1.221,63.12
W_aaf9a299ea466f7e,ZONE_DEL_01,2026-08-10,1,190,1.0,1,50.1,5021.57,45.8,34.4,170.42857142857142,0,1,0.2309,1.076,46.36
W_aaf9a299ea466f7e,ZONE_DEL_01,2026-08-17,1,190,1.0,1,50.1,5021.57,34.3,33.6,140.0,1,1,0.2655,1.057,46.82
W_aaf9a299ea466f7e,ZONE_DEL_01,2026-08-24,1,190,1.0,1,50.1,5021.57,24.5,34.9,168.0,0,1,0.1811,1.041,43.03
W_aaf9a299ea466f7e,ZONE_DEL_01,2026-08-31,1,190,1.0,1,50.1,5021.57,76.6,34.4,145.57142857142858,0,1,0.2815,1.128,50.59
W_aaf9a299ea466f7e,ZONE_DEL_01,2026-09-07,1,190,1.0,1,50.1,5021.57,19.1,34.4,142.0,0,1,0.1495,1.032,41.52
W_aaf9a299ea466f7e,ZONE_DEL_01,2026-09-14,1,190,1.0,1,50.1,5021.57,7.6,35.0,149.0,0,1,0.1288,1.013,40.02
W_4a85e6e041152ac7,ZONE_BOM_01,2026-06-22,1,362,1.0,0,23.9,2366.48,24.8,31.1,184.0,0,1,0.1938,1.041,43.5
W_4a85e6e041152ac7,ZONE_BOM_01,2026-06-29,1,362,1.0,0,23.9,2366.48,493.0,28.6,147.0,6,1,1.0,1.822,79.0
W_4a85e6e041152ac7,ZONE_BOM_01,2026-07-06,1,362,1.0,0,23.9,2366.48,235.5,30.2,143.85714285714286,2,1,0.8044,1.392,79.0
W_4a85e6e041152ac7,ZONE_BOM_01,2026-07-13,1,362,1.0,0,23.9,2366.48,92.5,30.6,156.42857142857142,1,1,0.4088,1.154,56.9
W_4a85e6e041152ac7,ZONE_BOM_01,2026-07-20,1,362,1.0,0,23.9,2366.48,354.8,29.6,158.42857142857142,4,1,1.0,1.591,79.0
W_4a85e6e041152ac7,ZONE_BOM_01,2026-07-27,1,362,1.0,0,23.9,2366.48,120.9,29.6,151.42857142857142,0,1,0.3856,1.202,58.29
W_4a85e6e041152ac7,ZONE_BOM_01,2026-08-03,1,362,1.0,0,23.9,2366.48,76.8,29.7,139.0,0,1,0.277,1.128,50.42
W_4a85e6e041152ac7,ZONE_BOM_01,2026-08-10,1,362,1.0,0,23.9,2366.48,96.6,29.7,142.57142857142858,0,1,0.3243,1.161,53.81
W_4a85e6e041152ac7,ZONE_BOM_01,2026-08-17,1,362,1.0,0,23.9,2366.48,61.0,29.7,146.28571428571428,1,1,0.3303,1.102,51.31
W_4a85e6e041152ac7,ZONE_BOM_01,2026-08-24,1,362,1.0,0,23.9,2366.48,36.4,29.6,134.0,1,1,0.2657,1.061,47.0
W_4a85e6e041152ac7,ZONE_BOM_01,2026-08-31,1,362,1.0,0,23.9,2366.48,61.0,29.6,158.28571428571428,0,1,0.256,1.102,48.44
W_4a85e6e041152ac7,ZONE_BOM_01,2026-09-07,1,362,1.0,0,23.9,2366.48,52.9,30.0,169.57142857142858,0,1,0.2462,1.088,47.46
W_4a85e6e041152ac7,ZONE_BOM_01,2026-09-14,1,362,1.0,0,23.9,2366.48,23.3,30.0,162.0,0,1,0.1739,1.039,42.69
W_bfb5792dcc1b015f,ZONE_BLR_01,2026-06-22,1,15,1.0,1,50.9,5863.82,16.3,30.1,135.25,0,1,0.1381,1.027,40.91
W_bfb5792dcc1b015f,ZONE_BLR_01,2026-06-29,1,15,1.0,1,50.9,5863.82,20.1,29.2,153.85714285714286,1,1,0.244,1.034,45.02
W_bfb5792dcc1b015f,ZONE_BLR_01,2026-07-06,1,15,1.0,1,50.9,5863.82,8.399999999999999,31.8,172.71428571428572,0,1,0.1484,1.014,40.76
W_bfb5792dcc1b015f,ZONE_BLR_01,2026-07-13,1,15,1.0,1,50.9,5863.82,16.8,32.1,124.57142857142856,0,1,0.1312,1.028,40.7
W_bfb5792dcc1b015f,ZONE_BLR_01,2026-07-20,1,15,1.0,1,50.9,5863.82,33.4,29.5,162.85714285714286,1,1,0.2806,1.056,47.33
W_bfb5792dcc1b015f,ZONE_BLR_01,2026-07-27,1,15,1.0,1,50.9,5863.82,28.8,29.7,169.42857142857142,0,1,0.1919,1.048,43.72
W_bfb5792dcc1b015f,ZONE_BLR_01,2026-08-03,1,15,1.0,1,50.9,5863.82,76.3,28.3,143.0,0,1,0.2789,1.127,50.45
W_bfb5792dcc1b015f,ZONE_BLR_01,2026-08-10,1,15,1.0,1,50.9,5863.82,19.9,30.7,129.0,0,1,0.1415,1.033,41.27
W_bfb5792dcc1b015f,ZONE_BLR_01,2026-08-17,1,15,1.0,1,50.9,5863.82,31.4,29.9,146.57142857142858,1,1,0.2639,1.052,46.54
W_bfb5792dcc1b015f,ZONE_BLR_01,2026-08-24,1,15,1.0,1,50.9,5863.82,35.7,28.8,167.14285714285714,0,1,0.2057,1.06,44.73
W_bfb5792dcc1b015f,ZONE_BLR_01,2026-08-31,1,15,1.0,1,50.9,5863.82,13.2,30.8,142.71428571428572,1,1,0.2201,1.022,43.64
W_bfb5792dcc1b015f,ZONE_BLR_01,2026-09-07,1,15,1.0,1,50.9,5863.82,8.5,31.0,128.28571428571428,0,1,0.1153,1.014,39.58
W_bfb5792dcc1b015f,ZONE_BLR_01,2026-09-14,1,15,1.0,1,50.9,5863.82,33.1,30.8,137.5,0,1,0.1776,1.055,43.48
W_1aefef70abfca3bd,ZONE_BLR_01,2026-06-22,1,57,1.05,0,24.2,2541.36,16.3,30.1,135.25,0,1,0.1381,1.027,42.95
W_1aefef70abfca3bd,ZONE_BLR_01,2026-06-29,1,57,1.05,0,24.2,2541.36,20.1,29.2,153.85714285714286,1,1,0.244,1.034,47.27
W_1aefef70abfca3bd,ZONE_BLR_01,2026-07-06,1,57,1.05,0,24.2,2541.36,8.399999999999999,31.8,172.71428571428572,0,1,0.1484,1.014,42.79
W_1aefef70abfca3bd,ZONE_BLR_01,2026-07-13,1,57,1.05,0,24.2,2541.36,16.8,32.1,124.57142857142856,0,1,0.1312,1.028,42.74
W_1aefef70abfca3bd,ZONE_BLR_01,2026-07-20,1,57,1.05,0,24.2,2541.36,33.4,29.5,162.85714285714286,1,1,0.2806,1.056,49.7
W_1aefef70abfca3bd,ZONE_BLR_01,2026-07-27,1,57,1.05,0,24.2,2541.36,28.8,29.7,169.42857142857142,0,1,0.1919,1.048,45.9
W_1aefef70abfca3bd,ZONE_BLR_01,2026-08-03,1,57,1.05,0,24.2,2541.36,76.3,28.3,143.0,0,1,0.2789,1.127,52.97
W_1aefef70abfca3bd,ZONE_BLR_01,2026-08-10,1,57,1.05,0,24.2,2541.36,19.9,30.7,129.0,0,1,0.1415,1.033,43.33
W_1aefef70abfca3bd,ZONE_BLR_01,2026-08-17,1,57,1.05,0,24.2,2541.36,31.4,29.9,146.57142857142858,1,1,0.2639,1.052,48.86
W_1aefef70abfca3bd,ZONE_BLR_01,2026-08-24,1,57,1.05,0,24.2,2541.36,35.7,28.8,167.14285714285714,0,1,0.2057,1.06,46.97
W_1aefef70abfca3bd,ZONE_BLR_01,2026-08-31,1,57,1.05,0,24.2,2541.36,13.2,30.8,142.71428571428572,1,1,0.2201,1.022,45.83
W_1aefef70abfca3bd,ZONE_BLR_01,2026-09-07,1,57,1.05,0,24.2,2541.36,8.5,31.0,128.28571428571428,0,1,0.1153,1.014,41.56
W_1aefef70abfca3bd,ZONE_BLR_01,2026-09-14,1,57,1.05,0,24.2,2541.36,33.1,30.8,137.5,0,1,0.1776,1.055,45.66
