claim_id,worker_id,zone_id,week_start_date,claim_timestamp,disruption_event_id,gps_deviation_score,device_id,device_id_reuse_count,syndicate_cluster_flag,weather_verification_discrepancy,claim_vs_event_gap_minutes,claims_per_worker_per_month,claimed_amount,approved_amount,is_fraud_label
CLM_80000,W_a4520496518a7d6c,ZONE_MAA_01,2026-07-06,2026-07-11 01:23:00,EVT_ZONE_MAA_01_20260706,0.94,DEV_ef02403e51ab,6,True,0.08,83,3,322.45,322.45,0
CLM_80001,W_a4520496518a7d6c,ZONE_MAA_01,2026-09-14,2026-09-15 00:15:00,EVT_ZONE_MAA_01_20260914,0.78,DEV_ef02403e51ab,6,True,0.05,15,3,266.9,266.9,0
CLM_80002,W_902772cd82a60735,ZONE_DEL_01,2026-06-29,2026-07-03 00:30:00,EVT_ZONE_DEL_01_20260629,2.02,DEV_46bec86a7db5,6,True,0.04,30,5,393.95,393.95,0
CLM_80003,W_902772cd82a60735,ZONE_DEL_01,2026-07-06,2026-07-08 01:30:00,EVT_ZONE_DEL_01_20260706,1.39,DEV_46bec86a7db5,6,True,0.07,90,2,2719.07,2719.07,0
CLM_80004,W_902772cd82a60735,ZONE_DEL_01,2026-07-20,2026-07-24 00:23:00,EVT_ZONE_DEL_01_20260720,2.17,DEV_46bec86a7db5,6,True,0.06,23,1,956.75,956.75,0
CLM_80005,W_902772cd82a60735,ZONE_DEL_01,2026-08-03,2026-08-07 03:37:00,EVT_ZONE_DEL_01_20260803,2.01,DEV_46bec86a7db5,6,True,0.0,217,4,1975.7,1975.7,0
CLM_80006,W_902772cd82a60735,ZONE_DEL_01,2026-08-17,2026-08-20 00:14:00,EVT_ZONE_DEL_01_20260817,0.86,DEV_46bec86a7db5,6,True,0.02,14,1,616.72,616.72,0
CLM_80007,W_d55c074973f02352,ZONE_MAA_01,2026-07-06,2026-07-08 02:28:00,EVT_ZONE_MAA_01_20260706,0.59,DEV_a6e06f60a3a0,6,True,0.03,148,2,611.83,611.83,0
CLM_80008,W_d55c074973f02352,ZONE_MAA_01,2026-09-14,2026-09-19 00:13:00,EVT_ZONE_MAA_01_20260914,0.29,DEV_a6e06f60a3a0,6,True,0.04,13,2,590.87,590.87,0
CLM_80009,W_fcefa50963905fbf,ZONE_BOM_01,2026-06-29,2026-07-02 01:40:00,EVT_ZONE_BOM_01_20260629,1.22,DEV_291c66e584be,1,False,0.02,100,2,1742.88,1742.88,0
CLM_80010,W_fcefa50963905fbf,ZONE_BOM_01,2026-07-06,2026-07-07 01:03:00,EVT_ZONE_BOM_01_20260706,0.27,DEV_291c66e584be,1,False,0.05,63,2,1577.76,1577.76,0
CLM_80011,W_fcefa50963905fbf,ZONE_BOM_01,2026-07-13,2026-07-18 00:48:00,EVT_ZONE_BOM_01_20260713,0.46,DEV_291c66e584be,1,False,0.05,48,4,979.65,979.65,0
CLM_80012,W_fcefa50963905fbf,ZONE_BOM_01,2026-07-20,2026-07-21 00:09:00,EVT_ZONE_BOM_01_20260720,1.43,DEV_291c66e584be,1,False,0.05,9,1,1721.82,1721.82,0
CLM_80013,W_fcefa50963905fbf,ZONE_BOM_01,2026-07-27,2026-07-30 00:55:00,EVT_ZONE_BOM_01_20260727,0.26,DEV_291c66e584be,1,False,0.06,55,3,1190.45,1190.45,0
CLM_80014,W_fcefa50963905fbf,ZONE_BOM_01,2026-08-03,2026-08-08 00:21:00,EVT_ZONE_BOM_01_20260803,1.15,DEV_291c66e584be,1,False,0.07,21,3,1021.25,1021.25,0
CLM_80015,W_fcefa50963905fbf,ZONE_BOM_01,2026-08-10,2026-08-15 17:09:00,EVT_ZONE_BOM_01_20260810,0.86,DEV_291c66e584be,1,False,0.04,2469,1,786.39,0.0,1
CLM_80016,W_fcefa50963905fbf,ZONE_BOM_01,2026-08-17,2026-08-20 00:14:00,EVT_ZONE_BOM_01_20260817,0.08,DEV_291c66e584be,1,False,0.09,14,2,995.46,995.46,0
CLM_80017,W_e6659cd15e081cc0,ZONE_HYD_01,2026-07-13,2026-07-15 00:09:00,EVT_ZONE_HYD_01_20260713,3.66,DEV_42dc95493942,1,False,0.07,9,1,809.76,809.76,0
CLM_80018,W_e6659cd15e081cc0,ZONE_HYD_01,2026-07-27,2026-08-01 00:26:00,EVT_ZONE_HYD_01_20260727,0.64,DEV_42dc95493942,1,False,0.03,26,2,1332.17,1332.17,0
CLM_80019,W_e6659cd15e081cc0,ZONE_HYD_01,2026-08-17,2026-08-18 00:05:00,EVT_ZONE_HYD_01_20260817,1.69,DEV_42dc95493942,1,False,0.08,5,3,1164.86,1164.86,0
CLM_80020,W_e6659cd15e081cc0,ZONE_HYD_01,2026-09-07,2026-09-09 00:12:00,EVT_ZONE_HYD_01_20260907,2.55,DEV_42dc95493942,1,False,0.03,12,3,718.19,718.19,0
CLM_80021,W_3a0dc0499eeb1040,ZONE_HYD_01,2026-07-13,2026-07-14 00:13:00,EVT_ZONE_HYD_01_20260713,1.62,DEV_035241fbbb71,1,False,0.03,13,1,415.92,415.92,0
CLM_80022,W_3a0dc0499eeb1040,ZONE_HYD_01,2026-07-27,2026-07-31 01:11:00,EVT_ZONE_HYD_01_20260727,1.04,DEV_035241fbbb71,1,False,0.04,71,2,615.7,615.7,0
CLM_80023,W_3a0dc0499eeb1040,ZONE_HYD_01,2026-08-17,2026-08-21 00:33:00,EVT_ZONE_HYD_01_20260817,1.14,DEV_035241fbbb71,1,False,0.03,33,1,567.59,567.59,0
CLM_80024,W_3a0dc0499eeb1040,ZONE_HYD_01,2026-09-07,2026-09-10 01:14:00,EVT_ZONE_HYD_01_20260907,1.36,DEV_035241fbbb71,1,False,0.01,74,2,557.85,557.85,0
CLM_80025,W_21dfcbdd8d139506,ZONE_MAA_01,2026-07-06,2026-07-09 01:40:00,EVT_ZONE_MAA_01_20260706,0.82,DEV_df9d5617218f,1,False,0.08,100,3,567.66,567.66,0
CLM_80026,W_21dfcbdd8d139506,ZONE_MAA_01,2026-09-14,2026-09-19 00:15:00,EVT_ZONE_MAA_01_20260914,2.63,DEV_df9d5617218f,1,False,0.09,15,3,721.91,721.91,0
CLM_80027,W_609c85a6fdc90054,ZONE_HYD_01,2026-07-13,2026-07-16 02:29:00,EVT_ZONE_HYD_01_20260713,0.52,DEV_d0b840e119a7,1,False,0.09,149,2,616.85,616.85,0
CLM_80028,W_609c85a6fdc90054,ZONE_HYD_01,2026-07-27,2026-07-31 00:05:00,EVT_ZONE_HYD_01_20260727,0.37,DEV_d0b840e119a7,1,False,0.08,5,4,798.12,798.12,0
CLM_80029,W_609c85a6fdc90054,ZONE_HYD_01,2026-08-17,2026-08-21 00:35:00,EVT_ZONE_HYD_01_20260817,1.64,DEV_d0b840e119a7,1,False,0.07,35,2,936.28,936.28,0
CLM_80030,W_609c85a6fdc90054,ZONE_HYD_01,2026-09-07,2026-09-11 00:08:00,EVT_ZONE_HYD_01_20260907,1.72,DEV_d0b840e119a7,1,False,0.03,8,2,689.98,689.98,0
CLM_80031,W_792a0e4885181e53,ZONE_BLR_01,2026-06-29,2026-07-01 00:17:00,EVT_ZONE_BLR_01_20260629,0.12,DEV_41097ea7c302,1,False,0.06,17,2,653.54,653.54,0
CLM_80032,W_792a0e4885181e53,ZONE_BLR_01,2026-07-20,2026-07-23 00:57:00,EVT_ZONE_BLR_01_20260720,0.59,DEV_41097ea7c302,1,False,0.0,57,3,719.17,719.17,0
CLM_80033,W_792a0e4885181e53,ZONE_BLR_01,2026-08-03,2026-08-08 03:39:00,EVT_ZONE_BLR_01_20260803,0.91,DEV_41097ea7c302,1,False,0.04,219,3,1033.49,1033.49,0
CLM_80034,W_792a0e4885181e53,ZONE_BLR_01,2026-08-17,2026-08-18 00:06:00,EVT_ZONE_BLR_01_20260817,2.52,DEV_41097ea7c302,1,False,0.09,6,3,632.68,632.68,0
CLM_80035,W_3977fff286ddbad0,ZONE_HYD_01,2026-07-13,2026-07-16 00:07:00,EVT_ZONE_HYD_01_20260713,2.23,DEV_11b42f983195,1,False,0.09,7,1,730.62,730.62,0
CLM_80036,W_3977fff286ddbad0,ZONE_HYD_01,2026-07-27,2026-07-28 01:31:00,EVT_ZONE_HYD_01_20260727,0.26,DEV_11b42f983195,1,False,0.02,91,1,586.2,586.2,0
CLM_80037,W_3977fff286ddbad0,ZONE_HYD_01,2026-08-17,2026-08-20 00:33:00,EVT_ZONE_HYD_01_20260817,2.35,DEV_11b42f983195,1,False,0.03,33,2,933.69,933.69,0
CLM_80038,W_3977fff286ddbad0,ZONE_HYD_01,2026-09-07,2026-09-08 01:38:00,EVT_ZONE_HYD_01_20260907,2.43,DEV_11b42f983195,1,False,0.03,98,1,645.69,645.69,0
CLM_80039,W_dd2424a5de7ce13b,ZONE_MAA_01,2026-07-06,2026-07-11 00:27:00,EVT_ZONE_MAA_01_20260706,2.14,DEV_8b6a223495c9,1,False,0.03,27,2,241.89,241.89,0
CLM_80040,W_dd2424a5de7ce13b,ZONE_MAA_01,2026-09-14,2026-09-17 01:38:00,EVT_ZONE_MAA_01_20260914,0.56,DEV_8b6a223495c9,1,False,0.09,98,1,221.87,221.87,0
CLM_80041,W_09f1c178b8d4ab95,ZONE_MAA_01,2026-07-06,2026-07-07 00:11:00,EVT_ZONE_MAA_01_20260706,1.91,DEV_64d7fa9bc167,1,False,0.01,11,3,343.39,343.39,0
CLM_80042,W_09f1c178b8d4ab95,ZONE_MAA_01,2026-09-14,2026-09-20 00:49:00,EVT_ZONE_MAA_01_20260914,1.59,DEV_64d7fa9bc167,1,False,0.05,1489,2,210.05,0.0,1
CLM_80043,W_45d2919c6d443325,ZONE_HYD_01,2026-07-13,2026-07-16 00:28:00,EVT_ZONE_HYD_01_20260713,0.51,DEV_32b7eda0068b,1,False,0.05,28,2,254.54,254.54,0
CLM_80044,W_45d2919c6d443325,ZONE_HYD_01,2026-07-27,2026-07-31 00:20:00,EVT_ZONE_HYD_01_20260727,2.99,DEV_32b7eda0068b,1,False,0.01,20,3,534.25,534.25,0
CLM_80045,W_45d2919c6d443325,ZONE_HYD_01,2026-08-17,2026-08-18 00:11:00,EVT_ZONE_HYD_01_20260817,0.43,DEV_32b7eda0068b,1,False,0.08,11,1,365.98,365.98,0
CLM_80046,W_45d2919c6d443325,ZONE_HYD_01,2026-09-07,2026-09-10 00:06:00,EVT_ZONE_HYD_01_20260907,1.85,DEV_32b7eda0068b,1,False,0.02,6,4,285.17,285.17,0
CLM_80047,W_1b04112ad75f09b0,ZONE_DEL_01,2026-06-29,2026-06-30 00:25:00,EVT_ZONE_DEL_01_20260629,0.78,DEV_5284a2472ce7,1,False,0.06,25,1,748.55,748.55,0
CLM_80048,W_1b04112ad75f09b0,ZONE_DEL_01,2026-07-06,2026-07-08 00:17:00,EVT_ZONE_DEL_01_20260706,1.45,DEV_5284a2472ce7,1,False,0.03,17,2,2771.09,2771.09,0
CLM_80049,W_1b04112ad75f09b0,ZONE_DEL_01,2026-07-20,2026-07-21 00:35:00,EVT_ZONE_DEL_01_20260720,18.91,DEV_5284a2472ce7,1,False,0.04,35,2,833.74,0.0,1
CLM_80050,W_1b04112ad75f09b0,ZONE_DEL_01,2026-08-03,2026-08-04 00:55:00,EVT_ZONE_DEL_01_20260803,2.09,DEV_5284a2472ce7,1,False,0.09,55,2,2622.62,2622.62,0
CLM_80051,W_1b04112ad75f09b0,ZONE_DEL_01,2026-08-17,2026-08-22 00:11:00,EVT_ZONE_DEL_01_20260817,1.15,DEV_5284a2472ce7,1,False,0.04,11,4,664.71,664.71,0
CLM_80052,W_86c0380f83020987,ZONE_BOM_01,2026-06-29,2026-07-02 00:35:00,EVT_ZONE_BOM_01_20260629,0.45,DEV_5ee4507cfb7c,1,False,0.04,35,2,4303.56,4303.56,0
CLM_80053,W_86c0380f83020987,ZONE_BOM_01,2026-07-06,2026-07-07 00:56:00,EVT_ZONE_BOM_01_20260706,1.23,DEV_5ee4507cfb7c,1,False,0.0,56,2,3659.07,3659.07,0
CLM_80054,W_86c0380f83020987,ZONE_BOM_01,2026-07-13,2026-07-17 00:26:00,EVT_ZONE_BOM_01_20260713,4.27,DEV_5ee4507cfb7c,1,False,0.02,26,2,2208.32,2208.32,0
CLM_80055,W_86c0380f83020987,ZONE_BOM_01,2026-07-20,2026-07-21 00:33:00,EVT_ZONE_BOM_01_20260720,3.42,DEV_5ee4507cfb7c,1,False,0.09,33,3,4324.56,4324.56,0
CLM_80056,W_86c0380f83020987,ZONE_BOM_01,2026-07-27,2026-07-29 00:41:00,EVT_ZONE_BOM_01_20260727,0.73,DEV_5ee4507cfb7c,1,False,0.03,41,3,2538.21,2538.21,0
CLM_80057,W_86c0380f83020987,ZONE_BOM_01,2026-08-03,2026-08-05 00:37:00,EVT_ZONE_BOM_01_20260803,0.57,DEV_5ee4507cfb7c,1,False,0.06,37,2,2145.82,2145.82,0
CLM_80058,W_86c0380f83020987,ZONE_BOM_01,2026-08-10,2026-08-15 04:01:00,EVT_ZONE_BOM_01_20260810,0.8,DEV_5ee4507cfb7c,1,False,0.05,241,2,1289.28,1289.28,0
CLM_80059,W_86c0380f83020987,ZONE_BOM_01,2026-08-17,2026-08-18 00:11:00,EVT_ZONE_BOM_01_20260817,2.25,DEV_5ee4507cfb7c,1,False,0.05,11,4,2876.43,2876.43,0
CLM_80060,W_47079ae3154e5211,ZONE_MAA_01,2026-07-06,2026-07-09 01:46:00,EVT_ZONE_MAA_01_20260706,1.72,DEV_b4d6d4372d30,1,False,0.02,106,2,280.67,280.67,0
CLM_80061,W_47079ae3154e5211,ZONE_MAA_01,2026-09-14,2026-09-19 00:21:00,EVT_ZONE_MAA_01_20260914,0.93,DEV_b4d6d4372d30,1,False,0.05,21,1,280.03,280.03,0
CLM_80062,W_f7b997c785123d65,ZONE_HYD_01,2026-07-13,2026-07-17 00:23:00,EVT_ZONE_HYD_01_20260713,0.55,DEV_be71ad6e6d2e,1,False,0.07,23,3,500.79,500.79,0
CLM_80063,W_f7b997c785123d65,ZONE_HYD_01,2026-07-27,2026-08-01 00:29:00,EVT_ZONE_HYD_01_20260727,1.45,DEV_be71ad6e6d2e,1,False,0.07,29,1,925.6,925.6,0
CLM_80064,W_f7b997c785123d65,ZONE_HYD_01,2026-08-17,2026-08-19 00:25:00,EVT_ZONE_HYD_01_20260817,1.35,DEV_be71ad6e6d2e,1,False,0.03,25,3,702.16,702.16,0
CLM_80065,W_f7b997c785123d65,ZONE_HYD_01,2026-09-07,2026-09-08 00:17:00,EVT_ZONE_HYD_01_20260907,1.09,DEV_be71ad6e6d2e,1,False,0.06,17,1,437.79,437.79,0
CLM_80066,W_1b7967e315ff5f4e,ZONE_BLR_01,2026-06-29,2026-07-04 01:12:00,EVT_ZONE_BLR_01_20260629,0.92,DEV_4424ad0859c8,1,False,0.04,72,2,321.89,321.89,0
CLM_80067,W_1b7967e315ff5f4e,ZONE_BLR_01,2026-07-20,2026-07-23 00:06:00,EVT_ZONE_BLR_01_20260720,0.34,DEV_4424ad0859c8,1,False,0.05,6,2,314.8,314.8,0
CLM_80068,W_1b7967e315ff5f4e,ZONE_BLR_01,2026-08-03,2026-08-04 00:28:00,EVT_ZONE_BLR_01_20260803,1.18,DEV_4424ad0859c8,1,False,0.04,28,5,281.04,281.04,0
CLM_80069,W_1b7967e315ff5f4e,ZONE_BLR_01,2026-08-17,2026-08-18 01:14:00,EVT_ZONE_BLR_01_20260817,1.13,DEV_4424ad0859c8,1,False,0.08,74,3,269.99,269.99,0
CLM_80070,W_c5d6935b8b864525,ZONE_BLR_01,2026-06-29,2026-06-30 02:35:00,EVT_ZONE_BLR_01_20260629,1.41,DEV_aeb888c5e04e,1,False,0.1,155,5,406.07,406.07,0
CLM_80071,W_c5d6935b8b864525,ZONE_BLR_01,2026-07-20,2026-07-23 00:27:00,EVT_ZONE_BLR_01_20260720,1.25,DEV_aeb888c5e04e,1,False,0.03,27,1,579.68,579.68,0
CLM_80072,W_c5d6935b8b864525,ZONE_BLR_01,2026-08-03,2026-08-07 01:21:00,EVT_ZONE_BLR_01_20260803,0.26,DEV_aeb888c5e04e,1,False,0.02,81,1,708.49,708.49,0
CLM_80073,W_c5d6935b8b864525,ZONE_BLR_01,2026-08-17,2026-08-18 00:35:00,EVT_ZONE_BLR_01_20260817,3.02,DEV_aeb888c5e04e,1,False,0.0,35,1,489.59,489.59,0
CLM_80074,W_914b535d96d4de31,ZONE_MAA_01,2026-07-06,2026-07-09 00:41:00,EVT_ZONE_MAA_01_20260706,0.12,DEV_9d2757b9d82a,1,False,0.01,41,2,222.53,222.53,0
CLM_80075,W_914b535d96d4de31,ZONE_MAA_01,2026-09-14,2026-09-19 01:25:00,EVT_ZONE_MAA_01_20260914,0.71,DEV_9d2757b9d82a,1,False,0.01,85,1,303.61,303.61,0
CLM_80076,W_537a103c7feb7b31,ZONE_MAA_01,2026-07-06,2026-07-07 03:14:00,EVT_ZONE_MAA_01_20260706,0.87,DEV_b8e7e2d7ba5d,1,False,0.03,194,1,829.77,829.77,0
CLM_80077,W_537a103c7feb7b31,ZONE_MAA_01,2026-09-14,2026-09-16 01:20:00,EVT_ZONE_MAA_01_20260914,1.0,DEV_b8e7e2d7ba5d,1,False,0.03,80,4,569.84,569.84,0
CLM_80078,W_438d1cd789e8f44c,ZONE_DEL_01,2026-06-29,2026-07-02 00:48:00,EVT_ZONE_DEL_01_20260629,0.08,DEV_223a4ceeb2be,1,False,0.06,48,3,333.34,333.34,0
CLM_80079,W_438d1cd789e8f44c,ZONE_DEL_01,2026-07-06,2026-07-10 00:18:00,EVT_ZONE_DEL_01_20260706,0.46,DEV_223a4ceeb2be,1,False,0.04,18,1,1302.73,1302.73,0
CLM_80080,W_438d1cd789e8f44c,ZONE_DEL_01,2026-07-20,2026-07-22 12:38:00,EVT_ZONE_DEL_01_20260720,0.49,DEV_223a4ceeb2be,1,False,0.05,758,2,330.16,0.0,1
CLM_80081,W_438d1cd789e8f44c,ZONE_DEL_01,2026-08-03,2026-08-05 01:46:00,EVT_ZONE_DEL_01_20260803,1.85,DEV_223a4ceeb2be,1,False,0.04,106,2,971.98,971.98,0
CLM_80082,W_438d1cd789e8f44c,ZONE_DEL_01,2026-08-17,2026-08-20 00:18:00,EVT_ZONE_DEL_01_20260817,0.26,DEV_223a4ceeb2be,1,False,0.04,18,4,285.12,285.12,0
CLM_80083,W_110d9988d5961d9b,ZONE_BLR_01,2026-06-29,2026-07-04 00:11:00,EVT_ZONE_BLR_01_20260629,0.62,DEV_1636e6a7d9d9,1,False,0.07,11,3,569.54,569.54,0
CLM_80084,W_110d9988d5961d9b,ZONE_BLR_01,2026-07-20,2026-07-22 00:31:00,EVT_ZONE_BLR_01_20260720,1.48,DEV_1636e6a7d9d9,1,False,0.0,31,1,722.76,722.76,0
CLM_80085,W_110d9988d5961d9b,ZONE_BLR_01,2026-08-03,2026-08-04 01:04:00,EVT_ZONE_BLR_01_20260803,35.56,DEV_1636e6a7d9d9,1,False,0.07,64,1,860.66,0.0,1
CLM_80086,W_110d9988d5961d9b,ZONE_BLR_01,2026-08-17,2026-08-18 03:01:00,EVT_ZONE_BLR_01_20260817,3.55,DEV_1636e6a7d9d9,1,False,0.07,181,2,512.29,512.29,0
CLM_80087,W_d98a52f9cbeb1634,ZONE_DEL_01,2026-06-29,2026-06-30 00:17:00,EVT_ZONE_DEL_01_20260629,0.57,DEV_86a4359ae4a2,1,False,0.04,17,2,641.46,641.46,0
CLM_80088,W_d98a52f9cbeb1634,ZONE_DEL_01,2026-07-06,2026-07-07 00:59:00,EVT_ZONE_DEL_01_20260706,0.72,DEV_86a4359ae4a2,1,False,0.01,59,1,3260.08,3260.08,0
CLM_80089,W_d98a52f9cbeb1634,ZONE_DEL_01,2026-07-20,2026-07-24 00:25:00,EVT_ZONE_DEL_01_20260720,1.11,DEV_86a4359ae4a2,1,False,0.08,25,2,989.74,989.74,0
CLM_80090,W_d98a52f9cbeb1634,ZONE_DEL_01,2026-08-03,2026-08-07 01:02:00,EVT_ZONE_DEL_01_20260803,1.25,DEV_86a4359ae4a2,1,False,0.05,62,5,2649.11,2649.11,0
CLM_80091,W_d98a52f9cbeb1634,ZONE_DEL_01,2026-08-17,2026-08-20 00:47:00,EVT_ZONE_DEL_01_20260817,1.7,DEV_86a4359ae4a2,1,False,0.08,47,1,654.64,654.64,0
CLM_80092,W_08e6fccb88fab6c5,ZONE_DEL_01,2026-06-29,2026-07-02 00:18:00,EVT_ZONE_DEL_01_20260629,2.46,DEV_3ef1059e840e,1,False,0.1,18,1,327.52,327.52,0
CLM_80093,W_08e6fccb88fab6c5,ZONE_DEL_01,2026-07-06,2026-07-10 00:15:00,EVT_ZONE_DEL_01_20260706,1.9,DEV_3ef1059e840e,1,False,0.01,15,1,2346.06,2346.06,0
CLM_80094,W_08e6fccb88fab6c5,ZONE_DEL_01,2026-07-20,2026-07-22 00:36:00,EVT_ZONE_DEL_01_20260720,3.61,DEV_3ef1059e840e,1,False,0.87,36,2,1338.55,0.0,1
CLM_80095,W_08e6fccb88fab6c5,ZONE_DEL_01,2026-08-03,2026-08-05 00:23:00,EVT_ZONE_DEL_01_20260803,1.04,DEV_3ef1059e840e,1,False,0.06,23,1,2280.62,2280.62,0
CLM_80096,W_08e6fccb88fab6c5,ZONE_DEL_01,2026-08-17,2026-08-21 01:22:00,EVT_ZONE_DEL_01_20260817,1.13,DEV_3ef1059e840e,1,False,0.04,82,1,493.33,493.33,0
CLM_80097,W_08e6fccb88fab6c5,ZONE_DEL_01,2026-08-31,2026-09-01 00:33:00,EVT_ZONE_DEL_01_20260831,8.1,DEV_3ef1059e840e,1,False,0.71,33,2,735.93,0.0,1
CLM_80098,W_0e34004535fe526f,ZONE_BLR_01,2026-06-29,2026-07-04 01:10:00,EVT_ZONE_BLR_01_20260629,0.13,DEV_b17538ac0274,1,False,0.04,70,1,577.05,577.05,0
CLM_80099,W_0e34004535fe526f,ZONE_BLR_01,2026-07-20,2026-07-21 01:25:00,EVT_ZONE_BLR_01_20260720,0.04,DEV_b17538ac0274,1,False,0.09,85,2,528.79,528.79,0
CLM_80100,W_0e34004535fe526f,ZONE_BLR_01,2026-08-03,2026-08-08 00:05:00,EVT_ZONE_BLR_01_20260803,0.12,DEV_b17538ac0274,1,False,0.07,5,2,867.33,867.33,0
CLM_80101,W_0e34004535fe526f,ZONE_BLR_01,2026-08-17,2026-08-22 00:12:00,EVT_ZONE_BLR_01_20260817,0.18,DEV_b17538ac0274,1,False,0.09,12,2,552.45,552.45,0
CLM_80102,W_1506ca04b01f071b,ZONE_BLR_01,2026-06-29,2026-07-01 00:15:00,EVT_ZONE_BLR_01_20260629,0.88,DEV_d7ee54b75854,1,False,0.03,15,2,477.48,477.48,0
CLM_80103,W_1506ca04b01f071b,ZONE_BLR_01,2026-07-20,2026-07-21 00:23:00,EVT_ZONE_BLR_01_20260720,1.08,DEV_d7ee54b75854,1,False,0.06,23,2,461.36,461.36,0
CLM_80104,W_1506ca04b01f071b,ZONE_BLR_01,2026-08-03,2026-08-07 01:06:00,EVT_ZONE_BLR_01_20260803,0.5,DEV_d7ee54b75854,1,False,0.0,66,1,1213.23,1213.23,0
CLM_80105,W_1506ca04b01f071b,ZONE_BLR_01,2026-08-17,2026-08-22 00:41:00,EVT_ZONE_BLR_01_20260817,0.53,DEV_d7ee54b75854,1,False,0.05,41,2,509.58,509.58,0
CLM_80106,W_ebc11507125ea7ab,ZONE_BOM_01,2026-06-29,2026-07-02 00:20:00,EVT_ZONE_BOM_01_20260629,1.23,DEV_dce3da5618da,1,False,0.03,20,2,1867.49,1867.49,0
CLM_80107,W_ebc11507125ea7ab,ZONE_BOM_01,2026-07-06,2026-07-07 00:14:00,EVT_ZONE_BOM_01_20260706,1.58,DEV_dce3da5618da,1,False,0.04,14,2,1755.84,1755.84,0
CLM_80108,W_ebc11507125ea7ab,ZONE_BOM_01,2026-07-13,2026-07-17 00:11:00,EVT_ZONE_BOM_01_20260713,0.88,DEV_dce3da5618da,1,False,0.05,11,1,956.9,956.9,0
CLM_80109,W_ebc11507125ea7ab,ZONE_BOM_01,2026-07-20,2026-07-21 01:03:00,EVT_ZONE_BOM_01_20260720,0.41,DEV_dce3da5618da,1,False,0.07,63,2,1881.54,1881.54,0
CLM_80110,W_ebc11507125ea7ab,ZONE_BOM_01,2026-07-27,2026-07-31 01:09:00,EVT_ZONE_BOM_01_20260727,0.08,DEV_dce3da5618da,1,False,0.04,69,1,936.83,936.83,0
CLM_80111,W_ebc11507125ea7ab,ZONE_BOM_01,2026-08-03,2026-08-06 01:04:00,EVT_ZONE_BOM_01_20260803,1.1,DEV_dce3da5618da,1,False,0.05,64,2,809.99,809.99,0
CLM_80112,W_ebc11507125ea7ab,ZONE_BOM_01,2026-08-10,2026-08-11 00:17:00,EVT_ZONE_BOM_01_20260810,1.79,DEV_dce3da5618da,1,False,0.08,17,1,424.0,424.0,0
CLM_80113,W_ebc11507125ea7ab,ZONE_BOM_01,2026-08-17,2026-08-19 00:47:00,EVT_ZONE_BOM_01_20260817,0.88,DEV_dce3da5618da,1,False,0.01,47,2,1210.41,1210.41,0
CLM_80114,W_aa3cde79f1b0b184,ZONE_HYD_01,2026-07-13,2026-07-17 02:15:00,EVT_ZONE_HYD_01_20260713,1.63,DEV_4c98fcfd6027,1,False,0.03,135,1,356.43,356.43,0
CLM_80115,W_aa3cde79f1b0b184,ZONE_HYD_01,2026-07-27,2026-07-31 00:55:00,EVT_ZONE_HYD_01_20260727,1.22,DEV_4c98fcfd6027,1,False,0.74,55,4,512.53,0.0,1
CLM_80116,W_aa3cde79f1b0b184,ZONE_HYD_01,2026-08-17,2026-08-20 00:32:00,EVT_ZONE_HYD_01_20260817,1.2,DEV_4c98fcfd6027,1,False,0.09,32,3,420.03,420.03,0
CLM_80117,W_aa3cde79f1b0b184,ZONE_HYD_01,2026-09-07,2026-09-08 00:35:00,EVT_ZONE_HYD_01_20260907,0.99,DEV_4c98fcfd6027,1,False,0.06,35,3,222.1,222.1,0
CLM_80118,W_1081496b0d8c1a2e,ZONE_DEL_01,2026-06-29,2026-06-30 01:43:00,EVT_ZONE_DEL_01_20260629,1.42,DEV_e16e9ea0b7ad,1,False,0.09,103,5,812.33,812.33,0
CLM_80119,W_1081496b0d8c1a2e,ZONE_DEL_01,2026-07-06,2026-07-09 02:26:00,EVT_ZONE_DEL_01_20260706,3.26,DEV_e16e9ea0b7ad,1,False,0.09,146,1,3362.79,3362.79,0
CLM_80120,W_1081496b0d8c1a2e,ZONE_DEL_01,2026-07-20,2026-07-23 01:32:00,EVT_ZONE_DEL_01_20260720,1.11,DEV_e16e9ea0b7ad,1,False,0.08,92,2,831.22,831.22,0
CLM_80121,W_1081496b0d8c1a2e,ZONE_DEL_01,2026-08-03,2026-08-08 00:46:00,EVT_ZONE_DEL_01_20260803,0.27,DEV_e16e9ea0b7ad,1,False,0.06,46,4,2897.67,2897.67,0
CLM_80122,W_1081496b0d8c1a2e,ZONE_DEL_01,2026-08-17,2026-08-20 15:06:00,EVT_ZONE_DEL_01_20260817,1.0,DEV_e16e9ea0b7ad,1,False,0.01,2346,4,488.51,0.0,1
CLM_80123,W_2d22569d6034337e,ZONE_DEL_01,2026-06-29,2026-07-04 01:56:00,EVT_ZONE_DEL_01_20260629,2.56,DEV_0f8e18c95e64,1,False,0.09,116,1,533.26,533.26,0
CLM_80124,W_2d22569d6034337e,ZONE_DEL_01,2026-07-06,2026-07-11 00:10:00,EVT_ZONE_DEL_01_20260706,0.87,DEV_0f8e18c95e64,1,False,0.02,10,4,3274.35,3274.35,0
CLM_80125,W_2d22569d6034337e,ZONE_DEL_01,2026-07-20,2026-07-23 00:29:00,EVT_ZONE_DEL_01_20260720,0.69,DEV_0f8e18c95e64,1,False,0.04,29,1,800.87,800.87,0
CLM_80126,W_2d22569d6034337e,ZONE_DEL_01,2026-08-03,2026-08-04 01:06:00,EVT_ZONE_DEL_01_20260803,1.58,DEV_0f8e18c95e64,1,False,0.02,66,1,2744.69,2744.69,0
CLM_80127,W_2d22569d6034337e,ZONE_DEL_01,2026-08-17,2026-08-19 20:29:00,EVT_ZONE_DEL_01_20260817,1.13,DEV_0f8e18c95e64,1,False,0.08,1229,3,719.92,0.0,1
CLM_80128,W_0ad5761f7d7ef742,ZONE_DEL_01,2026-06-29,2026-07-01 00:08:00,EVT_ZONE_DEL_01_20260629,0.27,DEV_29b92c7af08b,1,False,0.05,8,1,317.58,317.58,0
CLM_80129,W_0ad5761f7d7ef742,ZONE_DEL_01,2026-07-06,2026-07-09 00:08:00,EVT_ZONE_DEL_01_20260706,0.39,DEV_29b92c7af08b,1,False,0.05,8,1,1384.21,1384.21,0
CLM_80130,W_0ad5761f7d7ef742,ZONE_DEL_01,2026-07-20,2026-07-22 00:15:00,EVT_ZONE_DEL_01_20260720,1.41,DEV_29b92c7af08b,1,False,0.02,15,1,387.25,387.25,0
CLM_80131,W_0ad5761f7d7ef742,ZONE_DEL_01,2026-08-03,2026-08-08 00:11:00,EVT_ZONE_DEL_01_20260803,2.87,DEV_29b92c7af08b,1,False,0.7,11,1,1118.36,0.0,1
CLM_80132,W_0ad5761f7d7ef742,ZONE_DEL_01,2026-08-17,2026-08-20 00:44:00,EVT_ZONE_DEL_01_20260817,0.68,DEV_29b92c7af08b,1,False,0.03,44,4,374.25,374.25,0
CLM_80133,W_7f2b8b2f12987677,ZONE_BLR_01,2026-06-29,2026-07-03 01:43:00,EVT_ZONE_BLR_01_20260629,2.43,DEV_587b6b4944e0,1,False,0.0,103,3,231.06,231.06,0
CLM_80134,W_7f2b8b2f12987677,ZONE_BLR_01,2026-07-20,2026-07-25 01:19:00,EVT_ZONE_BLR_01_20260720,1.85,DEV_587b6b4944e0,1,False,0.07,79,3,347.45,347.45,0
CLM_80135,W_7f2b8b2f12987677,ZONE_BLR_01,2026-08-03,2026-08-07 00:19:00,EVT_ZONE_BLR_01_20260803,0.35,DEV_587b6b4944e0,1,False,0.04,19,2,396.38,396.38,0
CLM_80136,W_7f2b8b2f12987677,ZONE_BLR_01,2026-08-17,2026-08-21 00:06:00,EVT_ZONE_BLR_01_20260817,0.67,DEV_587b6b4944e0,1,False,0.08,6,1,278.04,278.04,0
CLM_80137,W_fe0470c7deaf52e8,ZONE_HYD_01,2026-07-13,2026-07-15 00:28:00,EVT_ZONE_HYD_01_20260713,1.89,DEV_de85af00fba9,1,False,0.02,28,3,533.29,533.29,0
CLM_80138,W_fe0470c7deaf52e8,ZONE_HYD_01,2026-07-27,2026-08-01 01:28:00,EVT_ZONE_HYD_01_20260727,0.39,DEV_de85af00fba9,1,False,0.0,88,2,576.61,576.61,0
CLM_80139,W_fe0470c7deaf52e8,ZONE_HYD_01,2026-08-17,2026-08-21 01:20:00,EVT_ZONE_HYD_01_20260817,40.51,DEV_de85af00fba9,1,False,0.03,80,2,799.35,0.0,1
CLM_80140,W_fe0470c7deaf52e8,ZONE_HYD_01,2026-09-07,2026-09-08 13:22:00,EVT_ZONE_HYD_01_20260907,0.71,DEV_de85af00fba9,1,False,0.08,802,3,388.95,0.0,1
CLM_80141,W_7e05a7b9838db15e,ZONE_HYD_01,2026-07-13,2026-07-17 00:18:00,EVT_ZONE_HYD_01_20260713,1.12,DEV_4212fc7ebea0,1,False,0.01,18,2,618.07,618.07,0
CLM_80142,W_7e05a7b9838db15e,ZONE_HYD_01,2026-07-27,2026-07-30 00:47:00,EVT_ZONE_HYD_01_20260727,1.9,DEV_4212fc7ebea0,1,False,0.92,47,2,646.76,0.0,1
CLM_80143,W_7e05a7b9838db15e,ZONE_HYD_01,2026-08-17,2026-08-21 00:26:00,EVT_ZONE_HYD_01_20260817,3.93,DEV_4212fc7ebea0,1,False,0.98,26,3,759.12,0.0,1
CLM_80144,W_7e05a7b9838db15e,ZONE_HYD_01,2026-09-07,2026-09-10 00:49:00,EVT_ZONE_HYD_01_20260907,1.37,DEV_4212fc7ebea0,1,False,0.02,49,1,514.23,514.23,0
CLM_80145,W_b75e4da4b81942bc,ZONE_BOM_01,2026-06-29,2026-07-04 00:29:00,EVT_ZONE_BOM_01_20260629,0.2,DEV_cb29ab4bbd5d,1,False,0.08,29,1,2965.24,2965.24,0
CLM_80146,W_b75e4da4b81942bc,ZONE_BOM_01,2026-07-06,2026-07-10 00:50:00,EVT_ZONE_BOM_01_20260706,0.74,DEV_cb29ab4bbd5d,1,False,0.09,50,1,2952.96,2952.96,0
CLM_80147,W_b75e4da4b81942bc,ZONE_BOM_01,2026-07-13,2026-07-18 00:10:00,EVT_ZONE_BOM_01_20260713,0.75,DEV_cb29ab4bbd5d,1,False,0.0,10,5,1224.45,1224.45,0
CLM_80148,W_b75e4da4b81942bc,ZONE_BOM_01,2026-07-20,2026-07-23 00:06:00,EVT_ZONE_BOM_01_20260720,1.28,DEV_cb29ab4bbd5d,1,False,0.05,6,3,2961.48,2961.48,0
CLM_80149,W_b75e4da4b81942bc,ZONE_BOM_01,2026-07-27,2026-07-29 01:55:00,EVT_ZONE_BOM_01_20260727,2.12,DEV_cb29ab4bbd5d,1,False,0.84,115,2,2103.45,0.0,1
CLM_80150,W_b75e4da4b81942bc,ZONE_BOM_01,2026-08-03,2026-08-07 01:54:00,EVT_ZONE_BOM_01_20260803,1.05,DEV_cb29ab4bbd5d,1,False,0.02,114,2,1573.2,1573.2,0
CLM_80151,W_b75e4da4b81942bc,ZONE_BOM_01,2026-08-10,2026-08-12 00:16:00,EVT_ZONE_BOM_01_20260810,0.67,DEV_cb29ab4bbd5d,1,False,0.07,16,1,787.66,787.66,0
CLM_80152,W_b75e4da4b81942bc,ZONE_BOM_01,2026-08-17,2026-08-22 01:07:00,EVT_ZONE_BOM_01_20260817,1.07,DEV_cb29ab4bbd5d,1,False,0.01,67,2,1770.13,1770.13,0
CLM_80153,W_8f7bc390ef77a6ed,ZONE_MAA_01,2026-07-06,2026-07-07 01:42:00,EVT_ZONE_MAA_01_20260706,1.42,DEV_5cbed3c32105,1,False,0.09,102,3,401.49,401.49,0
CLM_80154,W_8f7bc390ef77a6ed,ZONE_MAA_01,2026-09-14,2026-09-19 00:16:00,EVT_ZONE_MAA_01_20260914,0.8,DEV_5cbed3c32105,1,False,0.09,16,1,407.27,407.27,0
CLM_80155,W_fbb5ef8af78d1c37,ZONE_MAA_01,2026-07-06,2026-07-11 02:13:00,EVT_ZONE_MAA_01_20260706,0.5,DEV_42eb6e53242c,1,False,0.05,133,2,386.08,386.08,0
CLM_80156,W_fbb5ef8af78d1c37,ZONE_MAA_01,2026-09-14,2026-09-17 01:02:00,EVT_ZONE_MAA_01_20260914,0.3,DEV_42eb6e53242c,1,False,0.06,62,2,370.72,370.72,0
CLM_80157,W_44ba6a5a94b29722,ZONE_BOM_01,2026-06-29,2026-07-04 00:47:00,EVT_ZONE_BOM_01_20260629,4.98,DEV_a647aa053f6b,1,False,0.09,47,1,3492.47,3492.47,0
CLM_80158,W_44ba6a5a94b29722,ZONE_BOM_01,2026-07-06,2026-07-09 01:29:00,EVT_ZONE_BOM_01_20260706,0.2,DEV_a647aa053f6b,1,False,0.07,89,2,3382.46,3382.46,0
CLM_80159,W_44ba6a5a94b29722,ZONE_BOM_01,2026-07-13,2026-07-14 00:11:00,EVT_ZONE_BOM_01_20260713,1.94,DEV_a647aa053f6b,1,False,0.04,11,3,1379.0,1379.0,0
CLM_80160,W_44ba6a5a94b29722,ZONE_BOM_01,2026-07-20,2026-07-21 00:46:00,EVT_ZONE_BOM_01_20260720,2.37,DEV_a647aa053f6b,1,False,0.03,46,2,3445.39,3445.39,0
CLM_80161,W_44ba6a5a94b29722,ZONE_BOM_01,2026-07-27,2026-07-31 00:28:00,EVT_ZONE_BOM_01_20260727,0.82,DEV_a647aa053f6b,1,False,0.09,28,1,1925.22,1925.22,0
CLM_80162,W_44ba6a5a94b29722,ZONE_BOM_01,2026-08-03,2026-08-06 00:13:00,EVT_ZONE_BOM_01_20260803,0.26,DEV_a647aa053f6b,1,False,0.02,13,1,1835.44,1835.44,0
CLM_80163,W_44ba6a5a94b29722,ZONE_BOM_01,2026-08-10,2026-08-12 03:34:00,EVT_ZONE_BOM_01_20260810,0.76,DEV_a647aa053f6b,1,False,0.04,214,2,1221.07,1221.07,0
CLM_80164,W_44ba6a5a94b29722,ZONE_BOM_01,2026-08-17,2026-08-20 01:38:00,EVT_ZONE_BOM_01_20260817,1.21,DEV_a647aa053f6b,1,False,0.01,98,3,2168.23,2168.23,0
CLM_80165,W_2d25d41da2176452,ZONE_HYD_01,2026-07-13,2026-07-15 01:33:00,EVT_ZONE_HYD_01_20260713,2.26,DEV_26902024c14d,1,False,0.03,93,1,630.38,630.38,0
CLM_80166,W_2d25d41da2176452,ZONE_HYD_01,2026-07-27,2026-08-01 00:39:00,EVT_ZONE_HYD_01_20260727,1.4,DEV_26902024c14d,1,False,0.04,39,2,609.45,609.45,0
CLM_80167,W_2d25d41da2176452,ZONE_HYD_01,2026-08-17,2026-08-18 00:24:00,EVT_ZONE_HYD_01_20260817,1.96,DEV_26902024c14d,1,False,0.05,24,3,836.66,836.66,0
CLM_80168,W_2d25d41da2176452,ZONE_HYD_01,2026-09-07,2026-09-09 00:14:00,EVT_ZONE_HYD_01_20260907,1.05,DEV_26902024c14d,1,False,0.05,14,3,765.5,765.5,0
CLM_80169,W_a7415d1d0a8e7157,ZONE_HYD_01,2026-07-13,2026-07-15 00:17:00,EVT_ZONE_HYD_01_20260713,0.64,DEV_7ea1fee1eef5,1,False,0.03,17,2,299.63,299.63,0
CLM_80170,W_a7415d1d0a8e7157,ZONE_HYD_01,2026-07-27,2026-07-31 00:51:00,EVT_ZONE_HYD_01_20260727,0.95,DEV_7ea1fee1eef5,1,False,0.1,51,2,446.12,446.12,0
CLM_80171,W_a7415d1d0a8e7157,ZONE_HYD_01,2026-08-17,2026-08-18 01:26:00,EVT_ZONE_HYD_01_20260817,0.97,DEV_7ea1fee1eef5,1,False,0.1,86,3,500.95,500.95,0
CLM_80172,W_a7415d1d0a8e7157,ZONE_HYD_01,2026-09-07,2026-09-12 00:15:00,EVT_ZONE_HYD_01_20260907,0.01,DEV_7ea1fee1eef5,1,False,0.09,15,3,293.36,293.36,0
CLM_80173,W_d0aa81eeb84cae89,ZONE_BOM_01,2026-06-29,2026-07-03 00:13:00,EVT_ZONE_BOM_01_20260629,0.72,DEV_f6a86040e84e,1,False,0.02,13,1,2505.41,2505.41,0
CLM_80174,W_d0aa81eeb84cae89,ZONE_BOM_01,2026-07-06,2026-07-10 00:56:00,EVT_ZONE_BOM_01_20260706,0.74,DEV_f6a86040e84e,1,False,0.09,56,2,2125.37,2125.37,0
CLM_80175,W_d0aa81eeb84cae89,ZONE_BOM_01,2026-07-13,2026-07-18 01:14:00,EVT_ZONE_BOM_01_20260713,0.33,DEV_f6a86040e84e,1,False,0.04,74,2,925.39,925.39,0
CLM_80176,W_d0aa81eeb84cae89,ZONE_BOM_01,2026-07-20,2026-07-25 00:15:00,EVT_ZONE_BOM_01_20260720,0.43,DEV_f6a86040e84e,1,False,0.05,15,3,2507.22,2507.22,0
CLM_80177,W_d0aa81eeb84cae89,ZONE_BOM_01,2026-07-27,2026-07-30 00:27:00,EVT_ZONE_BOM_01_20260727,0.63,DEV_f6a86040e84e,1,False,0.04,27,1,1150.63,1150.63,0
CLM_80178,W_d0aa81eeb84cae89,ZONE_BOM_01,2026-08-03,2026-08-05 00:39:00,EVT_ZONE_BOM_01_20260803,1.0,DEV_f6a86040e84e,1,False,0.09,39,1,1310.56,1310.56,0
CLM_80179,W_d0aa81eeb84cae89,ZONE_BOM_01,2026-08-10,2026-08-14 00:27:00,EVT_ZONE_BOM_01_20260810,0.48,DEV_f6a86040e84e,1,False,0.06,27,3,696.56,696.56,0
CLM_80180,W_d0aa81eeb84cae89,ZONE_BOM_01,2026-08-17,2026-08-22 02:06:00,EVT_ZONE_BOM_01_20260817,1.63,DEV_f6a86040e84e,1,False,0.02,126,2,1491.44,1491.44,0
CLM_80181,W_19de3fcfd11cddb9,ZONE_BOM_01,2026-06-29,2026-07-01 01:43:00,EVT_ZONE_BOM_01_20260629,5.47,DEV_97676ae0631e,1,False,0.06,103,3,1649.69,1649.69,0
CLM_80182,W_19de3fcfd11cddb9,ZONE_BOM_01,2026-07-06,2026-07-09 01:49:00,EVT_ZONE_BOM_01_20260706,1.56,DEV_97676ae0631e,1,False,0.05,109,4,1285.31,1285.31,0
CLM_80183,W_19de3fcfd11cddb9,ZONE_BOM_01,2026-07-13,2026-07-14 01:11:00,EVT_ZONE_BOM_01_20260713,0.61,DEV_97676ae0631e,1,False,0.0,71,3,836.28,836.28,0
CLM_80184,W_19de3fcfd11cddb9,ZONE_BOM_01,2026-07-20,2026-07-24 02:56:00,EVT_ZONE_BOM_01_20260720,1.0,DEV_97676ae0631e,1,False,0.07,176,2,1645.97,1645.97,0
CLM_80185,W_19de3fcfd11cddb9,ZONE_BOM_01,2026-07-27,2026-07-31 01:36:00,EVT_ZONE_BOM_01_20260727,0.55,DEV_97676ae0631e,1,False,0.08,96,2,840.29,840.29,0
CLM_80186,W_19de3fcfd11cddb9,ZONE_BOM_01,2026-08-03,2026-08-07 02:29:00,EVT_ZONE_BOM_01_20260803,2.48,DEV_97676ae0631e,1,False,0.01,149,3,542.15,542.15,0
CLM_80187,W_19de3fcfd11cddb9,ZONE_BOM_01,2026-08-10,2026-08-15 00:39:00,EVT_ZONE_BOM_01_20260810,1.86,DEV_97676ae0631e,1,False,0.09,39,1,346.98,346.98,0
CLM_80188,W_19de3fcfd11cddb9,ZONE_BOM_01,2026-08-17,2026-08-19 00:40:00,EVT_ZONE_BOM_01_20260817,0.44,DEV_97676ae0631e,1,False,0.1,40,1,1008.32,1008.32,0
CLM_80189,W_7c0fe1dbaf8590e4,ZONE_HYD_01,2026-07-13,2026-07-15 02:36:00,EVT_ZONE_HYD_01_20260713,3.07,DEV_52ead082e98b,1,False,0.01,156,3,507.32,507.32,0
CLM_80190,W_7c0fe1dbaf8590e4,ZONE_HYD_01,2026-07-27,2026-08-02 23:51:00,EVT_ZONE_HYD_01_20260727,0.32,DEV_52ead082e98b,1,False,0.01,2871,1,820.39,0.0,1
CLM_80191,W_7c0fe1dbaf8590e4,ZONE_HYD_01,2026-08-17,2026-08-21 00:31:00,EVT_ZONE_HYD_01_20260817,1.23,DEV_52ead082e98b,1,False,0.05,31,2,676.34,676.34,0
CLM_80192,W_7c0fe1dbaf8590e4,ZONE_HYD_01,2026-09-07,2026-09-08 00:15:00,EVT_ZONE_HYD_01_20260907,1.46,DEV_52ead082e98b,1,False,0.09,15,2,499.13,499.13,0
CLM_80193,W_23011d139948d52c,ZONE_DEL_01,2026-06-29,2026-07-01 00:37:00,EVT_ZONE_DEL_01_20260629,1.51,DEV_11c7ebdb3e3c,1,False,0.04,37,3,384.32,384.32,0
CLM_80194,W_23011d139948d52c,ZONE_DEL_01,2026-07-06,2026-07-11 00:54:00,EVT_ZONE_DEL_01_20260706,1.37,DEV_11c7ebdb3e3c,1,False,0.04,54,2,2380.92,2380.92,0
CLM_80195,W_23011d139948d52c,ZONE_DEL_01,2026-07-20,2026-07-22 03:26:00,EVT_ZONE_DEL_01_20260720,3.16,DEV_11c7ebdb3e3c,1,False,0.08,206,2,641.96,641.96,0
CLM_80196,W_23011d139948d52c,ZONE_DEL_01,2026-08-03,2026-08-04 00:51:00,EVT_ZONE_DEL_01_20260803,1.8,DEV_11c7ebdb3e3c,1,False,0.04,51,1,1961.91,1961.91,0
CLM_80197,W_23011d139948d52c,ZONE_DEL_01,2026-08-17,2026-08-21 00:43:00,EVT_ZONE_DEL_01_20260817,0.7,DEV_11c7ebdb3e3c,1,False,0.07,43,1,455.86,455.86,0
CLM_80198,W_3c0e64a301ae5edc,ZONE_DEL_01,2026-06-29,2026-07-03 01:09:00,EVT_ZONE_DEL_01_20260629,1.08,DEV_3681a794e73a,1,False,0.05,69,1,423.13,423.13,0
CLM_80199,W_3c0e64a301ae5edc,ZONE_DEL_01,2026-07-06,2026-07-07 01:11:00,EVT_ZONE_DEL_01_20260706,1.19,DEV_3681a794e73a,1,False,0.09,71,2,2360.84,2360.84,0
CLM_80200,W_3c0e64a301ae5edc,ZONE_DEL_01,2026-07-20,2026-07-21 00:33:00,EVT_ZONE_DEL_01_20260720,0.56,DEV_3681a794e73a,1,False,0.01,33,3,766.16,766.16,0
CLM_80201,W_3c0e64a301ae5edc,ZONE_DEL_01,2026-08-03,2026-08-08 00:08:00,EVT_ZONE_DEL_01_20260803,1.47,DEV_3681a794e73a,1,False,0.03,8,3,2347.79,2347.79,0
CLM_80202,W_3c0e64a301ae5edc,ZONE_DEL_01,2026-08-17,2026-08-19 00:12:00,EVT_ZONE_DEL_01_20260817,0.92,DEV_3681a794e73a,1,False,0.02,12,1,680.6,680.6,0
CLM_80203,W_b237d83a4d2a0e7d,ZONE_DEL_01,2026-06-29,2026-07-01 00:40:00,EVT_ZONE_DEL_01_20260629,0.84,DEV_9e5548a2cf17,1,False,0.06,40,1,569.11,569.11,0
CLM_80204,W_b237d83a4d2a0e7d,ZONE_DEL_01,2026-07-06,2026-07-11 00:27:00,EVT_ZONE_DEL_01_20260706,3.24,DEV_9e5548a2cf17,1,False,0.08,27,1,2964.98,2964.98,0
CLM_80205,W_b237d83a4d2a0e7d,ZONE_DEL_01,2026-07-20,2026-07-25 00:55:00,EVT_ZONE_DEL_01_20260720,1.22,DEV_9e5548a2cf17,1,False,0.02,55,3,783.46,783.46,0
CLM_80206,W_b237d83a4d2a0e7d,ZONE_DEL_01,2026-08-03,2026-08-05 00:30:00,EVT_ZONE_DEL_01_20260803,0.87,DEV_9e5548a2cf17,1,False,0.05,30,1,2269.81,2269.81,0
CLM_80207,W_b237d83a4d2a0e7d,ZONE_DEL_01,2026-08-17,2026-08-18 00:52:00,EVT_ZONE_DEL_01_20260817,1.71,DEV_9e5548a2cf17,1,False,0.02,52,4,492.94,492.94,0
CLM_80208,W_0bcb7f8dc0134fd1,ZONE_MAA_01,2026-07-06,2026-07-11 00:29:00,EVT_ZONE_MAA_01_20260706,4.7,DEV_3637123358c8,1,False,0.04,29,1,311.88,311.88,0
CLM_80209,W_0bcb7f8dc0134fd1,ZONE_MAA_01,2026-09-14,2026-09-16 00:23:00,EVT_ZONE_MAA_01_20260914,1.12,DEV_3637123358c8,1,False,0.08,23,1,262.44,262.44,0
CLM_80210,W_efb187f43ff6fab9,ZONE_MAA_01,2026-07-06,2026-07-09 00:09:00,EVT_ZONE_MAA_01_20260706,3.06,DEV_92f663704821,1,False,0.04,9,2,207.08,207.08,0
CLM_80211,W_efb187f43ff6fab9,ZONE_MAA_01,2026-09-14,2026-09-18 00:17:00,EVT_ZONE_MAA_01_20260914,0.95,DEV_92f663704821,1,False,0.09,17,4,206.11,206.11,0
CLM_80212,W_c9343b30f4467310,ZONE_DEL_01,2026-06-29,2026-07-02 00:18:00,EVT_ZONE_DEL_01_20260629,1.62,DEV_49f5694c91a1,1,False,0.08,18,3,207.82,207.82,0
CLM_80213,W_c9343b30f4467310,ZONE_DEL_01,2026-07-06,2026-07-09 00:54:00,EVT_ZONE_DEL_01_20260706,0.32,DEV_49f5694c91a1,1,False,0.04,54,4,1503.96,1503.96,0
CLM_80214,W_c9343b30f4467310,ZONE_DEL_01,2026-07-20,2026-07-24 00:27:00,EVT_ZONE_DEL_01_20260720,0.52,DEV_49f5694c91a1,1,False,0.09,27,1,441.45,441.45,0
CLM_80215,W_c9343b30f4467310,ZONE_DEL_01,2026-08-03,2026-08-04 00:14:00,EVT_ZONE_DEL_01_20260803,1.01,DEV_49f5694c91a1,1,False,0.03,14,1,1216.61,1216.61,0
CLM_80216,W_c9343b30f4467310,ZONE_DEL_01,2026-08-17,2026-08-19 01:00:00,EVT_ZONE_DEL_01_20260817,0.81,DEV_49f5694c91a1,1,False,0.02,60,5,198.32,198.32,0
CLM_80217,W_d7c92b49ddff2b6b,ZONE_DEL_01,2026-06-29,2026-06-30 01:40:00,EVT_ZONE_DEL_01_20260629,0.87,DEV_9862a3887e34,1,False,0.05,100,2,474.24,474.24,0
CLM_80218,W_d7c92b49ddff2b6b,ZONE_DEL_01,2026-07-06,2026-07-10 19:36:00,EVT_ZONE_DEL_01_20260706,3.28,DEV_9862a3887e34,1,False,0.01,2616,2,2505.78,0.0,1
CLM_80219,W_d7c92b49ddff2b6b,ZONE_DEL_01,2026-07-20,2026-07-25 00:05:00,EVT_ZONE_DEL_01_20260720,0.35,DEV_9862a3887e34,1,False,0.06,5,1,831.18,831.18,0
CLM_80220,W_d7c92b49ddff2b6b,ZONE_DEL_01,2026-08-03,2026-08-06 14:44:00,EVT_ZONE_DEL_01_20260803,0.89,DEV_9862a3887e34,1,False,0.05,2324,2,2723.88,0.0,1
CLM_80221,W_d7c92b49ddff2b6b,ZONE_DEL_01,2026-08-17,2026-08-22 00:31:00,EVT_ZONE_DEL_01_20260817,0.43,DEV_9862a3887e34,1,False,0.0,31,2,370.36,370.36,0
CLM_80222,W_19ad745c3995d6f0,ZONE_BOM_01,2026-06-29,2026-07-04 00:06:00,EVT_ZONE_BOM_01_20260629,0.65,DEV_2daf20211d7a,1,False,0.09,6,2,1309.05,1309.05,0
CLM_80223,W_19ad745c3995d6f0,ZONE_BOM_01,2026-07-06,2026-07-07 00:06:00,EVT_ZONE_BOM_01_20260706,0.74,DEV_2daf20211d7a,1,False,0.78,6,3,1135.11,0.0,1
CLM_80224,W_19ad745c3995d6f0,ZONE_BOM_01,2026-07-13,2026-07-15 00:17:00,EVT_ZONE_BOM_01_20260713,0.02,DEV_2daf20211d7a,1,False,0.08,17,1,575.18,575.18,0
CLM_80225,W_19ad745c3995d6f0,ZONE_BOM_01,2026-07-20,2026-07-23 00:46:00,EVT_ZONE_BOM_01_20260720,0.51,DEV_2daf20211d7a,1,False,0.07,46,2,1315.22,1315.22,0
CLM_80226,W_19ad745c3995d6f0,ZONE_BOM_01,2026-07-27,2026-08-01 00:06:00,EVT_ZONE_BOM_01_20260727,1.49,DEV_2daf20211d7a,1,False,0.02,6,2,589.28,589.28,0
CLM_80227,W_19ad745c3995d6f0,ZONE_BOM_01,2026-08-03,2026-08-06 00:38:00,EVT_ZONE_BOM_01_20260803,0.08,DEV_2daf20211d7a,1,False,0.05,38,1,600.61,600.61,0
CLM_80228,W_19ad745c3995d6f0,ZONE_BOM_01,2026-08-10,2026-08-12 00:05:00,EVT_ZONE_BOM_01_20260810,1.77,DEV_2daf20211d7a,1,False,0.08,5,1,230.78,230.78,0
CLM_80229,W_19ad745c3995d6f0,ZONE_BOM_01,2026-08-17,2026-08-19 00:22:00,EVT_ZONE_BOM_01_20260817,1.87,DEV_2daf20211d7a,1,False,0.04,22,1,847.59,847.59,0
CLM_80230,W_e4d6b1a96865b125,ZONE_BOM_01,2026-06-29,2026-07-01 00:51:00,EVT_ZONE_BOM_01_20260629,0.22,DEV_763c19d0e975,1,False,0.03,51,3,3891.81,3891.81,0
CLM_80231,W_e4d6b1a96865b125,ZONE_BOM_01,2026-07-06,2026-07-08 01:11:00,EVT_ZONE_BOM_01_20260706,1.36,DEV_763c19d0e975,1,False,0.0,71,1,3265.63,3265.63,0
CLM_80232,W_e4d6b1a96865b125,ZONE_BOM_01,2026-07-13,2026-07-18 00:07:00,EVT_ZONE_BOM_01_20260713,0.29,DEV_763c19d0e975,1,False,0.06,7,2,1532.71,1532.71,0
CLM_80233,W_e4d6b1a96865b125,ZONE_BOM_01,2026-07-20,2026-07-25 00:36:00,EVT_ZONE_BOM_01_20260720,1.71,DEV_763c19d0e975,1,False,0.06,36,2,3857.84,3857.84,0
CLM_80234,W_e4d6b1a96865b125,ZONE_BOM_01,2026-07-27,2026-07-29 19:03:00,EVT_ZONE_BOM_01_20260727,2.52,DEV_763c19d0e975,1,False,0.02,1143,1,1786.48,0.0,1
CLM_80235,W_e4d6b1a96865b125,ZONE_BOM_01,2026-08-03,2026-08-07 02:02:00,EVT_ZONE_BOM_01_20260803,2.74,DEV_763c19d0e975,1,False,0.03,122,1,1728.24,1728.24,0
CLM_80236,W_e4d6b1a96865b125,ZONE_BOM_01,2026-08-10,2026-08-11 00:13:00,EVT_ZONE_BOM_01_20260810,0.87,DEV_763c19d0e975,1,False,0.05,13,1,1110.24,1110.24,0
CLM_80237,W_e4d6b1a96865b125,ZONE_BOM_01,2026-08-17,2026-08-22 00:15:00,EVT_ZONE_BOM_01_20260817,0.4,DEV_763c19d0e975,1,False,0.03,15,3,2439.99,2439.99,0
CLM_80238,W_0be024ebb1180e4f,ZONE_MAA_01,2026-07-06,2026-07-08 01:44:00,EVT_ZONE_MAA_01_20260706,3.52,DEV_6c5f0dd2186a,1,False,0.65,104,2,396.33,0.0,1
CLM_80239,W_0be024ebb1180e4f,ZONE_MAA_01,2026-09-14,2026-09-18 00:28:00,EVT_ZONE_MAA_01_20260914,0.19,DEV_6c5f0dd2186a,1,False,0.01,28,3,548.13,548.13,0
CLM_80240,W_7409fa98753c15e8,ZONE_BLR_01,2026-06-29,2026-07-03 00:07:00,EVT_ZONE_BLR_01_20260629,0.71,DEV_88643d5364a9,1,False,0.09,7,2,556.17,556.17,0
CLM_80241,W_7409fa98753c15e8,ZONE_BLR_01,2026-07-20,2026-07-23 00:28:00,EVT_ZONE_BLR_01_20260720,32.72,DEV_88643d5364a9,1,False,0.09,28,4,542.85,0.0,1
CLM_80242,W_7409fa98753c15e8,ZONE_BLR_01,2026-08-03,2026-08-06 00:41:00,EVT_ZONE_BLR_01_20260803,0.56,DEV_88643d5364a9,1,False,0.1,41,6,798.74,798.74,0
CLM_80243,W_7409fa98753c15e8,ZONE_BLR_01,2026-08-17,2026-08-20 00:14:00,EVT_ZONE_BLR_01_20260817,5.43,DEV_88643d5364a9,1,False,0.08,14,2,322.02,322.02,0
CLM_80244,W_e9981c8467200278,ZONE_HYD_01,2026-07-13,2026-07-18 00:51:00,EVT_ZONE_HYD_01_20260713,0.17,DEV_da5efa67886e,1,False,0.08,51,3,220.74,220.74,0
CLM_80245,W_e9981c8467200278,ZONE_HYD_01,2026-07-27,2026-07-30 00:43:00,EVT_ZONE_HYD_01_20260727,1.0,DEV_da5efa67886e,1,False,0.03,43,2,337.96,337.96,0
CLM_80246,W_e9981c8467200278,ZONE_HYD_01,2026-08-17,2026-08-21 00:47:00,EVT_ZONE_HYD_01_20260817,0.83,DEV_da5efa67886e,1,False,0.04,47,2,328.99,328.99,0
CLM_80247,W_e9981c8467200278,ZONE_HYD_01,2026-09-07,2026-09-12 00:24:00,EVT_ZONE_HYD_01_20260907,0.87,DEV_da5efa67886e,1,False,0.03,24,1,269.68,269.68,0
CLM_80248,W_fa55d937b339bd13,ZONE_DEL_01,2026-06-29,2026-07-02 01:05:00,EVT_ZONE_DEL_01_20260629,0.85,DEV_d335794ab5c7,1,False,0.08,65,5,355.7,355.7,0
CLM_80249,W_fa55d937b339bd13,ZONE_DEL_01,2026-07-06,2026-07-09 00:17:00,EVT_ZONE_DEL_01_20260706,1.82,DEV_d335794ab5c7,1,False,0.1,17,2,2578.21,2578.21,0
CLM_80250,W_fa55d937b339bd13,ZONE_DEL_01,2026-07-20,2026-07-22 00:26:00,EVT_ZONE_DEL_01_20260720,0.92,DEV_d335794ab5c7,1,False,0.06,26,2,816.45,816.45,0
CLM_80251,W_fa55d937b339bd13,ZONE_DEL_01,2026-08-03,2026-08-04 03:50:00,EVT_ZONE_DEL_01_20260803,1.2,DEV_d335794ab5c7,1,False,0.0,230,2,1783.4,1783.4,0
CLM_80252,W_fa55d937b339bd13,ZONE_DEL_01,2026-08-17,2026-08-21 00:54:00,EVT_ZONE_DEL_01_20260817,0.19,DEV_d335794ab5c7,1,False,0.09,54,2,569.32,569.32,0
CLM_80253,W_e02e72a23df33b08,ZONE_BLR_01,2026-06-29,2026-06-30 00:13:00,EVT_ZONE_BLR_01_20260629,0.09,DEV_49574878c863,1,False,0.09,13,3,542.86,542.86,0
CLM_80254,W_e02e72a23df33b08,ZONE_BLR_01,2026-07-20,2026-07-23 00:05:00,EVT_ZONE_BLR_01_20260720,0.05,DEV_49574878c863,1,False,0.03,5,2,629.53,629.53,0
CLM_80255,W_e02e72a23df33b08,ZONE_BLR_01,2026-08-03,2026-08-05 00:05:00,EVT_ZONE_BLR_01_20260803,0.64,DEV_49574878c863,1,False,0.06,5,3,753.18,753.18,0
CLM_80256,W_e02e72a23df33b08,ZONE_BLR_01,2026-08-17,2026-08-21 00:11:00,EVT_ZONE_BLR_01_20260817,0.4,DEV_49574878c863,1,False,0.06,11,4,434.34,434.34,0
CLM_80257,W_69390287654665b0,ZONE_DEL_01,2026-06-29,2026-07-02 00:55:00,EVT_ZONE_DEL_01_20260629,0.85,DEV_e611fcb6bdfe,1,False,0.07,55,4,676.21,676.21,0
CLM_80258,W_69390287654665b0,ZONE_DEL_01,2026-07-06,2026-07-11 00:56:00,EVT_ZONE_DEL_01_20260706,0.22,DEV_e611fcb6bdfe,1,False,0.07,56,2,3267.36,3267.36,0
CLM_80259,W_69390287654665b0,ZONE_DEL_01,2026-07-20,2026-07-25 00:16:00,EVT_ZONE_DEL_01_20260720,0.64,DEV_e611fcb6bdfe,1,False,0.09,16,5,894.03,894.03,0
CLM_80260,W_69390287654665b0,ZONE_DEL_01,2026-08-03,2026-08-08 00:12:00,EVT_ZONE_DEL_01_20260803,0.75,DEV_e611fcb6bdfe,1,False,0.08,12,2,2680.95,2680.95,0
CLM_80261,W_69390287654665b0,ZONE_DEL_01,2026-08-17,2026-08-19 00:27:00,EVT_ZONE_DEL_01_20260817,0.11,DEV_e611fcb6bdfe,1,False,0.01,27,3,696.82,696.82,0
CLM_80262,W_3eedf2345c580b41,ZONE_MAA_01,2026-07-06,2026-07-07 01:31:00,EVT_ZONE_MAA_01_20260706,0.23,DEV_1eb2ac2c246c,1,False,0.05,91,1,805.08,805.08,0
CLM_80263,W_3eedf2345c580b41,ZONE_MAA_01,2026-09-14,2026-09-18 00:41:00,EVT_ZONE_MAA_01_20260914,1.66,DEV_1eb2ac2c246c,1,False,0.01,41,1,582.9,582.9,0
CLM_80264,W_427b5c492ddd6098,ZONE_DEL_01,2026-06-29,2026-07-02 01:15:00,EVT_ZONE_DEL_01_20260629,0.31,DEV_301677271d77,1,False,0.01,75,2,595.6,595.6,0
CLM_80265,W_427b5c492ddd6098,ZONE_DEL_01,2026-07-06,2026-07-11 00:08:00,EVT_ZONE_DEL_01_20260706,0.72,DEV_301677271d77,1,False,0.06,8,2,2695.27,2695.27,0
CLM_80266,W_427b5c492ddd6098,ZONE_DEL_01,2026-07-20,2026-07-24 01:16:00,EVT_ZONE_DEL_01_20260720,41.28,DEV_301677271d77,1,False,0.07,76,1,1002.96,0.0,1
CLM_80267,W_427b5c492ddd6098,ZONE_DEL_01,2026-08-03,2026-08-06 01:24:00,EVT_ZONE_DEL_01_20260803,3.32,DEV_301677271d77,1,False,0.03,84,1,2329.03,2329.03,0
CLM_80268,W_427b5c492ddd6098,ZONE_DEL_01,2026-08-17,2026-08-18 00:17:00,EVT_ZONE_DEL_01_20260817,0.05,DEV_301677271d77,1,False,0.05,17,3,433.56,433.56,0
CLM_80269,W_704ed00ce5f65bc7,ZONE_HYD_01,2026-07-13,2026-07-18 01:58:00,EVT_ZONE_HYD_01_20260713,0.36,DEV_94bed30f2420,1,False,0.09,118,3,502.66,502.66,0
CLM_80270,W_704ed00ce5f65bc7,ZONE_HYD_01,2026-07-27,2026-07-29 01:05:00,EVT_ZONE_HYD_01_20260727,1.78,DEV_94bed30f2420,1,False,0.08,65,2,1746.07,1746.07,0
CLM_80271,W_704ed00ce5f65bc7,ZONE_HYD_01,2026-08-17,2026-08-18 00:08:00,EVT_ZONE_HYD_01_20260817,1.19,DEV_94bed30f2420,1,False,0.06,8,4,777.32,777.32,0
CLM_80272,W_704ed00ce5f65bc7,ZONE_HYD_01,2026-09-07,2026-09-12 00:39:00,EVT_ZONE_HYD_01_20260907,1.38,DEV_94bed30f2420,1,False,0.08,39,2,699.61,699.61,0
CLM_80273,W_36ef6d1e1def4cde,ZONE_MAA_01,2026-07-06,2026-07-11 01:32:00,EVT_ZONE_MAA_01_20260706,0.65,DEV_1dda06d5698b,1,False,0.09,92,3,628.74,628.74,0
CLM_80274,W_36ef6d1e1def4cde,ZONE_MAA_01,2026-09-14,2026-09-18 00:16:00,EVT_ZONE_MAA_01_20260914,0.87,DEV_1dda06d5698b,1,False,0.04,16,4,425.42,425.42,0
CLM_80275,W_d7d3177e85e4dccd,ZONE_HYD_01,2026-07-13,2026-07-16 00:26:00,EVT_ZONE_HYD_01_20260713,0.37,DEV_c4a46b22c8f5,1,False,0.0,26,2,691.96,691.96,0
CLM_80276,W_d7d3177e85e4dccd,ZONE_HYD_01,2026-07-27,2026-07-31 01:50:00,EVT_ZONE_HYD_01_20260727,0.87,DEV_c4a46b22c8f5,1,False,0.04,110,2,644.98,644.98,0
CLM_80277,W_d7d3177e85e4dccd,ZONE_HYD_01,2026-08-17,2026-08-21 01:53:00,EVT_ZONE_HYD_01_20260817,0.36,DEV_c4a46b22c8f5,1,False,0.03,113,1,937.46,937.46,0
CLM_80278,W_d7d3177e85e4dccd,ZONE_HYD_01,2026-09-07,2026-09-11 01:58:00,EVT_ZONE_HYD_01_20260907,0.96,DEV_c4a46b22c8f5,1,False,0.07,118,2,619.77,619.77,0
CLM_80279,W_83dfd05e11e962e8,ZONE_MAA_01,2026-07-06,2026-07-11 00:51:00,EVT_ZONE_MAA_01_20260706,1.89,DEV_195cc910e7d9,1,False,0.0,51,1,706.62,706.62,0
CLM_80280,W_83dfd05e11e962e8,ZONE_MAA_01,2026-09-14,2026-09-18 02:10:00,EVT_ZONE_MAA_01_20260914,1.88,DEV_195cc910e7d9,1,False,0.03,130,3,714.52,714.52,0
CLM_80281,W_fffc6daf42faa934,ZONE_MAA_01,2026-07-06,2026-07-11 00:14:00,EVT_ZONE_MAA_01_20260706,0.48,DEV_1b346735810f,1,False,0.02,14,3,539.73,539.73,0
CLM_80282,W_fffc6daf42faa934,ZONE_MAA_01,2026-09-14,2026-09-17 00:08:00,EVT_ZONE_MAA_01_20260914,0.32,DEV_1b346735810f,1,False,0.1,8,3,474.68,474.68,0
CLM_80283,W_048e554423539f57,ZONE_BOM_01,2026-06-29,2026-07-03 02:13:00,EVT_ZONE_BOM_01_20260629,2.26,DEV_3dca3d1ed9fb,1,False,0.06,133,2,4040.74,4040.74,0
CLM_80284,W_048e554423539f57,ZONE_BOM_01,2026-07-06,2026-07-08 00:32:00,EVT_ZONE_BOM_01_20260706,1.56,DEV_3dca3d1ed9fb,1,False,0.0,32,1,3697.83,3697.83,0
CLM_80285,W_048e554423539f57,ZONE_BOM_01,2026-07-13,2026-07-16 00:10:00,EVT_ZONE_BOM_01_20260713,2.98,DEV_3dca3d1ed9fb,1,False,0.01,10,1,1824.37,1824.37,0
CLM_80286,W_048e554423539f57,ZONE_BOM_01,2026-07-20,2026-07-25 00:23:00,EVT_ZONE_BOM_01_20260720,1.82,DEV_3dca3d1ed9fb,1,False,0.02,23,4,4075.83,4075.83,0
CLM_80287,W_048e554423539f57,ZONE_BOM_01,2026-07-27,2026-07-28 01:04:00,EVT_ZONE_BOM_01_20260727,1.5,DEV_3dca3d1ed9fb,1,False,0.04,64,1,2368.63,2368.63,0
CLM_80288,W_048e554423539f57,ZONE_BOM_01,2026-08-03,2026-08-05 00:32:00,EVT_ZONE_BOM_01_20260803,3.72,DEV_3dca3d1ed9fb,1,False,0.05,32,2,1839.87,1839.87,0
CLM_80289,W_048e554423539f57,ZONE_BOM_01,2026-08-10,2026-08-15 00:22:00,EVT_ZONE_BOM_01_20260810,1.58,DEV_3dca3d1ed9fb,1,False,0.04,22,4,1047.66,1047.66,0
CLM_80290,W_048e554423539f57,ZONE_BOM_01,2026-08-17,2026-08-18 00:14:00,EVT_ZONE_BOM_01_20260817,1.84,DEV_3dca3d1ed9fb,1,False,0.06,14,2,2707.52,2707.52,0
CLM_80291,W_a2433eb122c14254,ZONE_BOM_01,2026-06-29,2026-06-30 01:47:00,EVT_ZONE_BOM_01_20260629,0.73,DEV_4aaaab6284eb,1,False,0.02,107,1,2797.47,2797.47,0
CLM_80292,W_a2433eb122c14254,ZONE_BOM_01,2026-07-06,2026-07-09 00:14:00,EVT_ZONE_BOM_01_20260706,3.15,DEV_4aaaab6284eb,1,False,0.0,14,1,2791.66,2791.66,0
CLM_80293,W_a2433eb122c14254,ZONE_BOM_01,2026-07-13,2026-07-16 03:08:00,EVT_ZONE_BOM_01_20260713,0.34,DEV_4aaaab6284eb,1,False,0.04,188,1,1226.53,1226.53,0
CLM_80294,W_a2433eb122c14254,ZONE_BOM_01,2026-07-20,2026-07-23 01:01:00,EVT_ZONE_BOM_01_20260720,1.88,DEV_4aaaab6284eb,1,False,0.01,61,3,2765.99,2765.99,0
CLM_80295,W_a2433eb122c14254,ZONE_BOM_01,2026-07-27,2026-07-29 00:52:00,EVT_ZONE_BOM_01_20260727,0.8,DEV_4aaaab6284eb,1,False,0.1,52,2,2068.16,2068.16,0
CLM_80296,W_a2433eb122c14254,ZONE_BOM_01,2026-08-03,2026-08-08 00:05:00,EVT_ZONE_BOM_01_20260803,1.6,DEV_4aaaab6284eb,1,False,0.06,5,1,1355.22,1355.22,0
CLM_80297,W_a2433eb122c14254,ZONE_BOM_01,2026-08-10,2026-08-12 00:56:00,EVT_ZONE_BOM_01_20260810,1.21,DEV_4aaaab6284eb,1,False,0.03,56,2,1321.82,1321.82,0
CLM_80298,W_a2433eb122c14254,ZONE_BOM_01,2026-08-17,2026-08-19 00:48:00,EVT_ZONE_BOM_01_20260817,0.77,DEV_4aaaab6284eb,1,False,0.01,48,2,1800.8,1800.8,0
CLM_80299,W_0b08262ea0d9ba65,ZONE_BOM_01,2026-06-29,2026-07-03 00:45:00,EVT_ZONE_BOM_01_20260629,0.06,DEV_844f3a279e25,1,False,0.09,45,2,3030.83,3030.83,0
CLM_80300,W_0b08262ea0d9ba65,ZONE_BOM_01,2026-07-06,2026-07-08 01:41:00,EVT_ZONE_BOM_01_20260706,0.12,DEV_844f3a279e25,1,False,0.08,101,1,2767.95,2767.95,0
CLM_80301,W_0b08262ea0d9ba65,ZONE_BOM_01,2026-07-13,2026-07-17 01:40:00,EVT_ZONE_BOM_01_20260713,2.31,DEV_844f3a279e25,1,False,0.08,100,3,1375.5,1375.5,0
CLM_80302,W_0b08262ea0d9ba65,ZONE_BOM_01,2026-07-20,2026-07-22 01:14:00,EVT_ZONE_BOM_01_20260720,2.13,DEV_844f3a279e25,1,False,0.04,74,3,3015.48,3015.48,0
CLM_80303,W_0b08262ea0d9ba65,ZONE_BOM_01,2026-07-27,2026-07-28 00:59:00,EVT_ZONE_BOM_01_20260727,0.28,DEV_844f3a279e25,1,False,0.08,59,3,2201.44,2201.44,0
CLM_80304,W_0b08262ea0d9ba65,ZONE_BOM_01,2026-08-03,2026-08-04 01:23:00,EVT_ZONE_BOM_01_20260803,0.56,DEV_844f3a279e25,1,False,0.09,83,2,1746.46,1746.46,0
CLM_80305,W_0b08262ea0d9ba65,ZONE_BOM_01,2026-08-10,2026-08-13 00:58:00,EVT_ZONE_BOM_01_20260810,0.5,DEV_844f3a279e25,1,False,0.07,58,3,966.46,966.46,0
CLM_80306,W_0b08262ea0d9ba65,ZONE_BOM_01,2026-08-17,2026-08-19 13:50:00,EVT_ZONE_BOM_01_20260817,4.04,DEV_844f3a279e25,1,False,0.08,2270,2,2175.63,0.0,1
CLM_80307,W_a7088775dee01a79,ZONE_DEL_01,2026-06-29,2026-07-02 02:13:00,EVT_ZONE_DEL_01_20260629,0.75,DEV_c3ef54afaf24,1,False,0.06,133,2,472.97,472.97,0
CLM_80308,W_a7088775dee01a79,ZONE_DEL_01,2026-07-06,2026-07-07 00:30:00,EVT_ZONE_DEL_01_20260706,0.67,DEV_c3ef54afaf24,1,False,0.03,30,1,3154.59,3154.59,0
CLM_80309,W_a7088775dee01a79,ZONE_DEL_01,2026-07-20,2026-07-23 02:08:00,EVT_ZONE_DEL_01_20260720,1.05,DEV_c3ef54afaf24,1,False,0.06,128,2,1093.17,1093.17,0
CLM_80310,W_a7088775dee01a79,ZONE_DEL_01,2026-08-03,2026-08-07 00:52:00,EVT_ZONE_DEL_01_20260803,36.8,DEV_c3ef54afaf24,1,False,0.07,52,3,2936.41,0.0,1
CLM_80311,W_a7088775dee01a79,ZONE_DEL_01,2026-08-17,2026-08-18 00:47:00,EVT_ZONE_DEL_01_20260817,0.62,DEV_c3ef54afaf24,1,False,0.07,47,2,483.1,483.1,0
CLM_80312,W_b5465b8ea3e6c59b,ZONE_BOM_01,2026-06-29,2026-07-04 00:14:00,EVT_ZONE_BOM_01_20260629,0.71,DEV_3c3befaea94e,1,False,0.09,14,1,3471.66,3471.66,0
CLM_80313,W_b5465b8ea3e6c59b,ZONE_BOM_01,2026-07-06,2026-07-10 01:09:00,EVT_ZONE_BOM_01_20260706,1.42,DEV_3c3befaea94e,1,False,0.02,69,1,3017.32,3017.32,0
CLM_80314,W_b5465b8ea3e6c59b,ZONE_BOM_01,2026-07-13,2026-07-17 00:11:00,EVT_ZONE_BOM_01_20260713,1.43,DEV_3c3befaea94e,1,False,0.09,11,4,1514.46,1514.46,0
CLM_80315,W_b5465b8ea3e6c59b,ZONE_BOM_01,2026-07-20,2026-07-24 22:01:00,EVT_ZONE_BOM_01_20260720,0.77,DEV_3c3befaea94e,1,False,0.0,1321,1,3430.89,0.0,1
CLM_80316,W_b5465b8ea3e6c59b,ZONE_BOM_01,2026-07-27,2026-07-30 00:13:00,EVT_ZONE_BOM_01_20260727,0.15,DEV_3c3befaea94e,1,False,0.09,13,2,1454.4,1454.4,0
CLM_80317,W_b5465b8ea3e6c59b,ZONE_BOM_01,2026-08-03,2026-08-07 00:22:00,EVT_ZONE_BOM_01_20260803,0.66,DEV_3c3befaea94e,1,False,0.08,22,3,1177.76,1177.76,0
CLM_80318,W_b5465b8ea3e6c59b,ZONE_BOM_01,2026-08-10,2026-08-14 11:27:00,EVT_ZONE_BOM_01_20260810,0.47,DEV_3c3befaea94e,1,False,0.03,2127,3,1146.49,0.0,1
CLM_80319,W_b5465b8ea3e6c59b,ZONE_BOM_01,2026-08-17,2026-08-21 00:56:00,EVT_ZONE_BOM_01_20260817,0.56,DEV_3c3befaea94e,1,False,0.09,56,2,1879.6,1879.6,0
CLM_80320,W_14b3cf65a0556b53,ZONE_BLR_01,2026-06-29,2026-06-30 00:20:00,EVT_ZONE_BLR_01_20260629,2.02,DEV_2ec46cffc397,1,False,0.04,20,2,351.39,351.39,0
CLM_80321,W_14b3cf65a0556b53,ZONE_BLR_01,2026-07-20,2026-07-24 14:34:00,EVT_ZONE_BLR_01_20260720,2.36,DEV_2ec46cffc397,1,False,0.09,874,2,278.32,0.0,1
CLM_80322,W_14b3cf65a0556b53,ZONE_BLR_01,2026-08-03,2026-08-04 00:25:00,EVT_ZONE_BLR_01_20260803,0.93,DEV_2ec46cffc397,1,False,0.01,25,3,382.26,382.26,0
CLM_80323,W_14b3cf65a0556b53,ZONE_BLR_01,2026-08-17,2026-08-21 00:44:00,EVT_ZONE_BLR_01_20260817,0.58,DEV_2ec46cffc397,1,False,0.04,44,2,251.48,251.48,0
CLM_80324,W_fa42c58b8e9f42f3,ZONE_HYD_01,2026-07-13,2026-07-14 01:44:00,EVT_ZONE_HYD_01_20260713,41.74,DEV_a10e657b30b6,1,False,0.04,104,2,246.83,0.0,1
CLM_80325,W_fa42c58b8e9f42f3,ZONE_HYD_01,2026-07-27,2026-07-28 00:06:00,EVT_ZONE_HYD_01_20260727,0.63,DEV_a10e657b30b6,1,False,0.0,6,2,386.97,386.97,0
CLM_80326,W_fa42c58b8e9f42f3,ZONE_HYD_01,2026-08-17,2026-08-20 00:26:00,EVT_ZONE_HYD_01_20260817,1.89,DEV_a10e657b30b6,1,False,0.07,26,3,367.3,367.3,0
CLM_80327,W_fa42c58b8e9f42f3,ZONE_HYD_01,2026-09-07,2026-09-12 00:17:00,EVT_ZONE_HYD_01_20260907,0.61,DEV_a10e657b30b6,1,False,0.09,17,3,267.62,267.62,0
CLM_80328,W_01624169e6774b8c,ZONE_MAA_01,2026-07-06,2026-07-07 00:15:00,EVT_ZONE_MAA_01_20260706,0.48,DEV_5a77238ac2da,1,False,0.97,15,2,405.79,0.0,1
CLM_80329,W_01624169e6774b8c,ZONE_MAA_01,2026-09-14,2026-09-17 00:18:00,EVT_ZONE_MAA_01_20260914,2.78,DEV_5a77238ac2da,1,False,0.05,18,2,359.33,359.33,0
CLM_80330,W_25440c2551afb2ba,ZONE_DEL_01,2026-06-29,2026-07-01 00:17:00,EVT_ZONE_DEL_01_20260629,1.19,DEV_98f8c0a3d6f9,1,False,0.0,17,2,576.63,576.63,0
CLM_80331,W_25440c2551afb2ba,ZONE_DEL_01,2026-07-06,2026-07-07 00:13:00,EVT_ZONE_DEL_01_20260706,0.84,DEV_98f8c0a3d6f9,1,False,0.07,13,1,2789.24,2789.24,0
CLM_80332,W_25440c2551afb2ba,ZONE_DEL_01,2026-07-20,2026-07-25 01:06:00,EVT_ZONE_DEL_01_20260720,2.33,DEV_98f8c0a3d6f9,1,False,0.02,66,2,1159.78,1159.78,0
CLM_80333,W_25440c2551afb2ba,ZONE_DEL_01,2026-08-03,2026-08-08 02:35:00,EVT_ZONE_DEL_01_20260803,4.76,DEV_98f8c0a3d6f9,1,False,0.06,155,3,2804.84,2804.84,0
CLM_80334,W_25440c2551afb2ba,ZONE_DEL_01,2026-08-17,2026-08-22 02:36:00,EVT_ZONE_DEL_01_20260817,1.66,DEV_98f8c0a3d6f9,1,False,0.07,156,2,467.19,467.19,0
CLM_80335,W_a67e67df3e474a61,ZONE_HYD_01,2026-07-13,2026-07-14 00:47:00,EVT_ZONE_HYD_01_20260713,0.49,DEV_9f476f11ce6c,1,False,0.05,47,2,208.84,208.84,0
CLM_80336,W_a67e67df3e474a61,ZONE_HYD_01,2026-07-27,2026-07-29 01:15:00,EVT_ZONE_HYD_01_20260727,2.17,DEV_9f476f11ce6c,1,False,0.04,75,5,421.57,421.57,0
CLM_80337,W_a67e67df3e474a61,ZONE_HYD_01,2026-08-17,2026-08-22 03:26:00,EVT_ZONE_HYD_01_20260817,2.48,DEV_9f476f11ce6c,1,False,0.1,1646,1,372.57,0.0,1
CLM_80338,W_a67e67df3e474a61,ZONE_HYD_01,2026-09-07,2026-09-08 00:40:00,EVT_ZONE_HYD_01_20260907,2.58,DEV_9f476f11ce6c,1,False,0.04,40,3,298.78,298.78,0
CLM_80339,W_74c5dc4729a717f3,ZONE_BLR_01,2026-06-29,2026-07-03 00:06:00,EVT_ZONE_BLR_01_20260629,0.24,DEV_c9bcbfad7a47,1,False,0.07,6,1,206.96,206.96,0
CLM_80340,W_74c5dc4729a717f3,ZONE_BLR_01,2026-07-20,2026-07-23 01:16:00,EVT_ZONE_BLR_01_20260720,22.71,DEV_c9bcbfad7a47,1,False,0.07,76,3,276.05,0.0,1
CLM_80341,W_74c5dc4729a717f3,ZONE_BLR_01,2026-08-03,2026-08-07 12:47:00,EVT_ZONE_BLR_01_20260803,0.63,DEV_c9bcbfad7a47,1,False,0.03,2207,1,482.19,0.0,1
CLM_80342,W_74c5dc4729a717f3,ZONE_BLR_01,2026-08-17,2026-08-20 00:18:00,EVT_ZONE_BLR_01_20260817,0.89,DEV_c9bcbfad7a47,1,False,0.85,18,2,214.94,0.0,1
CLM_80343,W_4122300498fcabb0,ZONE_BLR_01,2026-06-29,2026-07-04 00:08:00,EVT_ZONE_BLR_01_20260629,0.84,DEV_ffee320084a8,1,False,0.06,8,2,413.55,413.55,0
CLM_80344,W_4122300498fcabb0,ZONE_BLR_01,2026-07-20,2026-07-23 01:08:00,EVT_ZONE_BLR_01_20260720,1.05,DEV_ffee320084a8,1,False,0.09,68,4,530.82,530.82,0
CLM_80345,W_4122300498fcabb0,ZONE_BLR_01,2026-08-03,2026-08-08 00:20:00,EVT_ZONE_BLR_01_20260803,2.42,DEV_ffee320084a8,1,False,0.05,20,1,503.4,503.4,0
CLM_80346,W_4122300498fcabb0,ZONE_BLR_01,2026-08-17,2026-08-19 00:40:00,EVT_ZONE_BLR_01_20260817,0.29,DEV_ffee320084a8,1,False,0.08,40,1,454.08,454.08,0
CLM_80347,W_4caaa9b9adefcce3,ZONE_DEL_01,2026-06-29,2026-07-03 04:48:00,EVT_ZONE_DEL_01_20260629,0.17,DEV_6f55cce10c62,1,False,0.03,288,4,656.77,656.77,0
CLM_80348,W_4caaa9b9adefcce3,ZONE_DEL_01,2026-07-06,2026-07-07 00:05:00,EVT_ZONE_DEL_01_20260706,0.55,DEV_6f55cce10c62,1,False,0.07,5,2,2812.02,2812.02,0
CLM_80349,W_4caaa9b9adefcce3,ZONE_DEL_01,2026-07-20,2026-07-22 01:06:00,EVT_ZONE_DEL_01_20260720,1.77,DEV_6f55cce10c62,1,False,0.02,66,3,709.54,709.54,0
CLM_80350,W_4caaa9b9adefcce3,ZONE_DEL_01,2026-08-03,2026-08-05 00:12:00,EVT_ZONE_DEL_01_20260803,0.75,DEV_6f55cce10c62,1,False,0.03,12,3,2347.07,2347.07,0
CLM_80351,W_4caaa9b9adefcce3,ZONE_DEL_01,2026-08-17,2026-08-20 01:43:00,EVT_ZONE_DEL_01_20260817,1.66,DEV_6f55cce10c62,1,False,0.06,103,4,595.68,595.68,0
CLM_80352,W_288eecdb59811787,ZONE_MAA_01,2026-07-06,2026-07-08 00:30:00,EVT_ZONE_MAA_01_20260706,2.08,DEV_3e442575aadb,1,False,0.03,30,3,355.28,355.28,0
CLM_80353,W_288eecdb59811787,ZONE_MAA_01,2026-09-14,2026-09-15 03:23:00,EVT_ZONE_MAA_01_20260914,2.39,DEV_3e442575aadb,1,False,0.01,203,2,295.04,295.04,0
CLM_80354,W_30c19def9adcb74f,ZONE_BLR_01,2026-06-29,2026-07-01 01:23:00,EVT_ZONE_BLR_01_20260629,0.71,DEV_cf61b686d133,1,False,0.02,83,5,832.87,832.87,0
CLM_80355,W_30c19def9adcb74f,ZONE_BLR_01,2026-07-20,2026-07-23 00:56:00,EVT_ZONE_BLR_01_20260720,0.09,DEV_cf61b686d133,1,False,0.07,56,2,502.45,502.45,0
CLM_80356,W_30c19def9adcb74f,ZONE_BLR_01,2026-08-03,2026-08-06 00:19:00,EVT_ZONE_BLR_01_20260803,0.63,DEV_cf61b686d133,1,False,0.01,19,5,751.76,751.76,0
CLM_80357,W_30c19def9adcb74f,ZONE_BLR_01,2026-08-17,2026-08-21 02:51:00,EVT_ZONE_BLR_01_20260817,1.68,DEV_cf61b686d133,1,False,0.09,171,2,477.24,477.24,0
CLM_80358,W_2ab23fbe3087d5c4,ZONE_BOM_01,2026-06-29,2026-07-01 00:45:00,EVT_ZONE_BOM_01_20260629,1.71,DEV_96a1ea14080a,1,False,0.09,45,2,1455.37,1455.37,0
CLM_80359,W_2ab23fbe3087d5c4,ZONE_BOM_01,2026-07-06,2026-07-11 03:02:00,EVT_ZONE_BOM_01_20260706,0.35,DEV_96a1ea14080a,1,False,0.03,182,3,1128.53,1128.53,0
CLM_80360,W_2ab23fbe3087d5c4,ZONE_BOM_01,2026-07-13,2026-07-17 00:11:00,EVT_ZONE_BOM_01_20260713,1.27,DEV_96a1ea14080a,1,False,0.08,11,2,701.35,701.35,0
CLM_80361,W_2ab23fbe3087d5c4,ZONE_BOM_01,2026-07-20,2026-07-25 00:41:00,EVT_ZONE_BOM_01_20260720,0.32,DEV_96a1ea14080a,1,False,0.09,41,1,1463.46,1463.46,0
CLM_80362,W_2ab23fbe3087d5c4,ZONE_BOM_01,2026-07-27,2026-07-31 01:32:00,EVT_ZONE_BOM_01_20260727,2.06,DEV_96a1ea14080a,1,False,0.07,92,1,901.9,901.9,0
CLM_80363,W_2ab23fbe3087d5c4,ZONE_BOM_01,2026-08-03,2026-08-07 00:46:00,EVT_ZONE_BOM_01_20260803,1.19,DEV_96a1ea14080a,1,False,0.07,46,2,617.67,617.67,0
CLM_80364,W_2ab23fbe3087d5c4,ZONE_BOM_01,2026-08-10,2026-08-11 01:05:00,EVT_ZONE_BOM_01_20260810,0.73,DEV_96a1ea14080a,1,False,0.0,65,1,323.74,323.74,0
CLM_80365,W_2ab23fbe3087d5c4,ZONE_BOM_01,2026-08-17,2026-08-20 19:31:00,EVT_ZONE_BOM_01_20260817,2.8,DEV_96a1ea14080a,1,False,0.06,2611,2,985.89,0.0,1
CLM_80366,W_debaf724a7b4b70e,ZONE_BOM_01,2026-06-29,2026-07-04 01:04:00,EVT_ZONE_BOM_01_20260629,2.11,DEV_b78e42984b98,1,False,0.02,64,4,3389.61,3389.61,0
CLM_80367,W_debaf724a7b4b70e,ZONE_BOM_01,2026-07-06,2026-07-09 00:58:00,EVT_ZONE_BOM_01_20260706,1.78,DEV_b78e42984b98,1,False,0.1,58,3,2855.55,2855.55,0
CLM_80368,W_debaf724a7b4b70e,ZONE_BOM_01,2026-07-13,2026-07-18 00:22:00,EVT_ZONE_BOM_01_20260713,1.14,DEV_b78e42984b98,1,False,0.08,22,1,1530.91,1530.91,0
CLM_80369,W_debaf724a7b4b70e,ZONE_BOM_01,2026-07-20,2026-07-25 00:21:00,EVT_ZONE_BOM_01_20260720,1.81,DEV_b78e42984b98,1,False,0.0,21,2,3378.03,3378.03,0
CLM_80370,W_debaf724a7b4b70e,ZONE_BOM_01,2026-07-27,2026-07-31 00:20:00,EVT_ZONE_BOM_01_20260727,0.23,DEV_b78e42984b98,1,False,0.04,20,1,2029.56,2029.56,0
CLM_80371,W_debaf724a7b4b70e,ZONE_BOM_01,2026-08-03,2026-08-05 00:52:00,EVT_ZONE_BOM_01_20260803,43.67,DEV_b78e42984b98,1,False,0.05,52,2,1557.09,0.0,1
CLM_80372,W_debaf724a7b4b70e,ZONE_BOM_01,2026-08-10,2026-08-11 02:28:00,EVT_ZONE_BOM_01_20260810,37.08,DEV_b78e42984b98,1,False,0.02,148,3,777.38,0.0,1
CLM_80373,W_debaf724a7b4b70e,ZONE_BOM_01,2026-08-17,2026-08-20 02:03:00,EVT_ZONE_BOM_01_20260817,1.43,DEV_b78e42984b98,1,False,0.03,123,3,2301.22,2301.22,0
CLM_80374,W_f3201ecf78f39792,ZONE_DEL_01,2026-06-29,2026-07-03 01:07:00,EVT_ZONE_DEL_01_20260629,0.26,DEV_f1d80b45c18e,1,False,0.05,67,2,460.02,460.02,0
CLM_80375,W_f3201ecf78f39792,ZONE_DEL_01,2026-07-06,2026-07-08 01:44:00,EVT_ZONE_DEL_01_20260706,3.48,DEV_f1d80b45c18e,1,False,0.09,104,2,3003.76,3003.76,0
CLM_80376,W_f3201ecf78f39792,ZONE_DEL_01,2026-07-20,2026-07-23 01:28:00,EVT_ZONE_DEL_01_20260720,0.36,DEV_f1d80b45c18e,1,False,0.09,88,2,1256.23,1256.23,0
CLM_80377,W_f3201ecf78f39792,ZONE_DEL_01,2026-08-03,2026-08-05 00:30:00,EVT_ZONE_DEL_01_20260803,3.12,DEV_f1d80b45c18e,1,False,0.06,30,1,1992.73,1992.73,0
CLM_80378,W_f3201ecf78f39792,ZONE_DEL_01,2026-08-17,2026-08-19 00:15:00,EVT_ZONE_DEL_01_20260817,0.25,DEV_f1d80b45c18e,1,False,0.08,15,2,592.23,592.23,0
CLM_80379,W_df7d87fe5dbc220a,ZONE_DEL_01,2026-06-29,2026-06-30 01:37:00,EVT_ZONE_DEL_01_20260629,1.61,DEV_68893b3b92e7,1,False,0.0,97,1,285.44,285.44,0
CLM_80380,W_df7d87fe5dbc220a,ZONE_DEL_01,2026-07-06,2026-07-11 00:45:00,EVT_ZONE_DEL_01_20260706,4.99,DEV_68893b3b92e7,1,False,0.08,45,1,1125.54,1125.54,0
CLM_80381,W_df7d87fe5dbc220a,ZONE_DEL_01,2026-07-20,2026-07-24 02:49:00,EVT_ZONE_DEL_01_20260720,0.55,DEV_68893b3b92e7,1,False,0.1,169,1,301.31,301.31,0
CLM_80382,W_df7d87fe5dbc220a,ZONE_DEL_01,2026-08-03,2026-08-04 00:23:00,EVT_ZONE_DEL_01_20260803,0.01,DEV_68893b3b92e7,1,False,0.05,23,2,800.75,800.75,0
CLM_80383,W_df7d87fe5dbc220a,ZONE_DEL_01,2026-08-17,2026-08-18 01:00:00,EVT_ZONE_DEL_01_20260817,0.7,DEV_68893b3b92e7,1,False,0.1,60,3,166.64,166.64,0
CLM_80384,W_a5b732a3ca5b34b8,ZONE_BLR_01,2026-06-29,2026-07-02 02:19:00,EVT_ZONE_BLR_01_20260629,1.63,DEV_8ddd8c02fcde,1,False,0.01,139,2,438.19,438.19,0
CLM_80385,W_a5b732a3ca5b34b8,ZONE_BLR_01,2026-07-20,2026-07-22 00:28:00,EVT_ZONE_BLR_01_20260720,0.99,DEV_8ddd8c02fcde,1,False,0.06,28,3,688.66,688.66,0
CLM_80386,W_a5b732a3ca5b34b8,ZONE_BLR_01,2026-08-03,2026-08-05 00:59:00,EVT_ZONE_BLR_01_20260803,0.44,DEV_8ddd8c02fcde,1,False,0.04,59,2,994.35,994.35,0
CLM_80387,W_a5b732a3ca5b34b8,ZONE_BLR_01,2026-08-17,2026-08-18 00:08:00,EVT_ZONE_BLR_01_20260817,0.65,DEV_8ddd8c02fcde,1,False,0.03,8,2,714.04,714.04,0
CLM_80388,W_f498084b6dd51eef,ZONE_DEL_01,2026-06-29,2026-07-01 00:05:00,EVT_ZONE_DEL_01_20260629,1.81,DEV_7844122bc226,1,False,0.1,5,2,674.46,674.46,0
CLM_80389,W_f498084b6dd51eef,ZONE_DEL_01,2026-07-06,2026-07-09 01:26:00,EVT_ZONE_DEL_01_20260706,1.79,DEV_7844122bc226,1,False,0.07,86,1,2600.28,2600.28,0
CLM_80390,W_f498084b6dd51eef,ZONE_DEL_01,2026-07-20,2026-07-22 00:44:00,EVT_ZONE_DEL_01_20260720,0.25,DEV_7844122bc226,1,False,0.01,44,4,885.88,885.88,0
CLM_80391,W_f498084b6dd51eef,ZONE_DEL_01,2026-08-03,2026-08-06 02:02:00,EVT_ZONE_DEL_01_20260803,28.25,DEV_7844122bc226,1,False,0.03,122,2,2272.57,0.0,1
CLM_80392,W_f498084b6dd51eef,ZONE_DEL_01,2026-08-17,2026-08-18 00:37:00,EVT_ZONE_DEL_01_20260817,1.1,DEV_7844122bc226,1,False,0.0,37,2,565.57,565.57,0
CLM_80393,W_0da839274534be02,ZONE_BOM_01,2026-06-29,2026-07-02 00:52:00,EVT_ZONE_BOM_01_20260629,1.73,DEV_b9f2c1955739,1,False,0.05,52,2,2079.48,2079.48,0
CLM_80394,W_0da839274534be02,ZONE_BOM_01,2026-07-06,2026-07-09 00:32:00,EVT_ZONE_BOM_01_20260706,0.09,DEV_b9f2c1955739,1,False,0.09,32,1,1928.46,1928.46,0
CLM_80395,W_0da839274534be02,ZONE_BOM_01,2026-07-13,2026-07-14 01:40:00,EVT_ZONE_BOM_01_20260713,0.24,DEV_b9f2c1955739,1,False,0.05,100,2,878.42,878.42,0
CLM_80396,W_0da839274534be02,ZONE_BOM_01,2026-07-20,2026-07-23 00:13:00,EVT_ZONE_BOM_01_20260720,0.5,DEV_b9f2c1955739,1,False,0.06,13,4,2077.47,2077.47,0
CLM_80397,W_0da839274534be02,ZONE_BOM_01,2026-07-27,2026-07-31 01:26:00,EVT_ZONE_BOM_01_20260727,1.17,DEV_b9f2c1955739,1,False,0.1,86,2,1258.44,1258.44,0
CLM_80398,W_0da839274534be02,ZONE_BOM_01,2026-08-03,2026-08-04 00:31:00,EVT_ZONE_BOM_01_20260803,0.41,DEV_b9f2c1955739,1,False,0.05,31,3,925.93,925.93,0
CLM_80399,W_0da839274534be02,ZONE_BOM_01,2026-08-10,2026-08-13 00:10:00,EVT_ZONE_BOM_01_20260810,0.05,DEV_b9f2c1955739,1,False,0.07,10,1,1020.23,1020.23,0
CLM_80400,W_0da839274534be02,ZONE_BOM_01,2026-08-17,2026-08-22 00:28:00,EVT_ZONE_BOM_01_20260817,1.23,DEV_b9f2c1955739,1,False,0.05,28,1,1417.63,1417.63,0
CLM_80401,W_5155baf7916a96d6,ZONE_HYD_01,2026-07-13,2026-07-14 01:49:00,EVT_ZONE_HYD_01_20260713,1.78,DEV_1efdda73c4df,1,False,0.1,109,3,462.99,462.99,0
CLM_80402,W_5155baf7916a96d6,ZONE_HYD_01,2026-07-27,2026-07-28 01:06:00,EVT_ZONE_HYD_01_20260727,1.85,DEV_1efdda73c4df,1,False,0.1,66,1,1027.25,1027.25,0
CLM_80403,W_5155baf7916a96d6,ZONE_HYD_01,2026-08-17,2026-08-19 01:24:00,EVT_ZONE_HYD_01_20260817,1.01,DEV_1efdda73c4df,1,False,0.02,84,1,1056.06,1056.06,0
CLM_80404,W_5155baf7916a96d6,ZONE_HYD_01,2026-09-07,2026-09-10 00:13:00,EVT_ZONE_HYD_01_20260907,0.21,DEV_1efdda73c4df,1,False,0.0,13,1,558.49,558.49,0
CLM_80405,W_6c840b2074eb7f1e,ZONE_BLR_01,2026-06-29,2026-07-02 19:22:00,EVT_ZONE_BLR_01_20260629,1.22,DEV_4618a9d23169,1,False,0.01,1162,3,511.42,0.0,1
CLM_80406,W_6c840b2074eb7f1e,ZONE_BLR_01,2026-07-20,2026-07-21 00:15:00,EVT_ZONE_BLR_01_20260720,4.28,DEV_4618a9d23169,1,False,0.02,15,2,488.75,488.75,0
CLM_80407,W_6c840b2074eb7f1e,ZONE_BLR_01,2026-08-03,2026-08-06 00:24:00,EVT_ZONE_BLR_01_20260803,3.15,DEV_4618a9d23169,1,False,0.06,24,1,975.31,975.31,0
CLM_80408,W_6c840b2074eb7f1e,ZONE_BLR_01,2026-08-17,2026-08-21 01:50:00,EVT_ZONE_BLR_01_20260817,2.52,DEV_4618a9d23169,1,False,0.05,110,2,418.03,418.03,0
CLM_80409,W_8ca9d997fc2e6f36,ZONE_BOM_01,2026-06-29,2026-07-03 00:31:00,EVT_ZONE_BOM_01_20260629,43.75,DEV_c487e187d4a6,1,False,0.04,31,1,3470.07,0.0,1
CLM_80410,W_8ca9d997fc2e6f36,ZONE_BOM_01,2026-07-06,2026-07-07 00:24:00,EVT_ZONE_BOM_01_20260706,2.57,DEV_c487e187d4a6,1,False,0.08,24,3,3031.64,3031.64,0
CLM_80411,W_8ca9d997fc2e6f36,ZONE_BOM_01,2026-07-13,2026-07-14 01:33:00,EVT_ZONE_BOM_01_20260713,0.99,DEV_c487e187d4a6,1,False,0.02,93,1,1245.61,1245.61,0
CLM_80412,W_8ca9d997fc2e6f36,ZONE_BOM_01,2026-07-20,2026-07-22 00:37:00,EVT_ZONE_BOM_01_20260720,38.37,DEV_c487e187d4a6,1,False,0.02,37,2,3477.67,0.0,1
CLM_80413,W_8ca9d997fc2e6f36,ZONE_BOM_01,2026-07-27,2026-07-31 00:48:00,EVT_ZONE_BOM_01_20260727,0.81,DEV_c487e187d4a6,1,False,0.04,48,3,1864.58,1864.58,0
CLM_80414,W_8ca9d997fc2e6f36,ZONE_BOM_01,2026-08-03,2026-08-04 00:47:00,EVT_ZONE_BOM_01_20260803,28.67,DEV_c487e187d4a6,1,False,0.03,47,2,1204.96,0.0,1
CLM_80415,W_8ca9d997fc2e6f36,ZONE_BOM_01,2026-08-10,2026-08-11 00:08:00,EVT_ZONE_BOM_01_20260810,1.24,DEV_c487e187d4a6,1,False,0.08,8,2,1343.62,1343.62,0
CLM_80416,W_8ca9d997fc2e6f36,ZONE_BOM_01,2026-08-17,2026-08-18 00:22:00,EVT_ZONE_BOM_01_20260817,0.96,DEV_c487e187d4a6,1,False,0.08,22,2,2302.45,2302.45,0
CLM_80417,W_774a75f4dd081a7b,ZONE_BLR_01,2026-06-29,2026-07-03 00:34:00,EVT_ZONE_BLR_01_20260629,0.3,DEV_7cedc2ca3b15,1,False,0.06,34,2,597.33,597.33,0
CLM_80418,W_774a75f4dd081a7b,ZONE_BLR_01,2026-07-20,2026-07-22 00:36:00,EVT_ZONE_BLR_01_20260720,0.3,DEV_7cedc2ca3b15,1,False,0.07,36,1,416.58,416.58,0
CLM_80419,W_774a75f4dd081a7b,ZONE_BLR_01,2026-08-03,2026-08-08 00:20:00,EVT_ZONE_BLR_01_20260803,0.81,DEV_7cedc2ca3b15,1,False,0.04,20,2,1286.81,1286.81,0
CLM_80420,W_774a75f4dd081a7b,ZONE_BLR_01,2026-08-17,2026-08-21 00:14:00,EVT_ZONE_BLR_01_20260817,1.18,DEV_7cedc2ca3b15,1,False,0.04,14,4,515.62,515.62,0
CLM_80421,W_93ca4ee16cc4ed93,ZONE_HYD_01,2026-07-13,2026-07-15 01:56:00,EVT_ZONE_HYD_01_20260713,1.74,DEV_8f368ceea744,1,False,0.08,116,2,461.04,461.04,0
CLM_80422,W_93ca4ee16cc4ed93,ZONE_HYD_01,2026-07-27,2026-08-01 01:06:00,EVT_ZONE_HYD_01_20260727,0.5,DEV_8f368ceea744,1,False,0.02,66,2,1287.5,1287.5,0
CLM_80423,W_93ca4ee16cc4ed93,ZONE_HYD_01,2026-08-17,2026-08-19 00:34:00,EVT_ZONE_HYD_01_20260817,1.74,DEV_8f368ceea744,1,False,0.04,34,3,840.63,840.63,0
CLM_80424,W_93ca4ee16cc4ed93,ZONE_HYD_01,2026-09-07,2026-09-09 00:42:00,EVT_ZONE_HYD_01_20260907,0.12,DEV_8f368ceea744,1,False,0.04,42,5,674.77,674.77,0
CLM_80425,W_440cfcfb6438fefd,ZONE_BOM_01,2026-06-29,2026-07-01 02:34:00,EVT_ZONE_BOM_01_20260629,1.09,DEV_a07266a29189,1,False,0.07,154,2,2902.11,2902.11,0
CLM_80426,W_440cfcfb6438fefd,ZONE_BOM_01,2026-07-06,2026-07-11 00:47:00,EVT_ZONE_BOM_01_20260706,5.54,DEV_a07266a29189,1,False,0.1,47,4,2535.76,2535.76,0
CLM_80427,W_440cfcfb6438fefd,ZONE_BOM_01,2026-07-13,2026-07-14 00:20:00,EVT_ZONE_BOM_01_20260713,0.79,DEV_a07266a29189,1,False,0.03,20,1,1470.66,1470.66,0
CLM_80428,W_440cfcfb6438fefd,ZONE_BOM_01,2026-07-20,2026-07-25 01:41:00,EVT_ZONE_BOM_01_20260720,1.91,DEV_a07266a29189,1,False,0.01,101,4,2916.16,2916.16,0
CLM_80429,W_440cfcfb6438fefd,ZONE_BOM_01,2026-07-27,2026-07-30 01:08:00,EVT_ZONE_BOM_01_20260727,1.48,DEV_a07266a29189,1,False,0.05,68,3,1582.6,1582.6,0
CLM_80430,W_440cfcfb6438fefd,ZONE_BOM_01,2026-08-03,2026-08-05 00:15:00,EVT_ZONE_BOM_01_20260803,0.55,DEV_a07266a29189,1,False,0.84,15,1,1192.8,0.0,1
CLM_80431,W_440cfcfb6438fefd,ZONE_BOM_01,2026-08-10,2026-08-14 00:40:00,EVT_ZONE_BOM_01_20260810,1.51,DEV_a07266a29189,1,False,0.06,40,2,648.18,648.18,0
CLM_80432,W_440cfcfb6438fefd,ZONE_BOM_01,2026-08-17,2026-08-19 00:15:00,EVT_ZONE_BOM_01_20260817,1.38,DEV_a07266a29189,1,False,0.0,15,2,1735.38,1735.38,0
CLM_80433,W_17578dcbfaff6983,ZONE_BOM_01,2026-06-29,2026-06-30 00:50:00,EVT_ZONE_BOM_01_20260629,0.19,DEV_61ba7c67cb80,1,False,0.04,50,4,3924.86,3924.86,0
CLM_80434,W_17578dcbfaff6983,ZONE_BOM_01,2026-07-06,2026-07-07 00:29:00,EVT_ZONE_BOM_01_20260706,3.65,DEV_61ba7c67cb80,1,False,0.07,29,2,3521.79,3521.79,0
CLM_80435,W_17578dcbfaff6983,ZONE_BOM_01,2026-07-13,2026-07-16 00:19:00,EVT_ZONE_BOM_01_20260713,0.6,DEV_61ba7c67cb80,1,False,0.06,19,2,1731.5,1731.5,0
CLM_80436,W_17578dcbfaff6983,ZONE_BOM_01,2026-07-20,2026-07-21 00:19:00,EVT_ZONE_BOM_01_20260720,1.0,DEV_61ba7c67cb80,1,False,0.09,19,3,3980.95,3980.95,0
CLM_80437,W_17578dcbfaff6983,ZONE_BOM_01,2026-07-27,2026-07-31 00:16:00,EVT_ZONE_BOM_01_20260727,0.51,DEV_61ba7c67cb80,1,False,0.05,16,1,2454.84,2454.84,0
CLM_80438,W_17578dcbfaff6983,ZONE_BOM_01,2026-08-03,2026-08-04 00:20:00,EVT_ZONE_BOM_01_20260803,2.96,DEV_61ba7c67cb80,1,False,0.08,20,4,1582.17,1582.17,0
CLM_80439,W_17578dcbfaff6983,ZONE_BOM_01,2026-08-10,2026-08-14 00:53:00,EVT_ZONE_BOM_01_20260810,1.36,DEV_61ba7c67cb80,1,False,0.04,53,1,886.42,886.42,0
CLM_80440,W_17578dcbfaff6983,ZONE_BOM_01,2026-08-17,2026-08-22 00:19:00,EVT_ZONE_BOM_01_20260817,0.61,DEV_61ba7c67cb80,1,False,0.05,19,2,2310.15,2310.15,0
CLM_80441,W_ff23389b3dc2235a,ZONE_DEL_01,2026-06-29,2026-07-01 00:06:00,EVT_ZONE_DEL_01_20260629,0.28,DEV_cee70f386f4d,1,False,0.0,6,4,607.48,607.48,0
CLM_80442,W_ff23389b3dc2235a,ZONE_DEL_01,2026-07-06,2026-07-08 00:48:00,EVT_ZONE_DEL_01_20260706,1.2,DEV_cee70f386f4d,1,False,0.05,48,4,2771.78,2771.78,0
CLM_80443,W_ff23389b3dc2235a,ZONE_DEL_01,2026-07-20,2026-07-24 18:00:00,EVT_ZONE_DEL_01_20260720,1.34,DEV_cee70f386f4d,1,False,0.02,1080,3,625.28,0.0,1
CLM_80444,W_ff23389b3dc2235a,ZONE_DEL_01,2026-08-03,2026-08-07 00:49:00,EVT_ZONE_DEL_01_20260803,0.24,DEV_cee70f386f4d,1,False,0.1,49,1,2073.51,2073.51,0
CLM_80445,W_ff23389b3dc2235a,ZONE_DEL_01,2026-08-17,2026-08-21 01:10:00,EVT_ZONE_DEL_01_20260817,0.56,DEV_cee70f386f4d,1,False,0.06,70,4,445.7,445.7,0
CLM_80446,W_9e054c0902affdde,ZONE_BOM_01,2026-06-29,2026-07-02 00:33:00,EVT_ZONE_BOM_01_20260629,1.13,DEV_77df58c85e30,1,False,0.02,33,1,2997.44,2997.44,0
CLM_80447,W_9e054c0902affdde,ZONE_BOM_01,2026-07-06,2026-07-10 00:58:00,EVT_ZONE_BOM_01_20260706,0.99,DEV_77df58c85e30,1,False,0.02,58,2,2667.11,2667.11,0
CLM_80448,W_9e054c0902affdde,ZONE_BOM_01,2026-07-13,2026-07-18 00:33:00,EVT_ZONE_BOM_01_20260713,0.13,DEV_77df58c85e30,1,False,0.08,33,1,1573.65,1573.65,0
CLM_80449,W_9e054c0902affdde,ZONE_BOM_01,2026-07-20,2026-07-22 00:52:00,EVT_ZONE_BOM_01_20260720,1.12,DEV_77df58c85e30,1,False,0.09,52,1,3022.28,3022.28,0
CLM_80450,W_9e054c0902affdde,ZONE_BOM_01,2026-07-27,2026-07-28 00:49:00,EVT_ZONE_BOM_01_20260727,0.59,DEV_77df58c85e30,1,False,0.02,49,2,1698.12,1698.12,0
CLM_80451,W_9e054c0902affdde,ZONE_BOM_01,2026-08-03,2026-08-05 01:39:00,EVT_ZONE_BOM_01_20260803,0.62,DEV_77df58c85e30,1,False,0.93,99,1,1194.96,0.0,1
CLM_80452,W_9e054c0902affdde,ZONE_BOM_01,2026-08-10,2026-08-12 01:20:00,EVT_ZONE_BOM_01_20260810,2.52,DEV_77df58c85e30,1,False,0.09,80,3,1080.64,1080.64,0
CLM_80453,W_9e054c0902affdde,ZONE_BOM_01,2026-08-17,2026-08-21 02:06:00,EVT_ZONE_BOM_01_20260817,2.1,DEV_77df58c85e30,1,False,0.03,126,5,2254.81,2254.81,0
CLM_80454,W_87764060b92ef109,ZONE_BOM_01,2026-06-29,2026-07-01 00:53:00,EVT_ZONE_BOM_01_20260629,1.51,DEV_60d01564eaa3,1,False,0.03,53,2,2662.79,2662.79,0
CLM_80455,W_87764060b92ef109,ZONE_BOM_01,2026-07-06,2026-07-07 01:18:00,EVT_ZONE_BOM_01_20260706,1.3,DEV_60d01564eaa3,1,False,0.05,78,2,2655.46,2655.46,0
CLM_80456,W_87764060b92ef109,ZONE_BOM_01,2026-07-13,2026-07-18 00:17:00,EVT_ZONE_BOM_01_20260713,1.41,DEV_60d01564eaa3,1,False,0.04,17,4,1004.65,1004.65,0
CLM_80457,W_87764060b92ef109,ZONE_BOM_01,2026-07-20,2026-07-24 00:58:00,EVT_ZONE_BOM_01_20260720,1.5,DEV_60d01564eaa3,1,False,0.01,58,1,2658.85,2658.85,0
CLM_80458,W_87764060b92ef109,ZONE_BOM_01,2026-07-27,2026-08-01 00:41:00,EVT_ZONE_BOM_01_20260727,44.73,DEV_60d01564eaa3,1,False,0.06,41,2,1974.59,0.0,1
CLM_80459,W_87764060b92ef109,ZONE_BOM_01,2026-08-03,2026-08-06 00:55:00,EVT_ZONE_BOM_01_20260803,1.36,DEV_60d01564eaa3,1,False,0.08,55,2,1336.82,1336.82,0
CLM_80460,W_87764060b92ef109,ZONE_BOM_01,2026-08-10,2026-08-13 22:01:00,EVT_ZONE_BOM_01_20260810,1.3,DEV_60d01564eaa3,1,False,0.04,2761,3,1312.08,0.0,1
CLM_80461,W_87764060b92ef109,ZONE_BOM_01,2026-08-17,2026-08-20 00:42:00,EVT_ZONE_BOM_01_20260817,1.29,DEV_60d01564eaa3,1,False,0.05,42,3,2019.85,2019.85,0
CLM_80462,W_9e7aaf116f1edf69,ZONE_BOM_01,2026-06-29,2026-07-03 00:39:00,EVT_ZONE_BOM_01_20260629,0.86,DEV_42ab6906231e,1,False,0.05,39,3,3668.55,3668.55,0
CLM_80463,W_9e7aaf116f1edf69,ZONE_BOM_01,2026-07-06,2026-07-09 01:30:00,EVT_ZONE_BOM_01_20260706,1.5,DEV_42ab6906231e,1,False,0.01,90,2,3528.38,3528.38,0
CLM_80464,W_9e7aaf116f1edf69,ZONE_BOM_01,2026-07-13,2026-07-15 00:35:00,EVT_ZONE_BOM_01_20260713,0.73,DEV_42ab6906231e,1,False,0.07,35,2,1463.4,1463.4,0
CLM_80465,W_9e7aaf116f1edf69,ZONE_BOM_01,2026-07-20,2026-07-21 00:19:00,EVT_ZONE_BOM_01_20260720,0.45,DEV_42ab6906231e,1,False,0.05,19,1,3680.71,3680.71,0
CLM_80466,W_9e7aaf116f1edf69,ZONE_BOM_01,2026-07-27,2026-07-28 00:22:00,EVT_ZONE_BOM_01_20260727,1.4,DEV_42ab6906231e,1,False,0.09,22,2,2061.81,2061.81,0
CLM_80467,W_9e7aaf116f1edf69,ZONE_BOM_01,2026-08-03,2026-08-07 17:52:00,EVT_ZONE_BOM_01_20260803,0.54,DEV_42ab6906231e,1,False,0.03,2512,2,1621.95,0.0,1
CLM_80468,W_9e7aaf116f1edf69,ZONE_BOM_01,2026-08-10,2026-08-13 13:18:00,EVT_ZONE_BOM_01_20260810,0.81,DEV_42ab6906231e,1,False,0.03,798,1,914.88,0.0,1
CLM_80469,W_9e7aaf116f1edf69,ZONE_BOM_01,2026-08-17,2026-08-18 04:28:00,EVT_ZONE_BOM_01_20260817,0.32,DEV_42ab6906231e,1,False,0.08,268,3,2073.52,2073.52,0
CLM_80470,W_e039f49e8855a50d,ZONE_HYD_01,2026-07-13,2026-07-18 01:56:00,EVT_ZONE_HYD_01_20260713,4.19,DEV_e0f6ded8da69,1,False,0.04,116,6,259.51,259.51,0
CLM_80471,W_e039f49e8855a50d,ZONE_HYD_01,2026-07-27,2026-07-31 01:19:00,EVT_ZONE_HYD_01_20260727,1.76,DEV_e0f6ded8da69,1,False,0.05,79,3,556.7,556.7,0
CLM_80472,W_e039f49e8855a50d,ZONE_HYD_01,2026-08-17,2026-08-22 22:32:00,EVT_ZONE_HYD_01_20260817,0.78,DEV_e0f6ded8da69,1,False,0.01,1352,2,464.94,0.0,1
CLM_80473,W_e039f49e8855a50d,ZONE_HYD_01,2026-09-07,2026-09-09 00:28:00,EVT_ZONE_HYD_01_20260907,1.34,DEV_e0f6ded8da69,1,False,0.05,28,1,328.78,328.78,0
CLM_80474,W_c224a11bd32a2686,ZONE_BLR_01,2026-06-29,2026-07-04 00:26:00,EVT_ZONE_BLR_01_20260629,3.25,DEV_be649655a57c,1,False,0.05,26,1,628.76,628.76,0
CLM_80475,W_c224a11bd32a2686,ZONE_BLR_01,2026-07-20,2026-07-23 00:31:00,EVT_ZONE_BLR_01_20260720,1.43,DEV_be649655a57c,1,False,0.04,31,1,542.45,542.45,0
CLM_80476,W_c224a11bd32a2686,ZONE_BLR_01,2026-08-03,2026-08-08 00:18:00,EVT_ZONE_BLR_01_20260803,0.8,DEV_be649655a57c,1,False,0.02,18,1,843.14,843.14,0
CLM_80477,W_c224a11bd32a2686,ZONE_BLR_01,2026-08-17,2026-08-20 00:42:00,EVT_ZONE_BLR_01_20260817,2.17,DEV_be649655a57c,1,False,0.06,42,3,620.28,620.28,0
CLM_80478,W_61009cb4f5f0b454,ZONE_DEL_01,2026-06-29,2026-07-01 00:13:00,EVT_ZONE_DEL_01_20260629,0.53,DEV_85edbbce790b,1,False,0.07,13,1,580.01,580.01,0
CLM_80479,W_61009cb4f5f0b454,ZONE_DEL_01,2026-07-06,2026-07-09 00:39:00,EVT_ZONE_DEL_01_20260706,1.19,DEV_85edbbce790b,1,False,0.05,39,2,2550.02,2550.02,0
CLM_80480,W_61009cb4f5f0b454,ZONE_DEL_01,2026-07-20,2026-07-23 00:16:00,EVT_ZONE_DEL_01_20260720,0.86,DEV_85edbbce790b,1,False,0.03,16,2,641.3,641.3,0
CLM_80481,W_61009cb4f5f0b454,ZONE_DEL_01,2026-08-03,2026-08-07 00:16:00,EVT_ZONE_DEL_01_20260803,3.77,DEV_85edbbce790b,1,False,0.05,16,2,2313.0,2313.0,0
CLM_80482,W_61009cb4f5f0b454,ZONE_DEL_01,2026-08-17,2026-08-20 00:13:00,EVT_ZONE_DEL_01_20260817,0.49,DEV_85edbbce790b,1,False,0.06,13,1,485.79,485.79,0
CLM_80483,W_156ada9ef3a8f171,ZONE_BOM_01,2026-06-29,2026-07-04 00:44:00,EVT_ZONE_BOM_01_20260629,2.75,DEV_0b877f759ce2,1,False,0.04,44,2,3392.2,3392.2,0
CLM_80484,W_156ada9ef3a8f171,ZONE_BOM_01,2026-07-06,2026-07-09 00:10:00,EVT_ZONE_BOM_01_20260706,2.06,DEV_0b877f759ce2,1,False,0.03,10,1,3080.21,3080.21,0
CLM_80485,W_156ada9ef3a8f171,ZONE_BOM_01,2026-07-13,2026-07-15 00:35:00,EVT_ZONE_BOM_01_20260713,1.87,DEV_0b877f759ce2,1,False,0.06,35,2,1796.52,1796.52,0
CLM_80486,W_156ada9ef3a8f171,ZONE_BOM_01,2026-07-20,2026-07-22 15:14:00,EVT_ZONE_BOM_01_20260720,1.08,DEV_0b877f759ce2,1,False,0.05,914,4,3361.85,0.0,1
CLM_80487,W_156ada9ef3a8f171,ZONE_BOM_01,2026-07-27,2026-08-01 00:07:00,EVT_ZONE_BOM_01_20260727,2.08,DEV_0b877f759ce2,1,False,0.09,7,2,1984.16,1984.16,0
CLM_80488,W_156ada9ef3a8f171,ZONE_BOM_01,2026-08-03,2026-08-05 00:37:00,EVT_ZONE_BOM_01_20260803,2.71,DEV_0b877f759ce2,1,False,0.09,37,3,1449.71,1449.71,0
CLM_80489,W_156ada9ef3a8f171,ZONE_BOM_01,2026-08-10,2026-08-11 00:49:00,EVT_ZONE_BOM_01_20260810,1.41,DEV_0b877f759ce2,1,False,0.08,49,1,793.16,793.16,0
CLM_80490,W_156ada9ef3a8f171,ZONE_BOM_01,2026-08-17,2026-08-22 01:04:00,EVT_ZONE_BOM_01_20260817,1.9,DEV_0b877f759ce2,1,False,0.09,64,2,1851.7,1851.7,0
CLM_80491,W_b8449e41f752198a,ZONE_MAA_01,2026-07-06,2026-07-11 00:15:00,EVT_ZONE_MAA_01_20260706,0.45,DEV_41a6a67818b9,1,False,0.07,15,1,582.49,582.49,0
CLM_80492,W_b8449e41f752198a,ZONE_MAA_01,2026-09-14,2026-09-18 00:25:00,EVT_ZONE_MAA_01_20260914,1.65,DEV_41a6a67818b9,1,False,0.05,25,2,439.7,439.7,0
CLM_80493,W_467b1d9222c0c2d0,ZONE_BOM_01,2026-06-29,2026-07-02 00:31:00,EVT_ZONE_BOM_01_20260629,0.3,DEV_da71bff13388,1,False,0.09,31,2,2844.81,2844.81,0
CLM_80494,W_467b1d9222c0c2d0,ZONE_BOM_01,2026-07-06,2026-07-08 01:57:00,EVT_ZONE_BOM_01_20260706,1.99,DEV_da71bff13388,1,False,0.08,117,1,2838.69,2838.69,0
CLM_80495,W_467b1d9222c0c2d0,ZONE_BOM_01,2026-07-13,2026-07-17 00:06:00,EVT_ZONE_BOM_01_20260713,3.87,DEV_da71bff13388,1,False,0.04,6,2,1322.9,1322.9,0
CLM_80496,W_467b1d9222c0c2d0,ZONE_BOM_01,2026-07-20,2026-07-21 00:25:00,EVT_ZONE_BOM_01_20260720,0.25,DEV_da71bff13388,1,False,0.07,25,3,2864.98,2864.98,0
CLM_80497,W_467b1d9222c0c2d0,ZONE_BOM_01,2026-07-27,2026-07-28 00:24:00,EVT_ZONE_BOM_01_20260727,1.95,DEV_da71bff13388,1,False,0.08,24,3,1457.17,1457.17,0
CLM_80498,W_467b1d9222c0c2d0,ZONE_BOM_01,2026-08-03,2026-08-07 00:12:00,EVT_ZONE_BOM_01_20260803,0.56,DEV_da71bff13388,1,False,0.04,12,2,1584.44,1584.44,0
CLM_80499,W_467b1d9222c0c2d0,ZONE_BOM_01,2026-08-10,2026-08-11 00:59:00,EVT_ZONE_BOM_01_20260810,1.01,DEV_da71bff13388,1,False,0.08,59,2,1336.19,1336.19,0
CLM_80500,W_467b1d9222c0c2d0,ZONE_BOM_01,2026-08-17,2026-08-20 00:33:00,EVT_ZONE_BOM_01_20260817,0.86,DEV_da71bff13388,1,False,0.03,33,1,1815.67,1815.67,0
CLM_80501,W_97586ce0c6f201d7,ZONE_MAA_01,2026-07-06,2026-07-10 00:11:00,EVT_ZONE_MAA_01_20260706,0.07,DEV_f04380a8f452,1,False,0.1,11,2,517.91,517.91,0
CLM_80502,W_97586ce0c6f201d7,ZONE_MAA_01,2026-09-14,2026-09-16 00:06:00,EVT_ZONE_MAA_01_20260914,0.77,DEV_f04380a8f452,1,False,0.09,6,2,724.32,724.32,0
CLM_80503,W_26d612d35978c5cf,ZONE_HYD_01,2026-07-13,2026-07-14 00:08:00,EVT_ZONE_HYD_01_20260713,0.89,DEV_3355e3ece689,1,False,0.06,8,2,495.21,495.21,0
CLM_80504,W_26d612d35978c5cf,ZONE_HYD_01,2026-07-27,2026-07-28 00:16:00,EVT_ZONE_HYD_01_20260727,1.6,DEV_3355e3ece689,1,False,0.01,16,1,1167.17,1167.17,0
CLM_80505,W_26d612d35978c5cf,ZONE_HYD_01,2026-08-17,2026-08-18 00:05:00,EVT_ZONE_HYD_01_20260817,1.23,DEV_3355e3ece689,1,False,0.08,5,2,588.69,588.69,0
CLM_80506,W_26d612d35978c5cf,ZONE_HYD_01,2026-09-07,2026-09-11 00:27:00,EVT_ZONE_HYD_01_20260907,0.82,DEV_3355e3ece689,1,False,0.02,27,1,569.82,569.82,0
CLM_80507,W_bbb8a07d30866190,ZONE_BOM_01,2026-06-29,2026-07-01 01:00:00,EVT_ZONE_BOM_01_20260629,1.51,DEV_e7ad5bc2f439,1,False,0.1,60,3,3537.37,3537.37,0
CLM_80508,W_bbb8a07d30866190,ZONE_BOM_01,2026-07-06,2026-07-11 00:11:00,EVT_ZONE_BOM_01_20260706,1.69,DEV_e7ad5bc2f439,1,False,0.03,11,1,3520.69,3520.69,0
CLM_80509,W_bbb8a07d30866190,ZONE_BOM_01,2026-07-13,2026-07-17 00:45:00,EVT_ZONE_BOM_01_20260713,0.67,DEV_e7ad5bc2f439,1,False,0.09,45,3,1981.63,1981.63,0
CLM_80510,W_bbb8a07d30866190,ZONE_BOM_01,2026-07-20,2026-07-21 00:26:00,EVT_ZONE_BOM_01_20260720,18.26,DEV_e7ad5bc2f439,1,False,0.01,26,1,3549.0,0.0,1
CLM_80511,W_bbb8a07d30866190,ZONE_BOM_01,2026-07-27,2026-07-28 00:34:00,EVT_ZONE_BOM_01_20260727,0.69,DEV_e7ad5bc2f439,1,False,0.03,34,2,2152.9,2152.9,0
CLM_80512,W_bbb8a07d30866190,ZONE_BOM_01,2026-08-03,2026-08-08 00:58:00,EVT_ZONE_BOM_01_20260803,3.08,DEV_e7ad5bc2f439,1,False,0.09,58,1,2144.09,2144.09,0
CLM_80513,W_bbb8a07d30866190,ZONE_BOM_01,2026-08-10,2026-08-14 00:40:00,EVT_ZONE_BOM_01_20260810,2.03,DEV_e7ad5bc2f439,1,False,0.09,40,4,1469.14,1469.14,0
CLM_80514,W_bbb8a07d30866190,ZONE_BOM_01,2026-08-17,2026-08-19 00:58:00,EVT_ZONE_BOM_01_20260817,0.77,DEV_e7ad5bc2f439,1,False,0.07,58,2,2480.47,2480.47,0
CLM_80515,W_c8e24308d7ed987a,ZONE_DEL_01,2026-06-29,2026-07-03 01:01:00,EVT_ZONE_DEL_01_20260629,1.01,DEV_bb2b530dc360,1,False,0.06,61,1,375.85,375.85,0
CLM_80516,W_c8e24308d7ed987a,ZONE_DEL_01,2026-07-06,2026-07-11 00:42:00,EVT_ZONE_DEL_01_20260706,1.22,DEV_bb2b530dc360,1,False,0.05,42,4,2462.85,2462.85,0
CLM_80517,W_c8e24308d7ed987a,ZONE_DEL_01,2026-07-20,2026-07-25 00:55:00,EVT_ZONE_DEL_01_20260720,38.8,DEV_bb2b530dc360,1,False,0.05,55,2,1050.01,0.0,1
CLM_80518,W_c8e24308d7ed987a,ZONE_DEL_01,2026-08-03,2026-08-07 00:51:00,EVT_ZONE_DEL_01_20260803,1.4,DEV_bb2b530dc360,1,False,0.07,51,3,2465.22,2465.22,0
CLM_80519,W_c8e24308d7ed987a,ZONE_DEL_01,2026-08-17,2026-08-19 01:13:00,EVT_ZONE_DEL_01_20260817,0.37,DEV_bb2b530dc360,1,False,0.05,73,5,464.62,464.62,0
CLM_80520,W_c8e24308d7ed987a,ZONE_DEL_01,2026-08-31,2026-09-03 00:10:00,EVT_ZONE_DEL_01_20260831,0.94,DEV_bb2b530dc360,1,False,0.03,10,2,666.93,666.93,0
CLM_80521,W_c6885404a630931a,ZONE_BLR_01,2026-06-29,2026-07-04 01:37:00,EVT_ZONE_BLR_01_20260629,3.42,DEV_3eb38f470150,1,False,0.09,97,1,483.73,483.73,0
CLM_80522,W_c6885404a630931a,ZONE_BLR_01,2026-07-20,2026-07-22 00:10:00,EVT_ZONE_BLR_01_20260720,1.69,DEV_3eb38f470150,1,False,0.07,10,3,436.76,436.76,0
CLM_80523,W_c6885404a630931a,ZONE_BLR_01,2026-08-03,2026-08-06 00:17:00,EVT_ZONE_BLR_01_20260803,2.03,DEV_3eb38f470150,1,False,0.06,17,4,1130.0,1130.0,0
CLM_80524,W_c6885404a630931a,ZONE_BLR_01,2026-08-17,2026-08-22 00:25:00,EVT_ZONE_BLR_01_20260817,0.46,DEV_3eb38f470150,1,False,0.1,25,2,530.6,530.6,0
CLM_80525,W_324ffa8bbe5e7ad4,ZONE_BOM_01,2026-06-29,2026-07-03 02:19:00,EVT_ZONE_BOM_01_20260629,2.61,DEV_b6a1c61010b2,1,False,0.06,139,3,2575.19,2575.19,0
CLM_80526,W_324ffa8bbe5e7ad4,ZONE_BOM_01,2026-07-06,2026-07-08 00:47:00,EVT_ZONE_BOM_01_20260706,0.22,DEV_b6a1c61010b2,1,False,0.01,47,2,2107.41,2107.41,0
CLM_80527,W_324ffa8bbe5e7ad4,ZONE_BOM_01,2026-07-13,2026-07-18 00:35:00,EVT_ZONE_BOM_01_20260713,0.77,DEV_b6a1c61010b2,1,False,0.05,35,2,966.47,966.47,0
CLM_80528,W_324ffa8bbe5e7ad4,ZONE_BOM_01,2026-07-20,2026-07-21 01:39:00,EVT_ZONE_BOM_01_20260720,0.32,DEV_b6a1c61010b2,1,False,0.01,99,1,2600.16,2600.16,0
CLM_80529,W_324ffa8bbe5e7ad4,ZONE_BOM_01,2026-07-27,2026-08-01 21:04:00,EVT_ZONE_BOM_01_20260727,0.64,DEV_b6a1c61010b2,1,False,0.07,2704,1,1152.89,0.0,1
CLM_80530,W_324ffa8bbe5e7ad4,ZONE_BOM_01,2026-08-03,2026-08-05 00:39:00,EVT_ZONE_BOM_01_20260803,0.72,DEV_b6a1c61010b2,1,False,0.08,39,2,916.62,916.62,0
CLM_80531,W_324ffa8bbe5e7ad4,ZONE_BOM_01,2026-08-10,2026-08-13 01:01:00,EVT_ZONE_BOM_01_20260810,1.21,DEV_b6a1c61010b2,1,False,0.06,61,1,482.07,482.07,0
CLM_80532,W_324ffa8bbe5e7ad4,ZONE_BOM_01,2026-08-17,2026-08-21 00:36:00,EVT_ZONE_BOM_01_20260817,1.14,DEV_b6a1c61010b2,1,False,0.06,36,3,1638.63,1638.63,0
CLM_80533,W_bf528323a1ddf0c4,ZONE_BLR_01,2026-06-29,2026-07-03 00:59:00,EVT_ZONE_BLR_01_20260629,0.44,DEV_8863b7a9fd24,1,False,0.03,59,2,563.66,563.66,0
CLM_80534,W_bf528323a1ddf0c4,ZONE_BLR_01,2026-07-20,2026-07-23 00:12:00,EVT_ZONE_BLR_01_20260720,1.05,DEV_8863b7a9fd24,1,False,0.04,12,2,728.18,728.18,0
CLM_80535,W_bf528323a1ddf0c4,ZONE_BLR_01,2026-08-03,2026-08-04 01:04:00,EVT_ZONE_BLR_01_20260803,1.32,DEV_8863b7a9fd24,1,False,0.09,64,1,807.4,807.4,0
CLM_80536,W_bf528323a1ddf0c4,ZONE_BLR_01,2026-08-17,2026-08-21 00:20:00,EVT_ZONE_BLR_01_20260817,0.84,DEV_8863b7a9fd24,1,False,0.01,20,3,745.69,745.69,0
CLM_80537,W_d1e323d965ebbf5b,ZONE_BOM_01,2026-06-29,2026-07-04 01:27:00,EVT_ZONE_BOM_01_20260629,2.47,DEV_72988e14c263,1,False,0.01,87,3,1572.56,1572.56,0
CLM_80538,W_d1e323d965ebbf5b,ZONE_BOM_01,2026-07-06,2026-07-10 01:08:00,EVT_ZONE_BOM_01_20260706,0.7,DEV_72988e14c263,1,False,0.05,68,2,1486.32,1486.32,0
CLM_80539,W_d1e323d965ebbf5b,ZONE_BOM_01,2026-07-13,2026-07-17 00:49:00,EVT_ZONE_BOM_01_20260713,0.25,DEV_72988e14c263,1,False,0.01,49,3,822.97,822.97,0
CLM_80540,W_d1e323d965ebbf5b,ZONE_BOM_01,2026-07-20,2026-07-23 03:43:00,EVT_ZONE_BOM_01_20260720,0.33,DEV_72988e14c263,1,False,0.03,223,2,1596.92,1596.92,0
CLM_80541,W_d1e323d965ebbf5b,ZONE_BOM_01,2026-07-27,2026-08-01 00:47:00,EVT_ZONE_BOM_01_20260727,1.99,DEV_72988e14c263,1,False,0.02,47,1,817.41,817.41,0
CLM_80542,W_d1e323d965ebbf5b,ZONE_BOM_01,2026-08-03,2026-08-08 01:13:00,EVT_ZONE_BOM_01_20260803,1.24,DEV_72988e14c263,1,False,0.09,73,3,721.68,721.68,0
CLM_80543,W_d1e323d965ebbf5b,ZONE_BOM_01,2026-08-10,2026-08-11 00:20:00,EVT_ZONE_BOM_01_20260810,1.23,DEV_72988e14c263,1,False,0.1,20,1,404.86,404.86,0
CLM_80544,W_d1e323d965ebbf5b,ZONE_BOM_01,2026-08-17,2026-08-20 00:54:00,EVT_ZONE_BOM_01_20260817,0.08,DEV_72988e14c263,1,False,0.08,54,3,973.08,973.08,0
CLM_80545,W_f1e3f6f876e764f3,ZONE_DEL_01,2026-06-29,2026-06-30 00:19:00,EVT_ZONE_DEL_01_20260629,1.95,DEV_54b303119253,1,False,0.07,19,3,631.98,631.98,0
CLM_80546,W_f1e3f6f876e764f3,ZONE_DEL_01,2026-07-06,2026-07-08 00:18:00,EVT_ZONE_DEL_01_20260706,1.22,DEV_54b303119253,1,False,0.06,18,2,3150.28,3150.28,0
CLM_80547,W_f1e3f6f876e764f3,ZONE_DEL_01,2026-07-20,2026-07-24 00:32:00,EVT_ZONE_DEL_01_20260720,0.24,DEV_54b303119253,1,False,0.07,32,1,775.01,775.01,0
CLM_80548,W_f1e3f6f876e764f3,ZONE_DEL_01,2026-08-03,2026-08-06 00:06:00,EVT_ZONE_DEL_01_20260803,0.87,DEV_54b303119253,1,False,0.08,6,2,2320.28,2320.28,0
CLM_80549,W_f1e3f6f876e764f3,ZONE_DEL_01,2026-08-17,2026-08-18 00:55:00,EVT_ZONE_DEL_01_20260817,1.29,DEV_54b303119253,1,False,0.07,55,2,779.61,779.61,0
CLM_80550,W_15d6fc2bd0f99831,ZONE_DEL_01,2026-06-29,2026-06-30 01:06:00,EVT_ZONE_DEL_01_20260629,0.82,DEV_371aa833e6a6,1,False,0.09,66,2,521.09,521.09,0
CLM_80551,W_15d6fc2bd0f99831,ZONE_DEL_01,2026-07-06,2026-07-11 01:14:00,EVT_ZONE_DEL_01_20260706,1.39,DEV_371aa833e6a6,1,False,0.1,74,3,2912.55,2912.55,0
CLM_80552,W_15d6fc2bd0f99831,ZONE_DEL_01,2026-07-20,2026-07-25 00:49:00,EVT_ZONE_DEL_01_20260720,3.07,DEV_371aa833e6a6,1,False,0.05,49,1,1298.39,1298.39,0
CLM_80553,W_15d6fc2bd0f99831,ZONE_DEL_01,2026-08-03,2026-08-05 04:20:00,EVT_ZONE_DEL_01_20260803,2.7,DEV_371aa833e6a6,1,False,0.05,260,3,2361.0,2361.0,0
CLM_80554,W_15d6fc2bd0f99831,ZONE_DEL_01,2026-08-17,2026-08-22 00:07:00,EVT_ZONE_DEL_01_20260817,0.4,DEV_371aa833e6a6,1,False,0.03,7,1,616.51,616.51,0
CLM_80555,W_45309da989e79e0b,ZONE_BLR_01,2026-06-29,2026-07-04 18:55:00,EVT_ZONE_BLR_01_20260629,0.58,DEV_22abd2f4a686,1,False,0.0,1135,2,429.67,0.0,1
CLM_80556,W_45309da989e79e0b,ZONE_BLR_01,2026-07-20,2026-07-24 00:20:00,EVT_ZONE_BLR_01_20260720,0.88,DEV_22abd2f4a686,1,False,0.02,20,3,640.34,640.34,0
CLM_80557,W_45309da989e79e0b,ZONE_BLR_01,2026-08-03,2026-08-05 00:22:00,EVT_ZONE_BLR_01_20260803,0.1,DEV_22abd2f4a686,1,False,0.06,22,1,986.01,986.01,0
CLM_80558,W_45309da989e79e0b,ZONE_BLR_01,2026-08-17,2026-08-20 01:37:00,EVT_ZONE_BLR_01_20260817,1.37,DEV_22abd2f4a686,1,False,0.01,97,2,508.12,508.12,0
CLM_80559,W_6f828cfa696b66e4,ZONE_BOM_01,2026-06-29,2026-07-04 00:23:00,EVT_ZONE_BOM_01_20260629,0.37,DEV_e98f001faa1f,1,False,0.01,23,4,3410.71,3410.71,0
CLM_80560,W_6f828cfa696b66e4,ZONE_BOM_01,2026-07-06,2026-07-07 00:15:00,EVT_ZONE_BOM_01_20260706,1.71,DEV_e98f001faa1f,1,False,0.03,15,2,3214.48,3214.48,0
CLM_80561,W_6f828cfa696b66e4,ZONE_BOM_01,2026-07-13,2026-07-15 01:12:00,EVT_ZONE_BOM_01_20260713,1.11,DEV_e98f001faa1f,1,False,0.03,72,1,1313.09,1313.09,0
CLM_80562,W_6f828cfa696b66e4,ZONE_BOM_01,2026-07-20,2026-07-21 01:08:00,EVT_ZONE_BOM_01_20260720,0.83,DEV_e98f001faa1f,1,False,0.01,68,2,3410.83,3410.83,0
CLM_80563,W_6f828cfa696b66e4,ZONE_BOM_01,2026-07-27,2026-07-30 01:10:00,EVT_ZONE_BOM_01_20260727,0.54,DEV_e98f001faa1f,1,False,0.07,70,3,2139.28,2139.28,0
CLM_80564,W_6f828cfa696b66e4,ZONE_BOM_01,2026-08-03,2026-08-04 00:28:00,EVT_ZONE_BOM_01_20260803,0.07,DEV_e98f001faa1f,1,False,0.03,28,2,1508.95,1508.95,0
CLM_80565,W_6f828cfa696b66e4,ZONE_BOM_01,2026-08-10,2026-08-13 00:52:00,EVT_ZONE_BOM_01_20260810,2.65,DEV_e98f001faa1f,1,False,0.09,52,3,1322.77,1322.77,0
CLM_80566,W_6f828cfa696b66e4,ZONE_BOM_01,2026-08-17,2026-08-20 00:39:00,EVT_ZONE_BOM_01_20260817,0.91,DEV_e98f001faa1f,1,False,0.04,39,3,2272.19,2272.19,0
CLM_80567,W_f0dfeeb5232d5b8a,ZONE_BOM_01,2026-06-29,2026-06-30 00:12:00,EVT_ZONE_BOM_01_20260629,0.78,DEV_ad007ae55be3,1,False,0.05,12,2,1050.09,1050.09,0
CLM_80568,W_f0dfeeb5232d5b8a,ZONE_BOM_01,2026-07-06,2026-07-09 00:32:00,EVT_ZONE_BOM_01_20260706,0.73,DEV_ad007ae55be3,1,False,0.07,32,1,1033.95,1033.95,0
CLM_80569,W_f0dfeeb5232d5b8a,ZONE_BOM_01,2026-07-13,2026-07-16 00:32:00,EVT_ZONE_BOM_01_20260713,0.2,DEV_ad007ae55be3,1,False,0.03,32,3,438.38,438.38,0
CLM_80570,W_f0dfeeb5232d5b8a,ZONE_BOM_01,2026-07-20,2026-07-24 02:09:00,EVT_ZONE_BOM_01_20260720,2.14,DEV_ad007ae55be3,1,False,0.02,129,1,1046.53,1046.53,0
CLM_80571,W_f0dfeeb5232d5b8a,ZONE_BOM_01,2026-07-27,2026-07-28 00:28:00,EVT_ZONE_BOM_01_20260727,1.91,DEV_ad007ae55be3,1,False,0.03,28,3,474.0,474.0,0
CLM_80572,W_f0dfeeb5232d5b8a,ZONE_BOM_01,2026-08-03,2026-08-04 03:35:00,EVT_ZONE_BOM_01_20260803,0.22,DEV_ad007ae55be3,1,False,0.09,215,3,492.51,492.51,0
CLM_80573,W_f0dfeeb5232d5b8a,ZONE_BOM_01,2026-08-10,2026-08-15 01:47:00,EVT_ZONE_BOM_01_20260810,1.22,DEV_ad007ae55be3,1,False,0.02,107,2,252.25,252.25,0
CLM_80574,W_f0dfeeb5232d5b8a,ZONE_BOM_01,2026-08-17,2026-08-21 01:11:00,EVT_ZONE_BOM_01_20260817,1.66,DEV_ad007ae55be3,1,False,0.07,71,4,581.04,581.04,0
CLM_80575,W_ceedd2206c87cd76,ZONE_HYD_01,2026-07-13,2026-07-17 00:34:00,EVT_ZONE_HYD_01_20260713,1.26,DEV_996dd189c17b,1,False,0.02,34,3,533.07,533.07,0
CLM_80576,W_ceedd2206c87cd76,ZONE_HYD_01,2026-07-27,2026-07-31 01:53:00,EVT_ZONE_HYD_01_20260727,1.35,DEV_996dd189c17b,1,False,0.01,113,2,764.17,764.17,0
CLM_80577,W_ceedd2206c87cd76,ZONE_HYD_01,2026-08-17,2026-08-20 01:43:00,EVT_ZONE_HYD_01_20260817,0.8,DEV_996dd189c17b,1,False,0.94,103,2,844.81,0.0,1
CLM_80578,W_ceedd2206c87cd76,ZONE_HYD_01,2026-09-07,2026-09-09 00:24:00,EVT_ZONE_HYD_01_20260907,2.07,DEV_996dd189c17b,1,False,0.07,24,4,491.15,491.15,0
CLM_80579,W_6433eaaed98a697a,ZONE_DEL_01,2026-06-29,2026-06-30 01:58:00,EVT_ZONE_DEL_01_20260629,1.94,DEV_405a3979c568,1,False,0.03,118,3,699.55,699.55,0
CLM_80580,W_6433eaaed98a697a,ZONE_DEL_01,2026-07-06,2026-07-10 00:25:00,EVT_ZONE_DEL_01_20260706,0.03,DEV_405a3979c568,1,False,0.1,25,1,3082.81,3082.81,0
CLM_80581,W_6433eaaed98a697a,ZONE_DEL_01,2026-07-20,2026-07-21 00:40:00,EVT_ZONE_DEL_01_20260720,0.33,DEV_405a3979c568,1,False,0.1,40,2,835.32,835.32,0
CLM_80582,W_6433eaaed98a697a,ZONE_DEL_01,2026-08-03,2026-08-05 00:39:00,EVT_ZONE_DEL_01_20260803,0.16,DEV_405a3979c568,1,False,0.05,39,3,2803.86,2803.86,0
CLM_80583,W_6433eaaed98a697a,ZONE_DEL_01,2026-08-17,2026-08-19 01:31:00,EVT_ZONE_DEL_01_20260817,0.9,DEV_405a3979c568,1,False,0.09,91,1,469.92,469.92,0
CLM_80584,W_a0660018b5c7bfbb,ZONE_MAA_01,2026-07-06,2026-07-08 01:02:00,EVT_ZONE_MAA_01_20260706,0.8,DEV_787f5dc00d52,1,False,0.02,62,6,332.3,332.3,0
CLM_80585,W_a0660018b5c7bfbb,ZONE_MAA_01,2026-09-14,2026-09-15 01:19:00,EVT_ZONE_MAA_01_20260914,0.37,DEV_787f5dc00d52,1,False,0.04,79,4,440.93,440.93,0
CLM_80586,W_b73755066d8f7bee,ZONE_HYD_01,2026-07-13,2026-07-17 00:21:00,EVT_ZONE_HYD_01_20260713,1.25,DEV_c9a44f875ae7,1,False,0.01,21,2,674.88,674.88,0
CLM_80587,W_b73755066d8f7bee,ZONE_HYD_01,2026-07-27,2026-07-28 00:53:00,EVT_ZONE_HYD_01_20260727,0.75,DEV_c9a44f875ae7,1,False,0.02,53,3,905.21,905.21,0
CLM_80588,W_b73755066d8f7bee,ZONE_HYD_01,2026-08-17,2026-08-21 01:04:00,EVT_ZONE_HYD_01_20260817,2.18,DEV_c9a44f875ae7,1,False,0.1,64,4,936.43,936.43,0
CLM_80589,W_b73755066d8f7bee,ZONE_HYD_01,2026-09-07,2026-09-11 00:11:00,EVT_ZONE_HYD_01_20260907,0.45,DEV_c9a44f875ae7,1,False,0.04,11,1,496.73,496.73,0
CLM_80590,W_c5c1c0b9e16fbae0,ZONE_MAA_01,2026-07-06,2026-07-09 19:30:00,EVT_ZONE_MAA_01_20260706,0.75,DEV_912a88e43330,1,False,0.01,1170,2,756.38,0.0,1
CLM_80591,W_c5c1c0b9e16fbae0,ZONE_MAA_01,2026-09-14,2026-09-16 00:08:00,EVT_ZONE_MAA_01_20260914,1.35,DEV_912a88e43330,1,False,0.09,8,2,743.43,743.43,0
CLM_80592,W_3dc1c5e0c4515940,ZONE_HYD_01,2026-07-13,2026-07-15 00:42:00,EVT_ZONE_HYD_01_20260713,0.44,DEV_059cc324290c,1,False,0.09,42,4,432.07,432.07,0
CLM_80593,W_3dc1c5e0c4515940,ZONE_HYD_01,2026-07-27,2026-07-30 00:24:00,EVT_ZONE_HYD_01_20260727,0.41,DEV_059cc324290c,1,False,0.08,24,1,814.11,814.11,0
CLM_80594,W_3dc1c5e0c4515940,ZONE_HYD_01,2026-08-17,2026-08-22 00:14:00,EVT_ZONE_HYD_01_20260817,2.83,DEV_059cc324290c,1,False,0.06,14,1,597.77,597.77,0
CLM_80595,W_3dc1c5e0c4515940,ZONE_HYD_01,2026-09-07,2026-09-10 00:16:00,EVT_ZONE_HYD_01_20260907,1.17,DEV_059cc324290c,1,False,0.03,16,1,531.26,531.26,0
CLM_80596,W_d5e174d6541fdf55,ZONE_HYD_01,2026-07-13,2026-07-17 00:13:00,EVT_ZONE_HYD_01_20260713,2.03,DEV_0ff6da559e81,1,False,0.08,13,3,483.8,483.8,0
CLM_80597,W_d5e174d6541fdf55,ZONE_HYD_01,2026-07-27,2026-07-28 00:22:00,EVT_ZONE_HYD_01_20260727,1.43,DEV_0ff6da559e81,1,False,0.07,22,1,1044.04,1044.04,0
CLM_80598,W_d5e174d6541fdf55,ZONE_HYD_01,2026-08-17,2026-08-19 00:31:00,EVT_ZONE_HYD_01_20260817,0.68,DEV_0ff6da559e81,1,False,0.08,31,1,819.08,819.08,0
CLM_80599,W_d5e174d6541fdf55,ZONE_HYD_01,2026-09-07,2026-09-11 00:09:00,EVT_ZONE_HYD_01_20260907,1.86,DEV_0ff6da559e81,1,False,0.02,9,2,693.57,693.57,0
CLM_80600,W_1f0259ac1eb10568,ZONE_BLR_01,2026-06-29,2026-07-04 00:56:00,EVT_ZONE_BLR_01_20260629,1.8,DEV_e0c4b780039f,1,False,0.07,56,3,685.86,685.86,0
CLM_80601,W_1f0259ac1eb10568,ZONE_BLR_01,2026-07-20,2026-07-25 00:08:00,EVT_ZONE_BLR_01_20260720,1.48,DEV_e0c4b780039f,1,False,0.86,8,4,426.97,0.0,1
CLM_80602,W_1f0259ac1eb10568,ZONE_BLR_01,2026-08-03,2026-08-06 00:16:00,EVT_ZONE_BLR_01_20260803,0.98,DEV_e0c4b780039f,1,False,0.05,16,1,1102.21,1102.21,0
CLM_80603,W_1f0259ac1eb10568,ZONE_BLR_01,2026-08-17,2026-08-18 01:02:00,EVT_ZONE_BLR_01_20260817,0.2,DEV_e0c4b780039f,1,False,0.01,62,2,507.27,507.27,0
CLM_80604,W_1ed2975b552c19ef,ZONE_DEL_01,2026-06-29,2026-07-04 01:24:00,EVT_ZONE_DEL_01_20260629,0.5,DEV_26ffcd321f71,1,False,0.09,84,1,376.69,376.69,0
CLM_80605,W_1ed2975b552c19ef,ZONE_DEL_01,2026-07-06,2026-07-08 00:08:00,EVT_ZONE_DEL_01_20260706,0.99,DEV_26ffcd321f71,1,False,0.06,8,2,1515.93,1515.93,0
CLM_80606,W_1ed2975b552c19ef,ZONE_DEL_01,2026-07-20,2026-07-22 00:29:00,EVT_ZONE_DEL_01_20260720,0.6,DEV_26ffcd321f71,1,False,0.05,29,3,555.16,555.16,0
CLM_80607,W_1ed2975b552c19ef,ZONE_DEL_01,2026-08-03,2026-08-07 00:33:00,EVT_ZONE_DEL_01_20260803,0.61,DEV_26ffcd321f71,1,False,0.09,33,1,1450.17,1450.17,0
CLM_80608,W_1ed2975b552c19ef,ZONE_DEL_01,2026-08-17,2026-08-20 01:16:00,EVT_ZONE_DEL_01_20260817,2.47,DEV_26ffcd321f71,1,False,0.02,76,2,357.62,357.62,0
CLM_80609,W_1ed2975b552c19ef,ZONE_DEL_01,2026-08-31,2026-09-04 00:16:00,EVT_ZONE_DEL_01_20260831,1.7,DEV_26ffcd321f71,1,False,0.03,16,1,367.34,367.34,0
CLM_80610,W_fe28cf7be69f9956,ZONE_DEL_01,2026-06-29,2026-07-01 06:09:00,EVT_ZONE_DEL_01_20260629,3.18,DEV_1d381b7b5faf,1,False,0.1,369,1,317.58,317.58,0
CLM_80611,W_fe28cf7be69f9956,ZONE_DEL_01,2026-07-06,2026-07-11 00:47:00,EVT_ZONE_DEL_01_20260706,1.25,DEV_1d381b7b5faf,1,False,0.05,47,3,1815.51,1815.51,0
CLM_80612,W_fe28cf7be69f9956,ZONE_DEL_01,2026-07-20,2026-07-25 01:11:00,EVT_ZONE_DEL_01_20260720,0.35,DEV_1d381b7b5faf,1,False,0.06,71,2,650.94,650.94,0
CLM_80613,W_fe28cf7be69f9956,ZONE_DEL_01,2026-08-03,2026-08-04 00:11:00,EVT_ZONE_DEL_01_20260803,0.34,DEV_1d381b7b5faf,1,False,0.06,11,1,1385.83,1385.83,0
CLM_80614,W_fe28cf7be69f9956,ZONE_DEL_01,2026-08-17,2026-08-19 01:08:00,EVT_ZONE_DEL_01_20260817,0.59,DEV_1d381b7b5faf,1,False,0.01,68,2,392.19,392.19,0
CLM_80615,W_2ec0dce8b6e387ed,ZONE_DEL_01,2026-06-29,2026-07-01 02:16:00,EVT_ZONE_DEL_01_20260629,1.03,DEV_c36ac24541c1,1,False,0.1,136,1,247.3,247.3,0
CLM_80616,W_2ec0dce8b6e387ed,ZONE_DEL_01,2026-07-06,2026-07-08 00:37:00,EVT_ZONE_DEL_01_20260706,1.05,DEV_c36ac24541c1,1,False,0.07,37,1,1394.92,1394.92,0
CLM_80617,W_2ec0dce8b6e387ed,ZONE_DEL_01,2026-07-20,2026-07-22 00:38:00,EVT_ZONE_DEL_01_20260720,3.38,DEV_c36ac24541c1,1,False,0.07,38,1,734.17,734.17,0
CLM_80618,W_2ec0dce8b6e387ed,ZONE_DEL_01,2026-08-03,2026-08-07 00:08:00,EVT_ZONE_DEL_01_20260803,1.0,DEV_c36ac24541c1,1,False,0.03,8,1,1399.35,1399.35,0
CLM_80619,W_2ec0dce8b6e387ed,ZONE_DEL_01,2026-08-17,2026-08-21 19:47:00,EVT_ZONE_DEL_01_20260817,1.83,DEV_c36ac24541c1,1,False,0.01,2627,4,280.11,0.0,1
CLM_80620,W_09f55b06fea94393,ZONE_BOM_01,2026-06-29,2026-06-30 02:38:00,EVT_ZONE_BOM_01_20260629,2.37,DEV_aa9ecc868e74,1,False,0.08,158,5,2521.95,2521.95,0
CLM_80621,W_09f55b06fea94393,ZONE_BOM_01,2026-07-06,2026-07-08 00:09:00,EVT_ZONE_BOM_01_20260706,0.13,DEV_aa9ecc868e74,1,False,0.04,9,3,2553.07,2553.07,0
CLM_80622,W_09f55b06fea94393,ZONE_BOM_01,2026-07-13,2026-07-14 01:16:00,EVT_ZONE_BOM_01_20260713,1.18,DEV_aa9ecc868e74,1,False,0.05,76,1,1859.42,1859.42,0
CLM_80623,W_09f55b06fea94393,ZONE_BOM_01,2026-07-20,2026-07-21 00:32:00,EVT_ZONE_BOM_01_20260720,0.58,DEV_aa9ecc868e74,1,False,0.1,32,3,2531.63,2531.63,0
CLM_80624,W_09f55b06fea94393,ZONE_BOM_01,2026-07-27,2026-08-01 00:22:00,EVT_ZONE_BOM_01_20260727,1.64,DEV_aa9ecc868e74,1,False,0.0,22,2,1919.99,1919.99,0
CLM_80625,W_09f55b06fea94393,ZONE_BOM_01,2026-08-03,2026-08-07 00:16:00,EVT_ZONE_BOM_01_20260803,0.7,DEV_aa9ecc868e74,1,False,0.01,16,3,1327.02,1327.02,0
CLM_80626,W_09f55b06fea94393,ZONE_BOM_01,2026-08-10,2026-08-15 00:20:00,EVT_ZONE_BOM_01_20260810,1.48,DEV_aa9ecc868e74,1,False,0.08,20,1,2040.53,2040.53,0
CLM_80627,W_09f55b06fea94393,ZONE_BOM_01,2026-08-17,2026-08-18 00:30:00,EVT_ZONE_BOM_01_20260817,0.74,DEV_aa9ecc868e74,1,False,0.03,30,3,2322.46,2322.46,0
CLM_80628,W_8f1e62a4025d151f,ZONE_BLR_01,2026-06-29,2026-07-04 01:16:00,EVT_ZONE_BLR_01_20260629,0.7,DEV_b4d6a8bc83a1,1,False,0.08,76,1,315.94,315.94,0
CLM_80629,W_8f1e62a4025d151f,ZONE_BLR_01,2026-07-20,2026-07-24 00:12:00,EVT_ZONE_BLR_01_20260720,0.73,DEV_b4d6a8bc83a1,1,False,0.09,12,3,384.63,384.63,0
CLM_80630,W_8f1e62a4025d151f,ZONE_BLR_01,2026-08-03,2026-08-04 00:11:00,EVT_ZONE_BLR_01_20260803,2.94,DEV_b4d6a8bc83a1,1,False,0.07,11,2,767.99,767.99,0
CLM_80631,W_8f1e62a4025d151f,ZONE_BLR_01,2026-08-17,2026-08-19 00:12:00,EVT_ZONE_BLR_01_20260817,0.6,DEV_b4d6a8bc83a1,1,False,0.05,12,2,424.54,424.54,0
CLM_80632,W_5fd6fc233c629496,ZONE_BLR_01,2026-06-29,2026-06-30 01:22:00,EVT_ZONE_BLR_01_20260629,0.18,DEV_bbe5583618ec,1,False,0.04,82,2,299.4,299.4,0
CLM_80633,W_5fd6fc233c629496,ZONE_BLR_01,2026-07-20,2026-07-22 23:16:00,EVT_ZONE_BLR_01_20260720,1.63,DEV_bbe5583618ec,1,False,0.0,2836,5,291.62,0.0,1
CLM_80634,W_5fd6fc233c629496,ZONE_BLR_01,2026-08-03,2026-08-05 00:23:00,EVT_ZONE_BLR_01_20260803,1.39,DEV_bbe5583618ec,1,False,0.09,23,3,434.35,434.35,0
CLM_80635,W_5fd6fc233c629496,ZONE_BLR_01,2026-08-17,2026-08-19 19:45:00,EVT_ZONE_BLR_01_20260817,4.97,DEV_bbe5583618ec,1,False,0.09,2625,2,311.11,0.0,1
CLM_80636,W_7bf86a3e77822877,ZONE_DEL_01,2026-06-29,2026-07-02 00:09:00,EVT_ZONE_DEL_01_20260629,0.91,DEV_47b3a2678d51,1,False,0.03,9,3,194.34,194.34,0
CLM_80637,W_7bf86a3e77822877,ZONE_DEL_01,2026-07-06,2026-07-10 00:11:00,EVT_ZONE_DEL_01_20260706,0.38,DEV_47b3a2678d51,1,False,0.01,11,5,1420.45,1420.45,0
CLM_80638,W_7bf86a3e77822877,ZONE_DEL_01,2026-07-20,2026-07-25 00:06:00,EVT_ZONE_DEL_01_20260720,1.23,DEV_47b3a2678d51,1,False,0.05,6,1,506.0,506.0,0
CLM_80639,W_7bf86a3e77822877,ZONE_DEL_01,2026-08-03,2026-08-05 00:59:00,EVT_ZONE_DEL_01_20260803,0.62,DEV_47b3a2678d51,1,False,0.08,59,1,1140.59,1140.59,0
CLM_80640,W_7bf86a3e77822877,ZONE_DEL_01,2026-08-17,2026-08-22 00:26:00,EVT_ZONE_DEL_01_20260817,0.4,DEV_47b3a2678d51,1,False,0.05,26,2,194.36,194.36,0
CLM_80641,W_35c97ac5ec454310,ZONE_HYD_01,2026-07-13,2026-07-18 00:07:00,EVT_ZONE_HYD_01_20260713,1.64,DEV_7b0dcef47d3f,1,False,0.07,7,1,499.31,499.31,0
CLM_80642,W_35c97ac5ec454310,ZONE_HYD_01,2026-07-27,2026-07-28 00:44:00,EVT_ZONE_HYD_01_20260727,1.84,DEV_7b0dcef47d3f,1,False,0.05,44,2,645.97,645.97,0
CLM_80643,W_35c97ac5ec454310,ZONE_HYD_01,2026-08-17,2026-08-19 00:46:00,EVT_ZONE_HYD_01_20260817,1.82,DEV_7b0dcef47d3f,1,False,0.05,46,3,832.76,832.76,0
CLM_80644,W_35c97ac5ec454310,ZONE_HYD_01,2026-09-07,2026-09-11 00:21:00,EVT_ZONE_HYD_01_20260907,0.99,DEV_7b0dcef47d3f,1,False,0.05,21,2,674.16,674.16,0
CLM_80645,W_f8858ff3e5051c86,ZONE_MAA_01,2026-07-06,2026-07-08 02:52:00,EVT_ZONE_MAA_01_20260706,0.54,DEV_927c7001360f,1,False,0.07,172,3,452.77,452.77,0
CLM_80646,W_f8858ff3e5051c86,ZONE_MAA_01,2026-09-14,2026-09-17 01:06:00,EVT_ZONE_MAA_01_20260914,19.78,DEV_927c7001360f,1,False,0.05,66,3,340.6,0.0,1
CLM_80647,W_f32a3843bf2929a5,ZONE_BLR_01,2026-06-29,2026-07-04 00:17:00,EVT_ZONE_BLR_01_20260629,2.27,DEV_6d7fdee7527f,1,False,0.07,17,2,481.87,481.87,0
CLM_80648,W_f32a3843bf2929a5,ZONE_BLR_01,2026-07-20,2026-07-22 01:12:00,EVT_ZONE_BLR_01_20260720,0.63,DEV_6d7fdee7527f,1,False,0.1,72,5,518.79,518.79,0
CLM_80649,W_f32a3843bf2929a5,ZONE_BLR_01,2026-08-03,2026-08-04 00:39:00,EVT_ZONE_BLR_01_20260803,1.67,DEV_6d7fdee7527f,1,False,0.1,39,5,741.22,741.22,0
CLM_80650,W_f32a3843bf2929a5,ZONE_BLR_01,2026-08-17,2026-08-22 01:32:00,EVT_ZONE_BLR_01_20260817,1.24,DEV_6d7fdee7527f,1,False,0.09,92,2,659.08,659.08,0
CLM_80651,W_1b7e389b0fbc2a98,ZONE_DEL_01,2026-06-29,2026-07-02 03:35:00,EVT_ZONE_DEL_01_20260629,0.59,DEV_15d01aa5a3a6,1,False,0.03,215,1,328.57,328.57,0
CLM_80652,W_1b7e389b0fbc2a98,ZONE_DEL_01,2026-07-06,2026-07-07 00:33:00,EVT_ZONE_DEL_01_20260706,2.13,DEV_15d01aa5a3a6,1,False,0.03,33,3,1765.04,1765.04,0
CLM_80653,W_1b7e389b0fbc2a98,ZONE_DEL_01,2026-07-20,2026-07-25 00:56:00,EVT_ZONE_DEL_01_20260720,2.31,DEV_15d01aa5a3a6,1,False,0.08,56,3,475.46,475.46,0
CLM_80654,W_1b7e389b0fbc2a98,ZONE_DEL_01,2026-08-03,2026-08-08 00:59:00,EVT_ZONE_DEL_01_20260803,0.9,DEV_15d01aa5a3a6,1,False,0.07,59,3,1462.39,1462.39,0
CLM_80655,W_1b7e389b0fbc2a98,ZONE_DEL_01,2026-08-17,2026-08-19 00:23:00,EVT_ZONE_DEL_01_20260817,1.44,DEV_15d01aa5a3a6,1,False,0.07,23,3,405.4,405.4,0
CLM_80656,W_352b016972689a21,ZONE_DEL_01,2026-06-29,2026-07-04 01:29:00,EVT_ZONE_DEL_01_20260629,0.83,DEV_d39a85876c7c,1,False,0.09,89,4,760.44,760.44,0
CLM_80657,W_352b016972689a21,ZONE_DEL_01,2026-07-06,2026-07-09 00:36:00,EVT_ZONE_DEL_01_20260706,42.3,DEV_d39a85876c7c,1,False,0.1,36,2,3512.15,0.0,1
CLM_80658,W_352b016972689a21,ZONE_DEL_01,2026-07-20,2026-07-24 00:10:00,EVT_ZONE_DEL_01_20260720,3.73,DEV_d39a85876c7c,1,False,0.1,10,1,1764.04,1764.04,0
CLM_80659,W_352b016972689a21,ZONE_DEL_01,2026-08-03,2026-08-08 00:16:00,EVT_ZONE_DEL_01_20260803,0.54,DEV_d39a85876c7c,1,False,0.03,16,1,3552.44,3552.44,0
CLM_80660,W_352b016972689a21,ZONE_DEL_01,2026-08-17,2026-08-22 01:42:00,EVT_ZONE_DEL_01_20260817,0.62,DEV_d39a85876c7c,1,False,0.07,102,3,454.64,454.64,0
CLM_80661,W_60553a562ab6a7f2,ZONE_DEL_01,2026-06-29,2026-07-02 00:09:00,EVT_ZONE_DEL_01_20260629,21.34,DEV_806c63ff5814,1,False,0.03,9,2,546.65,0.0,1
CLM_80662,W_60553a562ab6a7f2,ZONE_DEL_01,2026-07-06,2026-07-11 02:07:00,EVT_ZONE_DEL_01_20260706,2.5,DEV_806c63ff5814,1,False,0.08,127,3,3185.53,3185.53,0
CLM_80663,W_60553a562ab6a7f2,ZONE_DEL_01,2026-07-20,2026-07-23 00:08:00,EVT_ZONE_DEL_01_20260720,0.88,DEV_806c63ff5814,1,False,0.03,8,1,888.62,888.62,0
CLM_80664,W_60553a562ab6a7f2,ZONE_DEL_01,2026-08-03,2026-08-06 00:30:00,EVT_ZONE_DEL_01_20260803,0.36,DEV_806c63ff5814,1,False,0.08,30,2,2939.55,2939.55,0
CLM_80665,W_60553a562ab6a7f2,ZONE_DEL_01,2026-08-17,2026-08-22 00:18:00,EVT_ZONE_DEL_01_20260817,1.37,DEV_806c63ff5814,1,False,0.74,18,1,725.63,0.0,1
CLM_80666,W_0b478719825e0080,ZONE_DEL_01,2026-06-29,2026-07-04 00:10:00,EVT_ZONE_DEL_01_20260629,2.35,DEV_e4c12adab1e1,1,False,0.04,10,2,305.72,305.72,0
CLM_80667,W_0b478719825e0080,ZONE_DEL_01,2026-07-06,2026-07-11 00:08:00,EVT_ZONE_DEL_01_20260706,0.03,DEV_e4c12adab1e1,1,False,0.07,8,2,1304.97,1304.97,0
CLM_80668,W_0b478719825e0080,ZONE_DEL_01,2026-07-20,2026-07-23 01:51:00,EVT_ZONE_DEL_01_20260720,0.46,DEV_e4c12adab1e1,1,False,0.04,111,1,236.44,236.44,0
CLM_80669,W_0b478719825e0080,ZONE_DEL_01,2026-08-03,2026-08-04 01:12:00,EVT_ZONE_DEL_01_20260803,3.85,DEV_e4c12adab1e1,1,False,0.01,72,5,1323.79,1323.79,0
CLM_80670,W_0b478719825e0080,ZONE_DEL_01,2026-08-17,2026-08-22 00:06:00,EVT_ZONE_DEL_01_20260817,1.88,DEV_e4c12adab1e1,1,False,0.09,6,2,214.95,214.95,0
CLM_80671,W_f8c79f3c29285144,ZONE_DEL_01,2026-06-29,2026-06-30 01:06:00,EVT_ZONE_DEL_01_20260629,0.48,DEV_9023865b09eb,1,False,0.02,66,1,543.09,543.09,0
CLM_80672,W_f8c79f3c29285144,ZONE_DEL_01,2026-07-06,2026-07-11 00:41:00,EVT_ZONE_DEL_01_20260706,1.04,DEV_9023865b09eb,1,False,0.08,41,2,3509.79,3509.79,0
CLM_80673,W_f8c79f3c29285144,ZONE_DEL_01,2026-07-20,2026-07-22 01:26:00,EVT_ZONE_DEL_01_20260720,3.41,DEV_9023865b09eb,1,False,0.07,86,2,1513.62,1513.62,0
CLM_80674,W_f8c79f3c29285144,ZONE_DEL_01,2026-08-03,2026-08-05 00:07:00,EVT_ZONE_DEL_01_20260803,0.22,DEV_9023865b09eb,1,False,0.04,7,3,3462.25,3462.25,0
CLM_80675,W_f8c79f3c29285144,ZONE_DEL_01,2026-08-17,2026-08-21 00:24:00,EVT_ZONE_DEL_01_20260817,0.33,DEV_9023865b09eb,1,False,0.0,24,3,774.79,774.79,0
CLM_80676,W_f8c79f3c29285144,ZONE_DEL_01,2026-08-31,2026-09-05 00:17:00,EVT_ZONE_DEL_01_20260831,1.11,DEV_9023865b09eb,1,False,0.02,17,2,953.2,953.2,0
CLM_80677,W_15d5e30ace24d9a9,ZONE_MAA_01,2026-07-06,2026-07-09 00:30:00,EVT_ZONE_MAA_01_20260706,4.6,DEV_71f1470ce386,1,False,0.03,30,1,508.05,508.05,0
CLM_80678,W_15d5e30ace24d9a9,ZONE_MAA_01,2026-09-14,2026-09-16 00:43:00,EVT_ZONE_MAA_01_20260914,2.9,DEV_71f1470ce386,1,False,0.06,43,1,412.83,412.83,0
CLM_80679,W_a69b3416f454131e,ZONE_BLR_01,2026-06-29,2026-07-01 01:59:00,EVT_ZONE_BLR_01_20260629,1.01,DEV_6630a2bedb25,1,False,0.08,119,3,408.0,408.0,0
CLM_80680,W_a69b3416f454131e,ZONE_BLR_01,2026-07-20,2026-07-23 01:52:00,EVT_ZONE_BLR_01_20260720,31.67,DEV_6630a2bedb25,1,False,0.05,112,2,632.38,0.0,1
CLM_80681,W_a69b3416f454131e,ZONE_BLR_01,2026-08-03,2026-08-08 00:12:00,EVT_ZONE_BLR_01_20260803,1.48,DEV_6630a2bedb25,1,False,0.05,12,1,977.32,977.32,0
CLM_80682,W_a69b3416f454131e,ZONE_BLR_01,2026-08-17,2026-08-20 00:18:00,EVT_ZONE_BLR_01_20260817,0.25,DEV_6630a2bedb25,1,False,0.09,18,4,660.62,660.62,0
CLM_80683,W_f9bfdca1cf2eeca9,ZONE_BLR_01,2026-06-29,2026-06-30 00:16:00,EVT_ZONE_BLR_01_20260629,2.11,DEV_1afe95b06d10,1,False,0.09,16,2,426.4,426.4,0
CLM_80684,W_f9bfdca1cf2eeca9,ZONE_BLR_01,2026-07-20,2026-07-23 00:17:00,EVT_ZONE_BLR_01_20260720,1.77,DEV_1afe95b06d10,1,False,0.09,17,3,542.63,542.63,0
CLM_80685,W_f9bfdca1cf2eeca9,ZONE_BLR_01,2026-08-03,2026-08-08 00:38:00,EVT_ZONE_BLR_01_20260803,4.13,DEV_1afe95b06d10,1,False,0.02,38,2,1033.48,1033.48,0
CLM_80686,W_f9bfdca1cf2eeca9,ZONE_BLR_01,2026-08-17,2026-08-19 00:11:00,EVT_ZONE_BLR_01_20260817,42.25,DEV_1afe95b06d10,1,False,0.04,11,2,403.0,0.0,1
CLM_80687,W_bbb7c13213af9802,ZONE_HYD_01,2026-07-13,2026-07-18 01:18:00,EVT_ZONE_HYD_01_20260713,1.54,DEV_758241ffcf70,1,False,0.06,78,3,410.82,410.82,0
CLM_80688,W_bbb7c13213af9802,ZONE_HYD_01,2026-07-27,2026-08-01 01:09:00,EVT_ZONE_HYD_01_20260727,2.01,DEV_758241ffcf70,1,False,0.01,69,3,813.92,813.92,0
CLM_80689,W_bbb7c13213af9802,ZONE_HYD_01,2026-08-17,2026-08-19 00:19:00,EVT_ZONE_HYD_01_20260817,1.37,DEV_758241ffcf70,1,False,0.06,19,2,756.34,756.34,0
CLM_80690,W_bbb7c13213af9802,ZONE_HYD_01,2026-09-07,2026-09-10 01:05:00,EVT_ZONE_HYD_01_20260907,0.27,DEV_758241ffcf70,1,False,0.02,65,2,662.9,662.9,0
CLM_80691,W_aba3400fc421af23,ZONE_BLR_01,2026-06-29,2026-07-03 00:05:00,EVT_ZONE_BLR_01_20260629,1.44,DEV_bb0760d417b0,1,False,0.03,5,4,588.37,588.37,0
CLM_80692,W_aba3400fc421af23,ZONE_BLR_01,2026-07-20,2026-07-23 00:25:00,EVT_ZONE_BLR_01_20260720,0.22,DEV_bb0760d417b0,1,False,0.09,25,1,455.83,455.83,0
CLM_80693,W_aba3400fc421af23,ZONE_BLR_01,2026-08-03,2026-08-08 00:11:00,EVT_ZONE_BLR_01_20260803,0.97,DEV_bb0760d417b0,1,False,0.04,11,1,902.5,902.5,0
CLM_80694,W_aba3400fc421af23,ZONE_BLR_01,2026-08-17,2026-08-21 02:43:00,EVT_ZONE_BLR_01_20260817,0.19,DEV_bb0760d417b0,1,False,0.01,163,5,507.39,507.39,0
CLM_80695,W_1c2bd39507a85c2e,ZONE_HYD_01,2026-07-13,2026-07-15 00:06:00,EVT_ZONE_HYD_01_20260713,1.18,DEV_04a74cc03c5d,1,False,0.07,6,4,550.29,550.29,0
CLM_80696,W_1c2bd39507a85c2e,ZONE_HYD_01,2026-07-27,2026-07-31 00:09:00,EVT_ZONE_HYD_01_20260727,0.45,DEV_04a74cc03c5d,1,False,0.1,9,3,1352.92,1352.92,0
CLM_80697,W_1c2bd39507a85c2e,ZONE_HYD_01,2026-08-17,2026-08-18 00:15:00,EVT_ZONE_HYD_01_20260817,0.95,DEV_04a74cc03c5d,1,False,0.09,15,4,690.61,690.61,0
CLM_80698,W_1c2bd39507a85c2e,ZONE_HYD_01,2026-09-07,2026-09-11 01:17:00,EVT_ZONE_HYD_01_20260907,2.37,DEV_04a74cc03c5d,1,False,0.02,77,1,513.6,513.6,0
CLM_80699,W_267d567a8c3d1814,ZONE_MAA_01,2026-07-06,2026-07-10 00:22:00,EVT_ZONE_MAA_01_20260706,2.18,DEV_f826cdeb3507,1,False,0.09,22,3,699.83,699.83,0
CLM_80700,W_267d567a8c3d1814,ZONE_MAA_01,2026-09-14,2026-09-19 00:29:00,EVT_ZONE_MAA_01_20260914,0.22,DEV_f826cdeb3507,1,False,0.02,29,1,638.72,638.72,0
CLM_80701,W_56ec7eb4eed5b146,ZONE_BLR_01,2026-06-29,2026-07-01 00:22:00,EVT_ZONE_BLR_01_20260629,2.4,DEV_08ff96e42c52,1,False,0.91,22,3,489.99,0.0,1
CLM_80702,W_56ec7eb4eed5b146,ZONE_BLR_01,2026-07-20,2026-07-23 01:27:00,EVT_ZONE_BLR_01_20260720,0.67,DEV_08ff96e42c52,1,False,0.04,87,3,577.23,577.23,0
CLM_80703,W_56ec7eb4eed5b146,ZONE_BLR_01,2026-08-03,2026-08-06 20:50:00,EVT_ZONE_BLR_01_20260803,1.66,DEV_08ff96e42c52,1,False,0.03,2690,2,644.7,0.0,1
CLM_80704,W_56ec7eb4eed5b146,ZONE_BLR_01,2026-08-17,2026-08-22 00:51:00,EVT_ZONE_BLR_01_20260817,0.2,DEV_08ff96e42c52,1,False,0.1,51,2,507.42,507.42,0
CLM_80705,W_d0546cf1f9834998,ZONE_DEL_01,2026-06-29,2026-07-02 00:19:00,EVT_ZONE_DEL_01_20260629,3.55,DEV_9f92e6fec387,1,False,0.03,19,2,673.79,673.79,0
CLM_80706,W_d0546cf1f9834998,ZONE_DEL_01,2026-07-06,2026-07-09 00:55:00,EVT_ZONE_DEL_01_20260706,1.11,DEV_9f92e6fec387,1,False,0.06,55,1,3563.69,3563.69,0
CLM_80707,W_d0546cf1f9834998,ZONE_DEL_01,2026-07-20,2026-07-22 00:26:00,EVT_ZONE_DEL_01_20260720,1.54,DEV_9f92e6fec387,1,False,0.08,26,1,1257.19,1257.19,0
CLM_80708,W_d0546cf1f9834998,ZONE_DEL_01,2026-08-03,2026-08-06 00:18:00,EVT_ZONE_DEL_01_20260803,1.59,DEV_9f92e6fec387,1,False,0.07,18,3,3124.3,3124.3,0
CLM_80709,W_d0546cf1f9834998,ZONE_DEL_01,2026-08-17,2026-08-20 00:47:00,EVT_ZONE_DEL_01_20260817,0.74,DEV_9f92e6fec387,1,False,0.07,47,3,608.73,608.73,0
CLM_80710,W_5f0fdf2510d6c035,ZONE_DEL_01,2026-06-29,2026-07-02 03:15:00,EVT_ZONE_DEL_01_20260629,1.87,DEV_b70e6fc499ba,1,False,0.07,195,2,321.04,321.04,0
CLM_80711,W_5f0fdf2510d6c035,ZONE_DEL_01,2026-07-06,2026-07-09 00:06:00,EVT_ZONE_DEL_01_20260706,1.41,DEV_b70e6fc499ba,1,False,0.0,6,2,1787.97,1787.97,0
CLM_80712,W_5f0fdf2510d6c035,ZONE_DEL_01,2026-07-20,2026-07-21 00:06:00,EVT_ZONE_DEL_01_20260720,0.9,DEV_b70e6fc499ba,1,False,0.05,6,3,451.0,451.0,0
CLM_80713,W_5f0fdf2510d6c035,ZONE_DEL_01,2026-08-03,2026-08-04 01:47:00,EVT_ZONE_DEL_01_20260803,1.17,DEV_b70e6fc499ba,1,False,0.0,107,2,1491.89,1491.89,0
CLM_80714,W_5f0fdf2510d6c035,ZONE_DEL_01,2026-08-17,2026-08-19 00:35:00,EVT_ZONE_DEL_01_20260817,0.38,DEV_b70e6fc499ba,1,False,0.07,35,1,293.12,293.12,0
CLM_80715,W_37286c3d6cd650a5,ZONE_MAA_01,2026-07-06,2026-07-10 02:19:00,EVT_ZONE_MAA_01_20260706,0.56,DEV_48e45a84c86f,1,False,0.1,139,1,482.12,482.12,0
CLM_80716,W_37286c3d6cd650a5,ZONE_MAA_01,2026-09-14,2026-09-15 00:39:00,EVT_ZONE_MAA_01_20260914,1.12,DEV_48e45a84c86f,1,False,0.1,39,5,543.1,543.1,0
CLM_80717,W_3da66f7f999ea8d2,ZONE_MAA_01,2026-07-06,2026-07-07 00:11:00,EVT_ZONE_MAA_01_20260706,1.42,DEV_61c251676d0a,1,False,0.07,11,1,555.32,555.32,0
CLM_80718,W_3da66f7f999ea8d2,ZONE_MAA_01,2026-09-14,2026-09-19 01:15:00,EVT_ZONE_MAA_01_20260914,0.78,DEV_61c251676d0a,1,False,0.07,1515,3,468.29,0.0,1
CLM_80719,W_920b7777eddc774b,ZONE_HYD_01,2026-07-13,2026-07-18 00:52:00,EVT_ZONE_HYD_01_20260713,0.87,DEV_d893ffc4156e,1,False,0.02,52,4,175.31,175.31,0
CLM_80720,W_920b7777eddc774b,ZONE_HYD_01,2026-07-27,2026-07-28 00:20:00,EVT_ZONE_HYD_01_20260727,0.04,DEV_d893ffc4156e,1,False,0.02,20,2,427.55,427.55,0
CLM_80721,W_920b7777eddc774b,ZONE_HYD_01,2026-08-17,2026-08-22 00:50:00,EVT_ZONE_HYD_01_20260817,0.17,DEV_d893ffc4156e,1,False,0.09,50,1,294.22,294.22,0
CLM_80722,W_920b7777eddc774b,ZONE_HYD_01,2026-09-07,2026-09-08 00:36:00,EVT_ZONE_HYD_01_20260907,0.91,DEV_d893ffc4156e,1,False,0.06,36,2,246.53,246.53,0
CLM_80723,W_c0c9210bc101366b,ZONE_BOM_01,2026-06-29,2026-07-03 01:09:00,EVT_ZONE_BOM_01_20260629,1.01,DEV_78ec3c6779d5,1,False,0.07,69,3,1624.14,1624.14,0
CLM_80724,W_c0c9210bc101366b,ZONE_BOM_01,2026-07-06,2026-07-09 00:16:00,EVT_ZONE_BOM_01_20260706,44.61,DEV_78ec3c6779d5,1,False,0.1,16,2,1455.0,0.0,1
CLM_80725,W_c0c9210bc101366b,ZONE_BOM_01,2026-07-13,2026-07-18 01:30:00,EVT_ZONE_BOM_01_20260713,1.27,DEV_78ec3c6779d5,1,False,0.86,90,2,742.08,0.0,1
CLM_80726,W_c0c9210bc101366b,ZONE_BOM_01,2026-07-20,2026-07-21 00:20:00,EVT_ZONE_BOM_01_20260720,0.96,DEV_78ec3c6779d5,1,False,0.09,20,1,1612.84,1612.84,0
CLM_80727,W_c0c9210bc101366b,ZONE_BOM_01,2026-07-27,2026-08-01 00:37:00,EVT_ZONE_BOM_01_20260727,0.69,DEV_78ec3c6779d5,1,False,0.08,37,3,935.51,935.51,0
CLM_80728,W_c0c9210bc101366b,ZONE_BOM_01,2026-08-03,2026-08-04 00:55:00,EVT_ZONE_BOM_01_20260803,0.26,DEV_78ec3c6779d5,1,False,0.78,55,2,861.22,0.0,1
CLM_80729,W_c0c9210bc101366b,ZONE_BOM_01,2026-08-10,2026-08-15 00:20:00,EVT_ZONE_BOM_01_20260810,1.51,DEV_78ec3c6779d5,1,False,0.01,20,3,755.75,755.75,0
CLM_80730,W_c0c9210bc101366b,ZONE_BOM_01,2026-08-17,2026-08-18 01:14:00,EVT_ZONE_BOM_01_20260817,0.12,DEV_78ec3c6779d5,1,False,0.02,74,2,1012.75,1012.75,0
CLM_80731,W_dc7d78cca46a3b0d,ZONE_HYD_01,2026-07-13,2026-07-17 01:00:00,EVT_ZONE_HYD_01_20260713,0.51,DEV_50d64d471c09,1,False,0.03,60,3,199.82,199.82,0
CLM_80732,W_dc7d78cca46a3b0d,ZONE_HYD_01,2026-07-27,2026-07-31 00:22:00,EVT_ZONE_HYD_01_20260727,1.02,DEV_50d64d471c09,1,False,0.86,22,6,266.71,0.0,1
CLM_80733,W_dc7d78cca46a3b0d,ZONE_HYD_01,2026-08-17,2026-08-18 01:02:00,EVT_ZONE_HYD_01_20260817,1.12,DEV_50d64d471c09,1,False,0.07,62,2,313.59,313.59,0
CLM_80734,W_dc7d78cca46a3b0d,ZONE_HYD_01,2026-09-07,2026-09-10 00:18:00,EVT_ZONE_HYD_01_20260907,1.0,DEV_50d64d471c09,1,False,0.0,18,1,219.27,219.27,0
CLM_80735,W_389fc546f40d7534,ZONE_MAA_01,2026-07-06,2026-07-07 00:29:00,EVT_ZONE_MAA_01_20260706,2.18,DEV_c92843158bcf,1,False,0.09,29,1,384.82,384.82,0
CLM_80736,W_389fc546f40d7534,ZONE_MAA_01,2026-09-14,2026-09-16 00:11:00,EVT_ZONE_MAA_01_20260914,1.0,DEV_c92843158bcf,1,False,0.0,11,2,291.49,291.49,0
CLM_80737,W_fa3032d0327a462b,ZONE_BLR_01,2026-06-29,2026-06-30 00:32:00,EVT_ZONE_BLR_01_20260629,1.8,DEV_2f2359222c3b,1,False,0.03,32,4,311.08,311.08,0
CLM_80738,W_fa3032d0327a462b,ZONE_BLR_01,2026-07-20,2026-07-24 00:13:00,EVT_ZONE_BLR_01_20260720,0.97,DEV_2f2359222c3b,1,False,0.02,13,1,278.61,278.61,0
CLM_80739,W_fa3032d0327a462b,ZONE_BLR_01,2026-08-03,2026-08-04 00:14:00,EVT_ZONE_BLR_01_20260803,2.12,DEV_2f2359222c3b,1,False,0.04,14,1,534.46,534.46,0
CLM_80740,W_fa3032d0327a462b,ZONE_BLR_01,2026-08-17,2026-08-19 00:43:00,EVT_ZONE_BLR_01_20260817,0.84,DEV_2f2359222c3b,1,False,0.07,43,3,266.41,266.41,0
CLM_80741,W_26d4157836929115,ZONE_BLR_01,2026-06-29,2026-07-01 00:47:00,EVT_ZONE_BLR_01_20260629,0.66,DEV_5479ff696686,1,False,0.09,47,2,495.32,495.32,0
CLM_80742,W_26d4157836929115,ZONE_BLR_01,2026-07-20,2026-07-21 00:25:00,EVT_ZONE_BLR_01_20260720,2.43,DEV_5479ff696686,1,False,0.04,25,1,638.54,638.54,0
CLM_80743,W_26d4157836929115,ZONE_BLR_01,2026-08-03,2026-08-06 00:07:00,EVT_ZONE_BLR_01_20260803,0.14,DEV_5479ff696686,1,False,0.09,7,1,877.83,877.83,0
CLM_80744,W_26d4157836929115,ZONE_BLR_01,2026-08-17,2026-08-19 00:45:00,EVT_ZONE_BLR_01_20260817,0.7,DEV_5479ff696686,1,False,0.07,45,1,456.28,456.28,0
CLM_80745,W_ade7dcd72d784710,ZONE_DEL_01,2026-06-29,2026-07-01 01:20:00,EVT_ZONE_DEL_01_20260629,0.67,DEV_5a9f8eeb182e,1,False,0.02,80,2,543.56,543.56,0
CLM_80746,W_ade7dcd72d784710,ZONE_DEL_01,2026-07-06,2026-07-08 00:30:00,EVT_ZONE_DEL_01_20260706,39.72,DEV_5a9f8eeb182e,1,False,0.04,30,2,3034.67,0.0,1
CLM_80747,W_ade7dcd72d784710,ZONE_DEL_01,2026-07-20,2026-07-21 00:40:00,EVT_ZONE_DEL_01_20260720,0.33,DEV_5a9f8eeb182e,1,False,0.1,40,1,989.24,989.24,0
CLM_80748,W_ade7dcd72d784710,ZONE_DEL_01,2026-08-03,2026-08-07 00:16:00,EVT_ZONE_DEL_01_20260803,1.92,DEV_5a9f8eeb182e,1,False,0.04,16,4,2578.18,2578.18,0
CLM_80749,W_ade7dcd72d784710,ZONE_DEL_01,2026-08-17,2026-08-20 00:20:00,EVT_ZONE_DEL_01_20260817,1.4,DEV_5a9f8eeb182e,1,False,0.03,20,4,686.5,686.5,0
CLM_80750,W_9848d02b418bea42,ZONE_MAA_01,2026-07-06,2026-07-08 00:31:00,EVT_ZONE_MAA_01_20260706,0.73,DEV_1aa1a9cab52f,1,False,0.01,31,2,643.52,643.52,0
CLM_80751,W_9848d02b418bea42,ZONE_MAA_01,2026-09-14,2026-09-19 00:29:00,EVT_ZONE_MAA_01_20260914,0.24,DEV_1aa1a9cab52f,1,False,0.09,29,4,617.74,617.74,0
CLM_80752,W_0458a8227990f06a,ZONE_HYD_01,2026-07-13,2026-07-15 00:27:00,EVT_ZONE_HYD_01_20260713,0.44,DEV_59a2d555a2ea,1,False,0.03,27,4,655.19,655.19,0
CLM_80753,W_0458a8227990f06a,ZONE_HYD_01,2026-07-27,2026-07-29 00:34:00,EVT_ZONE_HYD_01_20260727,0.62,DEV_59a2d555a2ea,1,False,0.02,34,4,957.09,957.09,0
CLM_80754,W_0458a8227990f06a,ZONE_HYD_01,2026-08-17,2026-08-20 00:07:00,EVT_ZONE_HYD_01_20260817,1.14,DEV_59a2d555a2ea,1,False,0.01,7,2,905.13,905.13,0
CLM_80755,W_0458a8227990f06a,ZONE_HYD_01,2026-09-07,2026-09-10 00:23:00,EVT_ZONE_HYD_01_20260907,1.57,DEV_59a2d555a2ea,1,False,0.09,23,2,517.08,517.08,0
CLM_80756,W_077170b5c8ed69fa,ZONE_DEL_01,2026-06-29,2026-07-05 07:39:00,EVT_ZONE_DEL_01_20260629,0.36,DEV_3817a946973d,1,False,0.02,1899,4,226.02,0.0,1
CLM_80757,W_077170b5c8ed69fa,ZONE_DEL_01,2026-07-06,2026-07-07 00:57:00,EVT_ZONE_DEL_01_20260706,28.01,DEV_3817a946973d,1,False,0.01,57,2,1282.87,0.0,1
CLM_80758,W_077170b5c8ed69fa,ZONE_DEL_01,2026-07-20,2026-07-23 01:57:00,EVT_ZONE_DEL_01_20260720,0.71,DEV_3817a946973d,1,False,0.02,117,2,425.44,425.44,0
CLM_80759,W_077170b5c8ed69fa,ZONE_DEL_01,2026-08-03,2026-08-07 00:14:00,EVT_ZONE_DEL_01_20260803,5.16,DEV_3817a946973d,1,False,0.1,14,4,1133.85,1133.85,0
CLM_80760,W_077170b5c8ed69fa,ZONE_DEL_01,2026-08-17,2026-08-19 00:44:00,EVT_ZONE_DEL_01_20260817,1.22,DEV_3817a946973d,1,False,0.01,44,1,330.45,330.45,0
CLM_80761,W_b370bd5ae6a9e5f5,ZONE_DEL_01,2026-06-29,2026-07-02 00:25:00,EVT_ZONE_DEL_01_20260629,0.49,DEV_867b304e5fd3,1,False,0.08,25,3,686.79,686.79,0
CLM_80762,W_b370bd5ae6a9e5f5,ZONE_DEL_01,2026-07-06,2026-07-09 00:34:00,EVT_ZONE_DEL_01_20260706,0.69,DEV_867b304e5fd3,1,False,0.05,34,2,2894.35,2894.35,0
CLM_80763,W_b370bd5ae6a9e5f5,ZONE_DEL_01,2026-07-20,2026-07-24 00:05:00,EVT_ZONE_DEL_01_20260720,1.39,DEV_867b304e5fd3,1,False,0.06,5,2,654.89,654.89,0
CLM_80764,W_b370bd5ae6a9e5f5,ZONE_DEL_01,2026-08-03,2026-08-04 00:05:00,EVT_ZONE_DEL_01_20260803,0.91,DEV_867b304e5fd3,1,False,0.07,5,2,2595.84,2595.84,0
CLM_80765,W_b370bd5ae6a9e5f5,ZONE_DEL_01,2026-08-17,2026-08-20 00:12:00,EVT_ZONE_DEL_01_20260817,27.31,DEV_867b304e5fd3,1,False,0.09,12,3,626.98,0.0,1
CLM_80766,W_57aaba236d77b93c,ZONE_HYD_01,2026-07-13,2026-07-15 02:43:00,EVT_ZONE_HYD_01_20260713,0.44,DEV_38deda66751c,1,False,0.01,1603,1,651.92,0.0,1
CLM_80767,W_57aaba236d77b93c,ZONE_HYD_01,2026-07-27,2026-07-29 00:46:00,EVT_ZONE_HYD_01_20260727,2.67,DEV_38deda66751c,1,False,0.06,46,3,1243.47,1243.47,0
CLM_80768,W_57aaba236d77b93c,ZONE_HYD_01,2026-08-17,2026-08-22 00:46:00,EVT_ZONE_HYD_01_20260817,2.19,DEV_38deda66751c,1,False,0.04,46,4,827.17,827.17,0
CLM_80769,W_57aaba236d77b93c,ZONE_HYD_01,2026-09-07,2026-09-10 01:23:00,EVT_ZONE_HYD_01_20260907,0.36,DEV_38deda66751c,1,False,0.05,83,2,544.76,544.76,0
CLM_80770,W_03b9f42be7e6a117,ZONE_BOM_01,2026-06-29,2026-07-02 00:22:00,EVT_ZONE_BOM_01_20260629,0.76,DEV_5f156b5e33e9,1,False,0.02,22,2,3275.91,3275.91,0
CLM_80771,W_03b9f42be7e6a117,ZONE_BOM_01,2026-07-06,2026-07-07 00:43:00,EVT_ZONE_BOM_01_20260706,0.41,DEV_5f156b5e33e9,1,False,0.04,43,1,2966.87,2966.87,0
CLM_80772,W_03b9f42be7e6a117,ZONE_BOM_01,2026-07-13,2026-07-17 00:26:00,EVT_ZONE_BOM_01_20260713,1.49,DEV_5f156b5e33e9,1,False,0.05,26,2,1582.34,1582.34,0
CLM_80773,W_03b9f42be7e6a117,ZONE_BOM_01,2026-07-20,2026-07-25 00:44:00,EVT_ZONE_BOM_01_20260720,0.48,DEV_5f156b5e33e9,1,False,0.04,44,2,3284.53,3284.53,0
CLM_80774,W_03b9f42be7e6a117,ZONE_BOM_01,2026-07-27,2026-07-29 02:51:00,EVT_ZONE_BOM_01_20260727,0.72,DEV_5f156b5e33e9,1,False,0.03,171,2,2156.98,2156.98,0
CLM_80775,W_03b9f42be7e6a117,ZONE_BOM_01,2026-08-03,2026-08-05 02:02:00,EVT_ZONE_BOM_01_20260803,0.47,DEV_5f156b5e33e9,1,False,0.1,122,1,1315.12,1315.12,0
CLM_80776,W_03b9f42be7e6a117,ZONE_BOM_01,2026-08-10,2026-08-13 00:45:00,EVT_ZONE_BOM_01_20260810,2.56,DEV_5f156b5e33e9,1,False,0.06,45,4,1570.02,1570.02,0
CLM_80777,W_03b9f42be7e6a117,ZONE_BOM_01,2026-08-17,2026-08-19 00:08:00,EVT_ZONE_BOM_01_20260817,4.28,DEV_5f156b5e33e9,1,False,0.05,8,3,1852.16,1852.16,0
CLM_80778,W_4a2f54ba870d9558,ZONE_HYD_01,2026-07-13,2026-07-17 01:19:00,EVT_ZONE_HYD_01_20260713,2.81,DEV_da136bc4a022,1,False,0.09,79,2,438.74,438.74,0
CLM_80779,W_4a2f54ba870d9558,ZONE_HYD_01,2026-07-27,2026-08-01 00:17:00,EVT_ZONE_HYD_01_20260727,0.91,DEV_da136bc4a022,1,False,0.06,17,3,1163.62,1163.62,0
CLM_80780,W_4a2f54ba870d9558,ZONE_HYD_01,2026-08-17,2026-08-19 00:58:00,EVT_ZONE_HYD_01_20260817,0.41,DEV_da136bc4a022,1,False,0.07,58,2,780.24,780.24,0
CLM_80781,W_4a2f54ba870d9558,ZONE_HYD_01,2026-09-07,2026-09-12 00:27:00,EVT_ZONE_HYD_01_20260907,2.31,DEV_da136bc4a022,1,False,0.07,27,3,573.98,573.98,0
CLM_80782,W_6ce9fab807f0cf69,ZONE_DEL_01,2026-06-29,2026-07-02 00:39:00,EVT_ZONE_DEL_01_20260629,0.55,DEV_3edd9e082d13,1,False,0.09,39,1,522.17,522.17,0
CLM_80783,W_6ce9fab807f0cf69,ZONE_DEL_01,2026-07-06,2026-07-08 00:27:00,EVT_ZONE_DEL_01_20260706,0.35,DEV_3edd9e082d13,1,False,0.09,27,1,3428.56,3428.56,0
CLM_80784,W_6ce9fab807f0cf69,ZONE_DEL_01,2026-07-20,2026-07-21 01:14:00,EVT_ZONE_DEL_01_20260720,0.58,DEV_3edd9e082d13,1,False,0.02,74,1,1070.83,1070.83,0
CLM_80785,W_6ce9fab807f0cf69,ZONE_DEL_01,2026-08-03,2026-08-07 00:08:00,EVT_ZONE_DEL_01_20260803,40.75,DEV_3edd9e082d13,1,False,0.08,8,2,2723.43,0.0,1
CLM_80786,W_6ce9fab807f0cf69,ZONE_DEL_01,2026-08-17,2026-08-19 01:04:00,EVT_ZONE_DEL_01_20260817,0.13,DEV_3edd9e082d13,1,False,0.1,64,2,723.82,723.82,0
CLM_80787,W_e58250428367733f,ZONE_MAA_01,2026-07-06,2026-07-09 01:27:00,EVT_ZONE_MAA_01_20260706,0.47,DEV_d1da1e8a46aa,1,False,0.08,87,2,654.39,654.39,0
CLM_80788,W_e58250428367733f,ZONE_MAA_01,2026-09-14,2026-09-17 00:13:00,EVT_ZONE_MAA_01_20260914,1.27,DEV_d1da1e8a46aa,1,False,0.04,13,1,479.12,479.12,0
CLM_80789,W_aa635392c7191062,ZONE_MAA_01,2026-07-06,2026-07-08 00:36:00,EVT_ZONE_MAA_01_20260706,0.52,DEV_3e3250e4b68d,1,False,0.08,36,2,599.26,599.26,0
CLM_80790,W_aa635392c7191062,ZONE_MAA_01,2026-09-14,2026-09-19 01:30:00,EVT_ZONE_MAA_01_20260914,1.22,DEV_3e3250e4b68d,1,False,0.0,90,1,481.46,481.46,0
CLM_80791,W_19eead91b8a3ef2f,ZONE_HYD_01,2026-07-13,2026-07-15 00:19:00,EVT_ZONE_HYD_01_20260713,0.75,DEV_e8617a890b30,1,False,0.07,19,3,709.47,709.47,0
CLM_80792,W_19eead91b8a3ef2f,ZONE_HYD_01,2026-07-27,2026-07-30 00:23:00,EVT_ZONE_HYD_01_20260727,0.78,DEV_e8617a890b30,1,False,0.02,23,1,572.49,572.49,0
CLM_80793,W_19eead91b8a3ef2f,ZONE_HYD_01,2026-08-17,2026-08-19 00:19:00,EVT_ZONE_HYD_01_20260817,0.74,DEV_e8617a890b30,1,False,0.05,19,1,1009.11,1009.11,0
CLM_80794,W_19eead91b8a3ef2f,ZONE_HYD_01,2026-09-07,2026-09-12 09:21:00,EVT_ZONE_HYD_01_20260907,0.63,DEV_e8617a890b30,1,False,0.07,2001,2,593.31,0.0,1
CLM_80795,W_130c62b1780d5442,ZONE_DEL_01,2026-06-29,2026-07-02 01:55:00,EVT_ZONE_DEL_01_20260629,0.74,DEV_9a2d14ee5988,1,False,0.09,115,1,386.81,386.81,0
CLM_80796,W_130c62b1780d5442,ZONE_DEL_01,2026-07-06,2026-07-10 00:17:00,EVT_ZONE_DEL_01_20260706,1.99,DEV_9a2d14ee5988,1,False,0.02,17,3,1333.65,1333.65,0
CLM_80797,W_130c62b1780d5442,ZONE_DEL_01,2026-07-20,2026-07-23 00:58:00,EVT_ZONE_DEL_01_20260720,0.72,DEV_9a2d14ee5988,1,False,0.08,58,1,424.23,424.23,0
CLM_80798,W_130c62b1780d5442,ZONE_DEL_01,2026-08-03,2026-08-06 00:11:00,EVT_ZONE_DEL_01_20260803,0.77,DEV_9a2d14ee5988,1,False,0.05,11,3,1151.21,1151.21,0
CLM_80799,W_130c62b1780d5442,ZONE_DEL_01,2026-08-17,2026-08-22 00:57:00,EVT_ZONE_DEL_01_20260817,8.45,DEV_9a2d14ee5988,1,False,0.01,57,2,308.19,308.19,0
CLM_80800,W_b3a42227b037774e,ZONE_HYD_01,2026-07-13,2026-07-18 01:58:00,EVT_ZONE_HYD_01_20260713,1.26,DEV_57ec2ababfe4,1,False,0.09,118,2,658.28,658.28,0
CLM_80801,W_b3a42227b037774e,ZONE_HYD_01,2026-07-27,2026-07-31 00:17:00,EVT_ZONE_HYD_01_20260727,1.45,DEV_57ec2ababfe4,1,False,0.04,17,1,728.43,728.43,0
CLM_80802,W_b3a42227b037774e,ZONE_HYD_01,2026-08-17,2026-08-22 00:20:00,EVT_ZONE_HYD_01_20260817,1.29,DEV_57ec2ababfe4,1,False,0.03,20,5,730.75,730.75,0
CLM_80803,W_b3a42227b037774e,ZONE_HYD_01,2026-09-07,2026-09-11 01:49:00,EVT_ZONE_HYD_01_20260907,0.7,DEV_57ec2ababfe4,1,False,0.03,109,2,595.31,595.31,0
CLM_80804,W_f048af82c0c850a4,ZONE_BLR_01,2026-06-29,2026-06-30 00:14:00,EVT_ZONE_BLR_01_20260629,1.1,DEV_c6aa6d211514,1,False,0.05,14,2,475.08,475.08,0
CLM_80805,W_f048af82c0c850a4,ZONE_BLR_01,2026-07-20,2026-07-21 00:16:00,EVT_ZONE_BLR_01_20260720,2.66,DEV_c6aa6d211514,1,False,0.01,16,2,449.34,449.34,0
CLM_80806,W_f048af82c0c850a4,ZONE_BLR_01,2026-08-03,2026-08-08 00:19:00,EVT_ZONE_BLR_01_20260803,2.79,DEV_c6aa6d211514,1,False,0.0,19,1,1560.17,1560.17,0
CLM_80807,W_f048af82c0c850a4,ZONE_BLR_01,2026-08-17,2026-08-20 00:39:00,EVT_ZONE_BLR_01_20260817,0.25,DEV_c6aa6d211514,1,False,0.0,39,2,390.14,390.14,0
CLM_80808,W_cefdf79a59137c33,ZONE_BOM_01,2026-06-29,2026-07-03 00:37:00,EVT_ZONE_BOM_01_20260629,0.23,DEV_ac3ff06ac905,1,False,0.01,37,2,1321.17,1321.17,0
CLM_80809,W_cefdf79a59137c33,ZONE_BOM_01,2026-07-06,2026-07-07 00:07:00,EVT_ZONE_BOM_01_20260706,0.15,DEV_ac3ff06ac905,1,False,0.08,7,1,1323.55,1323.55,0
CLM_80810,W_cefdf79a59137c33,ZONE_BOM_01,2026-07-13,2026-07-18 00:21:00,EVT_ZONE_BOM_01_20260713,1.37,DEV_ac3ff06ac905,1,False,0.09,21,1,898.83,898.83,0
CLM_80811,W_cefdf79a59137c33,ZONE_BOM_01,2026-07-20,2026-07-24 01:18:00,EVT_ZONE_BOM_01_20260720,1.84,DEV_ac3ff06ac905,1,False,0.75,78,6,1328.32,0.0,1
CLM_80812,W_cefdf79a59137c33,ZONE_BOM_01,2026-07-27,2026-08-01 00:30:00,EVT_ZONE_BOM_01_20260727,1.66,DEV_ac3ff06ac905,1,False,0.06,30,1,1309.14,1309.14,0
CLM_80813,W_cefdf79a59137c33,ZONE_BOM_01,2026-08-03,2026-08-07 19:19:00,EVT_ZONE_BOM_01_20260803,3.79,DEV_ac3ff06ac905,1,False,0.07,1159,1,791.93,0.0,1
CLM_80814,W_cefdf79a59137c33,ZONE_BOM_01,2026-08-10,2026-08-15 00:28:00,EVT_ZONE_BOM_01_20260810,1.72,DEV_ac3ff06ac905,1,False,0.82,28,3,1211.26,0.0,1
CLM_80815,W_cefdf79a59137c33,ZONE_BOM_01,2026-08-17,2026-08-19 01:00:00,EVT_ZONE_BOM_01_20260817,0.94,DEV_ac3ff06ac905,1,False,0.06,60,3,1250.08,1250.08,0
CLM_80816,W_cefdf79a59137c33,ZONE_BOM_01,2026-08-31,2026-09-02 23:06:00,EVT_ZONE_BOM_01_20260831,0.42,DEV_ac3ff06ac905,1,False,0.09,1386,1,455.31,0.0,1
CLM_80817,W_52ff32f5e6826a91,ZONE_HYD_01,2026-07-13,2026-07-17 01:10:00,EVT_ZONE_HYD_01_20260713,3.18,DEV_867ac4669399,1,False,0.01,70,4,494.96,494.96,0
CLM_80818,W_52ff32f5e6826a91,ZONE_HYD_01,2026-07-27,2026-07-29 00:23:00,EVT_ZONE_HYD_01_20260727,2.0,DEV_867ac4669399,1,False,0.04,23,2,1177.58,1177.58,0
CLM_80819,W_52ff32f5e6826a91,ZONE_HYD_01,2026-08-17,2026-08-22 00:14:00,EVT_ZONE_HYD_01_20260817,0.99,DEV_867ac4669399,1,False,0.03,14,2,835.32,835.32,0
CLM_80820,W_52ff32f5e6826a91,ZONE_HYD_01,2026-09-07,2026-09-11 00:14:00,EVT_ZONE_HYD_01_20260907,1.46,DEV_867ac4669399,1,False,0.09,14,2,722.15,722.15,0
CLM_80821,W_c2a41f580914475e,ZONE_HYD_01,2026-07-13,2026-07-17 01:18:00,EVT_ZONE_HYD_01_20260713,1.47,DEV_d2b098b6a87f,1,False,0.05,78,1,197.36,197.36,0
CLM_80822,W_c2a41f580914475e,ZONE_HYD_01,2026-07-27,2026-08-01 00:50:00,EVT_ZONE_HYD_01_20260727,0.49,DEV_d2b098b6a87f,1,False,0.01,50,1,337.27,337.27,0
CLM_80823,W_c2a41f580914475e,ZONE_HYD_01,2026-08-17,2026-08-20 00:14:00,EVT_ZONE_HYD_01_20260817,1.61,DEV_d2b098b6a87f,1,False,0.02,14,2,272.96,272.96,0
CLM_80824,W_c2a41f580914475e,ZONE_HYD_01,2026-09-07,2026-09-12 00:27:00,EVT_ZONE_HYD_01_20260907,0.2,DEV_d2b098b6a87f,1,False,0.04,27,2,260.26,260.26,0
CLM_80825,W_1c1e8e267cbe669c,ZONE_DEL_01,2026-06-29,2026-07-01 01:37:00,EVT_ZONE_DEL_01_20260629,0.67,DEV_a4b1a9c413cc,1,False,0.03,97,1,634.34,634.34,0
CLM_80826,W_1c1e8e267cbe669c,ZONE_DEL_01,2026-07-06,2026-07-11 00:29:00,EVT_ZONE_DEL_01_20260706,0.29,DEV_a4b1a9c413cc,1,False,0.03,29,3,3137.94,3137.94,0
CLM_80827,W_1c1e8e267cbe669c,ZONE_DEL_01,2026-07-20,2026-07-21 00:54:00,EVT_ZONE_DEL_01_20260720,1.05,DEV_a4b1a9c413cc,1,False,0.05,54,2,1190.13,1190.13,0
CLM_80828,W_1c1e8e267cbe669c,ZONE_DEL_01,2026-08-03,2026-08-06 01:50:00,EVT_ZONE_DEL_01_20260803,0.53,DEV_a4b1a9c413cc,1,False,0.09,110,2,2423.86,2423.86,0
CLM_80829,W_1c1e8e267cbe669c,ZONE_DEL_01,2026-08-17,2026-08-19 00:39:00,EVT_ZONE_DEL_01_20260817,0.39,DEV_a4b1a9c413cc,1,False,0.03,39,2,740.66,740.66,0
CLM_80830,W_76f3b54ed7bb701d,ZONE_BOM_01,2026-06-29,2026-07-04 00:25:00,EVT_ZONE_BOM_01_20260629,1.77,DEV_daeaf913817f,1,False,0.1,25,3,3642.05,3642.05,0
CLM_80831,W_76f3b54ed7bb701d,ZONE_BOM_01,2026-07-06,2026-07-07 00:14:00,EVT_ZONE_BOM_01_20260706,0.76,DEV_daeaf913817f,1,False,0.04,14,2,3582.9,3582.9,0
CLM_80832,W_76f3b54ed7bb701d,ZONE_BOM_01,2026-07-13,2026-07-18 01:10:00,EVT_ZONE_BOM_01_20260713,1.89,DEV_daeaf913817f,1,False,0.0,70,1,1502.76,1502.76,0
CLM_80833,W_76f3b54ed7bb701d,ZONE_BOM_01,2026-07-20,2026-07-25 00:13:00,EVT_ZONE_BOM_01_20260720,0.78,DEV_daeaf913817f,1,False,0.02,13,2,3637.89,3637.89,0
CLM_80834,W_76f3b54ed7bb701d,ZONE_BOM_01,2026-07-27,2026-07-31 01:19:00,EVT_ZONE_BOM_01_20260727,1.64,DEV_daeaf913817f,1,False,0.08,79,3,2048.62,2048.62,0
CLM_80835,W_76f3b54ed7bb701d,ZONE_BOM_01,2026-08-03,2026-08-06 00:37:00,EVT_ZONE_BOM_01_20260803,0.19,DEV_daeaf913817f,1,False,0.07,37,2,1457.69,1457.69,0
CLM_80836,W_76f3b54ed7bb701d,ZONE_BOM_01,2026-08-10,2026-08-12 00:08:00,EVT_ZONE_BOM_01_20260810,1.71,DEV_daeaf913817f,1,False,0.06,8,1,950.57,950.57,0
CLM_80837,W_76f3b54ed7bb701d,ZONE_BOM_01,2026-08-17,2026-08-22 00:53:00,EVT_ZONE_BOM_01_20260817,0.83,DEV_daeaf913817f,1,False,0.04,53,1,2318.94,2318.94,0
CLM_80838,W_13bf1445fdc63abb,ZONE_MAA_01,2026-07-06,2026-07-08 00:52:00,EVT_ZONE_MAA_01_20260706,0.78,DEV_91efe9007d17,1,False,0.03,52,2,359.02,359.02,0
CLM_80839,W_13bf1445fdc63abb,ZONE_MAA_01,2026-09-14,2026-09-18 01:45:00,EVT_ZONE_MAA_01_20260914,0.45,DEV_91efe9007d17,1,False,0.04,105,1,227.57,227.57,0
CLM_80840,W_90d2aadfa09bdbf7,ZONE_MAA_01,2026-07-06,2026-07-09 00:46:00,EVT_ZONE_MAA_01_20260706,0.46,DEV_cfe4b21239c8,1,False,0.07,46,2,484.45,484.45,0
CLM_80841,W_90d2aadfa09bdbf7,ZONE_MAA_01,2026-09-14,2026-09-20 09:56:00,EVT_ZONE_MAA_01_20260914,2.33,DEV_cfe4b21239c8,1,False,0.07,2036,1,416.05,0.0,1
CLM_80842,W_ab21517ad7062176,ZONE_MAA_01,2026-07-06,2026-07-09 03:34:00,EVT_ZONE_MAA_01_20260706,1.05,DEV_06744b01877e,1,False,0.05,214,4,421.34,421.34,0
CLM_80843,W_ab21517ad7062176,ZONE_MAA_01,2026-09-14,2026-09-19 03:13:00,EVT_ZONE_MAA_01_20260914,1.68,DEV_06744b01877e,1,False,0.09,193,3,381.09,381.09,0
CLM_80844,W_f4d96630bc33709b,ZONE_BLR_01,2026-06-29,2026-07-02 00:24:00,EVT_ZONE_BLR_01_20260629,2.08,DEV_4b8727f76af5,1,False,0.03,24,1,436.66,436.66,0
CLM_80845,W_f4d96630bc33709b,ZONE_BLR_01,2026-07-20,2026-07-21 01:17:00,EVT_ZONE_BLR_01_20260720,2.43,DEV_4b8727f76af5,1,False,0.0,77,2,602.15,602.15,0
CLM_80846,W_f4d96630bc33709b,ZONE_BLR_01,2026-08-03,2026-08-04 01:56:00,EVT_ZONE_BLR_01_20260803,1.67,DEV_4b8727f76af5,1,False,0.85,116,2,658.96,0.0,1
CLM_80847,W_f4d96630bc33709b,ZONE_BLR_01,2026-08-17,2026-08-21 00:18:00,EVT_ZONE_BLR_01_20260817,1.09,DEV_4b8727f76af5,1,False,0.06,18,2,388.68,388.68,0
CLM_80848,W_299c2ad60340816a,ZONE_HYD_01,2026-07-13,2026-07-17 00:21:00,EVT_ZONE_HYD_01_20260713,0.43,DEV_a3e202e21ab3,1,False,0.08,21,3,555.75,555.75,0
CLM_80849,W_299c2ad60340816a,ZONE_HYD_01,2026-07-27,2026-08-01 00:19:00,EVT_ZONE_HYD_01_20260727,0.66,DEV_a3e202e21ab3,1,False,0.03,19,1,645.4,645.4,0
CLM_80850,W_299c2ad60340816a,ZONE_HYD_01,2026-08-17,2026-08-21 01:32:00,EVT_ZONE_HYD_01_20260817,0.37,DEV_a3e202e21ab3,1,False,0.06,92,2,608.91,608.91,0
CLM_80851,W_299c2ad60340816a,ZONE_HYD_01,2026-09-07,2026-09-11 01:29:00,EVT_ZONE_HYD_01_20260907,0.41,DEV_a3e202e21ab3,1,False,0.07,89,2,625.83,625.83,0
CLM_80852,W_37ec96cc5011b423,ZONE_BOM_01,2026-06-29,2026-07-03 01:41:00,EVT_ZONE_BOM_01_20260629,0.53,DEV_f8e6ae62d2c5,1,False,0.02,101,2,4007.25,4007.25,0
CLM_80853,W_37ec96cc5011b423,ZONE_BOM_01,2026-07-06,2026-07-08 01:00:00,EVT_ZONE_BOM_01_20260706,0.39,DEV_f8e6ae62d2c5,1,False,0.09,60,2,2996.31,2996.31,0
CLM_80854,W_37ec96cc5011b423,ZONE_BOM_01,2026-07-13,2026-07-18 00:16:00,EVT_ZONE_BOM_01_20260713,2.54,DEV_f8e6ae62d2c5,1,False,0.06,16,3,2116.18,2116.18,0
CLM_80855,W_37ec96cc5011b423,ZONE_BOM_01,2026-07-20,2026-07-22 01:10:00,EVT_ZONE_BOM_01_20260720,0.05,DEV_f8e6ae62d2c5,1,False,0.06,70,2,3983.15,3983.15,0
CLM_80856,W_37ec96cc5011b423,ZONE_BOM_01,2026-07-27,2026-07-31 00:47:00,EVT_ZONE_BOM_01_20260727,0.38,DEV_f8e6ae62d2c5,1,False,0.08,47,2,2104.14,2104.14,0
CLM_80857,W_37ec96cc5011b423,ZONE_BOM_01,2026-08-03,2026-08-07 01:17:00,EVT_ZONE_BOM_01_20260803,0.29,DEV_f8e6ae62d2c5,1,False,0.03,77,1,1406.26,1406.26,0
CLM_80858,W_37ec96cc5011b423,ZONE_BOM_01,2026-08-10,2026-08-14 01:59:00,EVT_ZONE_BOM_01_20260810,0.49,DEV_f8e6ae62d2c5,1,False,0.06,119,5,1423.83,1423.83,0
CLM_80859,W_37ec96cc5011b423,ZONE_BOM_01,2026-08-17,2026-08-23 09:45:00,EVT_ZONE_BOM_01_20260817,1.74,DEV_f8e6ae62d2c5,1,False,0.07,2025,4,2192.15,0.0,1
CLM_80860,W_514ba337844413ad,ZONE_BLR_01,2026-06-29,2026-07-01 03:46:00,EVT_ZONE_BLR_01_20260629,0.66,DEV_f65887159ab6,1,False,0.02,1666,1,491.73,0.0,1
CLM_80861,W_514ba337844413ad,ZONE_BLR_01,2026-07-20,2026-07-24 00:23:00,EVT_ZONE_BLR_01_20260720,3.45,DEV_f65887159ab6,1,False,0.09,23,2,558.13,558.13,0
CLM_80862,W_514ba337844413ad,ZONE_BLR_01,2026-08-03,2026-08-07 00:09:00,EVT_ZONE_BLR_01_20260803,2.8,DEV_f65887159ab6,1,False,0.08,9,1,938.23,938.23,0
CLM_80863,W_514ba337844413ad,ZONE_BLR_01,2026-08-17,2026-08-19 00:53:00,EVT_ZONE_BLR_01_20260817,1.6,DEV_f65887159ab6,1,False,0.1,53,3,473.72,473.72,0
CLM_80864,W_281e53a033d40ee3,ZONE_BOM_01,2026-06-29,2026-07-04 00:30:00,EVT_ZONE_BOM_01_20260629,1.62,DEV_218c28168724,1,False,0.02,30,3,2773.69,2773.69,0
CLM_80865,W_281e53a033d40ee3,ZONE_BOM_01,2026-07-06,2026-07-09 01:38:00,EVT_ZONE_BOM_01_20260706,0.01,DEV_218c28168724,1,False,0.07,98,3,2736.79,2736.79,0
CLM_80866,W_281e53a033d40ee3,ZONE_BOM_01,2026-07-13,2026-07-16 01:11:00,EVT_ZONE_BOM_01_20260713,3.78,DEV_218c28168724,1,False,0.08,71,1,992.55,992.55,0
CLM_80867,W_281e53a033d40ee3,ZONE_BOM_01,2026-07-20,2026-07-24 00:20:00,EVT_ZONE_BOM_01_20260720,1.6,DEV_218c28168724,1,False,0.03,20,1,2803.14,2803.14,0
CLM_80868,W_281e53a033d40ee3,ZONE_BOM_01,2026-07-27,2026-07-30 00:29:00,EVT_ZONE_BOM_01_20260727,38.24,DEV_218c28168724,1,False,0.03,29,2,1733.74,0.0,1
CLM_80869,W_281e53a033d40ee3,ZONE_BOM_01,2026-08-03,2026-08-04 00:05:00,EVT_ZONE_BOM_01_20260803,1.16,DEV_218c28168724,1,False,0.0,5,3,1376.56,1376.56,0
CLM_80870,W_281e53a033d40ee3,ZONE_BOM_01,2026-08-10,2026-08-14 00:07:00,EVT_ZONE_BOM_01_20260810,0.08,DEV_218c28168724,1,False,0.08,7,2,1014.29,1014.29,0
CLM_80871,W_281e53a033d40ee3,ZONE_BOM_01,2026-08-17,2026-08-21 00:45:00,EVT_ZONE_BOM_01_20260817,0.37,DEV_218c28168724,1,False,0.09,45,1,1670.84,1670.84,0
CLM_80872,W_9cdf237c48dd25f3,ZONE_BOM_01,2026-06-29,2026-07-04 00:25:00,EVT_ZONE_BOM_01_20260629,34.1,DEV_eb054619fa9e,1,False,0.02,25,2,1580.92,0.0,1
CLM_80873,W_9cdf237c48dd25f3,ZONE_BOM_01,2026-07-06,2026-07-09 00:35:00,EVT_ZONE_BOM_01_20260706,2.6,DEV_eb054619fa9e,1,False,0.03,35,3,1348.13,1348.13,0
CLM_80874,W_9cdf237c48dd25f3,ZONE_BOM_01,2026-07-13,2026-07-17 00:24:00,EVT_ZONE_BOM_01_20260713,1.45,DEV_eb054619fa9e,1,False,0.05,24,3,770.55,770.55,0
CLM_80875,W_9cdf237c48dd25f3,ZONE_BOM_01,2026-07-20,2026-07-25 00:56:00,EVT_ZONE_BOM_01_20260720,1.37,DEV_eb054619fa9e,1,False,0.09,56,3,1564.55,1564.55,0
CLM_80876,W_9cdf237c48dd25f3,ZONE_BOM_01,2026-07-27,2026-08-01 00:57:00,EVT_ZONE_BOM_01_20260727,0.57,DEV_eb054619fa9e,1,False,0.0,57,2,849.95,849.95,0
CLM_80877,W_9cdf237c48dd25f3,ZONE_BOM_01,2026-08-03,2026-08-05 00:49:00,EVT_ZONE_BOM_01_20260803,0.94,DEV_eb054619fa9e,1,False,0.03,49,2,714.63,714.63,0
CLM_80878,W_9cdf237c48dd25f3,ZONE_BOM_01,2026-08-10,2026-08-11 00:19:00,EVT_ZONE_BOM_01_20260810,0.02,DEV_eb054619fa9e,1,False,0.08,19,1,332.64,332.64,0
CLM_80879,W_9cdf237c48dd25f3,ZONE_BOM_01,2026-08-17,2026-08-19 00:46:00,EVT_ZONE_BOM_01_20260817,1.51,DEV_eb054619fa9e,1,False,0.04,46,1,899.77,899.77,0
CLM_80880,W_3a23c9187ff0abfa,ZONE_DEL_01,2026-06-29,2026-07-01 01:38:00,EVT_ZONE_DEL_01_20260629,2.04,DEV_7b50e9d2a0c5,1,False,0.09,98,2,738.45,738.45,0
CLM_80881,W_3a23c9187ff0abfa,ZONE_DEL_01,2026-07-06,2026-07-08 00:23:00,EVT_ZONE_DEL_01_20260706,0.8,DEV_7b50e9d2a0c5,1,False,0.08,23,3,2853.23,2853.23,0
CLM_80882,W_3a23c9187ff0abfa,ZONE_DEL_01,2026-07-20,2026-07-23 01:19:00,EVT_ZONE_DEL_01_20260720,1.02,DEV_7b50e9d2a0c5,1,False,0.05,79,1,826.22,826.22,0
CLM_80883,W_3a23c9187ff0abfa,ZONE_DEL_01,2026-08-03,2026-08-07 00:45:00,EVT_ZONE_DEL_01_20260803,1.04,DEV_7b50e9d2a0c5,1,False,0.08,45,3,2591.98,2591.98,0
CLM_80884,W_3a23c9187ff0abfa,ZONE_DEL_01,2026-08-17,2026-08-19 01:29:00,EVT_ZONE_DEL_01_20260817,0.19,DEV_7b50e9d2a0c5,1,False,0.04,89,1,587.75,587.75,0
CLM_80885,W_cb4616b01f45e042,ZONE_MAA_01,2026-07-06,2026-07-08 00:33:00,EVT_ZONE_MAA_01_20260706,0.4,DEV_f0f0eb20180d,1,False,0.08,33,4,664.93,664.93,0
CLM_80886,W_cb4616b01f45e042,ZONE_MAA_01,2026-09-14,2026-09-19 00:23:00,EVT_ZONE_MAA_01_20260914,0.4,DEV_f0f0eb20180d,1,False,0.03,23,5,594.77,594.77,0
CLM_80887,W_9d48291baa09deef,ZONE_DEL_01,2026-06-29,2026-07-04 01:15:00,EVT_ZONE_DEL_01_20260629,0.41,DEV_c25c38727ed4,1,False,0.06,75,1,637.27,637.27,0
CLM_80888,W_9d48291baa09deef,ZONE_DEL_01,2026-07-06,2026-07-11 00:31:00,EVT_ZONE_DEL_01_20260706,0.58,DEV_c25c38727ed4,1,False,0.03,31,3,2386.05,2386.05,0
CLM_80889,W_9d48291baa09deef,ZONE_DEL_01,2026-07-20,2026-07-23 00:34:00,EVT_ZONE_DEL_01_20260720,0.85,DEV_c25c38727ed4,1,False,0.06,34,2,598.38,598.38,0
CLM_80890,W_9d48291baa09deef,ZONE_DEL_01,2026-08-03,2026-08-05 00:05:00,EVT_ZONE_DEL_01_20260803,1.17,DEV_c25c38727ed4,1,False,0.05,5,2,2220.95,2220.95,0
CLM_80891,W_9d48291baa09deef,ZONE_DEL_01,2026-08-17,2026-08-22 00:33:00,EVT_ZONE_DEL_01_20260817,1.61,DEV_c25c38727ed4,1,False,0.05,33,2,562.51,562.51,0
CLM_80892,W_f5412363b47f900d,ZONE_MAA_01,2026-07-06,2026-07-09 00:22:00,EVT_ZONE_MAA_01_20260706,0.94,DEV_12892a3481a9,1,False,0.07,22,1,594.66,594.66,0
CLM_80893,W_f5412363b47f900d,ZONE_MAA_01,2026-09-14,2026-09-18 00:33:00,EVT_ZONE_MAA_01_20260914,0.33,DEV_12892a3481a9,1,False,0.07,33,3,479.91,479.91,0
CLM_80894,W_3386a59b9c0a2aae,ZONE_BOM_01,2026-06-29,2026-07-03 00:24:00,EVT_ZONE_BOM_01_20260629,0.52,DEV_1a67c9629765,1,False,0.03,24,1,3528.73,3528.73,0
CLM_80895,W_3386a59b9c0a2aae,ZONE_BOM_01,2026-07-06,2026-07-08 00:10:00,EVT_ZONE_BOM_01_20260706,0.44,DEV_1a67c9629765,1,False,0.06,10,4,3405.72,3405.72,0
CLM_80896,W_3386a59b9c0a2aae,ZONE_BOM_01,2026-07-13,2026-07-15 00:10:00,EVT_ZONE_BOM_01_20260713,0.05,DEV_1a67c9629765,1,False,0.07,10,4,1954.99,1954.99,0
CLM_80897,W_3386a59b9c0a2aae,ZONE_BOM_01,2026-07-20,2026-07-22 16:09:00,EVT_ZONE_BOM_01_20260720,1.82,DEV_1a67c9629765,1,False,0.09,2409,2,3551.47,0.0,1
CLM_80898,W_3386a59b9c0a2aae,ZONE_BOM_01,2026-07-27,2026-08-01 00:13:00,EVT_ZONE_BOM_01_20260727,2.22,DEV_1a67c9629765,1,False,0.09,13,3,2214.24,2214.24,0
CLM_80899,W_3386a59b9c0a2aae,ZONE_BOM_01,2026-08-03,2026-08-04 00:19:00,EVT_ZONE_BOM_01_20260803,2.07,DEV_1a67c9629765,1,False,0.09,19,2,1590.13,1590.13,0
CLM_80900,W_3386a59b9c0a2aae,ZONE_BOM_01,2026-08-10,2026-08-15 00:31:00,EVT_ZONE_BOM_01_20260810,0.99,DEV_1a67c9629765,1,False,0.04,31,2,1306.57,1306.57,0
CLM_80901,W_3386a59b9c0a2aae,ZONE_BOM_01,2026-08-17,2026-08-20 00:55:00,EVT_ZONE_BOM_01_20260817,0.68,DEV_1a67c9629765,1,False,0.0,55,1,2098.2,2098.2,0
CLM_80902,W_873f8ac4b9526329,ZONE_MAA_01,2026-07-06,2026-07-08 00:33:00,EVT_ZONE_MAA_01_20260706,1.11,DEV_9155b07f2ee7,1,False,0.08,33,3,480.79,480.79,0
CLM_80903,W_873f8ac4b9526329,ZONE_MAA_01,2026-09-14,2026-09-15 00:15:00,EVT_ZONE_MAA_01_20260914,1.17,DEV_9155b07f2ee7,1,False,0.03,15,2,481.5,481.5,0
CLM_80904,W_d34e33ebd708cab1,ZONE_BLR_01,2026-06-29,2026-07-03 00:15:00,EVT_ZONE_BLR_01_20260629,0.95,DEV_6f6ddf414286,1,False,0.01,15,6,204.55,204.55,0
CLM_80905,W_d34e33ebd708cab1,ZONE_BLR_01,2026-07-20,2026-07-22 02:41:00,EVT_ZONE_BLR_01_20260720,1.64,DEV_6f6ddf414286,1,False,0.05,161,3,174.4,174.4,0
CLM_80906,W_d34e33ebd708cab1,ZONE_BLR_01,2026-08-03,2026-08-06 01:09:00,EVT_ZONE_BLR_01_20260803,0.16,DEV_6f6ddf414286,1,False,0.05,69,4,728.17,728.17,0
CLM_80907,W_d34e33ebd708cab1,ZONE_BLR_01,2026-08-17,2026-08-19 00:42:00,EVT_ZONE_BLR_01_20260817,26.77,DEV_6f6ddf414286,1,False,0.06,42,1,240.17,0.0,1
CLM_80908,W_264dd3c395bc2451,ZONE_BOM_01,2026-06-29,2026-06-30 00:21:00,EVT_ZONE_BOM_01_20260629,2.22,DEV_f496c761d30a,1,False,0.02,21,2,3063.01,3063.01,0
CLM_80909,W_264dd3c395bc2451,ZONE_BOM_01,2026-07-06,2026-07-10 00:55:00,EVT_ZONE_BOM_01_20260706,0.74,DEV_f496c761d30a,1,False,0.09,55,1,3098.35,3098.35,0
CLM_80910,W_264dd3c395bc2451,ZONE_BOM_01,2026-07-13,2026-07-14 01:21:00,EVT_ZONE_BOM_01_20260713,1.99,DEV_f496c761d30a,1,False,0.01,81,4,1865.51,1865.51,0
CLM_80911,W_264dd3c395bc2451,ZONE_BOM_01,2026-07-20,2026-07-21 01:00:00,EVT_ZONE_BOM_01_20260720,0.38,DEV_f496c761d30a,1,False,0.05,60,3,3112.31,3112.31,0
CLM_80912,W_264dd3c395bc2451,ZONE_BOM_01,2026-07-27,2026-07-31 00:41:00,EVT_ZONE_BOM_01_20260727,3.78,DEV_f496c761d30a,1,False,0.09,41,1,1712.93,1712.93,0
CLM_80913,W_264dd3c395bc2451,ZONE_BOM_01,2026-08-03,2026-08-06 00:21:00,EVT_ZONE_BOM_01_20260803,0.3,DEV_f496c761d30a,1,False,0.08,21,5,1532.08,1532.08,0
CLM_80914,W_264dd3c395bc2451,ZONE_BOM_01,2026-08-10,2026-08-15 00:06:00,EVT_ZONE_BOM_01_20260810,0.12,DEV_f496c761d30a,1,False,0.04,6,6,1526.38,1526.38,0
CLM_80915,W_264dd3c395bc2451,ZONE_BOM_01,2026-08-17,2026-08-19 00:08:00,EVT_ZONE_BOM_01_20260817,2.5,DEV_f496c761d30a,1,False,0.07,8,1,2310.76,2310.76,0
CLM_80916,W_3851cbf9484039fd,ZONE_BLR_01,2026-06-29,2026-07-01 02:15:00,EVT_ZONE_BLR_01_20260629,0.9,DEV_376064d969ba,1,False,0.09,135,2,623.56,623.56,0
CLM_80917,W_3851cbf9484039fd,ZONE_BLR_01,2026-07-20,2026-07-23 01:53:00,EVT_ZONE_BLR_01_20260720,1.86,DEV_376064d969ba,1,False,0.01,113,3,699.92,699.92,0
CLM_80918,W_3851cbf9484039fd,ZONE_BLR_01,2026-08-03,2026-08-06 01:53:00,EVT_ZONE_BLR_01_20260803,0.76,DEV_376064d969ba,1,False,0.04,113,1,2149.74,2149.74,0
CLM_80919,W_3851cbf9484039fd,ZONE_BLR_01,2026-08-17,2026-08-21 00:08:00,EVT_ZONE_BLR_01_20260817,26.93,DEV_376064d969ba,1,False,0.0,8,2,547.64,0.0,1
CLM_80920,W_2c68e6f080b848c7,ZONE_BLR_01,2026-06-29,2026-07-02 04:23:00,EVT_ZONE_BLR_01_20260629,1.46,DEV_559af0280f32,1,False,0.08,1703,3,866.34,0.0,1
CLM_80921,W_2c68e6f080b848c7,ZONE_BLR_01,2026-07-20,2026-07-23 00:30:00,EVT_ZONE_BLR_01_20260720,0.54,DEV_559af0280f32,1,False,0.01,30,3,816.82,816.82,0
CLM_80922,W_2c68e6f080b848c7,ZONE_BLR_01,2026-08-03,2026-08-04 00:08:00,EVT_ZONE_BLR_01_20260803,2.0,DEV_559af0280f32,1,False,0.02,8,1,1348.24,1348.24,0
CLM_80923,W_2c68e6f080b848c7,ZONE_BLR_01,2026-08-17,2026-08-18 00:57:00,EVT_ZONE_BLR_01_20260817,0.49,DEV_559af0280f32,1,False,0.09,57,1,626.56,626.56,0
CLM_80924,W_f645fd9efe1240f5,ZONE_DEL_01,2026-06-29,2026-06-30 01:45:00,EVT_ZONE_DEL_01_20260629,0.33,DEV_5af2b4676691,1,False,0.04,105,2,199.48,199.48,0
CLM_80925,W_f645fd9efe1240f5,ZONE_DEL_01,2026-07-06,2026-07-07 00:16:00,EVT_ZONE_DEL_01_20260706,0.26,DEV_5af2b4676691,1,False,0.03,16,1,1039.73,1039.73,0
CLM_80926,W_f645fd9efe1240f5,ZONE_DEL_01,2026-07-20,2026-07-21 01:09:00,EVT_ZONE_DEL_01_20260720,2.26,DEV_5af2b4676691,1,False,0.07,69,1,308.24,308.24,0
CLM_80927,W_f645fd9efe1240f5,ZONE_DEL_01,2026-08-03,2026-08-05 00:12:00,EVT_ZONE_DEL_01_20260803,0.89,DEV_5af2b4676691,1,False,0.01,12,3,870.27,870.27,0
CLM_80928,W_f645fd9efe1240f5,ZONE_DEL_01,2026-08-17,2026-08-21 00:43:00,EVT_ZONE_DEL_01_20260817,1.08,DEV_5af2b4676691,1,False,0.97,43,3,219.55,0.0,1
CLM_80929,W_7b5f20e591e32066,ZONE_DEL_01,2026-06-29,2026-07-04 00:50:00,EVT_ZONE_DEL_01_20260629,2.69,DEV_2fe00e26fe1e,1,False,0.06,50,2,566.77,566.77,0
CLM_80930,W_7b5f20e591e32066,ZONE_DEL_01,2026-07-06,2026-07-07 00:17:00,EVT_ZONE_DEL_01_20260706,0.11,DEV_2fe00e26fe1e,1,False,0.02,17,1,2634.67,2634.67,0
CLM_80931,W_7b5f20e591e32066,ZONE_DEL_01,2026-07-20,2026-07-21 02:11:00,EVT_ZONE_DEL_01_20260720,1.6,DEV_2fe00e26fe1e,1,False,0.08,131,2,1018.88,1018.88,0
CLM_80932,W_7b5f20e591e32066,ZONE_DEL_01,2026-08-03,2026-08-06 00:33:00,EVT_ZONE_DEL_01_20260803,0.2,DEV_2fe00e26fe1e,1,False,0.02,33,3,2525.51,2525.51,0
CLM_80933,W_7b5f20e591e32066,ZONE_DEL_01,2026-08-17,2026-08-20 00:15:00,EVT_ZONE_DEL_01_20260817,1.71,DEV_2fe00e26fe1e,1,False,0.09,15,3,542.0,542.0,0
CLM_80934,W_eaa55ea6b2dd6b5a,ZONE_BOM_01,2026-06-29,2026-06-30 00:11:00,EVT_ZONE_BOM_01_20260629,1.79,DEV_90e7424d775b,1,False,0.05,11,3,1189.8,1189.8,0
CLM_80935,W_eaa55ea6b2dd6b5a,ZONE_BOM_01,2026-07-06,2026-07-08 00:11:00,EVT_ZONE_BOM_01_20260706,0.52,DEV_90e7424d775b,1,False,0.08,11,1,1026.94,1026.94,0
CLM_80936,W_eaa55ea6b2dd6b5a,ZONE_BOM_01,2026-07-13,2026-07-16 01:25:00,EVT_ZONE_BOM_01_20260713,0.38,DEV_90e7424d775b,1,False,0.08,85,2,478.89,478.89,0
CLM_80937,W_eaa55ea6b2dd6b5a,ZONE_BOM_01,2026-07-20,2026-07-24 00:13:00,EVT_ZONE_BOM_01_20260720,3.91,DEV_90e7424d775b,1,False,0.0,13,3,1199.37,1199.37,0
CLM_80938,W_eaa55ea6b2dd6b5a,ZONE_BOM_01,2026-07-27,2026-07-31 00:12:00,EVT_ZONE_BOM_01_20260727,0.4,DEV_90e7424d775b,1,False,0.05,12,1,511.16,511.16,0
CLM_80939,W_eaa55ea6b2dd6b5a,ZONE_BOM_01,2026-08-03,2026-08-06 00:49:00,EVT_ZONE_BOM_01_20260803,0.93,DEV_90e7424d775b,1,False,0.0,49,1,435.81,435.81,0
CLM_80940,W_eaa55ea6b2dd6b5a,ZONE_BOM_01,2026-08-10,2026-08-11 00:42:00,EVT_ZONE_BOM_01_20260810,0.47,DEV_90e7424d775b,1,False,0.9,42,3,420.67,0.0,1
CLM_80941,W_eaa55ea6b2dd6b5a,ZONE_BOM_01,2026-08-17,2026-08-21 00:15:00,EVT_ZONE_BOM_01_20260817,0.14,DEV_90e7424d775b,1,False,0.01,15,4,752.4,752.4,0
CLM_80942,W_8d66499a52e9e594,ZONE_BLR_01,2026-06-29,2026-07-01 00:07:00,EVT_ZONE_BLR_01_20260629,2.17,DEV_bd63560a5223,1,False,0.03,7,2,274.86,274.86,0
CLM_80943,W_8d66499a52e9e594,ZONE_BLR_01,2026-07-20,2026-07-25 00:12:00,EVT_ZONE_BLR_01_20260720,0.81,DEV_bd63560a5223,1,False,0.03,12,2,254.86,254.86,0
CLM_80944,W_8d66499a52e9e594,ZONE_BLR_01,2026-08-03,2026-08-07 00:42:00,EVT_ZONE_BLR_01_20260803,0.68,DEV_bd63560a5223,1,False,0.09,42,2,463.12,463.12,0
CLM_80945,W_8d66499a52e9e594,ZONE_BLR_01,2026-08-17,2026-08-21 00:15:00,EVT_ZONE_BLR_01_20260817,2.15,DEV_bd63560a5223,1,False,0.07,15,1,178.4,178.4,0
CLM_80946,W_1d754e2690582565,ZONE_BLR_01,2026-06-29,2026-07-02 00:09:00,EVT_ZONE_BLR_01_20260629,1.19,DEV_5053988bb0f2,1,False,0.04,9,2,496.44,496.44,0
CLM_80947,W_1d754e2690582565,ZONE_BLR_01,2026-07-20,2026-07-25 00:56:00,EVT_ZONE_BLR_01_20260720,2.17,DEV_5053988bb0f2,1,False,0.1,56,1,748.15,748.15,0
CLM_80948,W_1d754e2690582565,ZONE_BLR_01,2026-08-03,2026-08-07 00:21:00,EVT_ZONE_BLR_01_20260803,0.38,DEV_5053988bb0f2,1,False,0.01,21,1,1130.9,1130.9,0
CLM_80949,W_1d754e2690582565,ZONE_BLR_01,2026-08-17,2026-08-18 00:05:00,EVT_ZONE_BLR_01_20260817,0.37,DEV_5053988bb0f2,1,False,0.08,5,2,730.93,730.93,0
CLM_80950,W_535007592ece7574,ZONE_MAA_01,2026-07-06,2026-07-10 00:36:00,EVT_ZONE_MAA_01_20260706,1.62,DEV_b54d25cd107c,1,False,0.02,36,3,235.12,235.12,0
CLM_80951,W_535007592ece7574,ZONE_MAA_01,2026-09-14,2026-09-18 00:25:00,EVT_ZONE_MAA_01_20260914,0.12,DEV_b54d25cd107c,1,False,0.05,25,1,328.36,328.36,0
CLM_80952,W_22dceba1048f7f9f,ZONE_BLR_01,2026-06-29,2026-07-04 02:05:00,EVT_ZONE_BLR_01_20260629,1.16,DEV_d163006a41f9,1,False,0.01,125,3,553.53,553.53,0
CLM_80953,W_22dceba1048f7f9f,ZONE_BLR_01,2026-07-20,2026-07-23 05:11:00,EVT_ZONE_BLR_01_20260720,1.28,DEV_d163006a41f9,1,False,0.04,1751,1,793.41,0.0,1
CLM_80954,W_22dceba1048f7f9f,ZONE_BLR_01,2026-08-03,2026-08-06 00:18:00,EVT_ZONE_BLR_01_20260803,0.46,DEV_d163006a41f9,1,False,0.0,18,2,904.55,904.55,0
CLM_80955,W_22dceba1048f7f9f,ZONE_BLR_01,2026-08-17,2026-08-18 00:27:00,EVT_ZONE_BLR_01_20260817,1.46,DEV_d163006a41f9,1,False,0.03,27,1,836.63,836.63,0
CLM_80956,W_bcac97c7dc74e96b,ZONE_BOM_01,2026-06-29,2026-07-02 00:23:00,EVT_ZONE_BOM_01_20260629,0.73,DEV_110691df98df,1,False,0.07,23,3,1796.68,1796.68,0
CLM_80957,W_bcac97c7dc74e96b,ZONE_BOM_01,2026-07-06,2026-07-11 01:21:00,EVT_ZONE_BOM_01_20260706,1.03,DEV_110691df98df,1,False,0.08,81,2,1803.79,1803.79,0
CLM_80958,W_bcac97c7dc74e96b,ZONE_BOM_01,2026-07-13,2026-07-16 00:54:00,EVT_ZONE_BOM_01_20260713,0.01,DEV_110691df98df,1,False,0.08,54,1,643.79,643.79,0
CLM_80959,W_bcac97c7dc74e96b,ZONE_BOM_01,2026-07-20,2026-07-24 00:16:00,EVT_ZONE_BOM_01_20260720,2.98,DEV_110691df98df,1,False,0.08,16,1,1789.74,1789.74,0
CLM_80960,W_bcac97c7dc74e96b,ZONE_BOM_01,2026-07-27,2026-08-01 02:43:00,EVT_ZONE_BOM_01_20260727,2.93,DEV_110691df98df,1,False,0.07,163,2,1367.36,1367.36,0
CLM_80961,W_bcac97c7dc74e96b,ZONE_BOM_01,2026-08-03,2026-08-08 00:28:00,EVT_ZONE_BOM_01_20260803,0.96,DEV_110691df98df,1,False,0.02,28,1,737.04,737.04,0
CLM_80962,W_bcac97c7dc74e96b,ZONE_BOM_01,2026-08-10,2026-08-13 00:57:00,EVT_ZONE_BOM_01_20260810,1.98,DEV_110691df98df,1,False,0.01,57,1,645.98,645.98,0
CLM_80963,W_bcac97c7dc74e96b,ZONE_BOM_01,2026-08-17,2026-08-22 00:21:00,EVT_ZONE_BOM_01_20260817,1.84,DEV_110691df98df,1,False,0.02,21,5,1072.53,1072.53,0
CLM_80964,W_3cd0a8ccfe7b0aef,ZONE_MAA_01,2026-07-06,2026-07-08 00:46:00,EVT_ZONE_MAA_01_20260706,4.14,DEV_43e14a7b6532,1,False,0.02,46,2,280.2,280.2,0
CLM_80965,W_3cd0a8ccfe7b0aef,ZONE_MAA_01,2026-09-14,2026-09-15 00:20:00,EVT_ZONE_MAA_01_20260914,0.06,DEV_43e14a7b6532,1,False,0.05,20,2,167.16,167.16,0
CLM_80966,W_2ca3fca94dcc3868,ZONE_MAA_01,2026-07-06,2026-07-09 00:11:00,EVT_ZONE_MAA_01_20260706,1.62,DEV_886a63726741,1,False,0.04,11,1,221.51,221.51,0
CLM_80967,W_2ca3fca94dcc3868,ZONE_MAA_01,2026-09-14,2026-09-19 01:06:00,EVT_ZONE_MAA_01_20260914,4.03,DEV_886a63726741,1,False,0.84,66,3,317.68,0.0,1
CLM_80968,W_21e5f0fa359b064e,ZONE_HYD_01,2026-07-13,2026-07-18 00:19:00,EVT_ZONE_HYD_01_20260713,1.84,DEV_f7afe56b4b6c,1,False,0.79,19,2,435.75,0.0,1
CLM_80969,W_21e5f0fa359b064e,ZONE_HYD_01,2026-07-27,2026-08-01 00:06:00,EVT_ZONE_HYD_01_20260727,0.96,DEV_f7afe56b4b6c,1,False,0.04,6,2,1209.93,1209.93,0
CLM_80970,W_21e5f0fa359b064e,ZONE_HYD_01,2026-08-17,2026-08-21 00:09:00,EVT_ZONE_HYD_01_20260817,1.56,DEV_f7afe56b4b6c,1,False,0.1,9,2,701.77,701.77,0
CLM_80971,W_21e5f0fa359b064e,ZONE_HYD_01,2026-09-07,2026-09-12 01:18:00,EVT_ZONE_HYD_01_20260907,0.28,DEV_f7afe56b4b6c,1,False,0.01,78,3,655.3,655.3,0
CLM_80972,W_fe57a5c12bf8a432,ZONE_DEL_01,2026-06-29,2026-07-01 01:15:00,EVT_ZONE_DEL_01_20260629,0.4,DEV_a270db9b1afb,1,False,0.05,75,1,468.14,468.14,0
CLM_80973,W_fe57a5c12bf8a432,ZONE_DEL_01,2026-07-06,2026-07-09 01:36:00,EVT_ZONE_DEL_01_20260706,1.26,DEV_a270db9b1afb,1,False,0.09,96,4,2469.33,2469.33,0
CLM_80974,W_fe57a5c12bf8a432,ZONE_DEL_01,2026-07-20,2026-07-22 13:14:00,EVT_ZONE_DEL_01_20260720,0.7,DEV_a270db9b1afb,1,False,0.05,2234,1,926.26,0.0,1
CLM_80975,W_fe57a5c12bf8a432,ZONE_DEL_01,2026-08-03,2026-08-07 01:36:00,EVT_ZONE_DEL_01_20260803,0.9,DEV_a270db9b1afb,1,False,0.01,96,3,2078.08,2078.08,0
CLM_80976,W_fe57a5c12bf8a432,ZONE_DEL_01,2026-08-17,2026-08-22 01:02:00,EVT_ZONE_DEL_01_20260817,2.78,DEV_a270db9b1afb,1,False,0.03,62,3,436.4,436.4,0
CLM_80977,W_20541588942f189c,ZONE_HYD_01,2026-07-13,2026-07-18 01:03:00,EVT_ZONE_HYD_01_20260713,2.38,DEV_09399799e9d2,1,False,0.01,63,2,546.53,546.53,0
CLM_80978,W_20541588942f189c,ZONE_HYD_01,2026-07-27,2026-07-28 00:18:00,EVT_ZONE_HYD_01_20260727,1.31,DEV_09399799e9d2,1,False,0.03,18,1,827.92,827.92,0
CLM_80979,W_20541588942f189c,ZONE_HYD_01,2026-08-17,2026-08-21 00:41:00,EVT_ZONE_HYD_01_20260817,6.6,DEV_09399799e9d2,1,False,0.06,41,4,677.19,677.19,0
CLM_80980,W_20541588942f189c,ZONE_HYD_01,2026-09-07,2026-09-09 01:03:00,EVT_ZONE_HYD_01_20260907,2.22,DEV_09399799e9d2,1,False,0.04,63,1,395.8,395.8,0
CLM_80981,W_4191324fcc89de5b,ZONE_DEL_01,2026-06-29,2026-07-01 01:50:00,EVT_ZONE_DEL_01_20260629,40.47,DEV_8c4d3bca496b,1,False,0.08,110,2,330.41,0.0,1
CLM_80982,W_4191324fcc89de5b,ZONE_DEL_01,2026-07-06,2026-07-07 00:25:00,EVT_ZONE_DEL_01_20260706,0.25,DEV_8c4d3bca496b,1,False,0.03,25,2,1390.58,1390.58,0
CLM_80983,W_4191324fcc89de5b,ZONE_DEL_01,2026-07-20,2026-07-25 00:34:00,EVT_ZONE_DEL_01_20260720,0.84,DEV_8c4d3bca496b,1,False,0.01,34,1,562.68,562.68,0
CLM_80984,W_4191324fcc89de5b,ZONE_DEL_01,2026-08-03,2026-08-05 00:49:00,EVT_ZONE_DEL_01_20260803,1.35,DEV_8c4d3bca496b,1,False,0.06,49,2,1262.2,1262.2,0
CLM_80985,W_4191324fcc89de5b,ZONE_DEL_01,2026-08-17,2026-08-22 00:12:00,EVT_ZONE_DEL_01_20260817,0.53,DEV_8c4d3bca496b,1,False,0.09,12,1,347.89,347.89,0
CLM_80986,W_9c08dd861479a8c2,ZONE_HYD_01,2026-07-13,2026-07-17 03:25:00,EVT_ZONE_HYD_01_20260713,1.0,DEV_35c0fc71f651,1,False,0.06,205,2,679.35,679.35,0
CLM_80987,W_9c08dd861479a8c2,ZONE_HYD_01,2026-07-27,2026-07-29 01:13:00,EVT_ZONE_HYD_01_20260727,0.68,DEV_35c0fc71f651,1,False,0.04,73,1,884.6,884.6,0
CLM_80988,W_9c08dd861479a8c2,ZONE_HYD_01,2026-08-17,2026-08-21 04:13:00,EVT_ZONE_HYD_01_20260817,1.75,DEV_35c0fc71f651,1,False,0.09,253,1,823.77,823.77,0
CLM_80989,W_9c08dd861479a8c2,ZONE_HYD_01,2026-09-07,2026-09-08 00:29:00,EVT_ZONE_HYD_01_20260907,2.73,DEV_35c0fc71f651,1,False,0.01,29,1,495.82,495.82,0
CLM_80990,W_60cf4047962e17f3,ZONE_BOM_01,2026-06-29,2026-07-02 01:34:00,EVT_ZONE_BOM_01_20260629,0.47,DEV_849640c2ea1a,1,False,0.0,94,1,1761.35,1761.35,0
CLM_80991,W_60cf4047962e17f3,ZONE_BOM_01,2026-07-06,2026-07-10 01:05:00,EVT_ZONE_BOM_01_20260706,0.82,DEV_849640c2ea1a,1,False,0.1,65,4,1550.49,1550.49,0
CLM_80992,W_60cf4047962e17f3,ZONE_BOM_01,2026-07-13,2026-07-16 01:37:00,EVT_ZONE_BOM_01_20260713,1.56,DEV_849640c2ea1a,1,False,0.08,97,1,952.95,952.95,0
CLM_80993,W_60cf4047962e17f3,ZONE_BOM_01,2026-07-20,2026-07-25 18:09:00,EVT_ZONE_BOM_01_20260720,0.51,DEV_849640c2ea1a,1,False,0.01,2529,9,1740.09,0.0,1
CLM_80994,W_60cf4047962e17f3,ZONE_BOM_01,2026-07-27,2026-07-28 00:27:00,EVT_ZONE_BOM_01_20260727,37.18,DEV_849640c2ea1a,1,False,0.09,27,2,956.54,0.0,1
CLM_80995,W_60cf4047962e17f3,ZONE_BOM_01,2026-08-03,2026-08-04 00:07:00,EVT_ZONE_BOM_01_20260803,0.48,DEV_849640c2ea1a,1,False,0.05,7,1,748.36,748.36,0
CLM_80996,W_60cf4047962e17f3,ZONE_BOM_01,2026-08-10,2026-08-11 00:54:00,EVT_ZONE_BOM_01_20260810,2.13,DEV_849640c2ea1a,1,False,0.01,54,1,589.2,589.2,0
CLM_80997,W_60cf4047962e17f3,ZONE_BOM_01,2026-08-17,2026-08-20 12:18:00,EVT_ZONE_BOM_01_20260817,0.99,DEV_849640c2ea1a,1,False,0.03,738,3,1003.26,0.0,1
CLM_80998,W_832c807f831f172c,ZONE_MAA_01,2026-07-06,2026-07-07 00:14:00,EVT_ZONE_MAA_01_20260706,2.25,DEV_c6e8c565c629,1,False,0.07,14,1,361.07,361.07,0
CLM_80999,W_832c807f831f172c,ZONE_MAA_01,2026-09-14,2026-09-15 00:06:00,EVT_ZONE_MAA_01_20260914,0.92,DEV_c6e8c565c629,1,False,0.07,6,3,370.17,370.17,0
CLM_81000,W_c7d8708e6d8df9e1,ZONE_BLR_01,2026-06-29,2026-07-04 00:15:00,EVT_ZONE_BLR_01_20260629,1.91,DEV_21981744ba6f,1,False,0.01,15,2,199.42,199.42,0
CLM_81001,W_c7d8708e6d8df9e1,ZONE_BLR_01,2026-07-20,2026-07-24 00:19:00,EVT_ZONE_BLR_01_20260720,0.71,DEV_21981744ba6f,1,False,0.08,19,4,297.13,297.13,0
CLM_81002,W_c7d8708e6d8df9e1,ZONE_BLR_01,2026-08-03,2026-08-08 00:24:00,EVT_ZONE_BLR_01_20260803,3.18,DEV_21981744ba6f,1,False,0.05,24,2,261.93,261.93,0
CLM_81003,W_c7d8708e6d8df9e1,ZONE_BLR_01,2026-08-17,2026-08-18 01:22:00,EVT_ZONE_BLR_01_20260817,2.11,DEV_21981744ba6f,1,False,0.02,82,2,253.66,253.66,0
CLM_81004,W_a7883198270353c0,ZONE_HYD_01,2026-07-13,2026-07-15 02:04:00,EVT_ZONE_HYD_01_20260713,1.02,DEV_d7a3469807f9,1,False,0.04,124,2,698.82,698.82,0
CLM_81005,W_a7883198270353c0,ZONE_HYD_01,2026-07-27,2026-07-30 00:26:00,EVT_ZONE_HYD_01_20260727,1.23,DEV_d7a3469807f9,1,False,0.01,26,2,730.63,730.63,0
CLM_81006,W_a7883198270353c0,ZONE_HYD_01,2026-08-17,2026-08-20 01:09:00,EVT_ZONE_HYD_01_20260817,0.53,DEV_d7a3469807f9,1,False,0.05,69,1,980.06,980.06,0
CLM_81007,W_a7883198270353c0,ZONE_HYD_01,2026-09-07,2026-09-10 00:27:00,EVT_ZONE_HYD_01_20260907,1.05,DEV_d7a3469807f9,1,False,0.08,27,2,848.99,848.99,0
CLM_81008,W_5d6a8bde2fe4ea03,ZONE_BOM_01,2026-06-29,2026-07-04 00:23:00,EVT_ZONE_BOM_01_20260629,0.63,DEV_7ed4395a13e6,1,False,0.08,23,1,2992.5,2992.5,0
CLM_81009,W_5d6a8bde2fe4ea03,ZONE_BOM_01,2026-07-06,2026-07-11 21:35:00,EVT_ZONE_BOM_01_20260706,2.0,DEV_7ed4395a13e6,1,False,0.06,1295,3,2962.95,0.0,1
CLM_81010,W_5d6a8bde2fe4ea03,ZONE_BOM_01,2026-07-13,2026-07-18 00:33:00,EVT_ZONE_BOM_01_20260713,0.45,DEV_7ed4395a13e6,1,False,0.0,33,2,1635.68,1635.68,0
CLM_81011,W_5d6a8bde2fe4ea03,ZONE_BOM_01,2026-07-20,2026-07-21 00:50:00,EVT_ZONE_BOM_01_20260720,0.72,DEV_7ed4395a13e6,1,False,0.05,50,2,2981.48,2981.48,0
CLM_81012,W_5d6a8bde2fe4ea03,ZONE_BOM_01,2026-07-27,2026-07-28 00:14:00,EVT_ZONE_BOM_01_20260727,2.2,DEV_7ed4395a13e6,1,False,0.08,14,2,1864.95,1864.95,0
CLM_81013,W_5d6a8bde2fe4ea03,ZONE_BOM_01,2026-08-03,2026-08-05 01:13:00,EVT_ZONE_BOM_01_20260803,1.37,DEV_7ed4395a13e6,1,False,0.07,73,1,1339.59,1339.59,0
CLM_81014,W_5d6a8bde2fe4ea03,ZONE_BOM_01,2026-08-10,2026-08-12 00:24:00,EVT_ZONE_BOM_01_20260810,0.57,DEV_7ed4395a13e6,1,False,0.05,24,4,1447.67,1447.67,0
CLM_81015,W_5d6a8bde2fe4ea03,ZONE_BOM_01,2026-08-17,2026-08-18 00:18:00,EVT_ZONE_BOM_01_20260817,2.72,DEV_7ed4395a13e6,1,False,0.04,18,2,1853.83,1853.83,0
CLM_81016,W_f4470ec81aeb9bab,ZONE_BOM_01,2026-06-29,2026-07-02 00:39:00,EVT_ZONE_BOM_01_20260629,1.35,DEV_2280cf11bb6a,1,False,0.07,39,2,4160.53,4160.53,0
CLM_81017,W_f4470ec81aeb9bab,ZONE_BOM_01,2026-07-06,2026-07-11 00:33:00,EVT_ZONE_BOM_01_20260706,3.26,DEV_2280cf11bb6a,1,False,0.0,33,1,3820.5,3820.5,0
CLM_81018,W_f4470ec81aeb9bab,ZONE_BOM_01,2026-07-13,2026-07-14 00:33:00,EVT_ZONE_BOM_01_20260713,26.48,DEV_2280cf11bb6a,1,False,0.01,33,2,1989.38,0.0,1
CLM_81019,W_f4470ec81aeb9bab,ZONE_BOM_01,2026-07-20,2026-07-24 09:53:00,EVT_ZONE_BOM_01_20260720,0.14,DEV_2280cf11bb6a,1,False,0.03,2033,1,4146.18,0.0,1
CLM_81020,W_f4470ec81aeb9bab,ZONE_BOM_01,2026-07-27,2026-07-31 00:05:00,EVT_ZONE_BOM_01_20260727,3.46,DEV_2280cf11bb6a,1,False,0.07,5,1,2650.02,2650.02,0
CLM_81021,W_f4470ec81aeb9bab,ZONE_BOM_01,2026-08-03,2026-08-07 00:20:00,EVT_ZONE_BOM_01_20260803,1.02,DEV_2280cf11bb6a,1,False,0.07,20,2,1984.95,1984.95,0
CLM_81022,W_f4470ec81aeb9bab,ZONE_BOM_01,2026-08-10,2026-08-13 00:21:00,EVT_ZONE_BOM_01_20260810,1.76,DEV_2280cf11bb6a,1,False,0.07,21,3,1370.14,1370.14,0
CLM_81023,W_f4470ec81aeb9bab,ZONE_BOM_01,2026-08-17,2026-08-22 00:29:00,EVT_ZONE_BOM_01_20260817,1.29,DEV_2280cf11bb6a,1,False,0.08,29,3,2562.34,2562.34,0
CLM_81024,W_f4470ec81aeb9bab,ZONE_BOM_01,2026-08-31,2026-09-01 00:35:00,EVT_ZONE_BOM_01_20260831,0.33,DEV_2280cf11bb6a,1,False,0.03,35,1,878.22,878.22,0
CLM_81025,W_f1f1fac7d9116b07,ZONE_DEL_01,2026-06-29,2026-07-01 00:27:00,EVT_ZONE_DEL_01_20260629,24.03,DEV_43e054c7c01d,1,False,0.02,27,2,604.42,0.0,1
CLM_81026,W_f1f1fac7d9116b07,ZONE_DEL_01,2026-07-06,2026-07-08 03:34:00,EVT_ZONE_DEL_01_20260706,1.8,DEV_43e054c7c01d,1,False,0.05,214,2,2648.44,2648.44,0
CLM_81027,W_f1f1fac7d9116b07,ZONE_DEL_01,2026-07-20,2026-07-21 01:08:00,EVT_ZONE_DEL_01_20260720,0.96,DEV_43e054c7c01d,1,False,0.08,68,2,1147.22,1147.22,0
CLM_81028,W_f1f1fac7d9116b07,ZONE_DEL_01,2026-08-03,2026-08-06 02:00:00,EVT_ZONE_DEL_01_20260803,1.03,DEV_43e054c7c01d,1,False,0.04,120,2,2971.28,2971.28,0
CLM_81029,W_f1f1fac7d9116b07,ZONE_DEL_01,2026-08-17,2026-08-21 00:14:00,EVT_ZONE_DEL_01_20260817,0.24,DEV_43e054c7c01d,1,False,0.05,14,2,415.39,415.39,0
CLM_81030,W_76ead4db0148350b,ZONE_HYD_01,2026-07-13,2026-07-15 02:24:00,EVT_ZONE_HYD_01_20260713,0.55,DEV_96fefbd5887d,1,False,0.08,144,1,586.63,586.63,0
CLM_81031,W_76ead4db0148350b,ZONE_HYD_01,2026-07-27,2026-07-31 00:31:00,EVT_ZONE_HYD_01_20260727,1.31,DEV_96fefbd5887d,1,False,0.02,31,2,1084.48,1084.48,0
CLM_81032,W_76ead4db0148350b,ZONE_HYD_01,2026-08-17,2026-08-21 01:21:00,EVT_ZONE_HYD_01_20260817,1.31,DEV_96fefbd5887d,1,False,0.07,81,1,956.15,956.15,0
CLM_81033,W_76ead4db0148350b,ZONE_HYD_01,2026-09-07,2026-09-10 01:28:00,EVT_ZONE_HYD_01_20260907,2.62,DEV_96fefbd5887d,1,False,0.09,88,5,696.3,696.3,0
CLM_81034,W_ded54ba83bded451,ZONE_MAA_01,2026-07-06,2026-07-11 01:42:00,EVT_ZONE_MAA_01_20260706,0.08,DEV_6a3d05873c88,1,False,0.07,102,1,501.88,501.88,0
CLM_81035,W_ded54ba83bded451,ZONE_MAA_01,2026-09-14,2026-09-19 00:09:00,EVT_ZONE_MAA_01_20260914,0.82,DEV_6a3d05873c88,1,False,0.08,9,3,631.45,631.45,0
CLM_81036,W_ac902edef4df6a26,ZONE_BLR_01,2026-06-29,2026-06-30 00:25:00,EVT_ZONE_BLR_01_20260629,0.46,DEV_1cb4bc0b8879,1,False,0.04,25,3,800.42,800.42,0
CLM_81037,W_ac902edef4df6a26,ZONE_BLR_01,2026-07-20,2026-07-22 00:49:00,EVT_ZONE_BLR_01_20260720,0.76,DEV_1cb4bc0b8879,1,False,0.02,49,1,862.87,862.87,0
CLM_81038,W_ac902edef4df6a26,ZONE_BLR_01,2026-08-03,2026-08-05 01:18:00,EVT_ZONE_BLR_01_20260803,0.14,DEV_1cb4bc0b8879,1,False,0.02,78,5,1323.86,1323.86,0
CLM_81039,W_ac902edef4df6a26,ZONE_BLR_01,2026-08-17,2026-08-20 00:14:00,EVT_ZONE_BLR_01_20260817,0.62,DEV_1cb4bc0b8879,1,False,0.06,14,1,834.9,834.9,0
CLM_81040,W_d10a27ff5b0cc8e9,ZONE_BLR_01,2026-06-29,2026-07-04 00:46:00,EVT_ZONE_BLR_01_20260629,0.67,DEV_7fb67165e204,1,False,0.09,46,1,620.85,620.85,0
CLM_81041,W_d10a27ff5b0cc8e9,ZONE_BLR_01,2026-07-20,2026-07-24 00:44:00,EVT_ZONE_BLR_01_20260720,0.2,DEV_7fb67165e204,1,False,0.02,44,4,473.79,473.79,0
CLM_81042,W_d10a27ff5b0cc8e9,ZONE_BLR_01,2026-08-03,2026-08-05 00:26:00,EVT_ZONE_BLR_01_20260803,2.26,DEV_7fb67165e204,1,False,0.05,26,2,952.84,952.84,0
CLM_81043,W_d10a27ff5b0cc8e9,ZONE_BLR_01,2026-08-17,2026-08-20 00:32:00,EVT_ZONE_BLR_01_20260817,1.89,DEV_7fb67165e204,1,False,0.05,32,3,567.34,567.34,0
CLM_81044,W_31bcb1c09c0ef4d4,ZONE_HYD_01,2026-07-13,2026-07-15 00:42:00,EVT_ZONE_HYD_01_20260713,0.56,DEV_6e48a91a7f07,1,False,0.07,42,4,604.18,604.18,0
CLM_81045,W_31bcb1c09c0ef4d4,ZONE_HYD_01,2026-07-27,2026-07-28 00:59:00,EVT_ZONE_HYD_01_20260727,1.0,DEV_6e48a91a7f07,1,False,0.05,59,2,1122.87,1122.87,0
CLM_81046,W_31bcb1c09c0ef4d4,ZONE_HYD_01,2026-08-17,2026-08-19 01:01:00,EVT_ZONE_HYD_01_20260817,1.89,DEV_6e48a91a7f07,1,False,0.04,61,2,815.01,815.01,0
CLM_81047,W_31bcb1c09c0ef4d4,ZONE_HYD_01,2026-09-07,2026-09-09 00:11:00,EVT_ZONE_HYD_01_20260907,1.29,DEV_6e48a91a7f07,1,False,0.07,11,3,532.55,532.55,0
CLM_81048,W_785315a8d4fb0dfe,ZONE_BLR_01,2026-06-29,2026-07-03 00:16:00,EVT_ZONE_BLR_01_20260629,0.98,DEV_48b5eba57b1f,1,False,0.02,16,3,543.93,543.93,0
CLM_81049,W_785315a8d4fb0dfe,ZONE_BLR_01,2026-07-20,2026-07-25 00:33:00,EVT_ZONE_BLR_01_20260720,0.27,DEV_48b5eba57b1f,1,False,0.02,33,2,709.51,709.51,0
CLM_81050,W_785315a8d4fb0dfe,ZONE_BLR_01,2026-08-03,2026-08-05 01:31:00,EVT_ZONE_BLR_01_20260803,1.26,DEV_48b5eba57b1f,1,False,0.03,91,2,1302.62,1302.62,0
CLM_81051,W_785315a8d4fb0dfe,ZONE_BLR_01,2026-08-17,2026-08-18 01:29:00,EVT_ZONE_BLR_01_20260817,0.37,DEV_48b5eba57b1f,1,False,0.05,89,3,482.49,482.49,0
CLM_81052,W_00370cf42f741cc4,ZONE_DEL_01,2026-06-29,2026-07-01 00:22:00,EVT_ZONE_DEL_01_20260629,0.09,DEV_8c47e0ac7ad8,1,False,0.05,22,2,235.91,235.91,0
CLM_81053,W_00370cf42f741cc4,ZONE_DEL_01,2026-07-06,2026-07-09 01:14:00,EVT_ZONE_DEL_01_20260706,0.53,DEV_8c47e0ac7ad8,1,False,0.06,74,3,1727.87,1727.87,0
CLM_81054,W_00370cf42f741cc4,ZONE_DEL_01,2026-07-20,2026-07-25 00:26:00,EVT_ZONE_DEL_01_20260720,0.13,DEV_8c47e0ac7ad8,1,False,0.05,26,1,663.19,663.19,0
CLM_81055,W_00370cf42f741cc4,ZONE_DEL_01,2026-08-03,2026-08-04 00:14:00,EVT_ZONE_DEL_01_20260803,1.79,DEV_8c47e0ac7ad8,1,False,0.01,14,4,1474.56,1474.56,0
CLM_81056,W_00370cf42f741cc4,ZONE_DEL_01,2026-08-17,2026-08-21 00:05:00,EVT_ZONE_DEL_01_20260817,2.98,DEV_8c47e0ac7ad8,1,False,0.02,5,4,387.3,387.3,0
CLM_81057,W_bf44c008157b871e,ZONE_MAA_01,2026-07-06,2026-07-09 02:15:00,EVT_ZONE_MAA_01_20260706,0.1,DEV_6a57dd65494b,1,False,0.04,135,1,576.38,576.38,0
CLM_81058,W_bf44c008157b871e,ZONE_MAA_01,2026-09-14,2026-09-17 00:13:00,EVT_ZONE_MAA_01_20260914,0.61,DEV_6a57dd65494b,1,False,0.03,13,3,444.76,444.76,0
CLM_81059,W_0d329d7b67cfbc2d,ZONE_MAA_01,2026-07-06,2026-07-11 00:08:00,EVT_ZONE_MAA_01_20260706,2.46,DEV_e5aa7c33bf74,1,False,0.06,8,2,428.9,428.9,0
CLM_81060,W_0d329d7b67cfbc2d,ZONE_MAA_01,2026-09-14,2026-09-18 00:35:00,EVT_ZONE_MAA_01_20260914,2.94,DEV_e5aa7c33bf74,1,False,0.01,35,2,577.74,577.74,0
CLM_81061,W_bd15eb9adbf10ac6,ZONE_MAA_01,2026-07-06,2026-07-11 00:21:00,EVT_ZONE_MAA_01_20260706,0.43,DEV_30bda2734e8c,1,False,0.05,21,1,477.95,477.95,0
CLM_81062,W_bd15eb9adbf10ac6,ZONE_MAA_01,2026-09-14,2026-09-15 00:14:00,EVT_ZONE_MAA_01_20260914,2.73,DEV_30bda2734e8c,1,False,0.02,14,3,655.4,655.4,0
CLM_81063,W_f345d1e6302a5109,ZONE_BLR_01,2026-06-29,2026-07-04 02:05:00,EVT_ZONE_BLR_01_20260629,1.02,DEV_79a31ee21fd6,1,False,0.07,125,2,490.77,490.77,0
CLM_81064,W_f345d1e6302a5109,ZONE_BLR_01,2026-07-20,2026-07-21 00:14:00,EVT_ZONE_BLR_01_20260720,1.14,DEV_79a31ee21fd6,1,False,0.03,14,1,426.85,426.85,0
CLM_81065,W_f345d1e6302a5109,ZONE_BLR_01,2026-08-03,2026-08-07 00:27:00,EVT_ZONE_BLR_01_20260803,1.43,DEV_79a31ee21fd6,1,False,0.09,27,2,706.04,706.04,0
CLM_81066,W_f345d1e6302a5109,ZONE_BLR_01,2026-08-17,2026-08-20 00:19:00,EVT_ZONE_BLR_01_20260817,0.55,DEV_79a31ee21fd6,1,False,0.03,19,3,539.11,539.11,0
CLM_81067,W_229b1e6b7f228932,ZONE_MAA_01,2026-07-06,2026-07-11 00:34:00,EVT_ZONE_MAA_01_20260706,1.11,DEV_925e74a2e89f,1,False,0.02,34,2,686.92,686.92,0
CLM_81068,W_229b1e6b7f228932,ZONE_MAA_01,2026-09-14,2026-09-19 00:49:00,EVT_ZONE_MAA_01_20260914,1.88,DEV_925e74a2e89f,1,False,0.09,49,2,650.97,650.97,0
CLM_81069,W_2f8b622f24ec0cc4,ZONE_BLR_01,2026-06-29,2026-07-04 00:36:00,EVT_ZONE_BLR_01_20260629,0.37,DEV_d09991a8a63a,1,False,0.07,36,2,663.63,663.63,0
CLM_81070,W_2f8b622f24ec0cc4,ZONE_BLR_01,2026-07-20,2026-07-21 01:15:00,EVT_ZONE_BLR_01_20260720,1.84,DEV_d09991a8a63a,1,False,0.08,75,1,658.27,658.27,0
CLM_81071,W_2f8b622f24ec0cc4,ZONE_BLR_01,2026-08-03,2026-08-08 00:23:00,EVT_ZONE_BLR_01_20260803,1.2,DEV_d09991a8a63a,1,False,0.06,23,4,1332.19,1332.19,0
CLM_81072,W_2f8b622f24ec0cc4,ZONE_BLR_01,2026-08-17,2026-08-18 00:10:00,EVT_ZONE_BLR_01_20260817,1.04,DEV_d09991a8a63a,1,False,0.08,10,1,701.47,701.47,0
CLM_81073,W_e943601f7bb4f5cd,ZONE_DEL_01,2026-06-29,2026-06-30 01:30:00,EVT_ZONE_DEL_01_20260629,0.58,DEV_551aed73202f,1,False,0.0,90,2,479.77,479.77,0
CLM_81074,W_e943601f7bb4f5cd,ZONE_DEL_01,2026-07-06,2026-07-07 00:10:00,EVT_ZONE_DEL_01_20260706,2.22,DEV_551aed73202f,1,False,0.09,10,4,2672.38,2672.38,0
CLM_81075,W_e943601f7bb4f5cd,ZONE_DEL_01,2026-07-20,2026-07-22 00:56:00,EVT_ZONE_DEL_01_20260720,1.46,DEV_551aed73202f,1,False,0.04,56,2,815.2,815.2,0
CLM_81076,W_e943601f7bb4f5cd,ZONE_DEL_01,2026-08-03,2026-08-04 00:35:00,EVT_ZONE_DEL_01_20260803,1.13,DEV_551aed73202f,1,False,0.0,35,3,2182.62,2182.62,0
CLM_81077,W_e943601f7bb4f5cd,ZONE_DEL_01,2026-08-17,2026-08-19 00:10:00,EVT_ZONE_DEL_01_20260817,2.27,DEV_551aed73202f,1,False,0.08,10,1,449.92,449.92,0
CLM_81078,W_e585d06545500a30,ZONE_BOM_01,2026-06-29,2026-06-30 00:09:00,EVT_ZONE_BOM_01_20260629,0.18,DEV_35d334f3a926,1,False,0.08,9,2,3256.99,3256.99,0
CLM_81079,W_e585d06545500a30,ZONE_BOM_01,2026-07-06,2026-07-09 01:09:00,EVT_ZONE_BOM_01_20260706,0.25,DEV_35d334f3a926,1,False,0.1,69,1,3286.2,3286.2,0
CLM_81080,W_e585d06545500a30,ZONE_BOM_01,2026-07-13,2026-07-17 00:52:00,EVT_ZONE_BOM_01_20260713,1.78,DEV_35d334f3a926,1,False,0.05,52,1,1468.14,1468.14,0
CLM_81081,W_e585d06545500a30,ZONE_BOM_01,2026-07-20,2026-07-25 00:50:00,EVT_ZONE_BOM_01_20260720,0.34,DEV_35d334f3a926,1,False,0.01,50,1,3276.84,3276.84,0
CLM_81082,W_e585d06545500a30,ZONE_BOM_01,2026-07-27,2026-07-30 00:36:00,EVT_ZONE_BOM_01_20260727,0.4,DEV_35d334f3a926,1,False,0.04,36,1,2091.02,2091.02,0
CLM_81083,W_e585d06545500a30,ZONE_BOM_01,2026-08-03,2026-08-05 00:32:00,EVT_ZONE_BOM_01_20260803,0.7,DEV_35d334f3a926,1,False,0.0,32,2,1696.69,1696.69,0
CLM_81084,W_e585d06545500a30,ZONE_BOM_01,2026-08-10,2026-08-12 00:12:00,EVT_ZONE_BOM_01_20260810,1.96,DEV_35d334f3a926,1,False,0.09,12,3,908.35,908.35,0
CLM_81085,W_e585d06545500a30,ZONE_BOM_01,2026-08-17,2026-08-18 03:22:00,EVT_ZONE_BOM_01_20260817,0.81,DEV_35d334f3a926,1,False,0.08,202,2,1824.73,1824.73,0
CLM_81086,W_8b5c8b95ddabc107,ZONE_MAA_01,2026-07-06,2026-07-08 00:08:00,EVT_ZONE_MAA_01_20260706,0.33,DEV_46bec86a7db5,6,True,0.03,8,2,245.79,245.79,0
CLM_81087,W_8b5c8b95ddabc107,ZONE_MAA_01,2026-09-14,2026-09-19 01:32:00,EVT_ZONE_MAA_01_20260914,0.92,DEV_46bec86a7db5,6,True,0.02,92,2,283.58,283.58,0
CLM_81088,W_f339fb94373aa11c,ZONE_BLR_01,2026-06-29,2026-07-04 02:50:00,EVT_ZONE_BLR_01_20260629,1.86,DEV_a6e06f60a3a0,6,True,0.1,170,1,765.92,765.92,0
CLM_81089,W_f339fb94373aa11c,ZONE_BLR_01,2026-07-20,2026-07-24 02:10:00,EVT_ZONE_BLR_01_20260720,1.5,DEV_a6e06f60a3a0,6,True,0.0,130,1,506.32,506.32,0
CLM_81090,W_f339fb94373aa11c,ZONE_BLR_01,2026-08-03,2026-08-08 00:14:00,EVT_ZONE_BLR_01_20260803,0.28,DEV_a6e06f60a3a0,6,True,0.01,14,1,1332.58,1332.58,0
CLM_81091,W_f339fb94373aa11c,ZONE_BLR_01,2026-08-17,2026-08-20 00:39:00,EVT_ZONE_BLR_01_20260817,0.29,DEV_a6e06f60a3a0,6,True,0.03,39,1,758.43,758.43,0
CLM_81092,W_eec38e5831cb6717,ZONE_DEL_01,2026-06-29,2026-07-03 00:55:00,EVT_ZONE_DEL_01_20260629,1.29,DEV_ef02403e51ab,6,True,0.08,55,2,891.23,891.23,0
CLM_81093,W_eec38e5831cb6717,ZONE_DEL_01,2026-07-06,2026-07-10 09:56:00,EVT_ZONE_DEL_01_20260706,1.58,DEV_ef02403e51ab,6,True,0.0,2036,2,3057.4,0.0,1
CLM_81094,W_eec38e5831cb6717,ZONE_DEL_01,2026-07-20,2026-07-21 00:22:00,EVT_ZONE_DEL_01_20260720,5.88,DEV_ef02403e51ab,6,True,0.03,22,2,776.63,776.63,0
CLM_81095,W_eec38e5831cb6717,ZONE_DEL_01,2026-08-03,2026-08-04 00:47:00,EVT_ZONE_DEL_01_20260803,3.35,DEV_ef02403e51ab,6,True,0.01,47,2,2438.85,2438.85,0
CLM_81096,W_eec38e5831cb6717,ZONE_DEL_01,2026-08-17,2026-08-20 02:54:00,EVT_ZONE_DEL_01_20260817,0.07,DEV_ef02403e51ab,6,True,0.04,174,2,752.28,752.28,0
CLM_81097,W_d7366d85e70820dd,ZONE_DEL_01,2026-06-29,2026-06-30 00:09:00,EVT_ZONE_DEL_01_20260629,0.2,DEV_46bec86a7db5,6,True,0.01,9,1,694.43,694.43,0
CLM_81098,W_d7366d85e70820dd,ZONE_DEL_01,2026-07-06,2026-07-08 01:20:00,EVT_ZONE_DEL_01_20260706,0.13,DEV_46bec86a7db5,6,True,0.08,80,3,2924.28,2924.28,0
CLM_81099,W_d7366d85e70820dd,ZONE_DEL_01,2026-07-20,2026-07-23 01:35:00,EVT_ZONE_DEL_01_20260720,1.84,DEV_46bec86a7db5,6,True,0.02,95,3,855.65,855.65,0
CLM_81100,W_d7366d85e70820dd,ZONE_DEL_01,2026-08-03,2026-08-06 00:07:00,EVT_ZONE_DEL_01_20260803,3.87,DEV_46bec86a7db5,6,True,0.07,7,2,2288.89,2288.89,0
CLM_81101,W_d7366d85e70820dd,ZONE_DEL_01,2026-08-17,2026-08-22 01:16:00,EVT_ZONE_DEL_01_20260817,1.44,DEV_46bec86a7db5,6,True,0.09,76,3,617.25,617.25,0
CLM_81102,W_0f0fadf154903acc,ZONE_DEL_01,2026-06-29,2026-07-04 02:52:00,EVT_ZONE_DEL_01_20260629,1.09,DEV_a6e06f60a3a0,6,True,0.01,172,3,677.31,677.31,0
CLM_81103,W_0f0fadf154903acc,ZONE_DEL_01,2026-07-06,2026-07-07 00:15:00,EVT_ZONE_DEL_01_20260706,0.37,DEV_a6e06f60a3a0,6,True,0.01,15,3,2603.61,2603.61,0
CLM_81104,W_0f0fadf154903acc,ZONE_DEL_01,2026-07-20,2026-07-22 00:34:00,EVT_ZONE_DEL_01_20260720,1.88,DEV_a6e06f60a3a0,6,True,0.02,34,3,854.76,854.76,0
CLM_81105,W_0f0fadf154903acc,ZONE_DEL_01,2026-08-03,2026-08-04 00:08:00,EVT_ZONE_DEL_01_20260803,1.87,DEV_a6e06f60a3a0,6,True,0.02,8,1,1861.24,1861.24,0
CLM_81106,W_0f0fadf154903acc,ZONE_DEL_01,2026-08-17,2026-08-19 01:09:00,EVT_ZONE_DEL_01_20260817,2.82,DEV_a6e06f60a3a0,6,True,0.06,69,1,484.01,484.01,0
CLM_81107,W_7f8fae32e08b63ff,ZONE_MAA_01,2026-07-06,2026-07-07 04:12:00,EVT_ZONE_MAA_01_20260706,0.95,DEV_ef02403e51ab,6,True,0.05,252,3,579.29,579.29,0
CLM_81108,W_7f8fae32e08b63ff,ZONE_MAA_01,2026-09-14,2026-09-19 01:21:00,EVT_ZONE_MAA_01_20260914,1.16,DEV_ef02403e51ab,6,True,0.08,81,2,661.88,661.88,0
CLM_81109,W_61c848c01c1489b0,ZONE_BOM_01,2026-06-29,2026-07-04 00:36:00,EVT_ZONE_BOM_01_20260629,0.36,DEV_46bec86a7db5,6,True,0.06,36,3,2736.17,2736.17,0
CLM_81110,W_61c848c01c1489b0,ZONE_BOM_01,2026-07-06,2026-07-09 00:20:00,EVT_ZONE_BOM_01_20260706,0.89,DEV_46bec86a7db5,6,True,0.04,20,4,2735.62,2735.62,0
CLM_81111,W_61c848c01c1489b0,ZONE_BOM_01,2026-07-13,2026-07-17 00:58:00,EVT_ZONE_BOM_01_20260713,2.4,DEV_46bec86a7db5,6,True,0.06,58,2,1466.8,1466.8,0
CLM_81112,W_61c848c01c1489b0,ZONE_BOM_01,2026-07-20,2026-07-24 00:29:00,EVT_ZONE_BOM_01_20260720,0.48,DEV_46bec86a7db5,6,True,0.01,29,2,2744.22,2744.22,0
CLM_81113,W_61c848c01c1489b0,ZONE_BOM_01,2026-07-27,2026-08-01 00:06:00,EVT_ZONE_BOM_01_20260727,0.14,DEV_46bec86a7db5,6,True,0.1,6,5,1935.49,1935.49,0
CLM_81114,W_61c848c01c1489b0,ZONE_BOM_01,2026-08-03,2026-08-07 00:21:00,EVT_ZONE_BOM_01_20260803,0.89,DEV_46bec86a7db5,6,True,0.74,21,2,1237.24,0.0,1
CLM_81115,W_61c848c01c1489b0,ZONE_BOM_01,2026-08-10,2026-08-14 00:36:00,EVT_ZONE_BOM_01_20260810,2.03,DEV_46bec86a7db5,6,True,0.09,36,1,784.22,784.22,0
CLM_81116,W_61c848c01c1489b0,ZONE_BOM_01,2026-08-17,2026-08-20 00:27:00,EVT_ZONE_BOM_01_20260817,1.73,DEV_46bec86a7db5,6,True,0.01,27,1,1718.36,1718.36,0
CLM_81117,W_19edd0cc57005c21,ZONE_BLR_01,2026-06-29,2026-07-03 00:19:00,EVT_ZONE_BLR_01_20260629,0.22,DEV_a6e06f60a3a0,6,True,0.02,19,1,690.01,690.01,0
CLM_81118,W_19edd0cc57005c21,ZONE_BLR_01,2026-07-20,2026-07-21 00:27:00,EVT_ZONE_BLR_01_20260720,1.28,DEV_a6e06f60a3a0,6,True,0.03,27,2,551.47,551.47,0
CLM_81119,W_19edd0cc57005c21,ZONE_BLR_01,2026-08-03,2026-08-08 00:37:00,EVT_ZONE_BLR_01_20260803,0.27,DEV_a6e06f60a3a0,6,True,0.06,37,2,1041.2,1041.2,0
CLM_81120,W_19edd0cc57005c21,ZONE_BLR_01,2026-08-17,2026-08-20 00:07:00,EVT_ZONE_BLR_01_20260817,2.13,DEV_a6e06f60a3a0,6,True,0.09,7,2,481.16,481.16,0
CLM_81121,W_db413471d374ad93,ZONE_BLR_01,2026-06-29,2026-07-01 00:32:00,EVT_ZONE_BLR_01_20260629,0.47,DEV_ef02403e51ab,6,True,0.08,32,4,260.21,260.21,0
CLM_81122,W_db413471d374ad93,ZONE_BLR_01,2026-07-20,2026-07-25 01:55:00,EVT_ZONE_BLR_01_20260720,0.3,DEV_ef02403e51ab,6,True,0.07,115,2,208.18,208.18,0
CLM_81123,W_db413471d374ad93,ZONE_BLR_01,2026-08-03,2026-08-04 00:19:00,EVT_ZONE_BLR_01_20260803,0.72,DEV_ef02403e51ab,6,True,0.08,19,4,256.86,256.86,0
CLM_81124,W_db413471d374ad93,ZONE_BLR_01,2026-08-17,2026-08-19 00:30:00,EVT_ZONE_BLR_01_20260817,0.01,DEV_ef02403e51ab,6,True,0.1,30,4,191.35,191.35,0
CLM_81125,W_6972b4e5745cde14,ZONE_DEL_01,2026-06-29,2026-07-02 00:08:00,EVT_ZONE_DEL_01_20260629,1.27,DEV_46bec86a7db5,6,True,0.07,8,4,762.9,762.9,0
CLM_81126,W_6972b4e5745cde14,ZONE_DEL_01,2026-07-06,2026-07-09 00:38:00,EVT_ZONE_DEL_01_20260706,1.48,DEV_46bec86a7db5,6,True,0.02,38,1,3970.97,3970.97,0
CLM_81127,W_6972b4e5745cde14,ZONE_DEL_01,2026-07-20,2026-07-22 00:27:00,EVT_ZONE_DEL_01_20260720,0.39,DEV_46bec86a7db5,6,True,0.03,27,3,1431.73,1431.73,0
CLM_81128,W_6972b4e5745cde14,ZONE_DEL_01,2026-08-03,2026-08-06 00:09:00,EVT_ZONE_DEL_01_20260803,0.38,DEV_46bec86a7db5,6,True,0.01,9,1,4006.72,4006.72,0
CLM_81129,W_6972b4e5745cde14,ZONE_DEL_01,2026-08-17,2026-08-22 00:06:00,EVT_ZONE_DEL_01_20260817,0.14,DEV_46bec86a7db5,6,True,0.0,6,2,635.8,635.8,0
CLM_81130,W_6972b4e5745cde14,ZONE_DEL_01,2026-08-31,2026-09-01 01:12:00,EVT_ZONE_DEL_01_20260831,0.77,DEV_46bec86a7db5,6,True,0.01,72,2,1403.99,1403.99,0
CLM_81131,W_4ff28900e233d85d,ZONE_BOM_01,2026-06-29,2026-07-03 01:11:00,EVT_ZONE_BOM_01_20260629,0.52,DEV_a6e06f60a3a0,6,True,0.06,71,8,3334.13,3334.13,0
CLM_81132,W_4ff28900e233d85d,ZONE_BOM_01,2026-07-06,2026-07-10 00:29:00,EVT_ZONE_BOM_01_20260706,0.16,DEV_a6e06f60a3a0,6,True,0.03,29,4,2817.55,2817.55,0
CLM_81133,W_4ff28900e233d85d,ZONE_BOM_01,2026-07-13,2026-07-18 01:32:00,EVT_ZONE_BOM_01_20260713,0.28,DEV_a6e06f60a3a0,6,True,0.08,92,3,1178.39,1178.39,0
CLM_81134,W_4ff28900e233d85d,ZONE_BOM_01,2026-07-20,2026-07-25 00:24:00,EVT_ZONE_BOM_01_20260720,0.89,DEV_a6e06f60a3a0,6,True,0.04,24,2,3316.32,3316.32,0
CLM_81135,W_4ff28900e233d85d,ZONE_BOM_01,2026-07-27,2026-07-28 01:13:00,EVT_ZONE_BOM_01_20260727,1.86,DEV_a6e06f60a3a0,6,True,0.08,73,3,2039.19,2039.19,0
CLM_81136,W_4ff28900e233d85d,ZONE_BOM_01,2026-08-03,2026-08-08 00:09:00,EVT_ZONE_BOM_01_20260803,0.34,DEV_a6e06f60a3a0,6,True,0.06,9,4,1761.08,1761.08,0
CLM_81137,W_4ff28900e233d85d,ZONE_BOM_01,2026-08-10,2026-08-15 00:07:00,EVT_ZONE_BOM_01_20260810,4.22,DEV_a6e06f60a3a0,6,True,0.02,7,2,1049.98,1049.98,0
CLM_81138,W_4ff28900e233d85d,ZONE_BOM_01,2026-08-17,2026-08-18 00:11:00,EVT_ZONE_BOM_01_20260817,4.17,DEV_a6e06f60a3a0,6,True,0.07,11,3,2140.75,2140.75,0
CLM_81139,W_aaf9a299ea466f7e,ZONE_DEL_01,2026-06-29,2026-07-04 02:12:00,EVT_ZONE_DEL_01_20260629,0.58,DEV_ef02403e51ab,6,True,0.07,132,3,484.88,484.88,0
CLM_81140,W_aaf9a299ea466f7e,ZONE_DEL_01,2026-07-06,2026-07-07 00:33:00,EVT_ZONE_DEL_01_20260706,1.36,DEV_ef02403e51ab,6,True,0.02,33,1,2306.98,2306.98,0
CLM_81141,W_aaf9a299ea466f7e,ZONE_DEL_01,2026-07-20,2026-07-21 01:21:00,EVT_ZONE_DEL_01_20260720,0.61,DEV_ef02403e51ab,6,True,0.08,81,2,670.34,670.34,0
CLM_81142,W_aaf9a299ea466f7e,ZONE_DEL_01,2026-08-03,2026-08-08 00:14:00,EVT_ZONE_DEL_01_20260803,0.08,DEV_ef02403e51ab,6,True,0.02,14,2,2494.39,2494.39,0
CLM_81143,W_aaf9a299ea466f7e,ZONE_DEL_01,2026-08-17,2026-08-18 00:12:00,EVT_ZONE_DEL_01_20260817,1.96,DEV_ef02403e51ab,6,True,0.02,12,2,615.46,615.46,0
CLM_81144,W_4a85e6e041152ac7,ZONE_BOM_01,2026-06-29,2026-07-03 00:50:00,EVT_ZONE_BOM_01_20260629,1.02,DEV_46bec86a7db5,6,True,0.06,50,2,1406.02,1406.02,0
CLM_81145,W_4a85e6e041152ac7,ZONE_BOM_01,2026-07-06,2026-07-07 00:16:00,EVT_ZONE_BOM_01_20260706,0.69,DEV_46bec86a7db5,6,True,0.0,16,2,1184.39,1184.39,0
CLM_81146,W_4a85e6e041152ac7,ZONE_BOM_01,2026-07-13,2026-07-18 00:34:00,EVT_ZONE_BOM_01_20260713,0.92,DEV_46bec86a7db5,6,True,0.09,34,1,530.99,530.99,0
CLM_81147,W_4a85e6e041152ac7,ZONE_BOM_01,2026-07-20,2026-07-22 00:20:00,EVT_ZONE_BOM_01_20260720,1.68,DEV_46bec86a7db5,6,True,0.07,20,2,1406.77,1406.77,0
CLM_81148,W_4a85e6e041152ac7,ZONE_BOM_01,2026-07-27,2026-07-31 02:01:00,EVT_ZONE_BOM_01_20260727,0.38,DEV_46bec86a7db5,6,True,0.08,121,2,622.32,622.32,0
CLM_81149,W_4a85e6e041152ac7,ZONE_BOM_01,2026-08-03,2026-08-08 01:03:00,EVT_ZONE_BOM_01_20260803,1.21,DEV_46bec86a7db5,6,True,0.02,63,2,692.99,692.99,0
CLM_81150,W_4a85e6e041152ac7,ZONE_BOM_01,2026-08-10,2026-08-13 00:18:00,EVT_ZONE_BOM_01_20260810,0.2,DEV_46bec86a7db5,6,True,0.06,18,1,293.65,293.65,0
CLM_81151,W_4a85e6e041152ac7,ZONE_BOM_01,2026-08-17,2026-08-19 00:21:00,EVT_ZONE_BOM_01_20260817,0.37,DEV_46bec86a7db5,6,True,0.02,21,2,853.45,853.45,0
CLM_81152,W_bfb5792dcc1b015f,ZONE_BLR_01,2026-06-29,2026-07-01 01:35:00,EVT_ZONE_BLR_01_20260629,0.56,DEV_a6e06f60a3a0,6,True,0.06,95,2,540.39,540.39,0
CLM_81153,W_bfb5792dcc1b015f,ZONE_BLR_01,2026-07-20,2026-07-24 00:10:00,EVT_ZONE_BLR_01_20260720,0.26,DEV_a6e06f60a3a0,6,True,0.06,10,2,705.9,705.9,0
CLM_81154,W_bfb5792dcc1b015f,ZONE_BLR_01,2026-08-03,2026-08-04 01:30:00,EVT_ZONE_BLR_01_20260803,0.16,DEV_a6e06f60a3a0,6,True,0.02,90,2,1284.24,1284.24,0
CLM_81155,W_bfb5792dcc1b015f,ZONE_BLR_01,2026-08-17,2026-08-20 02:14:00,EVT_ZONE_BLR_01_20260817,0.52,DEV_a6e06f60a3a0,6,True,0.09,134,2,755.59,755.59,0
CLM_81156,W_1aefef70abfca3bd,ZONE_BLR_01,2026-06-29,2026-07-04 00:45:00,EVT_ZONE_BLR_01_20260629,0.28,DEV_ef02403e51ab,6,True,0.01,45,2,231.43,231.43,0
CLM_81157,W_1aefef70abfca3bd,ZONE_BLR_01,2026-07-20,2026-07-24 00:16:00,EVT_ZONE_BLR_01_20260720,0.24,DEV_ef02403e51ab,6,True,0.06,16,2,335.5,335.5,0
CLM_81158,W_1aefef70abfca3bd,ZONE_BLR_01,2026-08-03,2026-08-06 01:09:00,EVT_ZONE_BLR_01_20260803,0.5,DEV_ef02403e51ab,6,True,0.01,69,4,623.49,623.49,0
CLM_81159,W_1aefef70abfca3bd,ZONE_BLR_01,2026-08-17,2026-08-21 00:28:00,EVT_ZONE_BLR_01_20260817,20.96,DEV_ef02403e51ab,6,True,0.07,28,2,215.8,0.0,1
